time,device_id,region,gps_class,balloon_lat,balloon_lon,balloon_alt,spreading_factor,frequency_hz,gateway_id,gateway_lat,gateway_lon,gateway_alt,rssi,snr,anonymized,gc_km,slant_km,elev_gw_deg,depr_balloon_deg,fresh,band,is_prelaunch
2026-05-15 14:00:30.323000+00:00,stratolink-3,US,PRE_LAUNCH,,,,,,,,,,-92.0,8.1,True,,,,,False,unknown,True
2026-05-15 16:48:38.570605+00:00,stratolink-3,US,PRE_LAUNCH,-208.3533648,-122.3978122,4.0,,,,,,,-47.0,7.5,True,,,,,False,unknown,True
2026-05-15 16:50:41.571810+00:00,stratolink-3,US,PRE_LAUNCH,37.7784616,-122.3978122,1.0,,,,,,,-51.0,8.25,True,,,,,False,unknown,True
2026-05-15 16:52:44.588198+00:00,stratolink-3,US,PRE_LAUNCH,37.7785139,-122.3978633,1.0,,,,,,,-48.0,9.0,True,,,,,False,unknown,True
2026-05-15 16:54:46.584373+00:00,stratolink-3,US,PRE_LAUNCH,37.7785132,-122.3978603,-8.0,,,,,,,-51.0,8.0,True,,,,,False,unknown,True
2026-05-15 16:55:49.567925+00:00,stratolink-3,US,PRE_LAUNCH,37.7785257,-122.3979067,-17.0,,,,,,,-50.0,7.0,True,,,,,False,unknown,True
2026-05-15 16:56:51.595443+00:00,stratolink-3,US,PRE_LAUNCH,37.7785276,-122.3979245,-19.0,,,,,,,-48.0,8.0,True,,,,,False,unknown,True
2026-05-15 16:57:54.572143+00:00,stratolink-3,US,PRE_LAUNCH,37.7785022,-122.3979193,-17.0,,,,,,,-48.0,8.0,True,,,,,False,unknown,True
2026-05-15 16:58:56.407244+00:00,stratolink-3,US,PRE_LAUNCH,37.7785077,-122.3978832,-11.0,,,,,,,-48.0,6.5,True,,,,,False,unknown,True
2026-05-15 16:59:59.586286+00:00,stratolink-3,US,PRE_LAUNCH,37.7785077,-122.3979325,-18.0,,,,,,,-48.0,8.25,True,,,,,False,unknown,True
2026-05-15 17:01:01.601297+00:00,stratolink-3,US,PRE_LAUNCH,37.7785137,-122.3979325,-16.0,,,,,,,-49.0,8.25,True,,,,,False,unknown,True
2026-05-15 17:02:04.779124+00:00,stratolink-3,US,PRE_LAUNCH,37.7785049,-122.3978975,-16.0,,,,,,,-47.0,9.25,True,,,,,False,unknown,True
2026-05-15 17:03:06.605765+00:00,stratolink-3,US,PRE_LAUNCH,37.7785305,-122.3979078,-18.0,,,,,,,-51.0,6.75,True,,,,,False,unknown,True
2026-05-15 17:04:09.598293+00:00,stratolink-3,US,PRE_LAUNCH,37.7785263,-122.3979524,-16.0,,,,,,,-50.0,9.0,True,,,,,False,unknown,True
2026-05-15 17:05:12.593020+00:00,stratolink-3,US,PRE_LAUNCH,37.778516,-122.3979185,-12.0,,,,,,,-51.0,7.75,True,,,,,False,unknown,True
2026-05-15 17:06:15.086286+00:00,stratolink-3,US,PRE_LAUNCH,37.7785123,-122.3979152,-11.0,,,,,,,-46.0,8.25,True,,,,,False,unknown,True
2026-05-15 17:07:18.584381+00:00,stratolink-3,US,PRE_LAUNCH,37.7785123,-122.3978904,-8.0,,,,,,,-51.0,6.25,True,,,,,False,unknown,True
2026-05-15 17:08:21.591646+00:00,stratolink-3,US,PRE_LAUNCH,37.7785097,-122.3978904,2.0,,,,,,,-48.0,8.5,True,,,,,False,unknown,True
2026-05-15 17:09:23.590199+00:00,stratolink-3,US,PRE_LAUNCH,37.7784794,-122.3978077,-8.0,,,,,,,-49.0,8.0,True,,,,,False,unknown,True
2026-05-15 17:10:26.596841+00:00,stratolink-3,US,PRE_LAUNCH,37.7785117,-122.3978912,-8.0,,,,,,,-47.0,7.0,True,,,,,False,unknown,True
2026-05-15 17:11:29.583987+00:00,stratolink-3,US,PRE_LAUNCH,37.7785203,-122.3979117,-13.0,,,,,,,-48.0,7.75,True,,,,,False,unknown,True
2026-05-15 17:12:32.583582+00:00,stratolink-3,US,PRE_LAUNCH,37.7784805,-122.397923,-5.0,,,,,,,-47.0,10.5,True,,,,,False,unknown,True
2026-05-15 17:13:35.755828+00:00,stratolink-3,US,PRE_LAUNCH,37.7784858,-122.3979241,-7.0,,,,,,,-49.0,9.0,True,,,,,False,unknown,True
2026-05-15 17:14:37.965301+00:00,stratolink-3,US,PRE_LAUNCH,37.7784651,-122.3980311,-14.0,,,,,,,-47.0,8.0,True,,,,,False,unknown,True
2026-05-15 17:15:41.582379+00:00,stratolink-3,US,PRE_LAUNCH,37.7784651,-122.3978785,0.0,,,,,,,-49.0,6.5,True,,,,,False,unknown,True
2026-05-15 17:16:44.597313+00:00,stratolink-3,US,PRE_LAUNCH,37.7784598,-122.3978785,-3.0,,,,,,,-48.0,7.25,True,,,,,False,unknown,True
2026-05-15 17:17:47.577314+00:00,stratolink-3,US,PRE_LAUNCH,37.7784298,-122.3978506,-3.0,,,,,,,-49.0,8.75,True,,,,,False,unknown,True
2026-05-15 17:18:49.580057+00:00,stratolink-3,US,PRE_LAUNCH,37.7784573,-122.3978732,-9.0,,,,,,,-48.0,8.0,True,,,,,False,unknown,True
2026-05-15 17:19:53.584952+00:00,stratolink-3,US,PRE_LAUNCH,37.7784788,-122.3978408,-9.0,,,,,,,-51.0,8.0,True,,,,,False,unknown,True
2026-05-15 17:20:56.583687+00:00,stratolink-3,US,PRE_LAUNCH,37.7784818,-122.3979137,-22.0,,,,,,,-50.0,9.5,True,,,,,False,unknown,True
2026-05-15 17:21:59.590403+00:00,stratolink-3,US,PRE_LAUNCH,37.7785051,-122.3979396,-10.0,,,,,,,-51.0,8.25,True,,,,,False,unknown,True
2026-05-15 17:23:01.724482+00:00,stratolink-3,US,PRE_LAUNCH,37.7784909,-122.3978914,-12.0,,,,,,,-48.0,8.75,True,,,,,False,unknown,True
2026-05-15 17:24:03.586708+00:00,stratolink-3,US,PRE_LAUNCH,37.7785047,-122.3978942,-9.0,,,,,,,-48.0,6.5,True,,,,,False,unknown,True
2026-05-15 17:25:06.597274+00:00,stratolink-3,US,PRE_LAUNCH,37.7785047,-122.3978856,-10.0,,,,,,,-48.0,8.0,True,,,,,False,unknown,True
2026-05-15 17:26:09.780962+00:00,stratolink-3,US,PRE_LAUNCH,37.7785054,-122.3978856,-1.0,,,,,,,-52.0,10.0,True,,,,,False,unknown,True
2026-05-15 17:27:11.606918+00:00,stratolink-3,US,PRE_LAUNCH,37.778503,-122.3979122,-6.0,,,,,,,-48.0,8.5,True,,,,,False,unknown,True
2026-05-15 17:28:15.719732+00:00,stratolink-3,US,PRE_LAUNCH,37.7784993,-122.3979238,-6.0,,,,,,,-51.0,7.5,True,,,,,False,unknown,True
2026-05-15 17:29:19.583597+00:00,stratolink-3,US,PRE_LAUNCH,37.7784888,-122.3979149,-5.0,,,,,,,-51.0,8.0,True,,,,,False,unknown,True
2026-05-15 17:30:22.583555+00:00,stratolink-3,US,PRE_LAUNCH,37.7784946,-122.3979175,-10.0,,,,,,,-47.0,9.25,True,,,,,False,unknown,True
2026-05-15 17:31:25.800498+00:00,stratolink-3,US,PRE_LAUNCH,37.7784624,-122.3978381,-5.0,,,,,,,-48.0,7.75,True,,,,,False,unknown,True
2026-05-15 17:32:28.124726+00:00,stratolink-3,US,PRE_LAUNCH,37.7784728,-122.3978765,-5.0,,,,,,,-51.0,6.25,True,,,,,False,unknown,True
2026-05-15 17:33:31.580071+00:00,stratolink-3,US,PRE_LAUNCH,37.7784728,-122.3978576,-6.0,,,,,,,-48.0,8.0,True,,,,,False,unknown,True
2026-05-15 17:34:33.584814+00:00,stratolink-3,US,PRE_LAUNCH,37.7784543,-122.3978286,-8.0,,,,,,,-49.0,9.0,True,,,,,False,unknown,True
2026-05-15 17:35:36.581629+00:00,stratolink-3,US,PRE_LAUNCH,37.7784768,-122.3978286,-5.0,,,,,,,-48.0,7.25,True,,,,,False,unknown,True
2026-05-15 17:36:40.717633+00:00,stratolink-3,US,PRE_LAUNCH,37.7784762,-122.3978208,-5.0,,,,,,,-48.0,8.0,True,,,,,False,unknown,True
2026-05-15 17:37:44.584921+00:00,stratolink-3,US,PRE_LAUNCH,37.7785085,-122.3979483,-15.0,,,,,,,-51.0,10.25,True,,,,,False,unknown,True
2026-05-15 17:38:47.596407+00:00,stratolink-3,US,PRE_LAUNCH,37.7784825,-122.3979162,-8.0,,,,,,,-48.0,9.25,True,,,,,False,unknown,True
2026-05-15 17:39:50.812909+00:00,stratolink-3,US,PRE_LAUNCH,37.7784824,-122.3979015,-9.0,,,,,,,-47.0,8.25,True,,,,,False,unknown,True
2026-05-15 17:40:53.236230+00:00,stratolink-3,US,PRE_LAUNCH,37.7784654,-122.3978685,-2.0,,,,,,,-47.0,6.25,True,,,,,False,unknown,True
2026-05-15 17:41:56.576194+00:00,stratolink-3,US,PRE_LAUNCH,37.7784654,-122.397895,-6.0,,,,,,,-47.0,8.5,True,,,,,False,unknown,True
2026-05-15 17:42:59.589265+00:00,stratolink-3,US,PRE_LAUNCH,37.778477,-122.397895,-7.0,,,,,,,-52.0,10.75,True,,,,,False,unknown,True
2026-05-15 17:44:02.573797+00:00,stratolink-3,US,PRE_LAUNCH,37.7784721,-122.3978617,-7.0,,,,,,,-48.0,8.25,True,,,,,False,unknown,True
2026-05-15 17:45:04.580181+00:00,stratolink-3,US,PRE_LAUNCH,37.7784671,-122.3978314,-7.0,,,,,,,-51.0,7.5,True,,,,,False,unknown,True
2026-05-15 17:46:08.568213+00:00,stratolink-3,US,PRE_LAUNCH,37.7784611,-122.3978594,-6.0,,,,,,,-51.0,9.75,True,,,,,False,unknown,True
2026-05-15 17:47:12.586294+00:00,stratolink-3,US,PRE_LAUNCH,37.7784643,-122.3978854,-5.0,,,,,,,-49.0,9.75,True,,,,,False,unknown,True
2026-05-15 17:48:16.589959+00:00,stratolink-3,US,PRE_LAUNCH,37.7784576,-122.3978792,-6.0,,,,,,,-48.0,9.5,True,,,,,False,unknown,True
2026-05-15 17:49:19.504497+00:00,stratolink-3,US,PRE_LAUNCH,37.7784599,-122.3978331,-1.0,,,,,,,-47.0,6.5,True,,,,,False,unknown,True
2026-05-15 17:50:22.591918+00:00,stratolink-3,US,PRE_LAUNCH,37.7784599,-122.3978624,-8.0,,,,,,,-47.0,7.25,True,,,,,False,unknown,True
2026-05-15 17:51:25.728303+00:00,stratolink-3,US,PRE_LAUNCH,37.7784519,-122.3978624,-15.0,,,,,,,-49.0,7.5,True,,,,,False,unknown,True
2026-05-15 17:52:28.578895+00:00,stratolink-3,US,PRE_LAUNCH,37.7784496,-122.3979859,-15.0,,,,,,,-47.0,8.0,True,,,,,False,unknown,True
2026-05-15 17:53:31.576357+00:00,stratolink-3,US,PRE_LAUNCH,37.7784602,-122.3979831,-11.0,,,,,,,-51.0,8.5,True,,,,,False,unknown,True
2026-05-15 17:54:34.585689+00:00,stratolink-3,US,PRE_LAUNCH,37.7784971,-122.3979308,-13.0,,,,,,,-51.0,10.25,True,,,,,False,unknown,True
2026-05-15 17:55:37.588709+00:00,stratolink-3,US,PRE_LAUNCH,37.7785033,-122.3979506,-14.0,,,,,,,-48.0,8.75,True,,,,,False,unknown,True
2026-05-15 17:56:40.045960+00:00,stratolink-3,US,PRE_LAUNCH,37.7784803,-122.3979706,-11.0,,,,,,,-46.0,8.75,True,,,,,False,unknown,True
2026-05-15 17:57:43.596533+00:00,stratolink-3,US,PRE_LAUNCH,37.7784803,-122.397888,-5.0,,,,,,,-51.0,6.0,True,,,,,False,unknown,True
2026-05-15 17:58:46.575303+00:00,stratolink-3,US,PRE_LAUNCH,37.7784498,-122.397888,-13.0,,,,,,,-48.0,8.5,True,,,,,False,unknown,True
2026-05-15 17:59:49.600568+00:00,stratolink-3,US,PRE_LAUNCH,37.7784341,-122.3979622,-13.0,,,,,,,-48.0,9.5,True,,,,,False,unknown,True
2026-05-15 18:00:51.591963+00:00,stratolink-3,US,PRE_LAUNCH,37.7784717,-122.3979027,-5.0,,,,,,,-46.0,8.0,True,,,,,False,unknown,True
2026-05-15 18:01:54.579251+00:00,stratolink-3,US,PRE_LAUNCH,37.7784729,-122.3979192,-4.0,,,,,,,-49.0,6.75,True,,,,,False,unknown,True
2026-05-15 18:02:57.592261+00:00,stratolink-3,US,PRE_LAUNCH,37.7784564,-122.3978998,-5.0,,,,,,,-51.0,10.5,True,,,,,False,unknown,True
2026-05-15 18:04:01.574688+00:00,stratolink-3,US,PRE_LAUNCH,37.7784455,-122.397936,-2.0,,,,,,,-48.0,9.0,True,,,,,False,unknown,True
2026-05-15 18:05:05.716656+00:00,stratolink-3,US,PRE_LAUNCH,37.7784576,-122.3978985,0.0,,,,,,,-46.0,7.75,True,,,,,False,unknown,True
2026-05-15 18:06:09.582319+00:00,stratolink-3,US,PRE_LAUNCH,37.7784568,-122.3978699,-1.0,,,,,,,-49.0,7.25,True,,,,,False,unknown,True
2026-05-15 18:07:12.641067+00:00,stratolink-3,US,PRE_LAUNCH,37.7784672,-122.3978366,-5.0,,,,,,,-49.0,8.75,True,,,,,False,unknown,True
2026-05-15 18:08:16.601393+00:00,stratolink-3,US,PRE_LAUNCH,37.7784672,-122.3978721,-9.0,,,,,,,-51.0,8.75,True,,,,,False,unknown,True
2026-05-15 18:09:21.589072+00:00,stratolink-3,US,PRE_LAUNCH,37.778478,-122.3978721,-9.0,,,,,,,-46.0,8.25,True,,,,,False,unknown,True
2026-05-15 18:10:25.745303+00:00,stratolink-3,US,PRE_LAUNCH,37.7785152,-122.3978976,-18.0,,,,,,,-51.0,9.25,True,,,,,False,unknown,True
2026-05-15 18:11:28.638116+00:00,stratolink-3,US,PRE_LAUNCH,37.7785036,-122.3978733,-9.0,,,,,,,-49.0,9.5,True,,,,,False,unknown,True
2026-05-15 18:12:31.439829+00:00,stratolink-3,US,PRE_LAUNCH,37.7784421,-122.3978063,0.0,,,,,,,-51.0,10.0,True,,,,,False,unknown,True
2026-05-15 18:13:34.598418+00:00,stratolink-3,US,PRE_LAUNCH,37.7784421,-122.3978243,0.0,,,,,,,-48.0,8.25,True,,,,,False,unknown,True
2026-05-15 18:14:37.589724+00:00,stratolink-3,US,PRE_LAUNCH,37.7784501,-122.3978243,-6.0,,,,,,,-48.0,6.75,True,,,,,False,unknown,True
2026-05-15 18:15:40.799300+00:00,stratolink-3,US,PRE_LAUNCH,37.7784564,-122.3978298,-6.0,,,,,,,-48.0,9.25,True,,,,,False,unknown,True
2026-05-15 18:16:43.589147+00:00,stratolink-3,US,PRE_LAUNCH,37.7784413,-122.3978265,-2.0,,,,,,,-48.0,9.5,True,,,,,False,unknown,True
2026-05-15 18:17:46.608982+00:00,stratolink-3,US,PRE_LAUNCH,37.7784543,-122.3978423,-1.0,,,,,,,-48.0,8.0,True,,,,,False,unknown,True
2026-05-15 18:18:49.581368+00:00,stratolink-3,US,PRE_LAUNCH,37.7784438,-122.3978862,-2.0,,,,,,,-48.0,6.75,True,,,,,False,unknown,True
2026-05-15 18:19:52.194124+00:00,stratolink-3,US,PRE_LAUNCH,37.7785141,-122.3979149,-20.0,,,,,,,-46.0,7.75,True,,,,,False,unknown,True
2026-05-15 18:20:55.797221+00:00,stratolink-3,US,PRE_LAUNCH,37.7785141,-122.3979108,-13.0,,,,,,,-51.0,8.75,True,,,,,False,unknown,True
2026-05-15 18:21:58.577035+00:00,stratolink-3,US,PRE_LAUNCH,37.7785127,-122.3979108,-4.0,,,,,,,-47.0,7.0,True,,,,,False,unknown,True
2026-05-15 18:23:01.601714+00:00,stratolink-3,US,PRE_LAUNCH,37.7784936,-122.3979017,-4.0,,,,,,,-48.0,6.75,True,,,,,False,unknown,True
2026-05-15 18:24:04.585809+00:00,stratolink-3,US,PRE_LAUNCH,37.7785079,-122.3978839,-5.0,,,,,,,-47.0,7.75,True,,,,,False,unknown,True
2026-05-15 18:25:07.598053+00:00,stratolink-3,US,PRE_LAUNCH,37.7785325,-122.3979955,-30.0,,,,,,,-49.0,8.5,True,,,,,False,unknown,True
2026-05-15 18:26:10.876866+00:00,stratolink-3,US,PRE_LAUNCH,37.7784751,-122.397914,-11.0,,,,,,,-47.0,7.0,True,,,,,False,unknown,True
2026-05-15 18:27:13.972670+00:00,stratolink-3,US,PRE_LAUNCH,37.7784559,-122.3978863,-1.0,,,,,,,-49.0,7.5,True,,,,,False,unknown,True
2026-05-15 18:28:17.576434+00:00,stratolink-3,US,PRE_LAUNCH,37.7784559,-122.3978636,-17.0,,,,,,,-49.0,9.5,True,,,,,False,unknown,True
2026-05-15 18:29:20.845931+00:00,stratolink-3,US,PRE_LAUNCH,37.778426,-122.3978636,-26.0,,,,,,,-51.0,8.75,True,,,,,False,unknown,True
2026-05-15 18:30:23.591199+00:00,stratolink-3,US,PRE_LAUNCH,37.7784636,-122.397903,-13.0,,,,,,,-48.0,8.0,True,,,,,False,unknown,True
2026-05-15 18:57:55.611868+00:00,stratolink-3,US,PRE_LAUNCH,37.7785112,-122.397956,-20.0,,,,,,,-47.0,9.75,True,,,,,False,unknown,True
2026-05-15 18:58:58.586568+00:00,stratolink-3,US,PRE_LAUNCH,37.7785385,-122.3979442,-23.0,,,,,,,-51.0,6.75,True,,,,,False,unknown,True
2026-05-15 19:00:01.623558+00:00,stratolink-3,US,PRE_LAUNCH,37.7785757,-122.3980372,-36.0,,,,,,,-48.0,8.25,True,,,,,False,unknown,True
2026-05-15 19:01:04.571493+00:00,stratolink-3,US,PRE_LAUNCH,37.7785515,-122.3980055,-31.0,,,,,,,-51.0,7.5,True,,,,,False,unknown,True
2026-05-15 19:02:06.617699+00:00,stratolink-3,US,PRE_LAUNCH,37.778511,-122.3979827,-26.0,,,,,,,-48.0,8.25,True,,,,,False,unknown,True
2026-05-15 19:03:09.909449+00:00,stratolink-3,US,PRE_LAUNCH,37.778511,-122.3980174,-32.0,,,,,,,-48.0,7.25,True,,,,,False,unknown,True
2026-05-15 19:04:13.593894+00:00,stratolink-3,US,PRE_LAUNCH,37.7785317,-122.3980174,-19.0,,,,,,,-50.0,10.0,True,,,,,False,unknown,True
2026-05-15 19:05:15.601133+00:00,stratolink-3,US,PRE_LAUNCH,37.7784501,-122.397991,-21.0,,,,,,,-51.0,9.0,True,,,,,False,unknown,True
2026-05-15 19:06:18.629139+00:00,stratolink-3,US,PRE_LAUNCH,37.7784841,-122.3979723,-21.0,,,,,,,-48.0,7.75,True,,,,,False,unknown,True
2026-05-15 19:07:21.605551+00:00,stratolink-3,US,PRE_LAUNCH,37.7784553,-122.3979205,-10.0,,,,,,,-49.0,6.75,True,,,,,False,unknown,True
2026-05-15 19:08:24.979819+00:00,stratolink-3,US,PRE_LAUNCH,37.7784609,-122.3979372,-21.0,,,,,,,-48.0,7.75,True,,,,,False,unknown,True
2026-05-15 19:09:27.600537+00:00,stratolink-3,US,PRE_LAUNCH,37.7784559,-122.3979621,-19.0,,,,,,,-49.0,8.5,True,,,,,False,unknown,True
2026-05-15 19:10:30.506560+00:00,stratolink-3,US,PRE_LAUNCH,37.7785042,-122.3979912,-24.0,,,,,,,-48.0,7.5,True,,,,,False,unknown,True
2026-05-15 19:11:33.595975+00:00,stratolink-3,US,PRE_LAUNCH,37.7785042,-122.3979337,-12.0,,,,,,,-48.0,7.25,True,,,,,False,unknown,True
2026-05-15 19:13:36.605621+00:00,stratolink-3,US,PRE_LAUNCH,37.7784671,-122.3979337,-10.0,,,,,,,-50.0,10.0,True,,,,,False,unknown,True
2026-05-15 19:15:38.433517+00:00,stratolink-3,US,PRE_LAUNCH,,,,,,,,,,-49.0,12.25,True,,,,,False,unknown,True
2026-05-15 19:20:42.025384+00:00,stratolink-3,US,PRE_LAUNCH,,,,,,,,,,-48.0,10.25,True,,,,,False,unknown,True
2026-05-15 19:25:45.555500+00:00,stratolink-3,US,PRE_LAUNCH,,,,,,,,,,-51.0,7.0,True,,,,,False,unknown,True
2026-05-15 19:30:49.057648+00:00,stratolink-3,US,PRE_LAUNCH,,,,,,,,,,-48.0,9.75,True,,,,,False,unknown,True
2026-05-15 19:35:52.529593+00:00,stratolink-3,US,PRE_LAUNCH,,,,,,,,,,-53.0,11.5,True,,,,,False,unknown,True
2026-05-15 19:40:55.956575+00:00,stratolink-3,US,PRE_LAUNCH,,,,,,,,,,-49.0,11.25,True,,,,,False,unknown,True
2026-05-15 19:45:59.375073+00:00,stratolink-3,US,PRE_LAUNCH,,,,,,,,,,-52.0,10.75,True,,,,,False,unknown,True
2026-05-15 19:56:06.203184+00:00,stratolink-3,US,PRE_LAUNCH,,,,,,,,,,-52.0,10.5,True,,,,,False,unknown,True
2026-05-15 20:01:09.556434+00:00,stratolink-3,US,PRE_LAUNCH,,,,,,,,,,-46.0,9.25,True,,,,,False,unknown,True
2026-05-15 20:06:12.897456+00:00,stratolink-3,US,PRE_LAUNCH,,,,,,,,,,-51.0,6.75,True,,,,,False,unknown,True
2026-05-15 20:11:16.210488+00:00,stratolink-3,US,PRE_LAUNCH,,,,,,,,,,-49.0,11.5,True,,,,,False,unknown,True
2026-05-15 20:16:19.531940+00:00,stratolink-3,US,PRE_LAUNCH,,,,,,,,,,-51.0,11.0,True,,,,,False,unknown,True
2026-05-15 20:21:22.830353+00:00,stratolink-3,US,PRE_LAUNCH,,,,,,,,,,-46.0,9.75,True,,,,,False,unknown,True
2026-05-15 20:26:26.134653+00:00,stratolink-3,US,PRE_LAUNCH,,,,,,,,,,-50.0,11.75,True,,,,,False,unknown,True
2026-05-15 20:31:29.428607+00:00,stratolink-3,US,PRE_LAUNCH,,,,,,,,,,-51.0,11.75,True,,,,,False,unknown,True
2026-05-15 20:36:32.693326+00:00,stratolink-3,US,PRE_LAUNCH,,,,,,,,,,-52.0,10.75,True,,,,,False,unknown,True
2026-05-15 20:41:35.925571+00:00,stratolink-3,US,PRE_LAUNCH,,,,,,,,,,-48.0,9.0,True,,,,,False,unknown,True
2026-05-15 20:46:39.175544+00:00,stratolink-3,US,PRE_LAUNCH,,,,,,,,,,-51.0,7.0,True,,,,,False,unknown,True
2026-05-15 20:51:42.479133+00:00,stratolink-3,US,PRE_LAUNCH,,,,,,,,,,-48.0,9.25,True,,,,,False,unknown,True
2026-05-15 20:56:45.608923+00:00,stratolink-3,US,PRE_LAUNCH,,,,,,,,,,-52.0,11.25,True,,,,,False,unknown,True
2026-05-15 21:01:48.821563+00:00,stratolink-3,US,PRE_LAUNCH,,,,,,,,,,-47.0,10.25,True,,,,,False,unknown,True
2026-05-15 21:06:51.976710+00:00,stratolink-3,US,PRE_LAUNCH,,,,,,,,,,-52.0,11.75,True,,,,,False,unknown,True
2026-05-15 21:11:55.172060+00:00,stratolink-3,US,PRE_LAUNCH,,,,,,,,,,-50.0,11.5,True,,,,,False,unknown,True
2026-05-15 21:16:58.345641+00:00,stratolink-3,US,PRE_LAUNCH,,,,,,,,,,-52.0,11.25,True,,,,,False,unknown,True
2026-05-15 21:22:01.503671+00:00,stratolink-3,US,PRE_LAUNCH,,,,,,,,,,-47.0,10.75,True,,,,,False,unknown,True
2026-05-15 21:27:04.712096+00:00,stratolink-3,US,PRE_LAUNCH,,,,,,,,,,-51.0,7.75,True,,,,,False,unknown,True
2026-05-15 21:32:07.882352+00:00,stratolink-3,US,PRE_LAUNCH,,,,,,,,,,-47.0,8.75,True,,,,,False,unknown,True
2026-05-15 21:37:11.017707+00:00,stratolink-3,US,PRE_LAUNCH,,,,10,904700000.0,,,,,-52.0,10.25,True,,,,,False,US915,True
2026-05-15 21:42:14.131149+00:00,stratolink-3,US,PRE_LAUNCH,,,,10,904900000.0,,,,,-47.0,8.75,True,,,,,False,US915,True
2026-05-15 21:47:17.256301+00:00,stratolink-3,US,PRE_LAUNCH,,,,10,905100000.0,,,,,-51.0,10.25,True,,,,,False,US915,True
2026-05-15 21:52:20.371882+00:00,stratolink-3,US,PRE_LAUNCH,,,,10,905300000.0,,,,,-51.0,10.75,True,,,,,False,US915,True
2026-05-15 21:57:23.495711+00:00,stratolink-3,US,PRE_LAUNCH,,,,10,903900000.0,,,,,-53.0,10.25,True,,,,,False,US915,True
2026-05-15 22:02:26.593378+00:00,stratolink-3,US,PRE_LAUNCH,,,,10,904100000.0,,,,,-48.0,10.0,True,,,,,False,US915,True
2026-05-15 22:07:29.711792+00:00,stratolink-3,US,PRE_LAUNCH,,,,10,904300000.0,,,,,-49.0,6.5,True,,,,,False,US915,True
2026-05-15 22:12:32.775169+00:00,stratolink-3,US,PRE_LAUNCH,,,,10,904500000.0,,,,,-47.0,9.5,True,,,,,False,US915,True
2026-05-15 22:17:35.817430+00:00,stratolink-3,US,PRE_LAUNCH,,,,10,904700000.0,,,,,-52.0,10.0,True,,,,,False,US915,True
2026-05-15 22:22:38.868309+00:00,stratolink-3,US,PRE_LAUNCH,,,,10,904900000.0,,,,,-48.0,9.5,True,,,,,False,US915,True
2026-05-15 22:27:41.914412+00:00,stratolink-3,US,PRE_LAUNCH,,,,10,905100000.0,,,,,-51.0,9.75,True,,,,,False,US915,True
2026-05-15 22:32:44.944228+00:00,stratolink-3,US,PRE_LAUNCH,,,,10,905300000.0,,,,,-51.0,11.75,True,,,,,False,US915,True
2026-05-15 22:37:47.961651+00:00,stratolink-3,US,PRE_LAUNCH,,,,10,903900000.0,,,,,-50.0,11.5,True,,,,,False,US915,True
2026-05-15 22:42:50.982066+00:00,stratolink-3,US,PRE_LAUNCH,,,,10,904100000.0,,,,,-46.0,9.25,True,,,,,False,US915,True
2026-05-15 22:47:53.965538+00:00,stratolink-3,US,PRE_LAUNCH,,,,10,904300000.0,,,,,-48.0,6.75,True,,,,,False,US915,True
2026-05-15 22:52:56.979976+00:00,stratolink-3,US,PRE_LAUNCH,,,,10,904500000.0,,,,,-48.0,9.0,True,,,,,False,US915,True
2026-05-15 22:57:59.961751+00:00,stratolink-3,US,PRE_LAUNCH,,,,10,904700000.0,,,,,-52.0,11.25,True,,,,,False,US915,True
2026-05-15 23:03:02.914088+00:00,stratolink-3,US,PRE_LAUNCH,,,,10,904900000.0,,,,,-47.0,8.75,True,,,,,False,US915,True
2026-05-15 23:08:05.899226+00:00,stratolink-3,US,PRE_LAUNCH,,,,10,905100000.0,,,,,-51.0,8.25,True,,,,,False,US915,True
2026-05-15 23:13:08.846307+00:00,stratolink-3,US,PRE_LAUNCH,,,,10,905300000.0,,,,,-50.0,11.25,True,,,,,False,US915,True
2026-05-15 23:18:11.769728+00:00,stratolink-3,US,PRE_LAUNCH,,,,10,903900000.0,,,,,-52.0,12.0,True,,,,,False,US915,True
2026-05-15 23:23:14.719359+00:00,stratolink-3,US,PRE_LAUNCH,,,,10,904100000.0,,,,,-47.0,9.25,True,,,,,False,US915,True
2026-05-15 23:28:17.636523+00:00,stratolink-3,US,PRE_LAUNCH,,,,10,904300000.0,,,,,-49.0,8.25,True,,,,,False,US915,True
2026-05-15 23:33:20.503998+00:00,stratolink-3,US,PRE_LAUNCH,,,,10,904500000.0,,,,,-47.0,8.25,True,,,,,False,US915,True
2026-05-15 23:38:23.380864+00:00,stratolink-3,US,PRE_LAUNCH,,,,10,904700000.0,,,,,-52.0,11.0,True,,,,,False,US915,True
2026-05-15 23:43:26.288740+00:00,stratolink-3,US,PRE_LAUNCH,,,,10,904900000.0,,,,,-48.0,9.5,True,,,,,False,US915,True
2026-05-15 23:48:29.177031+00:00,stratolink-3,US,PRE_LAUNCH,,,,10,905100000.0,,,,,-49.0,9.25,True,,,,,False,US915,True
2026-05-15 23:53:32.067795+00:00,stratolink-3,US,PRE_LAUNCH,,,,10,905300000.0,,,,,-51.0,11.75,True,,,,,False,US915,True
2026-05-15 23:58:34.909117+00:00,stratolink-3,US,PRE_LAUNCH,,,,10,903900000.0,,,,,-51.0,11.5,True,,,,,False,US915,True
2026-05-16 00:03:37.783437+00:00,stratolink-3,US,PRE_LAUNCH,,,,10,904100000.0,,,,,-47.0,9.0,True,,,,,False,US915,True
2026-05-16 00:08:40.640039+00:00,stratolink-3,US,PRE_LAUNCH,,,,10,904300000.0,,,,,-51.0,6.0,True,,,,,False,US915,True
2026-05-16 00:13:43.483254+00:00,stratolink-3,US,PRE_LAUNCH,,,,10,904500000.0,,,,,-47.0,8.25,True,,,,,False,US915,True
2026-05-16 00:18:46.288114+00:00,stratolink-3,US,PRE_LAUNCH,,,,10,904700000.0,,,,,-50.0,11.5,True,,,,,False,US915,True
2026-05-16 02:36:21.775671+00:00,stratolink-3,US,PRE_LAUNCH,,,,10,904100000.0,,,,,-43.0,8.25,True,,,,,False,US915,True
2026-05-17 00:56:31.337313+00:00,stratolink-3,US,PRE_LAUNCH,,,,7,904100000.0,,,,,-43.0,9.0,True,,,,,False,US915,True
2026-05-17 01:02:04.372961+00:00,stratolink-3,US,PRE_LAUNCH,,,,7,904300000.0,,,,,-46.0,8.0,True,,,,,False,US915,True
2026-05-17 01:07:12.084784+00:00,stratolink-3,US,PRE_LAUNCH,37.7784329,-122.3979689,-18.0,7,904500000.0,,,,,-49.0,9.0,True,,,,,False,US915,True
2026-05-17 01:17:16.775032+00:00,stratolink-3,US,PRE_LAUNCH,,,,7,904700000.0,,,,,-51.0,10.25,True,,,,,False,US915,True
2026-05-17 15:55:29.933759+00:00,stratolink-3,US,FRESH,37.7278539,-122.425933,734.0,7,904900000.0,,,,,-109.0,1.2,True,,,,,True,US915,False
2026-05-17 16:00:36.037042+00:00,stratolink-3,US,FRESH,37.7018272,-122.4334453,1013.0,7,905100000.0,,,,,-111.0,-1.0,True,,,,,True,US915,False
2026-05-17 16:04:10.088499+00:00,stratolink-3,US,FRESH,37.6755549,-122.4395281,1201.0,7,903900000.0,,,,,-119.0,-6.2,True,,,,,True,US915,False
2026-05-17 16:09:16.210873+00:00,stratolink-3,US,FRESH,37.6491533,-122.4434913,1366.0,7,904100000.0,,,,,-122.0,-7.75,True,,,,,True,US915,False
2026-05-17 16:24:30.587680+00:00,stratolink-3,US,FRESH,37.6043216,-122.4186334,1916.0,7,904700000.0,,,,,-119.0,-5.5,True,,,,,True,US915,False
2026-05-17 16:44:39.112906+00:00,stratolink-3,US,FRESH,37.4929447,-122.3344165,2789.0,7,903900000.0,,,,,-126.0,-8.75,True,,,,,True,US915,False
2026-05-17 16:49:42.116476+00:00,stratolink-3,US,FRESH,37.4583287,-122.3145967,2979.0,7,904100000.0,,,,,-124.0,-7.25,True,,,,,True,US915,False
2026-05-17 16:54:45.368710+00:00,stratolink-3,US,FRESH,37.4224985,-122.2893366,3221.0,7,904300000.0,,,,,-115.0,-1.75,True,,,,,True,US915,False
2026-05-17 16:59:48.190251+00:00,stratolink-3,US,FRESH,37.3823285,-122.256516,3457.0,7,904500000.0,,,,,-114.0,-0.5,True,,,,,True,US915,False
2026-05-17 17:04:51.702765+00:00,stratolink-3,US,FRESH,37.3461907,-122.2206508,3717.0,7,904700000.0,,,,,-105.0,5.0,True,,,,,True,US915,False
2026-05-17 17:09:53.112917+00:00,stratolink-3,US,FRESH,37.3063606,-122.187729,3935.0,7,904900000.0,,,,,-111.0,-1.3,True,,,,,True,US915,False
2026-05-17 17:14:55.755595+00:00,stratolink-3,US,FRESH,37.2690699,-122.1541516,4148.0,7,905100000.0,,,,,-104.0,5.3,True,,,,,True,US915,False
2026-05-17 17:19:58.289191+00:00,stratolink-3,US,FRESH,37.2335001,-122.1153793,4351.0,7,905300000.0,,,,,-116.0,1.5,True,,,,,True,US915,False
2026-05-17 17:21:21.120107+00:00,stratolink-3,US,FRESH,37.2233936,-122.1044893,4421.0,7,903900000.0,,,,,-115.0,-6.25,True,,,,,True,US915,False
2026-05-17 17:26:23.098114+00:00,stratolink-3,US,FRESH,37.1859781,-122.0648298,4670.0,7,904100000.0,,,,,-107.0,1.5,True,,,,,True,US915,False
2026-05-17 17:31:26.182559+00:00,stratolink-3,US,FRESH,37.1493758,-122.025578,4924.0,7,904300000.0,,,,,-108.0,3.0,True,,,,,True,US915,False
2026-05-17 17:36:29.163856+00:00,stratolink-3,US,FRESH,37.1152609,-121.9843454,5199.0,7,904500000.0,,,,,-111.0,-3.0,True,,,,,True,US915,False
2026-05-17 17:41:32.090369+00:00,stratolink-3,US,FRESH,37.0762419,-121.9368322,5482.0,7,904700000.0,,,,,-117.0,-9.0,True,,,,,True,US915,False
2026-05-17 17:46:34.307382+00:00,stratolink-3,US,FRESH,37.0238153,-121.8842043,5809.0,7,904900000.0,,,,,-105.0,-1.25,True,,,,,True,US915,False
2026-05-17 17:51:34.147639+00:00,stratolink-3,US,FRESH,36.96056,-121.8303943,6010.0,7,905100000.0,,,,,-105.0,-2.0,True,,,,,True,US915,False
2026-05-17 17:54:18.248301+00:00,stratolink-3,US,FRESH,36.9229548,-121.8027966,6097.0,7,903900000.0,,,,,-106.0,3.5,True,,,,,True,US915,False
2026-05-17 17:59:20.272755+00:00,stratolink-3,US,FRESH,36.8456955,-121.7529385,6315.0,7,904100000.0,,,,,-104.0,4.8,True,,,,,True,US915,False
2026-05-17 18:04:21.349926+00:00,stratolink-3,US,FRESH,36.7681831,-121.6974251,6551.0,7,904300000.0,,,,,-107.0,0.8,True,,,,,True,US915,False
2026-05-17 18:09:55.067969+00:00,stratolink-3,US,NOGPS,,,,7,904500000.0,packetbroker,,,,-110.0,-1.5,True,,,,,False,US915,False
2026-05-17 18:09:55.067969+00:00,stratolink-3,US,NOGPS,,,,7,904500000.0,packetbroker,,,,-109.0,-3.5,True,,,,,False,US915,False
2026-05-17 18:09:55.067969+00:00,stratolink-3,US,NOGPS,,,,7,904500000.0,packetbroker,,,,-110.0,-9.5,True,,,,,False,US915,False
2026-05-17 18:09:55.067969+00:00,stratolink-3,US,NOGPS,,,,7,904500000.0,packetbroker,,,,-105.0,-2.5,True,,,,,False,US915,False
2026-05-17 18:09:55.067969+00:00,stratolink-3,US,NOGPS,,,,7,904500000.0,packetbroker,,,,-106.0,-0.8,True,,,,,False,US915,False
2026-05-17 18:15:03.296891+00:00,stratolink-3,US,FRESH,36.6960622,-121.638681,6699.0,7,904700000.0,packetbroker,,,,-110.0,-2.8,True,,,,,True,US915,False
2026-05-17 18:15:03.296891+00:00,stratolink-3,US,FRESH,36.6960622,-121.638681,6699.0,7,904700000.0,packetbroker,36.930773,-121.684841,33.0,-115.0,3.5,True,26.42020553026447,27.261683682803007,14.034578507767531,14.272180796239548,True,US915,False
2026-05-17 18:15:03.296891+00:00,stratolink-3,US,FRESH,36.6960622,-121.638681,6699.0,7,904700000.0,packetbroker,,,,-116.0,1.0,True,,,,,True,US915,False
2026-05-17 18:15:03.296891+00:00,stratolink-3,US,FRESH,36.6960622,-121.638681,6699.0,7,904700000.0,packetbroker,,,,-117.0,-1.8,True,,,,,True,US915,False
2026-05-17 18:20:04.712632+00:00,stratolink-3,US,FRESH,36.6159551,-121.5718565,6924.0,7,904900000.0,packetbroker,,,,-107.0,4.0,True,,,,,True,US915,False
2026-05-17 18:20:04.712632+00:00,stratolink-3,US,FRESH,36.6159551,-121.5718565,6924.0,7,904900000.0,packetbroker,,,,-108.0,-0.8,True,,,,,True,US915,False
2026-05-17 18:20:04.712632+00:00,stratolink-3,US,FRESH,36.6159551,-121.5718565,6924.0,7,904900000.0,packetbroker,,,,-114.0,-4.5,True,,,,,True,US915,False
2026-05-17 18:20:04.712632+00:00,stratolink-3,US,FRESH,36.6159551,-121.5718565,6924.0,7,904900000.0,packetbroker,36.930773,-121.684841,33.0,-118.0,-4.5,True,36.4239525658899,37.08955813976401,10.543572263699117,10.871140286397877,True,US915,False
2026-05-17 18:20:04.712632+00:00,stratolink-3,US,FRESH,36.6159551,-121.5718565,6924.0,7,904900000.0,packetbroker,,,,-120.0,-8.0,True,,,,,True,US915,False
2026-05-17 18:25:12.831742+00:00,stratolink-3,US,STALE,36.6159551,-121.5718565,6924.0,7,905100000.0,packetbroker,36.930773,-121.684841,33.0,-117.0,-4.0,True,36.4239525658899,37.08955813976401,10.543572263699117,10.871140286397877,False,US915,False
2026-05-17 18:25:12.831742+00:00,stratolink-3,US,STALE,36.6159551,-121.5718565,6924.0,7,905100000.0,packetbroker,,,,-105.0,2.2,True,,,,,False,US915,False
2026-05-17 18:25:12.831742+00:00,stratolink-3,US,STALE,36.6159551,-121.5718565,6924.0,7,905100000.0,packetbroker,,,,-118.0,-3.2,True,,,,,False,US915,False
2026-05-17 18:30:20.866336+00:00,stratolink-3,US,STALE,36.6159551,-121.5718565,6924.0,7,905300000.0,packetbroker,36.930773,-121.684841,33.0,-119.0,-4.5,True,36.4239525658899,37.08955813976401,10.543572263699117,10.871140286397877,False,US915,False
2026-05-17 18:30:20.866336+00:00,stratolink-3,US,STALE,36.6159551,-121.5718565,6924.0,7,905300000.0,packetbroker,,,,-119.0,-7.5,True,,,,,False,US915,False
2026-05-17 18:30:20.866336+00:00,stratolink-3,US,STALE,36.6159551,-121.5718565,6924.0,7,905300000.0,packetbroker,,,,-106.0,-2.8,True,,,,,False,US915,False
2026-05-17 18:30:20.866336+00:00,stratolink-3,US,STALE,36.6159551,-121.5718565,6924.0,7,905300000.0,packetbroker,,,,-116.0,-6.5,True,,,,,False,US915,False
2026-05-17 18:35:28.874540+00:00,stratolink-3,US,STALE,36.6159551,-121.5718565,6924.0,7,903900000.0,packetbroker,,,,-104.0,1.2,True,,,,,False,US915,False
2026-05-17 18:35:28.874540+00:00,stratolink-3,US,STALE,36.6159551,-121.5718565,6924.0,7,903900000.0,packetbroker,,,,-105.0,1.2,True,,,,,False,US915,False
2026-05-17 18:35:28.874540+00:00,stratolink-3,US,STALE,36.6159551,-121.5718565,6924.0,7,903900000.0,packetbroker,,,,-107.0,3.5,True,,,,,False,US915,False
2026-05-17 18:35:28.874540+00:00,stratolink-3,US,STALE,36.6159551,-121.5718565,6924.0,7,903900000.0,packetbroker,,,,-110.0,-4.0,True,,,,,False,US915,False
2026-05-17 18:35:28.874540+00:00,stratolink-3,US,STALE,36.6159551,-121.5718565,6924.0,7,903900000.0,ac1f09fffe1058c5,,,,-115.0,-5.5,False,,,,,False,US915,False
2026-05-17 18:40:36.873607+00:00,stratolink-3,US,STALE,36.6159551,-121.5718565,6924.0,7,904100000.0,packetbroker,,,,-111.0,-7.0,True,,,,,False,US915,False
2026-05-17 18:40:36.873607+00:00,stratolink-3,US,STALE,36.6159551,-121.5718565,6924.0,7,904100000.0,packetbroker,,,,-110.0,-2.0,True,,,,,False,US915,False
2026-05-17 18:40:36.873607+00:00,stratolink-3,US,STALE,36.6159551,-121.5718565,6924.0,7,904100000.0,ac1f09fffe1058c5,,,,-114.0,-2.2,False,,,,,False,US915,False
2026-05-17 18:40:36.873607+00:00,stratolink-3,US,STALE,36.6159551,-121.5718565,6924.0,7,904100000.0,packetbroker,,,,-106.0,-7.8,True,,,,,False,US915,False
2026-05-17 18:40:36.873607+00:00,stratolink-3,US,STALE,36.6159551,-121.5718565,6924.0,7,904100000.0,packetbroker,,,,-109.0,-4.8,True,,,,,False,US915,False
2026-05-17 18:45:44.987777+00:00,stratolink-3,US,STALE,36.6159551,-121.5718565,6924.0,7,904300000.0,packetbroker,36.930773,-121.684841,33.0,-110.0,-10.5,True,36.4239525658899,37.08955813976401,10.543572263699117,10.871140286397877,False,US915,False
2026-05-17 18:45:44.987777+00:00,stratolink-3,US,STALE,36.6159551,-121.5718565,6924.0,7,904300000.0,packetbroker,,,,-104.0,3.2,True,,,,,False,US915,False
2026-05-17 18:45:44.987777+00:00,stratolink-3,US,STALE,36.6159551,-121.5718565,6924.0,7,904300000.0,packetbroker,,,,-109.0,-0.8,True,,,,,False,US915,False
2026-05-17 18:50:53.139350+00:00,stratolink-3,US,STALE,36.6159551,-121.5718565,6924.0,7,904500000.0,packetbroker,,,,-104.0,2.5,True,,,,,False,US915,False
2026-05-17 18:50:53.139350+00:00,stratolink-3,US,STALE,36.6159551,-121.5718565,6924.0,7,904500000.0,packetbroker,,,,-108.0,2.2,True,,,,,False,US915,False
2026-05-17 18:50:53.139350+00:00,stratolink-3,US,STALE,36.6159551,-121.5718565,6924.0,7,904500000.0,packetbroker,,,,-109.0,-4.0,True,,,,,False,US915,False
2026-05-17 18:50:53.139350+00:00,stratolink-3,US,STALE,36.6159551,-121.5718565,6924.0,7,904500000.0,packetbroker,36.930773,-121.684841,33.0,-111.0,-8.2,True,36.4239525658899,37.08955813976401,10.543572263699117,10.871140286397877,False,US915,False
2026-05-17 18:50:53.139350+00:00,stratolink-3,US,STALE,36.6159551,-121.5718565,6924.0,7,904500000.0,packetbroker,,,,-111.0,-6.2,True,,,,,False,US915,False
2026-05-17 18:50:53.139350+00:00,stratolink-3,US,STALE,36.6159551,-121.5718565,6924.0,7,904500000.0,ac1f09fffe1058c5,,,,-113.0,-0.8,False,,,,,False,US915,False
2026-05-17 18:56:01.507157+00:00,stratolink-3,US,STALE,36.6159551,-121.5718565,6924.0,7,904700000.0,packetbroker,,,,-106.0,-0.8,True,,,,,False,US915,False
2026-05-17 18:56:01.507157+00:00,stratolink-3,US,STALE,36.6159551,-121.5718565,6924.0,7,904700000.0,ac1f09fffe1058c5,,,,-113.0,-4.2,False,,,,,False,US915,False
2026-05-17 18:56:01.507157+00:00,stratolink-3,US,STALE,36.6159551,-121.5718565,6924.0,7,904700000.0,packetbroker,,,,-114.0,-1.8,True,,,,,False,US915,False
2026-05-17 18:56:01.507157+00:00,stratolink-3,US,STALE,36.6159551,-121.5718565,6924.0,7,904700000.0,packetbroker,,,,-119.0,-5.5,True,,,,,False,US915,False
2026-05-17 19:01:10.000016+00:00,stratolink-3,US,STALE,36.6159551,-121.5718565,6924.0,7,904900000.0,packetbroker,,,,-117.0,-2.8,True,,,,,False,US915,False
2026-05-17 19:01:10.000016+00:00,stratolink-3,US,STALE,36.6159551,-121.5718565,6924.0,7,904900000.0,packetbroker,,,,-115.0,0.2,True,,,,,False,US915,False
2026-05-17 19:01:10.000016+00:00,stratolink-3,US,STALE,36.6159551,-121.5718565,6924.0,7,904900000.0,ac1f09fffe1058c5,,,,-113.0,-6.5,False,,,,,False,US915,False
2026-05-17 19:01:10.000016+00:00,stratolink-3,US,STALE,36.6159551,-121.5718565,6924.0,7,904900000.0,packetbroker,,,,-110.0,-5.0,True,,,,,False,US915,False
2026-05-17 19:01:10.000016+00:00,stratolink-3,US,STALE,36.6159551,-121.5718565,6924.0,7,904900000.0,packetbroker,,,,-107.0,2.5,True,,,,,False,US915,False
2026-05-17 19:06:18.388474+00:00,stratolink-3,US,STALE,36.6159551,-121.5718565,6924.0,7,905100000.0,packetbroker,,,,-109.0,-5.5,True,,,,,False,US915,False
2026-05-17 19:11:26.393134+00:00,stratolink-3,US,STALE,36.6159551,-121.5718565,6924.0,7,905300000.0,packetbroker,36.692693,-119.751509,305.0,-118.0,-1.5,True,162.60831628450336,162.830717096314,1.598316516948668,3.0606862184048884,False,US915,False
2026-05-17 19:11:26.393134+00:00,stratolink-3,US,STALE,36.6159551,-121.5718565,6924.0,7,905300000.0,packetbroker,,,,-119.0,-8.2,True,,,,,False,US915,False
2026-05-17 19:16:34.605414+00:00,stratolink-3,US,STALE,36.6159551,-121.5718565,6924.0,7,903900000.0,packetbroker,36.692693,-119.751509,305.0,-108.0,-0.2,True,162.60831628450336,162.830717096314,1.598316516948668,3.0606862184048884,False,US915,False
2026-05-17 19:16:34.605414+00:00,stratolink-3,US,STALE,36.6159551,-121.5718565,6924.0,7,903900000.0,packetbroker,,,,-113.0,-9.2,True,,,,,False,US915,False
2026-05-17 19:21:43.035391+00:00,stratolink-3,US,STALE,36.6159551,-121.5718565,6924.0,7,904100000.0,packetbroker,36.692693,-119.751509,305.0,-107.0,0.2,True,162.60831628450336,162.830717096314,1.598316516948668,3.0606862184048884,False,US915,False
2026-05-17 19:26:52.269777+00:00,stratolink-3,US,STALE,36.6159551,-121.5718565,6924.0,7,904300000.0,packetbroker,,,,-118.0,-7.25,True,,,,,False,US915,False
2026-05-17 19:32:00.320987+00:00,stratolink-3,US,STALE,36.6159551,-121.5718565,6924.0,7,904500000.0,packetbroker,36.692693,-119.751509,305.0,-108.0,-1.0,True,162.60831628450336,162.830717096314,1.598316516948668,3.0606862184048884,False,US915,False
2026-05-17 19:37:08.748533+00:00,stratolink-3,US,STALE,36.6159551,-121.5718565,6924.0,7,904700000.0,packetbroker,36.692693,-119.751509,305.0,-112.0,-8.2,True,162.60831628450336,162.830717096314,1.598316516948668,3.0606862184048884,False,US915,False
2026-05-17 19:42:17.095183+00:00,stratolink-3,US,STALE,36.6159551,-121.5718565,6924.0,7,904900000.0,packetbroker,34.459499,-120.446017,30.0,-112.0,-5.0,True,260.52279288712685,260.7379308819165,0.34331254758588037,2.6862470761634185,False,US915,False
2026-05-17 19:42:17.095183+00:00,stratolink-3,US,STALE,36.6159551,-121.5718565,6924.0,7,904900000.0,packetbroker,36.692693,-119.751509,305.0,-115.0,-1.0,True,162.60831628450336,162.830717096314,1.598316516948668,3.0606862184048884,False,US915,False
2026-05-17 19:47:26.075543+00:00,stratolink-3,US,STALE,36.6159551,-121.5718565,6924.0,7,905100000.0,ac1f09fffe1058c5,,,,-113.0,-7.0,False,,,,,False,US915,False
2026-05-17 19:47:26.075543+00:00,stratolink-3,US,STALE,36.6159551,-121.5718565,6924.0,7,905100000.0,packetbroker,34.459499,-120.446017,30.0,-113.0,-8.0,True,260.52279288712685,260.7379308819165,0.34331254758588037,2.6862470761634185,False,US915,False
2026-05-17 19:47:26.075543+00:00,stratolink-3,US,STALE,36.6159551,-121.5718565,6924.0,7,905100000.0,packetbroker,,,,-110.0,-6.2,True,,,,,False,US915,False
2026-05-17 19:52:35.580751+00:00,stratolink-3,US,STALE,36.6159551,-121.5718565,6924.0,7,905300000.0,packetbroker,,,,-117.0,-3.0,True,,,,,False,US915,False
2026-05-17 19:57:43.862984+00:00,stratolink-3,US,STALE,36.6159551,-121.5718565,6924.0,7,903900000.0,packetbroker,34.459499,-120.446017,30.0,-114.0,-8.0,True,260.52279288712685,260.7379308819165,0.34331254758588037,2.6862470761634185,False,US915,False
2026-05-17 20:02:52.521911+00:00,stratolink-3,US,STALE,36.6159551,-121.5718565,6924.0,7,904100000.0,packetbroker,,,,-109.0,-8.8,True,,,,,False,US915,False
2026-05-17 20:02:52.521911+00:00,stratolink-3,US,STALE,36.6159551,-121.5718565,6924.0,7,904100000.0,packetbroker,36.692693,-119.751509,305.0,-110.0,-7.5,True,162.60831628450336,162.830717096314,1.598316516948668,3.0606862184048884,False,US915,False
2026-05-17 20:02:52.521911+00:00,stratolink-3,US,STALE,36.6159551,-121.5718565,6924.0,7,904100000.0,packetbroker,34.459499,-120.446017,30.0,-112.0,-5.8,True,260.52279288712685,260.7379308819165,0.34331254758588037,2.6862470761634185,False,US915,False
2026-05-17 20:08:01.039572+00:00,stratolink-3,US,STALE,36.6159551,-121.5718565,6924.0,7,904300000.0,packetbroker,34.459499,-120.446017,30.0,-111.0,-1.2,True,260.52279288712685,260.7379308819165,0.34331254758588037,2.6862470761634185,False,US915,False
2026-05-17 20:13:09.654294+00:00,stratolink-3,US,STALE,36.6159551,-121.5718565,6924.0,7,904500000.0,packetbroker,34.459499,-120.446017,30.0,-109.0,,True,260.52279288712685,260.7379308819165,0.34331254758588037,2.6862470761634185,False,US915,False
2026-05-17 20:13:09.654294+00:00,stratolink-3,US,STALE,36.6159551,-121.5718565,6924.0,7,904500000.0,packetbroker,34.490621,-120.463011,310.0,-111.0,-2.8,True,256.7291163767595,256.9425948087808,0.32031459162339065,2.629131814809838,False,US915,False
2026-05-17 20:18:18.262429+00:00,stratolink-3,US,STALE,36.6159551,-121.5718565,6924.0,7,904700000.0,packetbroker,34.490621,-120.463011,310.0,-111.0,-3.2,True,256.7291163767595,256.9425948087808,0.32031459162339065,2.629131814809838,False,US915,False
2026-05-17 20:18:18.262429+00:00,stratolink-3,US,STALE,36.6159551,-121.5718565,6924.0,7,904700000.0,packetbroker,34.459499,-120.446017,30.0,-112.0,-0.2,True,260.52279288712685,260.7379308819165,0.34331254758588037,2.6862470761634185,False,US915,False
2026-05-17 20:23:26.802537+00:00,stratolink-3,US,STALE,36.6159551,-121.5718565,6924.0,7,904900000.0,packetbroker,34.490621,-120.463011,310.0,-108.0,-0.2,True,256.7291163767595,256.9425948087808,0.32031459162339065,2.629131814809838,False,US915,False
2026-05-17 20:23:26.802537+00:00,stratolink-3,US,STALE,36.6159551,-121.5718565,6924.0,7,904900000.0,packetbroker,34.459499,-120.446017,30.0,-110.0,1.2,True,260.52279288712685,260.7379308819165,0.34331254758588037,2.6862470761634185,False,US915,False
2026-05-17 20:28:35.829349+00:00,stratolink-3,US,STALE,36.6159551,-121.5718565,6924.0,7,905100000.0,packetbroker,34.51642256207313,-120.45803904533388,50.0,-116.0,-7.2,True,254.2621487314827,254.4772504162121,0.40425161975940066,2.690882900545232,False,US915,False
2026-05-17 20:28:35.829349+00:00,stratolink-3,US,STALE,36.6159551,-121.5718565,6924.0,7,905100000.0,ac1f09fffe1058c5,,,,-113.0,-8.0,False,,,,,False,US915,False
2026-05-17 20:28:35.829349+00:00,stratolink-3,US,STALE,36.6159551,-121.5718565,6924.0,7,905100000.0,packetbroker,34.490621,-120.463011,310.0,-111.0,-1.5,True,256.7291163767595,256.9425948087808,0.32031459162339065,2.629131814809838,False,US915,False
2026-05-17 20:28:35.829349+00:00,stratolink-3,US,STALE,36.6159551,-121.5718565,6924.0,7,905100000.0,packetbroker,34.459499,-120.446017,30.0,-110.0,2.0,True,260.52279288712685,260.7379308819165,0.34331254758588037,2.6862470761634185,False,US915,False
2026-05-17 20:33:44.700921+00:00,stratolink-3,US,STALE,36.6159551,-121.5718565,6924.0,7,905300000.0,packetbroker,34.459499,-120.446017,30.0,-111.0,-0.2,True,260.52279288712685,260.7379308819165,0.34331254758588037,2.6862470761634185,False,US915,False
2026-05-17 20:33:44.700921+00:00,stratolink-3,US,STALE,36.6159551,-121.5718565,6924.0,7,905300000.0,packetbroker,34.490621,-120.463011,310.0,-111.0,-5.8,True,256.7291163767595,256.9425948087808,0.32031459162339065,2.629131814809838,False,US915,False
2026-05-17 20:33:44.700921+00:00,stratolink-3,US,STALE,36.6159551,-121.5718565,6924.0,7,905300000.0,ac1f09fffe1058c5,,,,-112.0,-5.5,False,,,,,False,US915,False
2026-05-17 20:33:44.700921+00:00,stratolink-3,US,STALE,36.6159551,-121.5718565,6924.0,7,905300000.0,packetbroker,34.51642256207313,-120.45803904533388,50.0,-115.0,-6.0,True,254.2621487314827,254.4772504162121,0.40425161975940066,2.690882900545232,False,US915,False
2026-05-17 20:38:53.880352+00:00,stratolink-3,US,STALE,36.6159551,-121.5718565,6924.0,7,903900000.0,packetbroker,34.490621,-120.463011,310.0,-110.0,1.8,True,256.7291163767595,256.9425948087808,0.32031459162339065,2.629131814809838,False,US915,False
2026-05-17 20:38:53.880352+00:00,stratolink-3,US,STALE,36.6159551,-121.5718565,6924.0,7,903900000.0,packetbroker,34.459499,-120.446017,30.0,-110.0,1.8,True,260.52279288712685,260.7379308819165,0.34331254758588037,2.6862470761634185,False,US915,False
2026-05-17 20:38:53.880352+00:00,stratolink-3,US,STALE,36.6159551,-121.5718565,6924.0,7,903900000.0,packetbroker,34.51642256207313,-120.45803904533388,50.0,-112.0,1.2,True,254.2621487314827,254.4772504162121,0.40425161975940066,2.690882900545232,False,US915,False
2026-05-17 20:44:02.655571+00:00,stratolink-3,US,STALE,36.6159551,-121.5718565,6924.0,7,904100000.0,packetbroker,34.490621,-120.463011,310.0,-105.0,4.5,True,256.7291163767595,256.9425948087808,0.32031459162339065,2.629131814809838,False,US915,False
2026-05-17 20:44:02.655571+00:00,stratolink-3,US,STALE,36.6159551,-121.5718565,6924.0,7,904100000.0,packetbroker,34.51642256207313,-120.45803904533388,50.0,-109.0,4.2,True,254.2621487314827,254.4772504162121,0.40425161975940066,2.690882900545232,False,US915,False
2026-05-17 20:44:02.655571+00:00,stratolink-3,US,STALE,36.6159551,-121.5718565,6924.0,7,904100000.0,packetbroker,34.459499,-120.446017,30.0,-110.0,1.0,True,260.52279288712685,260.7379308819165,0.34331254758588037,2.6862470761634185,False,US915,False
2026-05-17 20:44:02.655571+00:00,stratolink-3,US,STALE,36.6159551,-121.5718565,6924.0,7,904100000.0,ac1f09fffe1058c5,,,,-114.0,-6.5,False,,,,,False,US915,False
2026-05-17 20:49:11.130426+00:00,stratolink-3,US,STALE,36.6159551,-121.5718565,6924.0,7,904300000.0,packetbroker,34.51642256207313,-120.45803904533388,50.0,-109.0,2.8,True,254.2621487314827,254.4772504162121,0.40425161975940066,2.690882900545232,False,US915,False
2026-05-17 20:49:11.130426+00:00,stratolink-3,US,STALE,36.6159551,-121.5718565,6924.0,7,904300000.0,packetbroker,34.459499,-120.446017,30.0,-106.0,2.2,True,260.52279288712685,260.7379308819165,0.34331254758588037,2.6862470761634185,False,US915,False
2026-05-17 20:49:11.130426+00:00,stratolink-3,US,STALE,36.6159551,-121.5718565,6924.0,7,904300000.0,packetbroker,34.490621,-120.463011,310.0,-106.0,2.5,True,256.7291163767595,256.9425948087808,0.32031459162339065,2.629131814809838,False,US915,False
2026-05-17 20:54:19.952306+00:00,stratolink-3,US,STALE,36.6159551,-121.5718565,6924.0,7,904500000.0,packetbroker,34.51642256207313,-120.45803904533388,50.0,-110.0,3.5,True,254.2621487314827,254.4772504162121,0.40425161975940066,2.690882900545232,False,US915,False
2026-05-17 20:54:19.952306+00:00,stratolink-3,US,STALE,36.6159551,-121.5718565,6924.0,7,904500000.0,packetbroker,34.490621,-120.463011,310.0,-110.0,-2.0,True,256.7291163767595,256.9425948087808,0.32031459162339065,2.629131814809838,False,US915,False
2026-05-17 20:54:19.952306+00:00,stratolink-3,US,STALE,36.6159551,-121.5718565,6924.0,7,904500000.0,packetbroker,34.459499,-120.446017,30.0,-112.0,-1.5,True,260.52279288712685,260.7379308819165,0.34331254758588037,2.6862470761634185,False,US915,False
2026-05-17 20:59:28.253829+00:00,stratolink-3,US,STALE,36.6159551,-121.5718565,6924.0,7,904700000.0,packetbroker,34.490621,-120.463011,310.0,-109.0,,True,256.7291163767595,256.9425948087808,0.32031459162339065,2.629131814809838,False,US915,False
2026-05-17 20:59:28.253829+00:00,stratolink-3,US,STALE,36.6159551,-121.5718565,6924.0,7,904700000.0,packetbroker,34.51642256207313,-120.45803904533388,50.0,-110.0,2.2,True,254.2621487314827,254.4772504162121,0.40425161975940066,2.690882900545232,False,US915,False
2026-05-17 20:59:28.253829+00:00,stratolink-3,US,STALE,36.6159551,-121.5718565,6924.0,7,904700000.0,packetbroker,34.459499,-120.446017,30.0,-113.0,-4.2,True,260.52279288712685,260.7379308819165,0.34331254758588037,2.6862470761634185,False,US915,False
2026-05-17 21:04:36.472483+00:00,stratolink-3,US,STALE,36.6159551,-121.5718565,6924.0,7,904900000.0,packetbroker,34.51642256207313,-120.45803904533388,50.0,-106.0,5.8,True,254.2621487314827,254.4772504162121,0.40425161975940066,2.690882900545232,False,US915,False
2026-05-17 21:04:36.472483+00:00,stratolink-3,US,STALE,36.6159551,-121.5718565,6924.0,7,904900000.0,eui-ac1f09fffe1058af,,,,-109.0,-5.2,False,,,,,False,US915,False
2026-05-17 21:04:36.472483+00:00,stratolink-3,US,STALE,36.6159551,-121.5718565,6924.0,7,904900000.0,packetbroker,34.459499,-120.446017,30.0,-110.0,-0.5,True,260.52279288712685,260.7379308819165,0.34331254758588037,2.6862470761634185,False,US915,False
2026-05-17 21:04:36.472483+00:00,stratolink-3,US,STALE,36.6159551,-121.5718565,6924.0,7,904900000.0,packetbroker,34.022353000714745,-119.87009102350135,,-117.0,-3.8,True,327.10937627032877,327.3243720901643,-0.2591932020173076,2.6825680304340813,False,US915,False
2026-05-17 21:09:44.467554+00:00,stratolink-3,US,STALE,36.6159551,-121.5718565,6924.0,7,905100000.0,packetbroker,34.459499,-120.446017,30.0,-111.0,-2.0,True,260.52279288712685,260.7379308819165,0.34331254758588037,2.6862470761634185,False,US915,False
2026-05-17 21:09:44.467554+00:00,stratolink-3,US,STALE,36.6159551,-121.5718565,6924.0,7,905100000.0,packetbroker,34.490621,-120.463011,310.0,-111.0,-2.5,True,256.7291163767595,256.9425948087808,0.32031459162339065,2.629131814809838,False,US915,False
2026-05-17 21:09:44.467554+00:00,stratolink-3,US,STALE,36.6159551,-121.5718565,6924.0,7,905100000.0,packetbroker,34.51642256207313,-120.45803904533388,50.0,-109.0,2.5,True,254.2621487314827,254.4772504162121,0.40425161975940066,2.690882900545232,False,US915,False
2026-05-17 21:14:52.612448+00:00,stratolink-3,US,STALE,36.6159551,-121.5718565,6924.0,7,905300000.0,packetbroker,34.51642256207313,-120.45803904533388,50.0,-111.0,0.2,True,254.2621487314827,254.4772504162121,0.40425161975940066,2.690882900545232,False,US915,False
2026-05-17 21:14:52.612448+00:00,stratolink-3,US,STALE,36.6159551,-121.5718565,6924.0,7,905300000.0,packetbroker,34.490621,-120.463011,310.0,-112.0,-4.5,True,256.7291163767595,256.9425948087808,0.32031459162339065,2.629131814809838,False,US915,False
2026-05-17 21:14:52.612448+00:00,stratolink-3,US,STALE,36.6159551,-121.5718565,6924.0,7,905300000.0,packetbroker,34.459499,-120.446017,30.0,-113.0,-3.0,True,260.52279288712685,260.7379308819165,0.34331254758588037,2.6862470761634185,False,US915,False
2026-05-17 21:14:52.612448+00:00,stratolink-3,US,STALE,36.6159551,-121.5718565,6924.0,7,905300000.0,packetbroker,34.022353000714745,-119.87009102350135,,-115.0,-2.0,True,327.10937627032877,327.3243720901643,-0.2591932020173076,2.6825680304340813,False,US915,False
2026-05-17 21:20:00.764822+00:00,stratolink-3,US,STALE,36.6159551,-121.5718565,6924.0,7,903900000.0,packetbroker,34.490621,-120.463011,310.0,-107.0,1.5,True,256.7291163767595,256.9425948087808,0.32031459162339065,2.629131814809838,False,US915,False
2026-05-17 21:20:00.764822+00:00,stratolink-3,US,STALE,36.6159551,-121.5718565,6924.0,7,903900000.0,packetbroker,34.51642256207313,-120.45803904533388,50.0,-110.0,3.5,True,254.2621487314827,254.4772504162121,0.40425161975940066,2.690882900545232,False,US915,False
2026-05-17 21:20:00.764822+00:00,stratolink-3,US,STALE,36.6159551,-121.5718565,6924.0,7,903900000.0,packetbroker,34.459499,-120.446017,30.0,-112.0,-0.2,True,260.52279288712685,260.7379308819165,0.34331254758588037,2.6862470761634185,False,US915,False
2026-05-17 21:20:00.764822+00:00,stratolink-3,US,STALE,36.6159551,-121.5718565,6924.0,7,903900000.0,packetbroker,33.99601774009769,-119.7169715166092,,-117.0,-4.0,True,336.43415049355804,336.6490202676922,-0.3347120885675683,2.690908737344601,False,US915,False
2026-05-17 21:20:00.764822+00:00,stratolink-3,US,STALE,36.6159551,-121.5718565,6924.0,7,903900000.0,packetbroker,34.022353000714745,-119.87009102350135,,-117.0,-1.8,True,327.10937627032877,327.3243720901643,-0.2591932020173076,2.6825680304340813,False,US915,False
2026-05-17 21:25:08.807886+00:00,stratolink-3,US,STALE,36.6159551,-121.5718565,6924.0,7,904100000.0,packetbroker,34.490621,-120.463011,310.0,-111.0,-4.5,True,256.7291163767595,256.9425948087808,0.32031459162339065,2.629131814809838,False,US915,False
2026-05-17 21:25:08.807886+00:00,stratolink-3,US,STALE,36.6159551,-121.5718565,6924.0,7,904100000.0,packetbroker,34.51642256207313,-120.45803904533388,50.0,-112.0,-1.8,True,254.2621487314827,254.4772504162121,0.40425161975940066,2.690882900545232,False,US915,False
2026-05-17 21:25:08.807886+00:00,stratolink-3,US,STALE,36.6159551,-121.5718565,6924.0,7,904100000.0,packetbroker,34.459499,-120.446017,30.0,-113.0,-5.5,True,260.52279288712685,260.7379308819165,0.34331254758588037,2.6862470761634185,False,US915,False
2026-05-17 21:30:17.007547+00:00,stratolink-3,US,STALE,36.6159551,-121.5718565,6924.0,7,904300000.0,packetbroker,34.51642256207313,-120.45803904533388,50.0,-112.0,-1.2,True,254.2621487314827,254.4772504162121,0.40425161975940066,2.690882900545232,False,US915,False
2026-05-17 21:30:17.007547+00:00,stratolink-3,US,STALE,36.6159551,-121.5718565,6924.0,7,904300000.0,packetbroker,,,,-114.0,-5.0,True,,,,,False,US915,False
2026-05-17 21:30:17.007547+00:00,stratolink-3,US,STALE,36.6159551,-121.5718565,6924.0,7,904300000.0,packetbroker,34.490621,-120.463011,310.0,-111.0,-8.0,True,256.7291163767595,256.9425948087808,0.32031459162339065,2.629131814809838,False,US915,False
2026-05-17 21:30:17.007547+00:00,stratolink-3,US,STALE,36.6159551,-121.5718565,6924.0,7,904300000.0,packetbroker,33.99601774009769,-119.7169715166092,,-108.0,3.0,True,336.43415049355804,336.6490202676922,-0.3347120885675683,2.690908737344601,False,US915,False
2026-05-17 21:35:25.510978+00:00,stratolink-3,US,STALE,36.6159551,-121.5718565,6924.0,7,904500000.0,packetbroker,34.490621,-120.463011,310.0,-109.0,-4.5,True,256.7291163767595,256.9425948087808,0.32031459162339065,2.629131814809838,False,US915,False
2026-05-17 21:35:25.510978+00:00,stratolink-3,US,STALE,36.6159551,-121.5718565,6924.0,7,904500000.0,packetbroker,34.022353000714745,-119.87009102350135,,-110.0,4.0,True,327.10937627032877,327.3243720901643,-0.2591932020173076,2.6825680304340813,False,US915,False
2026-05-17 21:35:25.510978+00:00,stratolink-3,US,STALE,36.6159551,-121.5718565,6924.0,7,904500000.0,packetbroker,34.51642256207313,-120.45803904533388,50.0,-111.0,-0.8,True,254.2621487314827,254.4772504162121,0.40425161975940066,2.690882900545232,False,US915,False
2026-05-17 21:35:25.510978+00:00,stratolink-3,US,STALE,36.6159551,-121.5718565,6924.0,7,904500000.0,packetbroker,34.459499,-120.446017,30.0,-112.0,-1.8,True,260.52279288712685,260.7379308819165,0.34331254758588037,2.6862470761634185,False,US915,False
2026-05-17 21:35:25.510978+00:00,stratolink-3,US,STALE,36.6159551,-121.5718565,6924.0,7,904500000.0,packetbroker,33.99601774009769,-119.7169715166092,,-113.0,1.2,True,336.43415049355804,336.6490202676922,-0.3347120885675683,2.690908737344601,False,US915,False
2026-05-17 21:38:52.599679+00:00,stratolink-3,US,STALE,36.6159551,-121.5718565,6924.0,7,903900000.0,packetbroker,34.51642256207313,-120.45803904533388,50.0,-111.0,1.8,True,254.2621487314827,254.4772504162121,0.40425161975940066,2.690882900545232,False,US915,False
2026-05-17 21:38:52.599679+00:00,stratolink-3,US,STALE,36.6159551,-121.5718565,6924.0,7,903900000.0,packetbroker,34.490621,-120.463011,310.0,-111.0,-0.5,True,256.7291163767595,256.9425948087808,0.32031459162339065,2.629131814809838,False,US915,False
2026-05-17 21:38:52.599679+00:00,stratolink-3,US,STALE,36.6159551,-121.5718565,6924.0,7,903900000.0,packetbroker,34.022353000714745,-119.87009102350135,,-112.0,3.8,True,327.10937627032877,327.3243720901643,-0.2591932020173076,2.6825680304340813,False,US915,False
2026-05-17 21:38:52.599679+00:00,stratolink-3,US,STALE,36.6159551,-121.5718565,6924.0,7,903900000.0,packetbroker,33.99601774009769,-119.7169715166092,,-113.0,0.8,True,336.43415049355804,336.6490202676922,-0.3347120885675683,2.690908737344601,False,US915,False
2026-05-17 21:44:00.162309+00:00,stratolink-3,US,STALE,36.6159551,-121.5718565,6924.0,7,904100000.0,packetbroker,34.459499,-120.446017,30.0,-111.0,-1.2,True,260.52279288712685,260.7379308819165,0.34331254758588037,2.6862470761634185,False,US915,False
2026-05-17 21:44:00.162309+00:00,stratolink-3,US,STALE,36.6159551,-121.5718565,6924.0,7,904100000.0,packetbroker,,,,-117.0,-2.0,True,,,,,False,US915,False
2026-05-17 21:44:00.162309+00:00,stratolink-3,US,STALE,36.6159551,-121.5718565,6924.0,7,904100000.0,packetbroker,33.99601774009769,-119.7169715166092,,-115.0,-5.0,True,336.43415049355804,336.6490202676922,-0.3347120885675683,2.690908737344601,False,US915,False
2026-05-17 21:44:00.162309+00:00,stratolink-3,US,STALE,36.6159551,-121.5718565,6924.0,7,904100000.0,packetbroker,34.490621,-120.463011,310.0,-111.0,-1.8,True,256.7291163767595,256.9425948087808,0.32031459162339065,2.629131814809838,False,US915,False
2026-05-17 21:44:00.162309+00:00,stratolink-3,US,STALE,36.6159551,-121.5718565,6924.0,7,904100000.0,packetbroker,34.022353000714745,-119.87009102350135,,-112.0,,True,327.10937627032877,327.3243720901643,-0.2591932020173076,2.6825680304340813,False,US915,False
2026-05-17 21:44:00.162309+00:00,stratolink-3,US,STALE,36.6159551,-121.5718565,6924.0,7,904100000.0,packetbroker,34.51642256207313,-120.45803904533388,50.0,-112.0,0.8,True,254.2621487314827,254.4772504162121,0.40425161975940066,2.690882900545232,False,US915,False
2026-05-17 21:49:08.373150+00:00,stratolink-3,US,STALE,36.6159551,-121.5718565,6924.0,7,904300000.0,packetbroker,34.51642256207313,-120.45803904533388,50.0,-112.0,-4.5,True,254.2621487314827,254.4772504162121,0.40425161975940066,2.690882900545232,False,US915,False
2026-05-17 21:49:08.373150+00:00,stratolink-3,US,STALE,36.6159551,-121.5718565,6924.0,7,904300000.0,packetbroker,34.022353000714745,-119.87009102350135,,-109.0,2.0,True,327.10937627032877,327.3243720901643,-0.2591932020173076,2.6825680304340813,False,US915,False
2026-05-17 21:49:08.373150+00:00,stratolink-3,US,STALE,36.6159551,-121.5718565,6924.0,7,904300000.0,packetbroker,34.459499,-120.446017,30.0,-112.0,-5.0,True,260.52279288712685,260.7379308819165,0.34331254758588037,2.6862470761634185,False,US915,False
2026-05-17 21:49:08.373150+00:00,stratolink-3,US,STALE,36.6159551,-121.5718565,6924.0,7,904300000.0,packetbroker,34.490621,-120.463011,310.0,-112.0,-7.8,True,256.7291163767595,256.9425948087808,0.32031459162339065,2.629131814809838,False,US915,False
2026-05-17 21:49:08.373150+00:00,stratolink-3,US,STALE,36.6159551,-121.5718565,6924.0,7,904300000.0,packetbroker,,,,-113.0,-1.0,True,,,,,False,US915,False
2026-05-17 21:51:22.895569+00:00,stratolink-3,US,STALE,36.6159551,-121.5718565,6924.0,7,903900000.0,packetbroker,,,,-117.0,-2.0,True,,,,,False,US915,False
2026-05-17 21:51:22.895569+00:00,stratolink-3,US,STALE,36.6159551,-121.5718565,6924.0,7,903900000.0,packetbroker,34.51642256207313,-120.45803904533388,50.0,-115.0,-7.0,True,254.2621487314827,254.4772504162121,0.40425161975940066,2.690882900545232,False,US915,False
2026-05-17 21:51:22.895569+00:00,stratolink-3,US,STALE,36.6159551,-121.5718565,6924.0,7,903900000.0,packetbroker,33.99601774009769,-119.7169715166092,,-118.0,-2.8,True,336.43415049355804,336.6490202676922,-0.3347120885675683,2.690908737344601,False,US915,False
2026-05-17 21:51:22.895569+00:00,stratolink-3,US,STALE,36.6159551,-121.5718565,6924.0,7,903900000.0,packetbroker,34.022353000714745,-119.87009102350135,,-107.0,-2.2,True,327.10937627032877,327.3243720901643,-0.2591932020173076,2.6825680304340813,False,US915,False
2026-05-17 21:51:22.895569+00:00,stratolink-3,US,STALE,36.6159551,-121.5718565,6924.0,7,903900000.0,packetbroker,34.459499,-120.446017,30.0,-114.0,-5.5,True,260.52279288712685,260.7379308819165,0.34331254758588037,2.6862470761634185,False,US915,False
2026-05-17 21:55:24.008252+00:00,stratolink-3,US,STALE,36.6159551,-121.5718565,6924.0,7,903900000.0,packetbroker,34.459499,-120.446017,30.0,-113.0,-2.5,True,260.52279288712685,260.7379308819165,0.34331254758588037,2.6862470761634185,False,US915,False
2026-05-17 21:55:24.008252+00:00,stratolink-3,US,STALE,36.6159551,-121.5718565,6924.0,7,903900000.0,packetbroker,34.022353000714745,-119.87009102350135,,-106.0,6.0,True,327.10937627032877,327.3243720901643,-0.2591932020173076,2.6825680304340813,False,US915,False
2026-05-17 22:00:31.966891+00:00,stratolink-3,US,STALE,36.6159551,-121.5718565,6924.0,7,904100000.0,packetbroker,34.022353000714745,-119.87009102350135,,-110.0,4.0,True,327.10937627032877,327.3243720901643,-0.2591932020173076,2.6825680304340813,False,US915,False
2026-05-17 22:00:31.966891+00:00,stratolink-3,US,STALE,36.6159551,-121.5718565,6924.0,7,904100000.0,packetbroker,34.459499,-120.446017,30.0,-112.0,-7.0,True,260.52279288712685,260.7379308819165,0.34331254758588037,2.6862470761634185,False,US915,False
2026-05-17 22:00:31.966891+00:00,stratolink-3,US,STALE,36.6159551,-121.5718565,6924.0,7,904100000.0,packetbroker,34.51642256207313,-120.45803904533388,50.0,-114.0,-5.5,True,254.2621487314827,254.4772504162121,0.40425161975940066,2.690882900545232,False,US915,False
2026-05-17 22:00:31.966891+00:00,stratolink-3,US,STALE,36.6159551,-121.5718565,6924.0,7,904100000.0,packetbroker,,,,-115.0,-8.2,True,,,,,False,US915,False
2026-05-17 22:00:31.966891+00:00,stratolink-3,US,STALE,36.6159551,-121.5718565,6924.0,7,904100000.0,packetbroker,33.99601774009769,-119.7169715166092,,-115.0,-6.5,True,336.43415049355804,336.6490202676922,-0.3347120885675683,2.690908737344601,False,US915,False
2026-05-17 22:05:39.980187+00:00,stratolink-3,US,STALE,36.6159551,-121.5718565,6924.0,7,904300000.0,packetbroker,34.51642256207313,-120.45803904533388,50.0,-116.0,-6.8,True,254.2621487314827,254.4772504162121,0.40425161975940066,2.690882900545232,False,US915,False
2026-05-17 22:05:39.980187+00:00,stratolink-3,US,STALE,36.6159551,-121.5718565,6924.0,7,904300000.0,packetbroker,,,,-118.0,-6.0,True,,,,,False,US915,False
2026-05-17 22:10:48.180366+00:00,stratolink-3,US,STALE,36.6159551,-121.5718565,6924.0,7,904500000.0,packetbroker,34.022353000714745,-119.87009102350135,,-105.0,5.5,True,327.10937627032877,327.3243720901643,-0.2591932020173076,2.6825680304340813,False,US915,False
2026-05-17 22:10:48.180366+00:00,stratolink-3,US,STALE,36.6159551,-121.5718565,6924.0,7,904500000.0,packetbroker,33.99601774009769,-119.7169715166092,,-108.0,4.2,True,336.43415049355804,336.6490202676922,-0.3347120885675683,2.690908737344601,False,US915,False
2026-05-17 22:10:48.180366+00:00,stratolink-3,US,STALE,36.6159551,-121.5718565,6924.0,7,904500000.0,packetbroker,,,,-114.0,-2.5,True,,,,,False,US915,False
2026-05-17 22:10:48.180366+00:00,stratolink-3,US,STALE,36.6159551,-121.5718565,6924.0,7,904500000.0,packetbroker,34.51642256207313,-120.45803904533388,50.0,-116.0,-3.8,True,254.2621487314827,254.4772504162121,0.40425161975940066,2.690882900545232,False,US915,False
2026-05-17 22:15:56.208859+00:00,stratolink-3,US,STALE,36.6159551,-121.5718565,6924.0,7,904700000.0,packetbroker,33.99601774009769,-119.7169715166092,,-112.0,1.2,True,336.43415049355804,336.6490202676922,-0.3347120885675683,2.690908737344601,False,US915,False
2026-05-17 22:21:04.183698+00:00,stratolink-3,US,STALE,36.6159551,-121.5718565,6924.0,7,904900000.0,packetbroker,34.022353000714745,-119.87009102350135,,-115.0,-4.5,True,327.10937627032877,327.3243720901643,-0.2591932020173076,2.6825680304340813,False,US915,False
2026-05-17 22:21:04.183698+00:00,stratolink-3,US,STALE,36.6159551,-121.5718565,6924.0,7,904900000.0,packetbroker,33.99601774009769,-119.7169715166092,,-114.0,-2.0,True,336.43415049355804,336.6490202676922,-0.3347120885675683,2.690908737344601,False,US915,False
2026-05-17 22:26:12.293307+00:00,stratolink-3,US,STALE,36.6159551,-121.5718565,6924.0,7,905100000.0,packetbroker,33.99601774009769,-119.7169715166092,,-112.0,,True,336.43415049355804,336.6490202676922,-0.3347120885675683,2.690908737344601,False,US915,False
2026-05-17 22:26:12.293307+00:00,stratolink-3,US,STALE,36.6159551,-121.5718565,6924.0,7,905100000.0,packetbroker,34.022353000714745,-119.87009102350135,,-113.0,2.0,True,327.10937627032877,327.3243720901643,-0.2591932020173076,2.6825680304340813,False,US915,False
2026-05-17 22:26:12.293307+00:00,stratolink-3,US,STALE,36.6159551,-121.5718565,6924.0,7,905100000.0,packetbroker,34.459499,-120.446017,30.0,-113.0,-7.5,True,260.52279288712685,260.7379308819165,0.34331254758588037,2.6862470761634185,False,US915,False
2026-05-17 22:26:12.293307+00:00,stratolink-3,US,STALE,36.6159551,-121.5718565,6924.0,7,905100000.0,packetbroker,34.51642256207313,-120.45803904533388,50.0,-115.0,-8.8,True,254.2621487314827,254.4772504162121,0.40425161975940066,2.690882900545232,False,US915,False
2026-05-17 22:31:20.238227+00:00,stratolink-3,US,STALE,36.6159551,-121.5718565,6924.0,7,905300000.0,packetbroker,33.99601774009769,-119.7169715166092,,-113.0,1.5,True,336.43415049355804,336.6490202676922,-0.3347120885675683,2.690908737344601,False,US915,False
2026-05-17 22:36:28.290700+00:00,stratolink-3,US,STALE,36.6159551,-121.5718565,6924.0,7,903900000.0,packetbroker,33.99601774009769,-119.7169715166092,,-113.0,-0.5,True,336.43415049355804,336.6490202676922,-0.3347120885675683,2.690908737344601,False,US915,False
2026-05-17 22:41:36.546770+00:00,stratolink-3,US,STALE,36.6159551,-121.5718565,6924.0,7,904100000.0,packetbroker,33.814075,-118.257278,,-113.0,-5.25,True,433.22459876914576,433.4317501560652,-1.0332380968799344,2.8628389405150245,False,US915,False
2026-05-17 22:41:36.546770+00:00,stratolink-3,US,STALE,36.6159551,-121.5718565,6924.0,7,904100000.0,packetbroker,33.99601774009769,-119.7169715166092,,-118.0,-8.5,True,336.43415049355804,336.6490202676922,-0.3347120885675683,2.690908737344601,False,US915,False
2026-05-17 22:41:36.546770+00:00,stratolink-3,US,STALE,36.6159551,-121.5718565,6924.0,7,904100000.0,621793161295,,,,-122.0,-7.5,False,,,,,False,US915,False
2026-05-17 22:46:44.700502+00:00,stratolink-3,US,STALE,36.6159551,-121.5718565,6924.0,7,904300000.0,packetbroker,33.814075,-118.257278,,-114.0,-3.75,True,433.22459876914576,433.4317501560652,-1.0332380968799344,2.8628389405150245,False,US915,False
2026-05-17 22:56:52.518379+00:00,stratolink-3,US,FRESH,33.5444616,-119.0023054,9744.0,7,904700000.0,packetbroker,33.814075,-118.257278,,-117.0,-6.75,True,75.17486242787918,75.86028608438967,7.041679095036483,7.717741941252664,True,US915,False
2026-05-17 23:22:32.790467+00:00,stratolink-3,US,STALE,33.5444616,-119.0023054,9744.0,7,904100000.0,packetbroker,33.814075,-118.257278,,-115.0,-2.75,True,75.17486242787918,75.86028608438967,7.041679095036483,7.717741941252664,False,US915,False
2026-05-17 23:37:56.547067+00:00,stratolink-3,US,STALE,33.5444616,-119.0023054,9744.0,7,904700000.0,2202-dev1,33.46823311421213,-117.62623786926271,45.0,-115.0,-9.0,False,127.86542918210145,128.32852407271702,3.759338591906763,4.909258434705707,False,US915,False
2026-05-18 00:08:45.527149+00:00,stratolink-3,US,STALE,33.5444616,-119.0023054,9744.0,7,904300000.0,2202-dev1,33.46823311421213,-117.62623786926271,45.0,-114.0,-8.8,False,127.86542918210145,128.32852407271702,3.759338591906763,4.909258434705707,False,US915,False
2026-05-18 00:29:11.830424+00:00,stratolink-3,US,FRESH,32.8720291,-118.3905433,9621.0,7,905100000.0,agritek-a5fa,31.94268856,-116.29838075,100.0,-120.0,-6.2,False,221.9264156392284,222.28842893684535,1.4565415827187431,3.4523710310462086,True,US915,False
2026-05-18 00:34:19.784495+00:00,stratolink-3,US,STALE,32.8720291,-118.3905433,9621.0,7,905300000.0,agritek-a5fa,31.94268856,-116.29838075,100.0,-119.0,-6.5,False,221.9264156392284,222.28842893684535,1.4565415827187431,3.4523710310462086,False,US915,False
2026-05-18 00:44:36.525583+00:00,stratolink-3,US,STALE,32.8720291,-118.3905433,9621.0,7,904100000.0,gt-10,32.53891276951074,-116.94288298908596,,-115.0,-7.5,False,140.42386359857335,140.85596721967946,3.284901383558492,4.54776178442943,False,US915,False
2026-05-18 00:49:46.703387+00:00,stratolink-3,US,STALE,32.8720291,-118.3905433,9621.0,7,904300000.0,agritek-a5fa,31.94268856,-116.29838075,100.0,-119.0,-3.8,False,221.9264156392284,222.28842893684535,1.4565415827187431,3.4523710310462086,False,US915,False
2026-05-18 01:00:03.491212+00:00,stratolink-3,US,STALE,32.8720291,-118.3905433,9621.0,7,904700000.0,agritek-a5fa,31.94268856,-116.29838075,100.0,-118.0,-2.8,False,221.9264156392284,222.28842893684535,1.4565415827187431,3.4523710310462086,False,US915,False
2026-05-18 01:05:11.573582+00:00,stratolink-3,US,STALE,32.8720291,-118.3905433,9621.0,7,904900000.0,gt-10,32.53891276951074,-116.94288298908596,,-117.0,-5.8,False,140.42386359857335,140.85596721967946,3.284901383558492,4.54776178442943,False,US915,False
2026-05-18 01:10:20.468092+00:00,stratolink-3,US,STALE,32.8720291,-118.3905433,9621.0,7,905100000.0,citedi-rak01,,,,-109.0,-8.5,False,,,,,False,US915,False
2026-05-18 01:10:20.468092+00:00,stratolink-3,US,STALE,32.8720291,-118.3905433,9621.0,7,905100000.0,gt-10,32.53891276951074,-116.94288298908596,,-115.0,-1.2,False,140.42386359857335,140.85596721967946,3.284901383558492,4.54776178442943,False,US915,False
2026-05-18 01:15:29.705310+00:00,stratolink-3,US,STALE,32.8720291,-118.3905433,9621.0,7,905300000.0,agritek-a5fa,31.94268856,-116.29838075,100.0,-118.0,-5.0,False,221.9264156392284,222.28842893684535,1.4565415827187431,3.4523710310462086,False,US915,False
2026-05-18 01:20:37.465908+00:00,stratolink-3,US,STALE,32.8720291,-118.3905433,9621.0,7,903900000.0,agritek-a5fa,31.94268856,-116.29838075,100.0,-118.0,-4.0,False,221.9264156392284,222.28842893684535,1.4565415827187431,3.4523710310462086,False,US915,False
2026-05-18 01:25:45.265547+00:00,stratolink-3,US,STALE,32.8720291,-118.3905433,9621.0,7,904100000.0,gt-10,32.53891276951074,-116.94288298908596,,-117.0,-7.5,False,140.42386359857335,140.85596721967946,3.284901383558492,4.54776178442943,False,US915,False
2026-05-18 01:30:54.269827+00:00,stratolink-3,US,STALE,32.8720291,-118.3905433,9621.0,7,904300000.0,citedi-rak01,,,,-110.0,-9.3,False,,,,,False,US915,False
2026-05-18 01:36:03.725847+00:00,stratolink-3,US,STALE,32.8720291,-118.3905433,9621.0,7,904500000.0,citedi-rak01,,,,-107.0,-5.8,False,,,,,False,US915,False
2026-05-18 01:36:03.725847+00:00,stratolink-3,US,STALE,32.8720291,-118.3905433,9621.0,7,904500000.0,gt-10,32.53891276951074,-116.94288298908596,,-114.0,0.8,False,140.42386359857335,140.85596721967946,3.284901383558492,4.54776178442943,False,US915,False
2026-05-18 01:41:37.822621+00:00,stratolink-3,US,NOGPS,,,,7,904700000.0,agritek-a5fa,31.94268856,-116.29838075,100.0,-113.0,3.2,False,,,,,False,US915,False
2026-05-18 01:46:57.861875+00:00,stratolink-3,US,FRESH,32.2186566,-117.8586064,9648.0,7,904900000.0,agritek-a5fa,31.94268856,-116.29838075,100.0,-114.0,1.5,False,150.16500059270288,150.57937694057614,2.959988625985116,4.310453055502319,True,US915,False
2026-05-18 01:52:35.624699+00:00,stratolink-3,US,NOGPS,,,,7,905100000.0,gt-10,32.53891276951074,-116.94288298908596,,-114.0,1.5,False,,,,,False,US915,False
2026-05-18 01:58:08.403854+00:00,stratolink-3,US,NOGPS,,,,7,905300000.0,citedi-rak01,,,,-108.0,-3.0,False,,,,,False,US915,False
2026-05-18 01:58:08.403854+00:00,stratolink-3,US,NOGPS,,,,7,905300000.0,gt-10,32.53891276951074,-116.94288298908596,,-113.0,0.2,False,,,,,False,US915,False
2026-05-18 02:03:07.181669+00:00,stratolink-3,US,FRESH,32.0126413,-117.7218973,9682.0,7,903900000.0,citedi-rak01,,,,-109.0,-5.3,False,,,,,True,US915,False
2026-05-18 02:03:07.181669+00:00,stratolink-3,US,FRESH,32.0126413,-117.7218973,9682.0,7,903900000.0,gt-10,32.53891276951074,-116.94288298908596,,-115.0,-9.5,False,93.7453608415095,94.31399888983054,5.4705021964336975,6.3135733165281795,True,US915,False
2026-05-18 02:08:15.693863+00:00,stratolink-3,US,STALE,32.0126413,-117.7218973,9682.0,7,904100000.0,citedi-rak01,,,,-109.0,-6.0,False,,,,,False,US915,False
2026-05-18 02:13:23.871590+00:00,stratolink-3,US,STALE,32.0126413,-117.7218973,9682.0,7,904300000.0,citedi-rak01,,,,-109.0,-4.3,False,,,,,False,US915,False
2026-05-18 02:18:31.809138+00:00,stratolink-3,US,STALE,32.0126413,-117.7218973,9682.0,7,904500000.0,gt-10,32.53891276951074,-116.94288298908596,,-115.0,-1.5,False,93.7453608415095,94.31399888983054,5.4705021964336975,6.3135733165281795,False,US915,False
2026-05-18 02:18:31.809138+00:00,stratolink-3,US,STALE,32.0126413,-117.7218973,9682.0,7,904500000.0,citedi-rak01,,,,-107.0,-7.0,False,,,,,False,US915,False
2026-05-18 02:23:40.256089+00:00,stratolink-3,US,STALE,32.0126413,-117.7218973,9682.0,7,904700000.0,agritek-a5fa,31.94268856,-116.29838075,100.0,-119.0,-2.0,False,134.49269039771426,134.9340534801474,3.4671547319289373,4.676674884396423,False,US915,False
2026-05-18 02:28:39.170536+00:00,stratolink-3,US,NOGPS,,,,7,904900000.0,gt-10,32.53891276951074,-116.94288298908596,,-114.0,-2.8,False,,,,,False,US915,False
2026-05-18 02:43:39.781789+00:00,stratolink-3,US,NOGPS,,,,7,905100000.0,agritek-a5fa,31.94268856,-116.29838075,100.0,-119.0,-7.0,False,,,,,False,US915,False
2026-05-18 02:58:41.626864+00:00,stratolink-3,US,NOGPS,,,,7,905300000.0,agritek-a5fa,31.94268856,-116.29838075,100.0,-118.0,-1.0,False,,,,,False,US915,False
2026-05-19 13:58:18.576073+00:00,stratolink-3,US,FRESH,31.0028812,-111.7093083,9736.0,7,905100000.0,mmaker-xerocraft,32.22747589612853,-110.97387677703236,700.0,-120.0,-3.0,False,152.94200554634082,153.33003966888165,2.6905322582335436,4.065970858800408,True,US915,False
2026-05-19 14:08:34.129495+00:00,stratolink-3,US,STALE,31.0028812,-111.7093083,9736.0,7,903900000.0,mmaker-xerocraft,32.22747589612853,-110.97387677703236,700.0,-124.0,-7.8,False,152.94200554634082,153.33003966888165,2.6905322582335436,4.065970858800408,False,US915,False
2026-05-19 16:15:11.280776+00:00,stratolink-3,US,NOGPS,,,,7,903900000.0,mmaker-xerocraft,32.22747589612853,-110.97387677703236,700.0,-119.0,-4.2,False,,,,,False,US915,False
2026-05-19 22:28:54.341760+00:00,stratolink-3,US,FRESH,34.7793016,-106.1268084,9814.0,7,903900000.0,unm-gateway-2,,,,-119.0,-3.5,False,,,,,True,US915,False
2026-05-19 22:39:27.489014+00:00,stratolink-3,US,NOGPS,,,,7,903900000.0,unm-gateway-2,,,,-117.0,0.8,False,,,,,False,US915,False
2026-05-19 22:45:00.950390+00:00,stratolink-3,US,NOGPS,,,,7,904100000.0,unm-gateway-2,,,,-116.0,-1.8,False,,,,,False,US915,False
2026-05-19 22:50:32.910237+00:00,stratolink-3,US,NOGPS,,,,7,904300000.0,unm-gateway-2,,,,-115.0,1.2,False,,,,,False,US915,False
2026-05-19 22:56:06.188202+00:00,stratolink-3,US,NOGPS,,,,7,904500000.0,unm-gateway-2,,,,-118.0,-3.2,False,,,,,False,US915,False
2026-05-19 23:01:39.159171+00:00,stratolink-3,US,NOGPS,,,,7,904700000.0,unm-gateway-2,,,,-119.0,-5.2,False,,,,,False,US915,False
2026-05-19 23:07:11.655324+00:00,stratolink-3,US,NOGPS,,,,7,904900000.0,unm-gateway-2,,,,-118.0,-3.5,False,,,,,False,US915,False
2026-05-19 23:12:43.954244+00:00,stratolink-3,US,NOGPS,,,,7,905100000.0,unm-gateway-2,,,,-119.0,-6.5,False,,,,,False,US915,False
2026-05-19 23:18:16.795767+00:00,stratolink-3,US,NOGPS,,,,7,905300000.0,unm-gateway-2,,,,-119.0,-5.2,False,,,,,False,US915,False
2026-05-19 23:19:12.480382+00:00,stratolink-3,US,NOGPS,,,,7,903900000.0,unm-gateway-2,,,,-119.0,-5.0,False,,,,,False,US915,False
2026-05-19 23:24:45.237735+00:00,stratolink-3,US,NOGPS,,,,7,904100000.0,unm-gateway-2,,,,-117.0,-5.5,False,,,,,False,US915,False
2026-05-19 23:30:18.381326+00:00,stratolink-3,US,NOGPS,,,,7,904300000.0,unm-gateway-2,,,,-118.0,-2.0,False,,,,,False,US915,False
2026-05-28 07:38:01.361177+00:00,stratolink-3-eu,EU,FRESH,40.3360686,-6.9306294,9966.0,7,868100000.0,ctaex-lora-one,,,,-115.0,-4.0,False,,,,,True,EU868,False
2026-05-28 07:38:01.361177+00:00,stratolink-3-eu,EU,FRESH,40.3360686,-6.9306294,9966.0,7,868100000.0,ext-sg50-024,,,,-115.0,2.2,False,,,,,True,EU868,False
2026-05-28 07:38:01.361177+00:00,stratolink-3-eu,EU,FRESH,40.3360686,-6.9306294,9966.0,7,868100000.0,ext-sg50-028,,,,-115.0,1.5,False,,,,,True,EU868,False
2026-05-28 07:38:01.361177+00:00,stratolink-3-eu,EU,FRESH,40.3360686,-6.9306294,9966.0,7,868100000.0,ext-sg50-016,,,,-116.0,-5.0,False,,,,,True,EU868,False
2026-05-28 07:38:01.361177+00:00,stratolink-3-eu,EU,FRESH,40.3360686,-6.9306294,9966.0,7,868100000.0,niharramikrotik,40.589325292876616,-4.838257133960725,1131.0,-117.0,-6.5,False,179.2370108968522,179.60458362679586,2.0133605913140857,3.625275529640587,True,EU868,False
2026-05-28 07:38:01.361177+00:00,stratolink-3-eu,EU,FRESH,40.3360686,-6.9306294,9966.0,7,868100000.0,mtcdtip02-l4e1-1,,,,-110.0,-5.8,False,,,,,True,EU868,False
2026-05-28 07:38:01.361177+00:00,stratolink-3-eu,EU,FRESH,40.3360686,-6.9306294,9966.0,7,868100000.0,eui-fcc23dfffe2de1ed,,,,-118.0,-3.0,False,,,,,True,EU868,False
2026-05-28 07:38:01.361177+00:00,stratolink-3-eu,EU,FRESH,40.3360686,-6.9306294,9966.0,7,868100000.0,ext-sg50-022,,,,-118.0,-1.8,False,,,,,True,EU868,False
2026-05-28 07:38:01.361177+00:00,stratolink-3-eu,EU,FRESH,40.3360686,-6.9306294,9966.0,7,868100000.0,mitigasmart-cc,,,,-118.0,-5.8,False,,,,,True,EU868,False
2026-05-28 07:38:01.361177+00:00,stratolink-3-eu,EU,FRESH,40.3360686,-6.9306294,9966.0,7,868100000.0,sg50-eui-c0ba1ffffe004945,,,,-118.0,-4.5,False,,,,,True,EU868,False
2026-05-28 07:38:01.361177+00:00,stratolink-3-eu,EU,FRESH,40.3360686,-6.9306294,9966.0,7,868100000.0,m2-vicente,38.689984,-6.646836,258.0,-122.0,-8.5,False,184.64811321534685,185.04458180700667,2.1766858899973074,3.837263973376063,True,EU868,False
2026-05-28 07:38:01.361177+00:00,stratolink-3-eu,EU,FRESH,40.3360686,-6.9306294,9966.0,7,868100000.0,cicytex-lo-santa-amalia,,,,-114.0,-8.2,False,,,,,True,EU868,False
2026-05-28 07:38:01.361177+00:00,stratolink-3-eu,EU,FRESH,40.3360686,-6.9306294,9966.0,7,868100000.0,cicytex-unex-2,,,,-117.0,-5.2,False,,,,,True,EU868,False
2026-05-28 07:38:01.361177+00:00,stratolink-3-eu,EU,FRESH,40.3360686,-6.9306294,9966.0,7,868100000.0,ext-sg50-023,,,,-113.0,4.5,False,,,,,True,EU868,False
2026-05-28 07:38:01.361177+00:00,stratolink-3-eu,EU,FRESH,40.3360686,-6.9306294,9966.0,7,868100000.0,ext-sg50-015,,,,-108.0,8.2,False,,,,,True,EU868,False
2026-05-28 07:38:01.361177+00:00,stratolink-3-eu,EU,FRESH,40.3360686,-6.9306294,9966.0,7,868100000.0,mtcdtip02-l4e1-12,,,,-113.0,-7.2,False,,,,,True,EU868,False
2026-05-28 07:38:01.361177+00:00,stratolink-3-eu,EU,FRESH,40.3360686,-6.9306294,9966.0,7,868100000.0,ext-sg50-021,,,,-113.0,4.0,False,,,,,True,EU868,False
2026-05-28 07:38:01.361177+00:00,stratolink-3-eu,EU,FRESH,40.3360686,-6.9306294,9966.0,7,868100000.0,cdtic-multitech-5,40.0702558044694,-6.65818959474564,300.0,-113.0,1.2,False,37.536027640288886,38.78983477911805,14.260677834535912,14.598246974836734,True,EU868,False
2026-05-28 07:38:01.361177+00:00,stratolink-3-eu,EU,FRESH,40.3360686,-6.9306294,9966.0,7,868100000.0,ext-sg50-018,,,,-112.0,-2.8,False,,,,,True,EU868,False
2026-05-28 07:38:01.361177+00:00,stratolink-3-eu,EU,FRESH,40.3360686,-6.9306294,9966.0,7,868100000.0,ext-dlos8-007,,,,-112.0,-4.5,False,,,,,True,EU868,False
2026-05-28 07:38:01.361177+00:00,stratolink-3-eu,EU,FRESH,40.3360686,-6.9306294,9966.0,7,868100000.0,mtcdtip02-l4e1-11,,,,-112.0,-7.5,False,,,,,True,EU868,False
2026-05-28 07:38:01.361177+00:00,stratolink-3-eu,EU,FRESH,40.3360686,-6.9306294,9966.0,7,868100000.0,mtcdtip02-l4e1-7,,,,-111.0,-1.2,False,,,,,True,EU868,False
2026-05-28 07:38:01.361177+00:00,stratolink-3-eu,EU,FRESH,40.3360686,-6.9306294,9966.0,7,868100000.0,mtcdtip02-l4e1-9,,,,-108.0,,False,,,,,True,EU868,False
2026-05-28 07:38:01.361177+00:00,stratolink-3-eu,EU,FRESH,40.3360686,-6.9306294,9966.0,7,868100000.0,cicytex-ic003,,,,-108.0,-3.5,False,,,,,True,EU868,False
2026-05-28 07:38:01.361177+00:00,stratolink-3-eu,EU,FRESH,40.3360686,-6.9306294,9966.0,7,868100000.0,mtcdtip02-l4e1-15,,,,-107.0,4.8,False,,,,,True,EU868,False
2026-05-28 07:38:01.361177+00:00,stratolink-3-eu,EU,FRESH,40.3360686,-6.9306294,9966.0,7,868100000.0,cicytex-ic007,,,,-107.0,-8.2,False,,,,,True,EU868,False
2026-05-28 07:38:01.361177+00:00,stratolink-3-eu,EU,FRESH,40.3360686,-6.9306294,9966.0,7,868100000.0,mtcdtip02-l4e1-3,,,,-104.0,5.0,False,,,,,True,EU868,False
2026-05-28 07:38:01.361177+00:00,stratolink-3-eu,EU,FRESH,40.3360686,-6.9306294,9966.0,7,868100000.0,ext-sg50-029,,,,-113.0,3.8,False,,,,,True,EU868,False
2026-05-28 07:43:09.241405+00:00,stratolink-3-eu,EU,STALE,40.3360686,-6.9306294,9966.0,7,868300000.0,ctaex-lora-one,,,,-114.0,-5.5,False,,,,,False,EU868,False
2026-05-28 07:43:09.241405+00:00,stratolink-3-eu,EU,STALE,40.3360686,-6.9306294,9966.0,7,868300000.0,ext-sg50-022,,,,-113.0,4.0,False,,,,,False,EU868,False
2026-05-28 07:43:09.241405+00:00,stratolink-3-eu,EU,STALE,40.3360686,-6.9306294,9966.0,7,868300000.0,ext-sg50-024,,,,-114.0,3.0,False,,,,,False,EU868,False
2026-05-28 07:43:09.241405+00:00,stratolink-3-eu,EU,STALE,40.3360686,-6.9306294,9966.0,7,868300000.0,ext-dlos8-007,,,,-112.0,-5.0,False,,,,,False,EU868,False
2026-05-28 07:43:09.241405+00:00,stratolink-3-eu,EU,STALE,40.3360686,-6.9306294,9966.0,7,868300000.0,ext-sg50-028,,,,-113.0,3.2,False,,,,,False,EU868,False
2026-05-28 07:43:09.241405+00:00,stratolink-3-eu,EU,STALE,40.3360686,-6.9306294,9966.0,7,868300000.0,ext-sg50-016,,,,-115.0,-1.8,False,,,,,False,EU868,False
2026-05-28 07:43:09.241405+00:00,stratolink-3-eu,EU,STALE,40.3360686,-6.9306294,9966.0,7,868300000.0,ext-sg50-018,,,,-112.0,-3.5,False,,,,,False,EU868,False
2026-05-28 07:43:09.241405+00:00,stratolink-3-eu,EU,STALE,40.3360686,-6.9306294,9966.0,7,868300000.0,ext-sg50-013,,,,-115.0,-7.2,False,,,,,False,EU868,False
2026-05-28 07:43:09.241405+00:00,stratolink-3-eu,EU,STALE,40.3360686,-6.9306294,9966.0,7,868300000.0,ext-sg50-026,,,,-116.0,-6.8,False,,,,,False,EU868,False
2026-05-28 07:43:09.241405+00:00,stratolink-3-eu,EU,STALE,40.3360686,-6.9306294,9966.0,7,868300000.0,mitigasmart-cc,,,,-117.0,-5.0,False,,,,,False,EU868,False
2026-05-28 07:43:09.241405+00:00,stratolink-3-eu,EU,STALE,40.3360686,-6.9306294,9966.0,7,868300000.0,sg50-eui-c0ba1ffffe004945,,,,-117.0,-5.8,False,,,,,False,EU868,False
2026-05-28 07:43:09.241405+00:00,stratolink-3-eu,EU,STALE,40.3360686,-6.9306294,9966.0,7,868300000.0,tef-mls-01,40.108033,-6.632828,297.0,-118.0,-7.0,False,35.80829520776795,37.11853739472358,14.938049821322322,15.260081112028958,False,EU868,False
2026-05-28 07:43:09.241405+00:00,stratolink-3-eu,EU,STALE,40.3360686,-6.9306294,9966.0,7,868300000.0,ext-sg50-029,,,,-115.0,-0.2,False,,,,,False,EU868,False
2026-05-28 07:43:09.241405+00:00,stratolink-3-eu,EU,STALE,40.3360686,-6.9306294,9966.0,7,868300000.0,mjv-casas,,,,-112.0,,False,,,,,False,EU868,False
2026-05-28 07:43:09.241405+00:00,stratolink-3-eu,EU,STALE,40.3360686,-6.9306294,9966.0,7,868300000.0,ext-sg50-015,,,,-111.0,5.5,False,,,,,False,EU868,False
2026-05-28 07:43:09.241405+00:00,stratolink-3-eu,EU,STALE,40.3360686,-6.9306294,9966.0,7,868300000.0,ext-sg50-021,,,,-111.0,5.2,False,,,,,False,EU868,False
2026-05-28 07:43:09.241405+00:00,stratolink-3-eu,EU,STALE,40.3360686,-6.9306294,9966.0,7,868300000.0,ext-sg50-020,,,,-103.0,-3.8,False,,,,,False,EU868,False
2026-05-28 07:43:09.241405+00:00,stratolink-3-eu,EU,STALE,40.3360686,-6.9306294,9966.0,7,868300000.0,mtcdtip02-l4e1-3,,,,-105.0,1.8,False,,,,,False,EU868,False
2026-05-28 07:43:09.241405+00:00,stratolink-3-eu,EU,STALE,40.3360686,-6.9306294,9966.0,7,868300000.0,mtcdtip02-l4e1-9,,,,-107.0,1.0,False,,,,,False,EU868,False
2026-05-28 07:43:09.241405+00:00,stratolink-3-eu,EU,STALE,40.3360686,-6.9306294,9966.0,7,868300000.0,cicytex-ic003,,,,-108.0,-5.8,False,,,,,False,EU868,False
2026-05-28 07:43:09.241405+00:00,stratolink-3-eu,EU,STALE,40.3360686,-6.9306294,9966.0,7,868300000.0,ext-sg50-017,,,,-108.0,7.8,False,,,,,False,EU868,False
2026-05-28 07:43:09.241405+00:00,stratolink-3-eu,EU,STALE,40.3360686,-6.9306294,9966.0,7,868300000.0,cicytex-uex-agroecologia,,,,-109.0,-8.2,False,,,,,False,EU868,False
2026-05-28 07:43:09.241405+00:00,stratolink-3-eu,EU,STALE,40.3360686,-6.9306294,9966.0,7,868300000.0,mtcdtip02-l4e1-7,,,,-107.0,3.8,False,,,,,False,EU868,False
2026-05-28 07:43:09.241405+00:00,stratolink-3-eu,EU,STALE,40.3360686,-6.9306294,9966.0,7,868300000.0,cdtic-multitech-5,40.0702558044694,-6.65818959474564,300.0,-109.0,4.8,False,37.536027640288886,38.78983477911805,14.260677834535912,14.598246974836734,False,EU868,False
2026-05-28 07:43:09.241405+00:00,stratolink-3-eu,EU,STALE,40.3360686,-6.9306294,9966.0,7,868300000.0,cicytex-icmc-002,,,,-110.0,-5.8,False,,,,,False,EU868,False
2026-05-28 07:43:09.241405+00:00,stratolink-3-eu,EU,STALE,40.3360686,-6.9306294,9966.0,7,868300000.0,mtcdtip02-l4e1-16,,,,-111.0,-3.0,False,,,,,False,EU868,False
2026-05-28 07:43:09.241405+00:00,stratolink-3-eu,EU,STALE,40.3360686,-6.9306294,9966.0,7,868300000.0,mtcdtip02-l4e1-5,,,,-111.0,-3.0,False,,,,,False,EU868,False
2026-05-28 07:43:09.241405+00:00,stratolink-3-eu,EU,STALE,40.3360686,-6.9306294,9966.0,7,868300000.0,mtcdtip02-l4e1-12,,,,-111.0,-5.8,False,,,,,False,EU868,False
2026-05-28 07:43:09.241405+00:00,stratolink-3-eu,EU,STALE,40.3360686,-6.9306294,9966.0,7,868300000.0,mtcdtip02-l4e1-15,,,,-109.0,5.2,False,,,,,False,EU868,False
2026-05-28 07:48:17.432859+00:00,stratolink-3-eu,EU,STALE,40.3360686,-6.9306294,9966.0,7,868500000.0,tef-mls-01,40.108033,-6.632828,297.0,-115.0,0.5,False,35.80829520776795,37.11853739472358,14.938049821322322,15.260081112028958,False,EU868,False
2026-05-28 07:48:17.432859+00:00,stratolink-3-eu,EU,STALE,40.3360686,-6.9306294,9966.0,7,868500000.0,niharramikrotik,40.589325292876616,-4.838257133960725,1131.0,-115.0,-4.75,False,179.2370108968522,179.60458362679586,2.0133605913140857,3.625275529640587,False,EU868,False
2026-05-28 07:48:17.432859+00:00,stratolink-3-eu,EU,STALE,40.3360686,-6.9306294,9966.0,7,868500000.0,packetbroker,40.962541751597406,-5.675446072867432,,-115.0,-7.75,True,126.74972379901835,127.23762708037926,3.922178388453694,5.062064465542923,False,EU868,False
2026-05-28 07:48:17.432859+00:00,stratolink-3-eu,EU,STALE,40.3360686,-6.9306294,9966.0,7,868500000.0,ext-sg50-024,,,,-115.0,2.0,False,,,,,False,EU868,False
2026-05-28 07:48:17.432859+00:00,stratolink-3-eu,EU,STALE,40.3360686,-6.9306294,9966.0,7,868500000.0,ext-sg50-016,,,,-115.0,-3.8,False,,,,,False,EU868,False
2026-05-28 07:48:17.432859+00:00,stratolink-3-eu,EU,STALE,40.3360686,-6.9306294,9966.0,7,868500000.0,ext-sg50-015,,,,-115.0,-0.5,False,,,,,False,EU868,False
2026-05-28 07:48:17.432859+00:00,stratolink-3-eu,EU,STALE,40.3360686,-6.9306294,9966.0,7,868500000.0,eui-fcc23dfffe2de1ed,,,,-116.0,-5.25,False,,,,,False,EU868,False
2026-05-28 07:48:17.432859+00:00,stratolink-3-eu,EU,STALE,40.3360686,-6.9306294,9966.0,7,868500000.0,ext-sg50-011,,,,-119.0,-8.5,False,,,,,False,EU868,False
2026-05-28 07:48:17.432859+00:00,stratolink-3-eu,EU,STALE,40.3360686,-6.9306294,9966.0,7,868500000.0,ext-sg50-028,,,,-116.0,-3.0,False,,,,,False,EU868,False
2026-05-28 07:48:17.432859+00:00,stratolink-3-eu,EU,STALE,40.3360686,-6.9306294,9966.0,7,868500000.0,ext-sg50-022,,,,-117.0,-2.0,False,,,,,False,EU868,False
2026-05-28 07:48:17.432859+00:00,stratolink-3-eu,EU,STALE,40.3360686,-6.9306294,9966.0,7,868500000.0,mitigasmart-cc,,,,-117.0,-4.0,False,,,,,False,EU868,False
2026-05-28 07:48:17.432859+00:00,stratolink-3-eu,EU,STALE,40.3360686,-6.9306294,9966.0,7,868500000.0,sg50-eui-c0ba1ffffe004945,,,,-117.0,-4.2,False,,,,,False,EU868,False
2026-05-28 07:48:17.432859+00:00,stratolink-3-eu,EU,STALE,40.3360686,-6.9306294,9966.0,7,868500000.0,v3-eui-b827ebfffebf1f02,40.13814,-7.50059,600.0,-119.0,-4.0,False,53.151064223926134,54.01320920451902,9.746592458267129,10.224590802369844,False,EU868,False
2026-05-28 07:48:17.432859+00:00,stratolink-3-eu,EU,STALE,40.3360686,-6.9306294,9966.0,7,868500000.0,ext-sg50-026,,,,-114.0,-1.5,False,,,,,False,EU868,False
2026-05-28 07:48:17.432859+00:00,stratolink-3-eu,EU,STALE,40.3360686,-6.9306294,9966.0,7,868500000.0,cicytex-unex-1,,,,-116.0,-5.2,False,,,,,False,EU868,False
2026-05-28 07:48:17.432859+00:00,stratolink-3-eu,EU,STALE,40.3360686,-6.9306294,9966.0,7,868500000.0,cdtic-multitech-4,39.4920534590841,-6.57908320426941,391.0,-114.0,-1.5,False,98.5230068429558,99.06588950540765,5.1032736022342355,5.9893110657265405,False,EU868,False
2026-05-28 07:48:17.432859+00:00,stratolink-3-eu,EU,STALE,40.3360686,-6.9306294,9966.0,7,868500000.0,ext-sg50-023,,,,-113.0,3.0,False,,,,,False,EU868,False
2026-05-28 07:48:17.432859+00:00,stratolink-3-eu,EU,STALE,40.3360686,-6.9306294,9966.0,7,868500000.0,mtcdtip02-l4e1-9,,,,-109.0,1.0,False,,,,,False,EU868,False
2026-05-28 07:48:17.432859+00:00,stratolink-3-eu,EU,STALE,40.3360686,-6.9306294,9966.0,7,868500000.0,mtcdtip02-l4e1-3,,,,-101.0,-0.2,False,,,,,False,EU868,False
2026-05-28 07:48:17.432859+00:00,stratolink-3-eu,EU,STALE,40.3360686,-6.9306294,9966.0,7,868500000.0,mtcdtip02-l4e1-7,,,,-107.0,0.8,False,,,,,False,EU868,False
2026-05-28 07:48:17.432859+00:00,stratolink-3-eu,EU,STALE,40.3360686,-6.9306294,9966.0,7,868500000.0,ctaex-lora-one,,,,-114.0,-5.0,False,,,,,False,EU868,False
2026-05-28 07:48:17.432859+00:00,stratolink-3-eu,EU,STALE,40.3360686,-6.9306294,9966.0,7,868500000.0,mtcdtip02-l4e1-1,,,,-109.0,-7.8,False,,,,,False,EU868,False
2026-05-28 07:48:17.432859+00:00,stratolink-3-eu,EU,STALE,40.3360686,-6.9306294,9966.0,7,868500000.0,mjv-casas,,,,-110.0,1.2,False,,,,,False,EU868,False
2026-05-28 07:48:17.432859+00:00,stratolink-3-eu,EU,STALE,40.3360686,-6.9306294,9966.0,7,868500000.0,cdtic-multitech-5,40.0702558044694,-6.65818959474564,300.0,-111.0,2.8,False,37.536027640288886,38.78983477911805,14.260677834535912,14.598246974836734,False,EU868,False
2026-05-28 07:48:17.432859+00:00,stratolink-3-eu,EU,STALE,40.3360686,-6.9306294,9966.0,7,868500000.0,mtcdtip02-l4e1-5,,,,-110.0,-1.5,False,,,,,False,EU868,False
2026-05-28 07:48:17.432859+00:00,stratolink-3-eu,EU,STALE,40.3360686,-6.9306294,9966.0,7,868500000.0,ext-sg50-017,,,,-111.0,5.0,False,,,,,False,EU868,False
2026-05-28 07:48:17.432859+00:00,stratolink-3-eu,EU,STALE,40.3360686,-6.9306294,9966.0,7,868500000.0,ext-sg50-029,,,,-111.0,3.8,False,,,,,False,EU868,False
2026-05-28 07:48:17.432859+00:00,stratolink-3-eu,EU,STALE,40.3360686,-6.9306294,9966.0,7,868500000.0,jfmateos-rak7250-rioseco,39.9775352459947,-6.04510360141884,,-112.0,-1.5,False,85.16300951890007,85.80965241886045,6.286334097387444,7.052222384351239,False,EU868,False
2026-05-28 07:48:17.432859+00:00,stratolink-3-eu,EU,STALE,40.3360686,-6.9306294,9966.0,7,868500000.0,ext-dlos8-007,,,,-112.0,-5.8,False,,,,,False,EU868,False
2026-05-28 07:48:17.432859+00:00,stratolink-3-eu,EU,STALE,40.3360686,-6.9306294,9966.0,7,868500000.0,ext-sg50-021,,,,-113.0,2.8,False,,,,,False,EU868,False
2026-05-28 07:48:17.432859+00:00,stratolink-3-eu,EU,STALE,40.3360686,-6.9306294,9966.0,7,868500000.0,ext-sg50-018,,,,-113.0,-2.2,False,,,,,False,EU868,False
2026-05-28 07:48:17.432859+00:00,stratolink-3-eu,EU,STALE,40.3360686,-6.9306294,9966.0,7,868500000.0,mtcdtip02-l4e1-15,,,,-111.0,0.2,False,,,,,False,EU868,False
2026-05-28 07:53:25.761560+00:00,stratolink-3-eu,EU,STALE,40.3360686,-6.9306294,9966.0,7,868100000.0,ext-sg50-026,,,,-116.0,-7.0,False,,,,,False,EU868,False
2026-05-28 07:53:25.761560+00:00,stratolink-3-eu,EU,STALE,40.3360686,-6.9306294,9966.0,7,868100000.0,mtcdtip02-l4e1-15,,,,-116.0,-3.8,False,,,,,False,EU868,False
2026-05-28 07:53:25.761560+00:00,stratolink-3-eu,EU,STALE,40.3360686,-6.9306294,9966.0,7,868100000.0,ext-sg50-021,,,,-116.0,-1.0,False,,,,,False,EU868,False
2026-05-28 07:53:25.761560+00:00,stratolink-3-eu,EU,STALE,40.3360686,-6.9306294,9966.0,7,868100000.0,ext-sg50-015,,,,-116.0,-0.8,False,,,,,False,EU868,False
2026-05-28 07:53:25.761560+00:00,stratolink-3-eu,EU,STALE,40.3360686,-6.9306294,9966.0,7,868100000.0,niharramikrotik,40.589325292876616,-4.838257133960725,1131.0,-116.0,-6.25,False,179.2370108968522,179.60458362679586,2.0133605913140857,3.625275529640587,False,EU868,False
2026-05-28 07:53:25.761560+00:00,stratolink-3-eu,EU,STALE,40.3360686,-6.9306294,9966.0,7,868100000.0,ext-sg50-017,,,,-117.0,-1.5,False,,,,,False,EU868,False
2026-05-28 07:53:25.761560+00:00,stratolink-3-eu,EU,STALE,40.3360686,-6.9306294,9966.0,7,868100000.0,ext-sg50-024,,,,-118.0,-3.2,False,,,,,False,EU868,False
2026-05-28 07:53:25.761560+00:00,stratolink-3-eu,EU,STALE,40.3360686,-6.9306294,9966.0,7,868100000.0,mitigasmart-cc,,,,-118.0,-8.0,False,,,,,False,EU868,False
2026-05-28 07:53:25.761560+00:00,stratolink-3-eu,EU,STALE,40.3360686,-6.9306294,9966.0,7,868100000.0,tef-mls-01,40.108033,-6.632828,297.0,-119.0,-7.5,False,35.80829520776795,37.11853739472358,14.938049821322322,15.260081112028958,False,EU868,False
2026-05-28 07:53:25.761560+00:00,stratolink-3-eu,EU,STALE,40.3360686,-6.9306294,9966.0,7,868100000.0,ext-sg50-016,,,,-116.0,-8.0,False,,,,,False,EU868,False
2026-05-28 07:53:25.761560+00:00,stratolink-3-eu,EU,STALE,40.3360686,-6.9306294,9966.0,7,868100000.0,ext-sg50-029,,,,-115.0,0.5,False,,,,,False,EU868,False
2026-05-28 07:53:25.761560+00:00,stratolink-3-eu,EU,STALE,40.3360686,-6.9306294,9966.0,7,868100000.0,ext-sg50-023,,,,-115.0,1.8,False,,,,,False,EU868,False
2026-05-28 07:53:25.761560+00:00,stratolink-3-eu,EU,STALE,40.3360686,-6.9306294,9966.0,7,868100000.0,mtcdtip02-l4e1-7,,,,-115.0,-2.8,False,,,,,False,EU868,False
2026-05-28 07:53:25.761560+00:00,stratolink-3-eu,EU,STALE,40.3360686,-6.9306294,9966.0,7,868100000.0,5031395365454751,42.195765,-6.006521,8.0,-115.0,-6.0,False,220.73867576129112,221.124680547749,1.5881361712193593,3.573284032956391,False,EU868,False
2026-05-28 07:53:25.761560+00:00,stratolink-3-eu,EU,STALE,40.3360686,-6.9306294,9966.0,7,868100000.0,mjv-casas,,,,-115.0,-5.0,False,,,,,False,EU868,False
2026-05-28 07:53:25.761560+00:00,stratolink-3-eu,EU,STALE,40.3360686,-6.9306294,9966.0,7,868100000.0,dlps8-119,,,,-113.0,-6.8,False,,,,,False,EU868,False
2026-05-28 07:53:25.761560+00:00,stratolink-3-eu,EU,STALE,40.3360686,-6.9306294,9966.0,7,868100000.0,ext-sg50-018,,,,-113.0,-7.8,False,,,,,False,EU868,False
2026-05-28 07:53:25.761560+00:00,stratolink-3-eu,EU,STALE,40.3360686,-6.9306294,9966.0,7,868100000.0,cdtic-multitech-5,40.0702558044694,-6.65818959474564,300.0,-113.0,1.2,False,37.536027640288886,38.78983477911805,14.260677834535912,14.598246974836734,False,EU868,False
2026-05-28 07:53:25.761560+00:00,stratolink-3-eu,EU,STALE,40.3360686,-6.9306294,9966.0,7,868100000.0,d401c3ffff6d00a4,,,,-112.0,-0.75,False,,,,,False,EU868,False
2026-05-28 07:53:25.761560+00:00,stratolink-3-eu,EU,STALE,40.3360686,-6.9306294,9966.0,7,868100000.0,mtcdtip02-l4e1-9,,,,-110.0,-3.8,False,,,,,False,EU868,False
2026-05-28 07:53:25.761560+00:00,stratolink-3-eu,EU,STALE,40.3360686,-6.9306294,9966.0,7,868100000.0,cicytex-ic003,,,,-109.0,-7.5,False,,,,,False,EU868,False
2026-05-28 07:53:25.761560+00:00,stratolink-3-eu,EU,STALE,40.3360686,-6.9306294,9966.0,7,868100000.0,mtcdtip02-l4e1-3,,,,-109.0,0.5,False,,,,,False,EU868,False
2026-05-28 07:58:33.579751+00:00,stratolink-3-eu,EU,STALE,40.3360686,-6.9306294,9966.0,7,868300000.0,mjv-casas,,,,-114.0,1.0,False,,,,,False,EU868,False
2026-05-28 07:58:33.579751+00:00,stratolink-3-eu,EU,STALE,40.3360686,-6.9306294,9966.0,7,868300000.0,ext-sg50-023,,,,-114.0,3.0,False,,,,,False,EU868,False
2026-05-28 07:58:33.579751+00:00,stratolink-3-eu,EU,STALE,40.3360686,-6.9306294,9966.0,7,868300000.0,d401c3ffff6d00a4,,,,-115.0,-4.25,False,,,,,False,EU868,False
2026-05-28 07:58:33.579751+00:00,stratolink-3-eu,EU,STALE,40.3360686,-6.9306294,9966.0,7,868300000.0,ext-sg50-024,,,,-115.0,2.0,False,,,,,False,EU868,False
2026-05-28 07:58:33.579751+00:00,stratolink-3-eu,EU,STALE,40.3360686,-6.9306294,9966.0,7,868300000.0,ext-sg50-026,,,,-115.0,-2.0,False,,,,,False,EU868,False
2026-05-28 07:58:33.579751+00:00,stratolink-3-eu,EU,STALE,40.3360686,-6.9306294,9966.0,7,868300000.0,ext-sg50-028,,,,-116.0,0.5,False,,,,,False,EU868,False
2026-05-28 07:58:33.579751+00:00,stratolink-3-eu,EU,STALE,40.3360686,-6.9306294,9966.0,7,868300000.0,eui-fcc23dfffe2de1ed,,,,-118.0,-6.75,False,,,,,False,EU868,False
2026-05-28 07:58:33.579751+00:00,stratolink-3-eu,EU,STALE,40.3360686,-6.9306294,9966.0,7,868300000.0,ext-sg50-021,,,,-116.0,-1.0,False,,,,,False,EU868,False
2026-05-28 07:58:33.579751+00:00,stratolink-3-eu,EU,STALE,40.3360686,-6.9306294,9966.0,7,868300000.0,mitigasmart-cc,,,,-117.0,-5.0,False,,,,,False,EU868,False
2026-05-28 07:58:33.579751+00:00,stratolink-3-eu,EU,STALE,40.3360686,-6.9306294,9966.0,7,868300000.0,sg50-eui-c0ba1ffffe004945,,,,-117.0,-3.2,False,,,,,False,EU868,False
2026-05-28 07:58:33.579751+00:00,stratolink-3-eu,EU,STALE,40.3360686,-6.9306294,9966.0,7,868300000.0,packetbroker,40.962541751597406,-5.675446072867432,,-114.0,-7.25,True,126.74972379901835,127.23762708037926,3.922178388453694,5.062064465542923,False,EU868,False
2026-05-28 07:58:33.579751+00:00,stratolink-3-eu,EU,STALE,40.3360686,-6.9306294,9966.0,7,868300000.0,ext-sg50-017,,,,-118.0,-3.0,False,,,,,False,EU868,False
2026-05-28 07:58:33.579751+00:00,stratolink-3-eu,EU,STALE,40.3360686,-6.9306294,9966.0,7,868300000.0,ext-sg50-022,,,,-119.0,-4.0,False,,,,,False,EU868,False
2026-05-28 07:58:33.579751+00:00,stratolink-3-eu,EU,STALE,40.3360686,-6.9306294,9966.0,7,868300000.0,tef-mls-01,40.108033,-6.632828,297.0,-116.0,0.2,False,35.80829520776795,37.11853739472358,14.938049821322322,15.260081112028958,False,EU868,False
2026-05-28 07:58:33.579751+00:00,stratolink-3-eu,EU,STALE,40.3360686,-6.9306294,9966.0,7,868300000.0,niharramikrotik,40.589325292876616,-4.838257133960725,1131.0,-114.0,-8.25,False,179.2370108968522,179.60458362679586,2.0133605913140857,3.625275529640587,False,EU868,False
2026-05-28 07:58:33.579751+00:00,stratolink-3-eu,EU,STALE,40.3360686,-6.9306294,9966.0,7,868300000.0,mtcdtip02-l4e1-5,,,,-114.0,-0.8,False,,,,,False,EU868,False
2026-05-28 07:58:33.579751+00:00,stratolink-3-eu,EU,STALE,40.3360686,-6.9306294,9966.0,7,868300000.0,mtcdtip02-l4e1-4,,,,-113.0,-4.0,False,,,,,False,EU868,False
2026-05-28 07:58:33.579751+00:00,stratolink-3-eu,EU,STALE,40.3360686,-6.9306294,9966.0,7,868300000.0,mtcdtip02-l4e1-3,,,,-104.0,2.8,False,,,,,False,EU868,False
2026-05-28 07:58:33.579751+00:00,stratolink-3-eu,EU,STALE,40.3360686,-6.9306294,9966.0,7,868300000.0,ext-sg50-016,,,,-113.0,-6.0,False,,,,,False,EU868,False
2026-05-28 07:58:33.579751+00:00,stratolink-3-eu,EU,STALE,40.3360686,-6.9306294,9966.0,7,868300000.0,cicytex-ic003,,,,-108.0,-2.0,False,,,,,False,EU868,False
2026-05-28 07:58:33.579751+00:00,stratolink-3-eu,EU,STALE,40.3360686,-6.9306294,9966.0,7,868300000.0,mtcdtip02-l4e1-7,,,,-109.0,2.8,False,,,,,False,EU868,False
2026-05-28 07:58:33.579751+00:00,stratolink-3-eu,EU,STALE,40.3360686,-6.9306294,9966.0,7,868300000.0,cicytex-icmc-002,,,,-109.0,-3.8,False,,,,,False,EU868,False
2026-05-28 07:58:33.579751+00:00,stratolink-3-eu,EU,STALE,40.3360686,-6.9306294,9966.0,7,868300000.0,mtcdtip02-l4e1-12,,,,-110.0,-9.8,False,,,,,False,EU868,False
2026-05-28 07:58:33.579751+00:00,stratolink-3-eu,EU,STALE,40.3360686,-6.9306294,9966.0,7,868300000.0,jfmateos-rak7250-rioseco,39.9775352459947,-6.04510360141884,,-110.0,-1.25,False,85.16300951890007,85.80965241886045,6.286334097387444,7.052222384351239,False,EU868,False
2026-05-28 07:58:33.579751+00:00,stratolink-3-eu,EU,STALE,40.3360686,-6.9306294,9966.0,7,868300000.0,mtcdtip02-l4e1-9,,,,-108.0,2.5,False,,,,,False,EU868,False
2026-05-28 07:58:33.579751+00:00,stratolink-3-eu,EU,STALE,40.3360686,-6.9306294,9966.0,7,868300000.0,mtcdtip02-l4e1-15,,,,-111.0,,False,,,,,False,EU868,False
2026-05-28 07:58:33.579751+00:00,stratolink-3-eu,EU,STALE,40.3360686,-6.9306294,9966.0,7,868300000.0,ext-sg50-029,,,,-111.0,5.5,False,,,,,False,EU868,False
2026-05-28 07:58:33.579751+00:00,stratolink-3-eu,EU,STALE,40.3360686,-6.9306294,9966.0,7,868300000.0,ext-sg50-015,,,,-112.0,4.2,False,,,,,False,EU868,False
2026-05-28 07:58:33.579751+00:00,stratolink-3-eu,EU,STALE,40.3360686,-6.9306294,9966.0,7,868300000.0,ctaex-lora-one,,,,-113.0,-7.5,False,,,,,False,EU868,False
2026-05-28 07:58:33.579751+00:00,stratolink-3-eu,EU,STALE,40.3360686,-6.9306294,9966.0,7,868300000.0,mtcdtip02-l4e1-16,,,,-113.0,-7.8,False,,,,,False,EU868,False
2026-05-28 07:58:33.579751+00:00,stratolink-3-eu,EU,STALE,40.3360686,-6.9306294,9966.0,7,868300000.0,dlps8-105,,,,-113.0,-7.2,False,,,,,False,EU868,False
2026-05-28 07:58:33.579751+00:00,stratolink-3-eu,EU,STALE,40.3360686,-6.9306294,9966.0,7,868300000.0,cdtic-multitech-5,40.0702558044694,-6.65818959474564,300.0,-111.0,2.0,False,37.536027640288886,38.78983477911805,14.260677834535912,14.598246974836734,False,EU868,False
2026-05-28 08:03:41.691948+00:00,stratolink-3-eu,EU,STALE,40.3360686,-6.9306294,9966.0,7,868500000.0,ext-sg50-029,,,,-115.0,-0.2,False,,,,,False,EU868,False
2026-05-28 08:03:41.691948+00:00,stratolink-3-eu,EU,STALE,40.3360686,-6.9306294,9966.0,7,868500000.0,cdtic-multitech-4,39.4920534590841,-6.57908320426941,391.0,-115.0,-4.8,False,98.5230068429558,99.06588950540765,5.1032736022342355,5.9893110657265405,False,EU868,False
2026-05-28 08:03:41.691948+00:00,stratolink-3-eu,EU,STALE,40.3360686,-6.9306294,9966.0,7,868500000.0,ext-sg50-028,,,,-116.0,-3.0,False,,,,,False,EU868,False
2026-05-28 08:03:41.691948+00:00,stratolink-3-eu,EU,STALE,40.3360686,-6.9306294,9966.0,7,868500000.0,ext-sg50-022,,,,-116.0,-0.5,False,,,,,False,EU868,False
2026-05-28 08:03:41.691948+00:00,stratolink-3-eu,EU,STALE,40.3360686,-6.9306294,9966.0,7,868500000.0,tef-mls-01,40.108033,-6.632828,297.0,-116.0,-2.0,False,35.80829520776795,37.11853739472358,14.938049821322322,15.260081112028958,False,EU868,False
2026-05-28 08:03:41.691948+00:00,stratolink-3-eu,EU,STALE,40.3360686,-6.9306294,9966.0,7,868500000.0,ext-sg50-015,,,,-117.0,-3.5,False,,,,,False,EU868,False
2026-05-28 08:03:41.691948+00:00,stratolink-3-eu,EU,STALE,40.3360686,-6.9306294,9966.0,7,868500000.0,ext-sg50-021,,,,-116.0,-2.0,False,,,,,False,EU868,False
2026-05-28 08:03:41.691948+00:00,stratolink-3-eu,EU,STALE,40.3360686,-6.9306294,9966.0,7,868500000.0,ext-sg50-016,,,,-116.0,-2.8,False,,,,,False,EU868,False
2026-05-28 08:03:41.691948+00:00,stratolink-3-eu,EU,STALE,40.3360686,-6.9306294,9966.0,7,868500000.0,eui-fcc23dfffe2de1ed,,,,-118.0,-4.0,False,,,,,False,EU868,False
2026-05-28 08:03:41.691948+00:00,stratolink-3-eu,EU,STALE,40.3360686,-6.9306294,9966.0,7,868500000.0,sg50-eui-c0ba1ffffe004945,,,,-118.0,-5.2,False,,,,,False,EU868,False
2026-05-28 08:03:41.691948+00:00,stratolink-3-eu,EU,STALE,40.3360686,-6.9306294,9966.0,7,868500000.0,ext-sg50-026,,,,-115.0,-1.5,False,,,,,False,EU868,False
2026-05-28 08:03:41.691948+00:00,stratolink-3-eu,EU,STALE,40.3360686,-6.9306294,9966.0,7,868500000.0,mitigasmart-cc,,,,-116.0,-2.2,False,,,,,False,EU868,False
2026-05-28 08:03:41.691948+00:00,stratolink-3-eu,EU,STALE,40.3360686,-6.9306294,9966.0,7,868500000.0,mjv-casas,,,,-115.0,-1.2,False,,,,,False,EU868,False
2026-05-28 08:03:41.691948+00:00,stratolink-3-eu,EU,STALE,40.3360686,-6.9306294,9966.0,7,868500000.0,d401c3ffff6d00a4,,,,-115.0,-2.25,False,,,,,False,EU868,False
2026-05-28 08:03:41.691948+00:00,stratolink-3-eu,EU,STALE,40.3360686,-6.9306294,9966.0,7,868500000.0,ext-sg50-024,,,,-114.0,2.8,False,,,,,False,EU868,False
2026-05-28 08:03:41.691948+00:00,stratolink-3-eu,EU,STALE,40.3360686,-6.9306294,9966.0,7,868500000.0,mtcdtip02-l4e1-3,,,,-104.0,2.5,False,,,,,False,EU868,False
2026-05-28 08:03:41.691948+00:00,stratolink-3-eu,EU,STALE,40.3360686,-6.9306294,9966.0,7,868500000.0,mtcdtip02-l4e1-7,,,,-108.0,2.8,False,,,,,False,EU868,False
2026-05-28 08:03:41.691948+00:00,stratolink-3-eu,EU,STALE,40.3360686,-6.9306294,9966.0,7,868500000.0,cdtic-multitech-5,40.0702558044694,-6.65818959474564,300.0,-108.0,4.0,False,37.536027640288886,38.78983477911805,14.260677834535912,14.598246974836734,False,EU868,False
2026-05-28 08:03:41.691948+00:00,stratolink-3-eu,EU,STALE,40.3360686,-6.9306294,9966.0,7,868500000.0,mtcdtip02-l4e1-9,,,,-110.0,-2.8,False,,,,,False,EU868,False
2026-05-28 08:03:41.691948+00:00,stratolink-3-eu,EU,STALE,40.3360686,-6.9306294,9966.0,7,868500000.0,mtcdtip02-l4e1-4,,,,-110.0,-8.0,False,,,,,False,EU868,False
2026-05-28 08:03:41.691948+00:00,stratolink-3-eu,EU,STALE,40.3360686,-6.9306294,9966.0,7,868500000.0,jfmateos-rak7250-rioseco,39.9775352459947,-6.04510360141884,,-110.0,-1.5,False,85.16300951890007,85.80965241886045,6.286334097387444,7.052222384351239,False,EU868,False
2026-05-28 08:03:41.691948+00:00,stratolink-3-eu,EU,STALE,40.3360686,-6.9306294,9966.0,7,868500000.0,mtcdtip02-l4e1-15,,,,-111.0,-0.8,False,,,,,False,EU868,False
2026-05-28 08:03:41.691948+00:00,stratolink-3-eu,EU,STALE,40.3360686,-6.9306294,9966.0,7,868500000.0,ext-sg50-018,,,,-111.0,1.2,False,,,,,False,EU868,False
2026-05-28 08:03:41.691948+00:00,stratolink-3-eu,EU,STALE,40.3360686,-6.9306294,9966.0,7,868500000.0,mtcdtip02-l4e1-16,,,,-112.0,-4.2,False,,,,,False,EU868,False
2026-05-28 08:03:41.691948+00:00,stratolink-3-eu,EU,STALE,40.3360686,-6.9306294,9966.0,7,868500000.0,ext-sg50-023,,,,-112.0,4.0,False,,,,,False,EU868,False
2026-05-28 08:03:41.691948+00:00,stratolink-3-eu,EU,STALE,40.3360686,-6.9306294,9966.0,7,868500000.0,cte-escolas-2,38.64311,-7.54788,313.0,-113.0,-6.5,False,195.55714870790874,195.94508186144395,1.9440755261393707,3.7027607871884696,False,EU868,False
2026-05-28 08:03:41.691948+00:00,stratolink-3-eu,EU,STALE,40.3360686,-6.9306294,9966.0,7,868500000.0,cicytex-icmc-002,,,,-111.0,-5.5,False,,,,,False,EU868,False
2026-05-28 08:08:49.819537+00:00,stratolink-3-eu,EU,STALE,40.3360686,-6.9306294,9966.0,7,868100000.0,eui-fcc23dfffe2de1ed,,,,-117.0,-3.5,False,,,,,False,EU868,False
2026-05-28 08:08:49.819537+00:00,stratolink-3-eu,EU,STALE,40.3360686,-6.9306294,9966.0,7,868100000.0,mtcdtip02-l4e1-16,,,,-115.0,-3.5,False,,,,,False,EU868,False
2026-05-28 08:08:49.819537+00:00,stratolink-3-eu,EU,STALE,40.3360686,-6.9306294,9966.0,7,868100000.0,ext-sg50-024,,,,-115.0,2.8,False,,,,,False,EU868,False
2026-05-28 08:08:49.819537+00:00,stratolink-3-eu,EU,STALE,40.3360686,-6.9306294,9966.0,7,868100000.0,ext-sg50-028,,,,-115.0,1.2,False,,,,,False,EU868,False
2026-05-28 08:08:49.819537+00:00,stratolink-3-eu,EU,STALE,40.3360686,-6.9306294,9966.0,7,868100000.0,ext-sg50-021,,,,-116.0,,False,,,,,False,EU868,False
2026-05-28 08:08:49.819537+00:00,stratolink-3-eu,EU,STALE,40.3360686,-6.9306294,9966.0,7,868100000.0,ext-sg50-016,,,,-117.0,-5.5,False,,,,,False,EU868,False
2026-05-28 08:08:49.819537+00:00,stratolink-3-eu,EU,STALE,40.3360686,-6.9306294,9966.0,7,868100000.0,ext-sg50-017,,,,-114.0,3.8,False,,,,,False,EU868,False
2026-05-28 08:08:49.819537+00:00,stratolink-3-eu,EU,STALE,40.3360686,-6.9306294,9966.0,7,868100000.0,tef-mls-01,40.108033,-6.632828,297.0,-118.0,-2.8,False,35.80829520776795,37.11853739472358,14.938049821322322,15.260081112028958,False,EU868,False
2026-05-28 08:08:49.819537+00:00,stratolink-3-eu,EU,STALE,40.3360686,-6.9306294,9966.0,7,868100000.0,ext-sg50-022,,,,-119.0,-2.5,False,,,,,False,EU868,False
2026-05-28 08:08:49.819537+00:00,stratolink-3-eu,EU,STALE,40.3360686,-6.9306294,9966.0,7,868100000.0,sg50-eui-c0ba1ffffe004945,,,,-119.0,-7.8,False,,,,,False,EU868,False
2026-05-28 08:08:49.819537+00:00,stratolink-3-eu,EU,STALE,40.3360686,-6.9306294,9966.0,7,868100000.0,v3-eui-b827ebfffebf1f02,40.13814,-7.50059,600.0,-120.0,-3.5,False,53.151064223926134,54.01320920451902,9.746592458267129,10.224590802369844,False,EU868,False
2026-05-28 08:08:49.819537+00:00,stratolink-3-eu,EU,STALE,40.3360686,-6.9306294,9966.0,7,868100000.0,mtcdtip02-l4e1-11,,,,-115.0,-6.8,False,,,,,False,EU868,False
2026-05-28 08:08:49.819537+00:00,stratolink-3-eu,EU,STALE,40.3360686,-6.9306294,9966.0,7,868100000.0,mitigasmart-cc,,,,-118.0,-6.0,False,,,,,False,EU868,False
2026-05-28 08:08:49.819537+00:00,stratolink-3-eu,EU,STALE,40.3360686,-6.9306294,9966.0,7,868100000.0,gw-valeserrano,,,,-120.0,-8.5,False,,,,,False,EU868,False
2026-05-28 08:08:49.819537+00:00,stratolink-3-eu,EU,STALE,40.3360686,-6.9306294,9966.0,7,868100000.0,cdtic-multitech-4,39.4920534590841,-6.57908320426941,391.0,-113.0,0.2,False,98.5230068429558,99.06588950540765,5.1032736022342355,5.9893110657265405,False,EU868,False
2026-05-28 08:08:49.819537+00:00,stratolink-3-eu,EU,STALE,40.3360686,-6.9306294,9966.0,7,868100000.0,ext-sg50-015,,,,-114.0,2.8,False,,,,,False,EU868,False
2026-05-28 08:08:49.819537+00:00,stratolink-3-eu,EU,STALE,40.3360686,-6.9306294,9966.0,7,868100000.0,mtcdtip02-l4e1-15,,,,-108.0,0.2,False,,,,,False,EU868,False
2026-05-28 08:08:49.819537+00:00,stratolink-3-eu,EU,STALE,40.3360686,-6.9306294,9966.0,7,868100000.0,mtcdtip02-l4e1-9,,,,-110.0,-1.5,False,,,,,False,EU868,False
2026-05-28 08:08:49.819537+00:00,stratolink-3-eu,EU,STALE,40.3360686,-6.9306294,9966.0,7,868100000.0,terraprima-lora-1-black-lte,,,,-110.0,-8.25,False,,,,,False,EU868,False
2026-05-28 08:08:49.819537+00:00,stratolink-3-eu,EU,STALE,40.3360686,-6.9306294,9966.0,7,868100000.0,mtcdtip02-l4e1-3,,,,-110.0,-3.8,False,,,,,False,EU868,False
2026-05-28 08:08:49.819537+00:00,stratolink-3-eu,EU,STALE,40.3360686,-6.9306294,9966.0,7,868100000.0,ext-sg50-029,,,,-114.0,-3.5,False,,,,,False,EU868,False
2026-05-28 08:08:49.819537+00:00,stratolink-3-eu,EU,STALE,40.3360686,-6.9306294,9966.0,7,868100000.0,cdtic-multitech-5,40.0702558044694,-6.65818959474564,300.0,-111.0,5.2,False,37.536027640288886,38.78983477911805,14.260677834535912,14.598246974836734,False,EU868,False
2026-05-28 08:08:49.819537+00:00,stratolink-3-eu,EU,STALE,40.3360686,-6.9306294,9966.0,7,868100000.0,cicytex-icmc-002,,,,-111.0,-6.0,False,,,,,False,EU868,False
2026-05-28 08:08:49.819537+00:00,stratolink-3-eu,EU,STALE,40.3360686,-6.9306294,9966.0,7,868100000.0,ext-dlos8-007,,,,-112.0,-7.0,False,,,,,False,EU868,False
2026-05-28 08:08:49.819537+00:00,stratolink-3-eu,EU,STALE,40.3360686,-6.9306294,9966.0,7,868100000.0,ext-sg50-018,,,,-112.0,2.0,False,,,,,False,EU868,False
2026-05-28 08:08:49.819537+00:00,stratolink-3-eu,EU,STALE,40.3360686,-6.9306294,9966.0,7,868100000.0,mtcdtip02-l4e1-5,,,,-113.0,-2.2,False,,,,,False,EU868,False
2026-05-28 08:08:49.819537+00:00,stratolink-3-eu,EU,STALE,40.3360686,-6.9306294,9966.0,7,868100000.0,ext-sg50-026,,,,-114.0,-0.5,False,,,,,False,EU868,False
2026-05-28 08:08:49.819537+00:00,stratolink-3-eu,EU,STALE,40.3360686,-6.9306294,9966.0,7,868100000.0,mtcdtip02-l4e1-7,,,,-111.0,2.5,False,,,,,False,EU868,False
2026-05-28 08:13:51.314686+00:00,stratolink-3-eu,EU,FRESH,40.3360686,-6.6141145,10020.0,7,868300000.0,ext-sg50-021,,,,-116.0,-0.5,False,,,,,True,EU868,False
2026-05-28 08:13:51.314686+00:00,stratolink-3-eu,EU,FRESH,40.3360686,-6.6141145,10020.0,7,868300000.0,ext-sg50-028,,,,-115.0,0.5,False,,,,,True,EU868,False
2026-05-28 08:13:51.314686+00:00,stratolink-3-eu,EU,FRESH,40.3360686,-6.6141145,10020.0,7,868300000.0,ext-sg50-015,,,,-115.0,1.5,False,,,,,True,EU868,False
2026-05-28 08:13:51.314686+00:00,stratolink-3-eu,EU,FRESH,40.3360686,-6.6141145,10020.0,7,868300000.0,ext-sg50-016,,,,-116.0,-3.5,False,,,,,True,EU868,False
2026-05-28 08:13:51.314686+00:00,stratolink-3-eu,EU,FRESH,40.3360686,-6.6141145,10020.0,7,868300000.0,ext-sg50-022,,,,-117.0,0.5,False,,,,,True,EU868,False
2026-05-28 08:13:51.314686+00:00,stratolink-3-eu,EU,FRESH,40.3360686,-6.6141145,10020.0,7,868300000.0,ext-sg50-024,,,,-115.0,2.5,False,,,,,True,EU868,False
2026-05-28 08:13:51.314686+00:00,stratolink-3-eu,EU,FRESH,40.3360686,-6.6141145,10020.0,7,868300000.0,tef-mls-01,40.108033,-6.632828,297.0,-117.0,-4.2,False,25.406165605369193,27.222314895403343,20.812225495844825,21.040708316776474,True,EU868,False
2026-05-28 08:13:51.314686+00:00,stratolink-3-eu,EU,FRESH,40.3360686,-6.6141145,10020.0,7,868300000.0,sg50-eui-c0ba1ffffe004945,,,,-118.0,-5.5,False,,,,,True,EU868,False
2026-05-28 08:13:51.314686+00:00,stratolink-3-eu,EU,FRESH,40.3360686,-6.6141145,10020.0,7,868300000.0,ext-sg50-011,,,,-119.0,-8.2,False,,,,,True,EU868,False
2026-05-28 08:13:51.314686+00:00,stratolink-3-eu,EU,FRESH,40.3360686,-6.6141145,10020.0,7,868300000.0,gw-valeserrano,,,,-121.0,-7.2,False,,,,,True,EU868,False
2026-05-28 08:13:51.314686+00:00,stratolink-3-eu,EU,FRESH,40.3360686,-6.6141145,10020.0,7,868300000.0,ext-sg50-026,,,,-115.0,-1.8,False,,,,,True,EU868,False
2026-05-28 08:13:51.314686+00:00,stratolink-3-eu,EU,FRESH,40.3360686,-6.6141145,10020.0,7,868300000.0,mitigasmart-cc,,,,-117.0,-5.0,False,,,,,True,EU868,False
2026-05-28 08:13:51.314686+00:00,stratolink-3-eu,EU,FRESH,40.3360686,-6.6141145,10020.0,7,868300000.0,d401c3ffff6d00a4,,,,-114.0,-3.0,False,,,,,True,EU868,False
2026-05-28 08:13:51.314686+00:00,stratolink-3-eu,EU,FRESH,40.3360686,-6.6141145,10020.0,7,868300000.0,cdtic-multitech-4,39.4920534590841,-6.57908320426941,391.0,-113.0,-1.0,False,93.89787390544164,94.46574562054579,5.42800353044327,6.272446231579793,True,EU868,False
2026-05-28 08:13:51.314686+00:00,stratolink-3-eu,EU,FRESH,40.3360686,-6.6141145,10020.0,7,868300000.0,mjv-casas,,,,-110.0,0.8,False,,,,,True,EU868,False
2026-05-28 08:13:51.314686+00:00,stratolink-3-eu,EU,FRESH,40.3360686,-6.6141145,10020.0,7,868300000.0,ext-sg50-029,,,,-112.0,4.2,False,,,,,True,EU868,False
2026-05-28 08:13:51.314686+00:00,stratolink-3-eu,EU,FRESH,40.3360686,-6.6141145,10020.0,7,868300000.0,ext-sg50-018,,,,-111.0,-3.8,False,,,,,True,EU868,False
2026-05-28 08:13:51.314686+00:00,stratolink-3-eu,EU,FRESH,40.3360686,-6.6141145,10020.0,7,868300000.0,ext-dlos8-007,,,,-111.0,-5.8,False,,,,,True,EU868,False
2026-05-28 08:13:51.314686+00:00,stratolink-3-eu,EU,FRESH,40.3360686,-6.6141145,10020.0,7,868300000.0,cicytex-icmc-002,,,,-111.0,-6.3,False,,,,,True,EU868,False
2026-05-28 08:13:51.314686+00:00,stratolink-3-eu,EU,FRESH,40.3360686,-6.6141145,10020.0,7,868300000.0,mtcdtip02-l4e1-5,,,,-110.0,-1.5,False,,,,,True,EU868,False
2026-05-28 08:13:51.314686+00:00,stratolink-3-eu,EU,FRESH,40.3360686,-6.6141145,10020.0,7,868300000.0,mtcdtip02-l4e1-12,,,,-110.0,-7.5,False,,,,,True,EU868,False
2026-05-28 08:13:51.314686+00:00,stratolink-3-eu,EU,FRESH,40.3360686,-6.6141145,10020.0,7,868300000.0,mtcdtip02-l4e1-15,,,,-110.0,3.0,False,,,,,True,EU868,False
2026-05-28 08:13:51.314686+00:00,stratolink-3-eu,EU,FRESH,40.3360686,-6.6141145,10020.0,7,868300000.0,mtcdtip02-l4e1-7,,,,-110.0,2.0,False,,,,,True,EU868,False
2026-05-28 08:13:51.314686+00:00,stratolink-3-eu,EU,FRESH,40.3360686,-6.6141145,10020.0,7,868300000.0,cicytex-ic003,,,,-108.0,-4.0,False,,,,,True,EU868,False
2026-05-28 08:13:51.314686+00:00,stratolink-3-eu,EU,FRESH,40.3360686,-6.6141145,10020.0,7,868300000.0,mtcdtip02-l4e1-9,,,,-107.0,0.2,False,,,,,True,EU868,False
2026-05-28 08:13:51.314686+00:00,stratolink-3-eu,EU,FRESH,40.3360686,-6.6141145,10020.0,7,868300000.0,mtcdtip02-l4e1-3,,,,-105.0,-1.5,False,,,,,True,EU868,False
2026-05-28 08:13:51.314686+00:00,stratolink-3-eu,EU,FRESH,40.3360686,-6.6141145,10020.0,7,868300000.0,ext-sg50-017,,,,-114.0,0.5,False,,,,,True,EU868,False
2026-05-28 08:17:03.123266+00:00,stratolink-3-eu,EU,FRESH,40.5546212,-6.6065457,10016.0,7,868100000.0,ctaex-lora-one,,,,-116.0,-8.5,False,,,,,True,EU868,False
2026-05-28 08:17:03.123266+00:00,stratolink-3-eu,EU,FRESH,40.5546212,-6.6065457,10016.0,7,868100000.0,ext-sg50-027,,,,-115.0,-4.8,False,,,,,True,EU868,False
2026-05-28 08:17:03.123266+00:00,stratolink-3-eu,EU,FRESH,40.5546212,-6.6065457,10016.0,7,868100000.0,mjv-casas,,,,-114.0,-1.0,False,,,,,True,EU868,False
2026-05-28 08:17:03.123266+00:00,stratolink-3-eu,EU,FRESH,40.5546212,-6.6065457,10016.0,7,868100000.0,mtcdtip02-l4e1-16,,,,-115.0,-4.5,False,,,,,True,EU868,False
2026-05-28 08:17:03.123266+00:00,stratolink-3-eu,EU,FRESH,40.5546212,-6.6065457,10016.0,7,868100000.0,ext-sg50-024,,,,-116.0,0.8,False,,,,,True,EU868,False
2026-05-28 08:17:03.123266+00:00,stratolink-3-eu,EU,FRESH,40.5546212,-6.6065457,10016.0,7,868100000.0,ext-sg50-026,,,,-115.0,-1.5,False,,,,,True,EU868,False
2026-05-28 08:17:03.123266+00:00,stratolink-3-eu,EU,FRESH,40.5546212,-6.6065457,10016.0,7,868100000.0,ext-sg50-015,,,,-116.0,0.5,False,,,,,True,EU868,False
2026-05-28 08:17:03.123266+00:00,stratolink-3-eu,EU,FRESH,40.5546212,-6.6065457,10016.0,7,868100000.0,sg50-eui-c0ba1ffffe004945,,,,-119.0,-7.2,False,,,,,True,EU868,False
2026-05-28 08:17:03.123266+00:00,stratolink-3-eu,EU,FRESH,40.5546212,-6.6065457,10016.0,7,868100000.0,tef-mls-01,40.108033,-6.632828,297.0,-116.0,0.8,False,49.70835874177939,50.688926716385666,10.830632987400474,11.277670380037994,True,EU868,False
2026-05-28 08:17:03.123266+00:00,stratolink-3-eu,EU,FRESH,40.5546212,-6.6065457,10016.0,7,868100000.0,eui-fcc23dfffe2de1ed,,,,-117.0,-4.75,False,,,,,True,EU868,False
2026-05-28 08:17:03.123266+00:00,stratolink-3-eu,EU,FRESH,40.5546212,-6.6065457,10016.0,7,868100000.0,v3-eui-b827ebfffebf1f02,40.13814,-7.50059,600.0,-117.0,-0.8,False,88.79884842829576,89.36950818733705,5.648486065169321,6.447072191838199,True,EU868,False
2026-05-28 08:17:03.123266+00:00,stratolink-3-eu,EU,FRESH,40.5546212,-6.6065457,10016.0,7,868100000.0,ext-sg50-016,,,,-117.0,-6.5,False,,,,,True,EU868,False
2026-05-28 08:17:03.123266+00:00,stratolink-3-eu,EU,FRESH,40.5546212,-6.6065457,10016.0,7,868100000.0,mitigasmart-cc,,,,-118.0,-5.5,False,,,,,True,EU868,False
2026-05-28 08:17:03.123266+00:00,stratolink-3-eu,EU,FRESH,40.5546212,-6.6065457,10016.0,7,868100000.0,cdtic-multitech-4,39.4920534590841,-6.57908320426941,391.0,-115.0,-2.8,False,118.17544228709082,118.66123423909391,4.120970589643302,5.1837464070524035,True,EU868,False
2026-05-28 08:17:03.123266+00:00,stratolink-3-eu,EU,FRESH,40.5546212,-6.6065457,10016.0,7,868100000.0,ext-sg50-011,,,,-120.0,-8.0,False,,,,,True,EU868,False
2026-05-28 08:17:03.123266+00:00,stratolink-3-eu,EU,FRESH,40.5546212,-6.6065457,10016.0,7,868100000.0,ext-sg50-028,,,,-116.0,-0.2,False,,,,,True,EU868,False
2026-05-28 08:17:03.123266+00:00,stratolink-3-eu,EU,FRESH,40.5546212,-6.6065457,10016.0,7,868100000.0,ext-sg50-018,,,,-115.0,-9.2,False,,,,,True,EU868,False
2026-05-28 08:17:03.123266+00:00,stratolink-3-eu,EU,FRESH,40.5546212,-6.6065457,10016.0,7,868100000.0,ext-dlos8-007,,,,-113.0,-5.5,False,,,,,True,EU868,False
2026-05-28 08:17:03.123266+00:00,stratolink-3-eu,EU,FRESH,40.5546212,-6.6065457,10016.0,7,868100000.0,d401c3ffff6d00a4,,,,-115.0,-1.25,False,,,,,True,EU868,False
2026-05-28 08:17:03.123266+00:00,stratolink-3-eu,EU,FRESH,40.5546212,-6.6065457,10016.0,7,868100000.0,mtcdtip02-l4e1-3,,,,-102.0,3.5,False,,,,,True,EU868,False
2026-05-28 08:17:03.123266+00:00,stratolink-3-eu,EU,FRESH,40.5546212,-6.6065457,10016.0,7,868100000.0,ext-sg50-020,,,,-104.0,-7.2,False,,,,,True,EU868,False
2026-05-28 08:17:03.123266+00:00,stratolink-3-eu,EU,FRESH,40.5546212,-6.6065457,10016.0,7,868100000.0,mtcdtip02-l4e1-5,,,,-109.0,-5.8,False,,,,,True,EU868,False
2026-05-28 08:17:03.123266+00:00,stratolink-3-eu,EU,FRESH,40.5546212,-6.6065457,10016.0,7,868100000.0,mtcdtip02-l4e1-9,,,,-109.0,-1.0,False,,,,,True,EU868,False
2026-05-28 08:17:03.123266+00:00,stratolink-3-eu,EU,FRESH,40.5546212,-6.6065457,10016.0,7,868100000.0,cicytex-icmc-002,,,,-110.0,-5.8,False,,,,,True,EU868,False
2026-05-28 08:17:03.123266+00:00,stratolink-3-eu,EU,FRESH,40.5546212,-6.6065457,10016.0,7,868100000.0,cicytex-ic003,,,,-110.0,-4.8,False,,,,,True,EU868,False
2026-05-28 08:17:03.123266+00:00,stratolink-3-eu,EU,FRESH,40.5546212,-6.6065457,10016.0,7,868100000.0,cdtic-multitech-5,40.0702558044694,-6.65818959474564,300.0,-115.0,2.5,False,54.036757372870724,54.94617850484821,9.941955438867222,10.427919001817136,True,EU868,False
2026-05-28 08:17:03.123266+00:00,stratolink-3-eu,EU,FRESH,40.5546212,-6.6065457,10016.0,7,868100000.0,mtcdtip02-l4e1-15,,,,-111.0,1.5,False,,,,,True,EU868,False
2026-05-28 08:17:03.123266+00:00,stratolink-3-eu,EU,FRESH,40.5546212,-6.6065457,10016.0,7,868100000.0,ext-sg50-029,,,,-111.0,1.0,False,,,,,True,EU868,False
2026-05-28 08:17:03.123266+00:00,stratolink-3-eu,EU,FRESH,40.5546212,-6.6065457,10016.0,7,868100000.0,jfmateos-rak7250-rioseco,39.9775352459947,-6.04510360141884,,-112.0,-3.75,False,79.91801575433334,80.60500346493858,6.778539063605505,7.497258053568435,True,EU868,False
2026-05-28 08:17:03.123266+00:00,stratolink-3-eu,EU,FRESH,40.5546212,-6.6065457,10016.0,7,868100000.0,ext-sg50-021,,,,-113.0,4.5,False,,,,,True,EU868,False
2026-05-28 08:17:03.123266+00:00,stratolink-3-eu,EU,FRESH,40.5546212,-6.6065457,10016.0,7,868100000.0,cte-escolas-2,38.64311,-7.54788,313.0,-114.0,-8.0,False,227.3338176403089,227.71278394321587,1.4195338294418625,3.463993145113692,True,EU868,False
2026-05-28 08:17:03.123266+00:00,stratolink-3-eu,EU,FRESH,40.5546212,-6.6065457,10016.0,7,868100000.0,ext-sg50-017,,,,-114.0,3.5,False,,,,,True,EU868,False
2026-05-28 08:17:03.123266+00:00,stratolink-3-eu,EU,FRESH,40.5546212,-6.6065457,10016.0,7,868100000.0,mtcdtip02-l4e1-7,,,,-111.0,,False,,,,,True,EU868,False
2026-05-28 08:22:11.072300+00:00,stratolink-3-eu,EU,STALE,40.5546212,-6.6065457,10016.0,7,868300000.0,ext-sg50-027,,,,-114.0,-3.2,False,,,,,False,EU868,False
2026-05-28 08:22:11.072300+00:00,stratolink-3-eu,EU,STALE,40.5546212,-6.6065457,10016.0,7,868300000.0,ext-sg50-024,,,,-114.0,2.5,False,,,,,False,EU868,False
2026-05-28 08:22:11.072300+00:00,stratolink-3-eu,EU,STALE,40.5546212,-6.6065457,10016.0,7,868300000.0,cte-escolas-2,38.64311,-7.54788,313.0,-115.0,-8.0,False,227.3338176403089,227.71278394321587,1.4195338294418625,3.463993145113692,False,EU868,False
2026-05-28 08:22:11.072300+00:00,stratolink-3-eu,EU,STALE,40.5546212,-6.6065457,10016.0,7,868300000.0,mtcdtip02-l4e1-12,,,,-113.0,-7.2,False,,,,,False,EU868,False
2026-05-28 08:22:11.072300+00:00,stratolink-3-eu,EU,STALE,40.5546212,-6.6065457,10016.0,7,868300000.0,cicytex-unex-2,,,,-114.0,-9.0,False,,,,,False,EU868,False
2026-05-28 08:22:11.072300+00:00,stratolink-3-eu,EU,STALE,40.5546212,-6.6065457,10016.0,7,868300000.0,d401c3ffff6d00a4,,,,-115.0,-2.0,False,,,,,False,EU868,False
2026-05-28 08:22:11.072300+00:00,stratolink-3-eu,EU,STALE,40.5546212,-6.6065457,10016.0,7,868300000.0,ext-sg50-017,,,,-113.0,2.5,False,,,,,False,EU868,False
2026-05-28 08:22:11.072300+00:00,stratolink-3-eu,EU,STALE,40.5546212,-6.6065457,10016.0,7,868300000.0,ext-sg50-028,,,,-117.0,-2.5,False,,,,,False,EU868,False
2026-05-28 08:22:11.072300+00:00,stratolink-3-eu,EU,STALE,40.5546212,-6.6065457,10016.0,7,868300000.0,ext-sg50-016,,,,-117.0,-6.5,False,,,,,False,EU868,False
2026-05-28 08:22:11.072300+00:00,stratolink-3-eu,EU,STALE,40.5546212,-6.6065457,10016.0,7,868300000.0,tef-mls-01,40.108033,-6.632828,297.0,-117.0,-2.0,False,49.70835874177939,50.688926716385666,10.830632987400474,11.277670380037994,False,EU868,False
2026-05-28 08:22:11.072300+00:00,stratolink-3-eu,EU,STALE,40.5546212,-6.6065457,10016.0,7,868300000.0,mitigasmart-cc,,,,-117.0,-4.5,False,,,,,False,EU868,False
2026-05-28 08:22:11.072300+00:00,stratolink-3-eu,EU,STALE,40.5546212,-6.6065457,10016.0,7,868300000.0,eui-fcc23dfffe2de1ed,,,,-118.0,-4.5,False,,,,,False,EU868,False
2026-05-28 08:22:11.072300+00:00,stratolink-3-eu,EU,STALE,40.5546212,-6.6065457,10016.0,7,868300000.0,sg50-eui-c0ba1ffffe004945,,,,-118.0,-7.2,False,,,,,False,EU868,False
2026-05-28 08:22:11.072300+00:00,stratolink-3-eu,EU,STALE,40.5546212,-6.6065457,10016.0,7,868300000.0,ext-sg50-026,,,,-115.0,-1.2,False,,,,,False,EU868,False
2026-05-28 08:22:11.072300+00:00,stratolink-3-eu,EU,STALE,40.5546212,-6.6065457,10016.0,7,868300000.0,ext-sg50-021,,,,-112.0,4.8,False,,,,,False,EU868,False
2026-05-28 08:22:11.072300+00:00,stratolink-3-eu,EU,STALE,40.5546212,-6.6065457,10016.0,7,868300000.0,adismonta-rak7289-alcuescar,,,,-112.0,-8.2,False,,,,,False,EU868,False
2026-05-28 08:22:11.072300+00:00,stratolink-3-eu,EU,STALE,40.5546212,-6.6065457,10016.0,7,868300000.0,ext-dlos8-007,,,,-112.0,-5.8,False,,,,,False,EU868,False
2026-05-28 08:22:11.072300+00:00,stratolink-3-eu,EU,STALE,40.5546212,-6.6065457,10016.0,7,868300000.0,ext-sg50-018,,,,-107.0,-8.2,False,,,,,False,EU868,False
2026-05-28 08:22:11.072300+00:00,stratolink-3-eu,EU,STALE,40.5546212,-6.6065457,10016.0,7,868300000.0,mtcdtip02-l4e1-9,,,,-108.0,-1.2,False,,,,,False,EU868,False
2026-05-28 08:22:11.072300+00:00,stratolink-3-eu,EU,STALE,40.5546212,-6.6065457,10016.0,7,868300000.0,cdtic-multitech-5,40.0702558044694,-6.65818959474564,300.0,-110.0,2.0,False,54.036757372870724,54.94617850484821,9.941955438867222,10.427919001817136,False,EU868,False
2026-05-28 08:22:11.072300+00:00,stratolink-3-eu,EU,STALE,40.5546212,-6.6065457,10016.0,7,868300000.0,mtcdtip02-l4e1-15,,,,-110.0,3.5,False,,,,,False,EU868,False
2026-05-28 08:22:11.072300+00:00,stratolink-3-eu,EU,STALE,40.5546212,-6.6065457,10016.0,7,868300000.0,mtcdtip02-l4e1-7,,,,-110.0,1.5,False,,,,,False,EU868,False
2026-05-28 08:22:11.072300+00:00,stratolink-3-eu,EU,STALE,40.5546212,-6.6065457,10016.0,7,868300000.0,mtcdtip02-l4e1-3,,,,-107.0,2.5,False,,,,,False,EU868,False
2026-05-28 08:22:11.072300+00:00,stratolink-3-eu,EU,STALE,40.5546212,-6.6065457,10016.0,7,868300000.0,mtcdtip02-l4e1-16,,,,-111.0,-6.0,False,,,,,False,EU868,False
2026-05-28 08:22:11.072300+00:00,stratolink-3-eu,EU,STALE,40.5546212,-6.6065457,10016.0,7,868300000.0,mtcdtip02-l4e1-5,,,,-111.0,0.8,False,,,,,False,EU868,False
2026-05-28 08:22:11.072300+00:00,stratolink-3-eu,EU,STALE,40.5546212,-6.6065457,10016.0,7,868300000.0,ext-sg50-029,,,,-111.0,5.2,False,,,,,False,EU868,False
2026-05-28 08:22:11.072300+00:00,stratolink-3-eu,EU,STALE,40.5546212,-6.6065457,10016.0,7,868300000.0,ext-sg50-015,,,,-112.0,4.8,False,,,,,False,EU868,False
2026-05-28 08:22:11.072300+00:00,stratolink-3-eu,EU,STALE,40.5546212,-6.6065457,10016.0,7,868300000.0,jfmateos-rak7250-rioseco,39.9775352459947,-6.04510360141884,,-112.0,-3.0,False,79.91801575433334,80.60500346493858,6.778539063605505,7.497258053568435,False,EU868,False
2026-05-28 08:22:11.072300+00:00,stratolink-3-eu,EU,STALE,40.5546212,-6.6065457,10016.0,7,868300000.0,mjv-casas,,,,-111.0,-4.0,False,,,,,False,EU868,False
2026-05-28 08:27:19.141900+00:00,stratolink-3-eu,EU,STALE,40.5546212,-6.6065457,10016.0,7,868500000.0,packetbroker,40.962758045083945,-5.675633842073217,,-115.0,-6.75,True,90.59351069043029,91.21550646453736,5.896603260229272,6.711329150082003,False,EU868,False
2026-05-28 08:27:19.141900+00:00,stratolink-3-eu,EU,STALE,40.5546212,-6.6065457,10016.0,7,868500000.0,eui-fcc23dfffe2de1ed,,,,-118.0,-6.0,False,,,,,False,EU868,False
2026-05-28 08:27:19.141900+00:00,stratolink-3-eu,EU,STALE,40.5546212,-6.6065457,10016.0,7,868500000.0,ext-sg50-015,,,,-117.0,-5.8,False,,,,,False,EU868,False
2026-05-28 08:27:19.141900+00:00,stratolink-3-eu,EU,STALE,40.5546212,-6.6065457,10016.0,7,868500000.0,ext-sg50-028,,,,-117.0,-7.2,False,,,,,False,EU868,False
2026-05-28 08:27:19.141900+00:00,stratolink-3-eu,EU,STALE,40.5546212,-6.6065457,10016.0,7,868500000.0,ext-sg50-026,,,,-116.0,-8.2,False,,,,,False,EU868,False
2026-05-28 08:27:19.141900+00:00,stratolink-3-eu,EU,STALE,40.5546212,-6.6065457,10016.0,7,868500000.0,ext-sg50-016,,,,-116.0,-4.2,False,,,,,False,EU868,False
2026-05-28 08:27:19.141900+00:00,stratolink-3-eu,EU,STALE,40.5546212,-6.6065457,10016.0,7,868500000.0,ext-sg50-024,,,,-116.0,0.2,False,,,,,False,EU868,False
2026-05-28 08:27:19.141900+00:00,stratolink-3-eu,EU,STALE,40.5546212,-6.6065457,10016.0,7,868500000.0,ext-sg50-021,,,,-116.0,-2.2,False,,,,,False,EU868,False
2026-05-28 08:27:19.141900+00:00,stratolink-3-eu,EU,STALE,40.5546212,-6.6065457,10016.0,7,868500000.0,cdtic-multitech-5,40.0702558044694,-6.65818959474564,300.0,-116.0,-4.2,False,54.036757372870724,54.94617850484821,9.941955438867222,10.427919001817136,False,EU868,False
2026-05-28 08:27:19.141900+00:00,stratolink-3-eu,EU,STALE,40.5546212,-6.6065457,10016.0,7,868500000.0,ext-sg50-023,,,,-114.0,3.2,False,,,,,False,EU868,False
2026-05-28 08:27:19.141900+00:00,stratolink-3-eu,EU,STALE,40.5546212,-6.6065457,10016.0,7,868500000.0,mtcdtip02-l4e1-5,,,,-113.0,-4.2,False,,,,,False,EU868,False
2026-05-28 08:27:19.141900+00:00,stratolink-3-eu,EU,STALE,40.5546212,-6.6065457,10016.0,7,868500000.0,ext-sg50-029,,,,-112.0,3.5,False,,,,,False,EU868,False
2026-05-28 08:27:19.141900+00:00,stratolink-3-eu,EU,STALE,40.5546212,-6.6065457,10016.0,7,868500000.0,d401c3ffff6d00a4,,,,-111.0,0.25,False,,,,,False,EU868,False
2026-05-28 08:27:19.141900+00:00,stratolink-3-eu,EU,STALE,40.5546212,-6.6065457,10016.0,7,868500000.0,mtcdtip02-l4e1-7,,,,-111.0,-3.0,False,,,,,False,EU868,False
2026-05-28 08:27:19.141900+00:00,stratolink-3-eu,EU,STALE,40.5546212,-6.6065457,10016.0,7,868500000.0,mjv-casas,,,,-111.0,-7.5,False,,,,,False,EU868,False
2026-05-28 08:27:19.141900+00:00,stratolink-3-eu,EU,STALE,40.5546212,-6.6065457,10016.0,7,868500000.0,mtcdtip02-l4e1-15,,,,-110.0,0.5,False,,,,,False,EU868,False
2026-05-28 08:27:19.141900+00:00,stratolink-3-eu,EU,STALE,40.5546212,-6.6065457,10016.0,7,868500000.0,jfmateos-rak7250-rioseco,39.9775352459947,-6.04510360141884,,-110.0,,False,79.91801575433334,80.60500346493858,6.778539063605505,7.497258053568435,False,EU868,False
2026-05-28 08:27:19.141900+00:00,stratolink-3-eu,EU,STALE,40.5546212,-6.6065457,10016.0,7,868500000.0,cicytex-ic003,,,,-110.0,-8.2,False,,,,,False,EU868,False
2026-05-28 08:27:19.141900+00:00,stratolink-3-eu,EU,STALE,40.5546212,-6.6065457,10016.0,7,868500000.0,mtcdtip02-l4e1-9,,,,-109.0,-1.5,False,,,,,False,EU868,False
2026-05-28 08:27:19.141900+00:00,stratolink-3-eu,EU,STALE,40.5546212,-6.6065457,10016.0,7,868500000.0,mtcdtip02-l4e1-3,,,,-102.0,-3.5,False,,,,,False,EU868,False
2026-05-28 08:27:19.141900+00:00,stratolink-3-eu,EU,STALE,40.5546212,-6.6065457,10016.0,7,868500000.0,ext-sg50-017,,,,-114.0,2.8,False,,,,,False,EU868,False
2026-05-28 08:32:27.340426+00:00,stratolink-3-eu,EU,STALE,40.5546212,-6.6065457,10016.0,7,868100000.0,cdtic-multitech-5,40.0702558044694,-6.65818959474564,300.0,-114.0,0.2,False,54.036757372870724,54.94617850484821,9.941955438867222,10.427919001817136,False,EU868,False
2026-05-28 08:32:27.340426+00:00,stratolink-3-eu,EU,STALE,40.5546212,-6.6065457,10016.0,7,868100000.0,ext-sg50-018,,,,-114.0,-2.5,False,,,,,False,EU868,False
2026-05-28 08:32:27.340426+00:00,stratolink-3-eu,EU,STALE,40.5546212,-6.6065457,10016.0,7,868100000.0,ext-sg50-016,,,,-116.0,-5.0,False,,,,,False,EU868,False
2026-05-28 08:32:27.340426+00:00,stratolink-3-eu,EU,STALE,40.5546212,-6.6065457,10016.0,7,868100000.0,ext-sg50-024,,,,-117.0,-0.2,False,,,,,False,EU868,False
2026-05-28 08:32:27.340426+00:00,stratolink-3-eu,EU,STALE,40.5546212,-6.6065457,10016.0,7,868100000.0,ext-sg50-028,,,,-118.0,-5.5,False,,,,,False,EU868,False
2026-05-28 08:32:27.340426+00:00,stratolink-3-eu,EU,STALE,40.5546212,-6.6065457,10016.0,7,868100000.0,italr0005,40.954279046747715,-4.142631590366364,,-119.0,-5.25,False,212.23666262946918,212.62964147981972,1.7452200048144442,3.653907531130604,False,EU868,False
2026-05-28 08:32:27.340426+00:00,stratolink-3-eu,EU,STALE,40.5546212,-6.6065457,10016.0,7,868100000.0,ext-sg50-021,,,,-118.0,-6.0,False,,,,,False,EU868,False
2026-05-28 08:32:27.340426+00:00,stratolink-3-eu,EU,STALE,40.5546212,-6.6065457,10016.0,7,868100000.0,tef-mls-01,40.108033,-6.632828,297.0,-118.0,-2.8,False,49.70835874177939,50.688926716385666,10.830632987400474,11.277670380037994,False,EU868,False
2026-05-28 08:32:27.340426+00:00,stratolink-3-eu,EU,STALE,40.5546212,-6.6065457,10016.0,7,868100000.0,sg50-eui-c0ba1ffffe004945,,,,-118.0,-4.2,False,,,,,False,EU868,False
2026-05-28 08:32:27.340426+00:00,stratolink-3-eu,EU,STALE,40.5546212,-6.6065457,10016.0,7,868100000.0,ext-sg50-017,,,,-118.0,-3.0,False,,,,,False,EU868,False
2026-05-28 08:32:27.340426+00:00,stratolink-3-eu,EU,STALE,40.5546212,-6.6065457,10016.0,7,868100000.0,packetbroker,40.962541751597406,-5.675446072867432,,-113.0,-6.25,True,90.59526529695596,91.2172517874801,5.896474257039438,6.711215926425461,False,EU868,False
2026-05-28 08:32:27.340426+00:00,stratolink-3-eu,EU,STALE,40.5546212,-6.6065457,10016.0,7,868100000.0,cicytex-icmc-002,,,,-110.0,-5.8,False,,,,,False,EU868,False
2026-05-28 08:32:27.340426+00:00,stratolink-3-eu,EU,STALE,40.5546212,-6.6065457,10016.0,7,868100000.0,ext-sg50-029,,,,-111.0,6.5,False,,,,,False,EU868,False
2026-05-28 08:32:27.340426+00:00,stratolink-3-eu,EU,STALE,40.5546212,-6.6065457,10016.0,7,868100000.0,ext-sg50-015,,,,-112.0,5.0,False,,,,,False,EU868,False
2026-05-28 08:32:27.340426+00:00,stratolink-3-eu,EU,STALE,40.5546212,-6.6065457,10016.0,7,868100000.0,mtcdtip02-l4e1-3,,,,-105.0,4.0,False,,,,,False,EU868,False
2026-05-28 08:32:27.340426+00:00,stratolink-3-eu,EU,STALE,40.5546212,-6.6065457,10016.0,7,868100000.0,jfmateos-rak7250-rioseco,39.9775352459947,-6.04510360141884,,-110.0,3.75,False,79.91801575433334,80.60500346493858,6.778539063605505,7.497258053568435,False,EU868,False
2026-05-28 08:32:27.340426+00:00,stratolink-3-eu,EU,STALE,40.5546212,-6.6065457,10016.0,7,868100000.0,mjv-casas,,,,-111.0,0.5,False,,,,,False,EU868,False
2026-05-28 08:32:27.340426+00:00,stratolink-3-eu,EU,STALE,40.5546212,-6.6065457,10016.0,7,868100000.0,mtcdtip02-l4e1-9,,,,-110.0,0.2,False,,,,,False,EU868,False
2026-05-28 08:32:27.340426+00:00,stratolink-3-eu,EU,STALE,40.5546212,-6.6065457,10016.0,7,868100000.0,mtcdtip02-l4e1-7,,,,-111.0,1.5,False,,,,,False,EU868,False
2026-05-28 08:32:27.340426+00:00,stratolink-3-eu,EU,STALE,40.5546212,-6.6065457,10016.0,7,868100000.0,cicytex-ic003,,,,-111.0,-4.8,False,,,,,False,EU868,False
2026-05-28 08:32:27.340426+00:00,stratolink-3-eu,EU,STALE,40.5546212,-6.6065457,10016.0,7,868100000.0,mtcdtip02-l4e1-15,,,,-111.0,-0.2,False,,,,,False,EU868,False
2026-05-28 08:32:27.340426+00:00,stratolink-3-eu,EU,STALE,40.5546212,-6.6065457,10016.0,7,868100000.0,mtcdtip02-l4e1-1,,,,-111.0,-3.8,False,,,,,False,EU868,False
2026-05-28 08:32:27.340426+00:00,stratolink-3-eu,EU,STALE,40.5546212,-6.6065457,10016.0,7,868100000.0,adismonta-rak7289-alcuescar,,,,-111.0,-5.0,False,,,,,False,EU868,False
2026-05-28 08:37:35.413586+00:00,stratolink-3-eu,EU,STALE,40.5546212,-6.6065457,10016.0,7,868300000.0,tef-mls-01,40.108033,-6.632828,297.0,-115.0,-3.2,False,49.70835874177939,50.688926716385666,10.830632987400474,11.277670380037994,False,EU868,False
2026-05-28 08:37:35.413586+00:00,stratolink-3-eu,EU,STALE,40.5546212,-6.6065457,10016.0,7,868300000.0,cte-escolas-2,38.64311,-7.54788,313.0,-114.0,-5.8,False,227.3338176403089,227.71278394321587,1.4195338294418625,3.463993145113692,False,EU868,False
2026-05-28 08:37:35.413586+00:00,stratolink-3-eu,EU,STALE,40.5546212,-6.6065457,10016.0,7,868300000.0,cdtic-multitech-4,39.4920534590841,-6.57908320426941,391.0,-114.0,-6.0,False,118.17544228709082,118.66123423909391,4.120970589643302,5.1837464070524035,False,EU868,False
2026-05-28 08:37:35.413586+00:00,stratolink-3-eu,EU,STALE,40.5546212,-6.6065457,10016.0,7,868300000.0,ext-sg50-029,,,,-114.0,2.8,False,,,,,False,EU868,False
2026-05-28 08:37:35.413586+00:00,stratolink-3-eu,EU,STALE,40.5546212,-6.6065457,10016.0,7,868300000.0,ext-sg50-024,,,,-115.0,3.0,False,,,,,False,EU868,False
2026-05-28 08:37:35.413586+00:00,stratolink-3-eu,EU,STALE,40.5546212,-6.6065457,10016.0,7,868300000.0,eui-fcc23dfffe2de1ed,,,,-116.0,-3.0,False,,,,,False,EU868,False
2026-05-28 08:37:35.413586+00:00,stratolink-3-eu,EU,STALE,40.5546212,-6.6065457,10016.0,7,868300000.0,sg50-eui-c0ba1ffffe004945,,,,-118.0,-7.0,False,,,,,False,EU868,False
2026-05-28 08:37:35.413586+00:00,stratolink-3-eu,EU,STALE,40.5546212,-6.6065457,10016.0,7,868300000.0,ext-sg50-016,,,,-116.0,-4.2,False,,,,,False,EU868,False
2026-05-28 08:37:35.413586+00:00,stratolink-3-eu,EU,STALE,40.5546212,-6.6065457,10016.0,7,868300000.0,ext-sg50-028,,,,-117.0,-3.5,False,,,,,False,EU868,False
2026-05-28 08:37:35.413586+00:00,stratolink-3-eu,EU,STALE,40.5546212,-6.6065457,10016.0,7,868300000.0,ext-sg50-021,,,,-118.0,-8.0,False,,,,,False,EU868,False
2026-05-28 08:37:35.413586+00:00,stratolink-3-eu,EU,STALE,40.5546212,-6.6065457,10016.0,7,868300000.0,italr0005,40.954279046747715,-4.142631590366364,,-122.0,-8.25,False,212.23666262946918,212.62964147981972,1.7452200048144442,3.653907531130604,False,EU868,False
2026-05-28 08:37:35.413586+00:00,stratolink-3-eu,EU,STALE,40.5546212,-6.6065457,10016.0,7,868300000.0,mtcdtip02-l4e1-12,,,,-113.0,-7.8,False,,,,,False,EU868,False
2026-05-28 08:37:35.413586+00:00,stratolink-3-eu,EU,STALE,40.5546212,-6.6065457,10016.0,7,868300000.0,packetbroker,40.962541751597406,-5.675446072867432,,-116.0,-7.75,True,90.59526529695596,91.2172517874801,5.896474257039438,6.711215926425461,False,EU868,False
2026-05-28 08:37:35.413586+00:00,stratolink-3-eu,EU,STALE,40.5546212,-6.6065457,10016.0,7,868300000.0,mtcdtip02-l4e1-16,,,,-113.0,-7.5,False,,,,,False,EU868,False
2026-05-28 08:37:35.413586+00:00,stratolink-3-eu,EU,STALE,40.5546212,-6.6065457,10016.0,7,868300000.0,cicytex-ic003,,,,-108.0,-2.8,False,,,,,False,EU868,False
2026-05-28 08:37:35.413586+00:00,stratolink-3-eu,EU,STALE,40.5546212,-6.6065457,10016.0,7,868300000.0,ext-sg50-018,,,,-112.0,-1.2,False,,,,,False,EU868,False
2026-05-28 08:37:35.413586+00:00,stratolink-3-eu,EU,STALE,40.5546212,-6.6065457,10016.0,7,868300000.0,cdtic-multitech-5,40.0702558044694,-6.65818959474564,300.0,-99.0,-11.0,False,54.036757372870724,54.94617850484821,9.941955438867222,10.427919001817136,False,EU868,False
2026-05-28 08:37:35.413586+00:00,stratolink-3-eu,EU,STALE,40.5546212,-6.6065457,10016.0,7,868300000.0,mtcdtip02-l4e1-3,,,,-103.0,2.5,False,,,,,False,EU868,False
2026-05-28 08:37:35.413586+00:00,stratolink-3-eu,EU,STALE,40.5546212,-6.6065457,10016.0,7,868300000.0,mtcdtip02-l4e1-7,,,,-109.0,1.0,False,,,,,False,EU868,False
2026-05-28 08:37:35.413586+00:00,stratolink-3-eu,EU,STALE,40.5546212,-6.6065457,10016.0,7,868300000.0,mjv-casas,,,,-110.0,-1.2,False,,,,,False,EU868,False
2026-05-28 08:37:35.413586+00:00,stratolink-3-eu,EU,STALE,40.5546212,-6.6065457,10016.0,7,868300000.0,cicytex-icmc-002,,,,-110.0,-5.5,False,,,,,False,EU868,False
2026-05-28 08:37:35.413586+00:00,stratolink-3-eu,EU,STALE,40.5546212,-6.6065457,10016.0,7,868300000.0,d401c3ffff6d00a4,,,,-113.0,-4.0,False,,,,,False,EU868,False
2026-05-28 08:37:35.413586+00:00,stratolink-3-eu,EU,STALE,40.5546212,-6.6065457,10016.0,7,868300000.0,mtcdtip02-l4e1-15,,,,-110.0,3.0,False,,,,,False,EU868,False
2026-05-28 08:37:35.413586+00:00,stratolink-3-eu,EU,STALE,40.5546212,-6.6065457,10016.0,7,868300000.0,mtcdtip02-l4e1-11,,,,-111.0,-7.2,False,,,,,False,EU868,False
2026-05-28 08:37:35.413586+00:00,stratolink-3-eu,EU,STALE,40.5546212,-6.6065457,10016.0,7,868300000.0,ext-sg50-015,,,,-111.0,5.2,False,,,,,False,EU868,False
2026-05-28 08:37:35.413586+00:00,stratolink-3-eu,EU,STALE,40.5546212,-6.6065457,10016.0,7,868300000.0,mtcdtip02-l4e1-5,,,,-111.0,-0.8,False,,,,,False,EU868,False
2026-05-28 08:37:35.413586+00:00,stratolink-3-eu,EU,STALE,40.5546212,-6.6065457,10016.0,7,868300000.0,ext-dlos8-007,,,,-112.0,-9.0,False,,,,,False,EU868,False
2026-05-28 08:37:35.413586+00:00,stratolink-3-eu,EU,STALE,40.5546212,-6.6065457,10016.0,7,868300000.0,mtcdtip02-l4e1-9,,,,-110.0,-1.2,False,,,,,False,EU868,False
2026-05-28 08:42:43.328515+00:00,stratolink-3-eu,EU,STALE,40.5546212,-6.6065457,10016.0,7,868500000.0,mtcdtip02-l4e1-16,,,,-113.0,-6.0,False,,,,,False,EU868,False
2026-05-28 08:42:43.328515+00:00,stratolink-3-eu,EU,STALE,40.5546212,-6.6065457,10016.0,7,868500000.0,eui-fcc23dfffe2de1ed,,,,-118.0,-5.25,False,,,,,False,EU868,False
2026-05-28 08:42:43.328515+00:00,stratolink-3-eu,EU,STALE,40.5546212,-6.6065457,10016.0,7,868500000.0,sg50-eui-c0ba1ffffe004945,,,,-117.0,-5.0,False,,,,,False,EU868,False
2026-05-28 08:42:43.328515+00:00,stratolink-3-eu,EU,STALE,40.5546212,-6.6065457,10016.0,7,868500000.0,tef-mls-01,40.108033,-6.632828,297.0,-117.0,-1.8,False,49.70835874177939,50.688926716385666,10.830632987400474,11.277670380037994,False,EU868,False
2026-05-28 08:42:43.328515+00:00,stratolink-3-eu,EU,STALE,40.5546212,-6.6065457,10016.0,7,868500000.0,ext-sg50-028,,,,-115.0,-1.5,False,,,,,False,EU868,False
2026-05-28 08:42:43.328515+00:00,stratolink-3-eu,EU,STALE,40.5546212,-6.6065457,10016.0,7,868500000.0,ext-sg50-023,,,,-114.0,2.5,False,,,,,False,EU868,False
2026-05-28 08:42:43.328515+00:00,stratolink-3-eu,EU,STALE,40.5546212,-6.6065457,10016.0,7,868500000.0,cte-escolas-2,38.64311,-7.54788,313.0,-114.0,-9.2,False,227.3338176403089,227.71278394321587,1.4195338294418625,3.463993145113692,False,EU868,False
2026-05-28 08:42:43.328515+00:00,stratolink-3-eu,EU,STALE,40.5546212,-6.6065457,10016.0,7,868500000.0,packetbroker,40.962541751597406,-5.675446072867432,,-113.0,-6.75,True,90.59526529695596,91.2172517874801,5.896474257039438,6.711215926425461,False,EU868,False
2026-05-28 08:42:43.328515+00:00,stratolink-3-eu,EU,STALE,40.5546212,-6.6065457,10016.0,7,868500000.0,v3-eui-b827ebfffebf1f02,40.13814,-7.50059,600.0,-119.0,-2.5,False,88.79884842829576,89.36950818733705,5.648486065169321,6.447072191838199,False,EU868,False
2026-05-28 08:42:43.328515+00:00,stratolink-3-eu,EU,STALE,40.5546212,-6.6065457,10016.0,7,868500000.0,cdtic-multitech-5,40.0702558044694,-6.65818959474564,300.0,-113.0,1.0,False,54.036757372870724,54.94617850484821,9.941955438867222,10.427919001817136,False,EU868,False
2026-05-28 08:42:43.328515+00:00,stratolink-3-eu,EU,STALE,40.5546212,-6.6065457,10016.0,7,868500000.0,ext-sg50-029,,,,-111.0,4.2,False,,,,,False,EU868,False
2026-05-28 08:42:43.328515+00:00,stratolink-3-eu,EU,STALE,40.5546212,-6.6065457,10016.0,7,868500000.0,ext-sg50-015,,,,-111.0,4.8,False,,,,,False,EU868,False
2026-05-28 08:42:43.328515+00:00,stratolink-3-eu,EU,STALE,40.5546212,-6.6065457,10016.0,7,868500000.0,jfmateos-rak7250-rioseco,39.9775352459947,-6.04510360141884,,-111.0,,False,79.91801575433334,80.60500346493858,6.778539063605505,7.497258053568435,False,EU868,False
2026-05-28 08:42:43.328515+00:00,stratolink-3-eu,EU,STALE,40.5546212,-6.6065457,10016.0,7,868500000.0,mtcdtip02-l4e1-15,,,,-111.0,-2.0,False,,,,,False,EU868,False
2026-05-28 08:42:43.328515+00:00,stratolink-3-eu,EU,STALE,40.5546212,-6.6065457,10016.0,7,868500000.0,adismonta-rak7289-alcuescar,,,,-111.0,-8.5,False,,,,,False,EU868,False
2026-05-28 08:42:43.328515+00:00,stratolink-3-eu,EU,STALE,40.5546212,-6.6065457,10016.0,7,868500000.0,mtcdtip02-l4e1-7,,,,-110.0,1.0,False,,,,,False,EU868,False
2026-05-28 08:42:43.328515+00:00,stratolink-3-eu,EU,STALE,40.5546212,-6.6065457,10016.0,7,868500000.0,mtcdtip02-l4e1-5,,,,-109.0,-0.5,False,,,,,False,EU868,False
2026-05-28 08:42:43.328515+00:00,stratolink-3-eu,EU,STALE,40.5546212,-6.6065457,10016.0,7,868500000.0,mtcdtip02-l4e1-9,,,,-105.0,1.8,False,,,,,False,EU868,False
2026-05-28 08:42:43.328515+00:00,stratolink-3-eu,EU,STALE,40.5546212,-6.6065457,10016.0,7,868500000.0,ext-sg50-020,,,,-102.0,-7.5,False,,,,,False,EU868,False
2026-05-28 08:42:43.328515+00:00,stratolink-3-eu,EU,STALE,40.5546212,-6.6065457,10016.0,7,868500000.0,mjv-casas,,,,-111.0,-5.2,False,,,,,False,EU868,False
2026-05-28 08:47:51.282120+00:00,stratolink-3-eu,EU,STALE,40.5546212,-6.6065457,10016.0,7,868100000.0,cdtic-multitech-4,39.4920534590841,-6.57908320426941,391.0,-115.0,-4.0,False,118.17544228709082,118.66123423909391,4.120970589643302,5.1837464070524035,False,EU868,False
2026-05-28 08:47:51.282120+00:00,stratolink-3-eu,EU,STALE,40.5546212,-6.6065457,10016.0,7,868100000.0,ext-sg50-024,,,,-115.0,2.2,False,,,,,False,EU868,False
2026-05-28 08:47:51.282120+00:00,stratolink-3-eu,EU,STALE,40.5546212,-6.6065457,10016.0,7,868100000.0,meceiot-004-5030354163554750,40.5481739449056,-5.16353885114368,1550.0,-115.0,-9.0,False,121.91835531245268,122.32045701601841,3.4203077019989268,4.516744298441733,False,EU868,False
2026-05-28 08:47:51.282120+00:00,stratolink-3-eu,EU,STALE,40.5546212,-6.6065457,10016.0,7,868100000.0,packetbroker,40.962541751597406,-5.675446072867432,,-116.0,-4.0,True,90.59526529695596,91.2172517874801,5.896474257039438,6.711215926425461,False,EU868,False
2026-05-28 08:47:51.282120+00:00,stratolink-3-eu,EU,STALE,40.5546212,-6.6065457,10016.0,7,868100000.0,d401c3ffff6d00a4,,,,-116.0,-1.75,False,,,,,False,EU868,False
2026-05-28 08:47:51.282120+00:00,stratolink-3-eu,EU,STALE,40.5546212,-6.6065457,10016.0,7,868100000.0,ext-sg50-017,,,,-117.0,-0.5,False,,,,,False,EU868,False
2026-05-28 08:47:51.282120+00:00,stratolink-3-eu,EU,STALE,40.5546212,-6.6065457,10016.0,7,868100000.0,tef-mls-01,40.108033,-6.632828,297.0,-118.0,-4.0,False,49.70835874177939,50.688926716385666,10.830632987400474,11.277670380037994,False,EU868,False
2026-05-28 08:47:51.282120+00:00,stratolink-3-eu,EU,STALE,40.5546212,-6.6065457,10016.0,7,868100000.0,ext-sg50-028,,,,-117.0,-2.5,False,,,,,False,EU868,False
2026-05-28 08:47:51.282120+00:00,stratolink-3-eu,EU,STALE,40.5546212,-6.6065457,10016.0,7,868100000.0,sg50-eui-c0ba1ffffe004945,,,,-117.0,-3.0,False,,,,,False,EU868,False
2026-05-28 08:47:51.282120+00:00,stratolink-3-eu,EU,STALE,40.5546212,-6.6065457,10016.0,7,868100000.0,mitigasmart-cc,,,,-118.0,-5.5,False,,,,,False,EU868,False
2026-05-28 08:47:51.282120+00:00,stratolink-3-eu,EU,STALE,40.5546212,-6.6065457,10016.0,7,868100000.0,sg50-perte-malpica-05,,,,-119.0,-8.5,False,,,,,False,EU868,False
2026-05-28 08:47:51.282120+00:00,stratolink-3-eu,EU,STALE,40.5546212,-6.6065457,10016.0,7,868100000.0,mtcdtip02-l4e1-15,,,,-115.0,-2.5,False,,,,,False,EU868,False
2026-05-28 08:47:51.282120+00:00,stratolink-3-eu,EU,STALE,40.5546212,-6.6065457,10016.0,7,868100000.0,ext-sg50-022,,,,-120.0,-5.2,False,,,,,False,EU868,False
2026-05-28 08:47:51.282120+00:00,stratolink-3-eu,EU,STALE,40.5546212,-6.6065457,10016.0,7,868100000.0,mtcdtip02-l4e1-16,,,,-115.0,-6.0,False,,,,,False,EU868,False
2026-05-28 08:47:51.282120+00:00,stratolink-3-eu,EU,STALE,40.5546212,-6.6065457,10016.0,7,868100000.0,mtcdtip02-l4e1-7,,,,-111.0,0.8,False,,,,,False,EU868,False
2026-05-28 08:47:51.282120+00:00,stratolink-3-eu,EU,STALE,40.5546212,-6.6065457,10016.0,7,868100000.0,ctaex-lora-one,,,,-115.0,-5.5,False,,,,,False,EU868,False
2026-05-28 08:47:51.282120+00:00,stratolink-3-eu,EU,STALE,40.5546212,-6.6065457,10016.0,7,868100000.0,mtcdtip02-l4e1-3,,,,-105.0,1.5,False,,,,,False,EU868,False
2026-05-28 08:47:51.282120+00:00,stratolink-3-eu,EU,STALE,40.5546212,-6.6065457,10016.0,7,868100000.0,mtcdtip02-l4e1-9,,,,-107.0,4.2,False,,,,,False,EU868,False
2026-05-28 08:47:51.282120+00:00,stratolink-3-eu,EU,STALE,40.5546212,-6.6065457,10016.0,7,868100000.0,tid4agro-rak7289-lazarza,,,,-109.0,-8.8,False,,,,,False,EU868,False
2026-05-28 08:47:51.282120+00:00,stratolink-3-eu,EU,STALE,40.5546212,-6.6065457,10016.0,7,868100000.0,cicytex-ic003,,,,-109.0,-1.0,False,,,,,False,EU868,False
2026-05-28 08:47:51.282120+00:00,stratolink-3-eu,EU,STALE,40.5546212,-6.6065457,10016.0,7,868100000.0,mjv-casas,,,,-110.0,,False,,,,,False,EU868,False
2026-05-28 08:47:51.282120+00:00,stratolink-3-eu,EU,STALE,40.5546212,-6.6065457,10016.0,7,868100000.0,jfmateos-rak7250-rioseco,39.9775352459947,-6.04510360141884,,-111.0,2.5,False,79.91801575433334,80.60500346493858,6.778539063605505,7.497258053568435,False,EU868,False
2026-05-28 08:47:51.282120+00:00,stratolink-3-eu,EU,STALE,40.5546212,-6.6065457,10016.0,7,868100000.0,mtcdtip02-l4e1-4,,,,-115.0,-8.0,False,,,,,False,EU868,False
2026-05-28 08:47:51.282120+00:00,stratolink-3-eu,EU,STALE,40.5546212,-6.6065457,10016.0,7,868100000.0,adismonta-rak7289-alcuescar,,,,-112.0,-8.8,False,,,,,False,EU868,False
2026-05-28 08:47:51.282120+00:00,stratolink-3-eu,EU,STALE,40.5546212,-6.6065457,10016.0,7,868100000.0,ext-sg50-018,,,,-112.0,-0.8,False,,,,,False,EU868,False
2026-05-28 08:47:51.282120+00:00,stratolink-3-eu,EU,STALE,40.5546212,-6.6065457,10016.0,7,868100000.0,mtcdtip02-l4e1-5,,,,-113.0,-0.8,False,,,,,False,EU868,False
2026-05-28 08:47:51.282120+00:00,stratolink-3-eu,EU,STALE,40.5546212,-6.6065457,10016.0,7,868100000.0,ext-sg50-023,,,,-114.0,3.8,False,,,,,False,EU868,False
2026-05-28 08:47:51.282120+00:00,stratolink-3-eu,EU,STALE,40.5546212,-6.6065457,10016.0,7,868100000.0,niharramikrotik,40.589325292876616,-4.838257133960725,1131.0,-115.0,-8.75,False,149.40161652918576,149.7925944965144,2.728481551828242,4.072080713008865,False,EU868,False
2026-05-28 08:47:51.282120+00:00,stratolink-3-eu,EU,STALE,40.5546212,-6.6065457,10016.0,7,868100000.0,ext-sg50-015,,,,-111.0,5.8,False,,,,,False,EU868,False
2026-05-28 08:52:59.562988+00:00,stratolink-3-eu,EU,STALE,40.5546212,-6.6065457,10016.0,7,868300000.0,sg50-eui-c0ba1ffffe004945,,,,-119.0,-8.0,False,,,,,False,EU868,False
2026-05-28 08:52:59.562988+00:00,stratolink-3-eu,EU,STALE,40.5546212,-6.6065457,10016.0,7,868300000.0,tef-mls-01,40.108033,-6.632828,297.0,-118.0,-5.2,False,49.70835874177939,50.688926716385666,10.830632987400474,11.277670380037994,False,EU868,False
2026-05-28 08:52:59.562988+00:00,stratolink-3-eu,EU,STALE,40.5546212,-6.6065457,10016.0,7,868300000.0,ext-sg50-022,,,,-117.0,-2.0,False,,,,,False,EU868,False
2026-05-28 08:52:59.562988+00:00,stratolink-3-eu,EU,STALE,40.5546212,-6.6065457,10016.0,7,868300000.0,ext-sg50-028,,,,-117.0,-1.8,False,,,,,False,EU868,False
2026-05-28 08:52:59.562988+00:00,stratolink-3-eu,EU,STALE,40.5546212,-6.6065457,10016.0,7,868300000.0,eui-fcc23dfffe2de1ed,,,,-117.0,-5.75,False,,,,,False,EU868,False
2026-05-28 08:52:59.562988+00:00,stratolink-3-eu,EU,STALE,40.5546212,-6.6065457,10016.0,7,868300000.0,ext-sg50-024,,,,-115.0,2.5,False,,,,,False,EU868,False
2026-05-28 08:52:59.562988+00:00,stratolink-3-eu,EU,STALE,40.5546212,-6.6065457,10016.0,7,868300000.0,ext-sg50-015,,,,-115.0,0.8,False,,,,,False,EU868,False
2026-05-28 08:52:59.562988+00:00,stratolink-3-eu,EU,STALE,40.5546212,-6.6065457,10016.0,7,868300000.0,mtcdtip02-l4e1-5,,,,-114.0,-2.5,False,,,,,False,EU868,False
2026-05-28 08:52:59.562988+00:00,stratolink-3-eu,EU,STALE,40.5546212,-6.6065457,10016.0,7,868300000.0,cdtic-multitech-4,39.4920534590841,-6.57908320426941,391.0,-114.0,-3.5,False,118.17544228709082,118.66123423909391,4.120970589643302,5.1837464070524035,False,EU868,False
2026-05-28 08:52:59.562988+00:00,stratolink-3-eu,EU,STALE,40.5546212,-6.6065457,10016.0,7,868300000.0,mtcdtip02-l4e1-7,,,,-113.0,-1.0,False,,,,,False,EU868,False
2026-05-28 08:52:59.562988+00:00,stratolink-3-eu,EU,STALE,40.5546212,-6.6065457,10016.0,7,868300000.0,ext-sg50-017,,,,-115.0,1.2,False,,,,,False,EU868,False
2026-05-28 08:52:59.562988+00:00,stratolink-3-eu,EU,STALE,40.5546212,-6.6065457,10016.0,7,868300000.0,ext-sg50-023,,,,-113.0,4.2,False,,,,,False,EU868,False
2026-05-28 08:52:59.562988+00:00,stratolink-3-eu,EU,STALE,40.5546212,-6.6065457,10016.0,7,868300000.0,mtcdtip02-l4e1-15,,,,-113.0,0.8,False,,,,,False,EU868,False
2026-05-28 08:52:59.562988+00:00,stratolink-3-eu,EU,STALE,40.5546212,-6.6065457,10016.0,7,868300000.0,ext-sg50-020,,,,-104.0,-8.2,False,,,,,False,EU868,False
2026-05-28 08:52:59.562988+00:00,stratolink-3-eu,EU,STALE,40.5546212,-6.6065457,10016.0,7,868300000.0,mtcdtip02-l4e1-3,,,,-107.0,2.5,False,,,,,False,EU868,False
2026-05-28 08:52:59.562988+00:00,stratolink-3-eu,EU,STALE,40.5546212,-6.6065457,10016.0,7,868300000.0,cicytex-ic003,,,,-109.0,-5.0,False,,,,,False,EU868,False
2026-05-28 08:52:59.562988+00:00,stratolink-3-eu,EU,STALE,40.5546212,-6.6065457,10016.0,7,868300000.0,mtcdtip02-l4e1-9,,,,-107.0,1.2,False,,,,,False,EU868,False
2026-05-28 08:52:59.562988+00:00,stratolink-3-eu,EU,STALE,40.5546212,-6.6065457,10016.0,7,868300000.0,cicytex-icmc-002,,,,-111.0,-5.5,False,,,,,False,EU868,False
2026-05-28 08:52:59.562988+00:00,stratolink-3-eu,EU,STALE,40.5546212,-6.6065457,10016.0,7,868300000.0,d401c3ffff6d00a4,,,,-111.0,1.75,False,,,,,False,EU868,False
2026-05-28 08:52:59.562988+00:00,stratolink-3-eu,EU,STALE,40.5546212,-6.6065457,10016.0,7,868300000.0,mtcdtip02-l4e1-4,,,,-111.0,-6.8,False,,,,,False,EU868,False
2026-05-28 08:52:59.562988+00:00,stratolink-3-eu,EU,STALE,40.5546212,-6.6065457,10016.0,7,868300000.0,ext-sg50-029,,,,-112.0,4.8,False,,,,,False,EU868,False
2026-05-28 08:52:59.562988+00:00,stratolink-3-eu,EU,STALE,40.5546212,-6.6065457,10016.0,7,868300000.0,mjv-casas,,,,-111.0,-3.5,False,,,,,False,EU868,False
2026-05-28 08:58:07.426092+00:00,stratolink-3-eu,EU,STALE,40.5546212,-6.6065457,10016.0,7,868500000.0,niharramikrotik,40.589325292876616,-4.838257133960725,1131.0,-115.0,-7.0,False,149.40161652918576,149.7925944965144,2.728481551828242,4.072080713008865,False,EU868,False
2026-05-28 08:58:07.426092+00:00,stratolink-3-eu,EU,STALE,40.5546212,-6.6065457,10016.0,7,868500000.0,packetbroker,40.962541751597406,-5.675446072867432,,-113.0,-4.75,True,90.59526529695596,91.2172517874801,5.896474257039438,6.711215926425461,False,EU868,False
2026-05-28 08:58:07.426092+00:00,stratolink-3-eu,EU,STALE,40.5546212,-6.6065457,10016.0,7,868500000.0,ext-sg50-015,,,,-113.0,2.2,False,,,,,False,EU868,False
2026-05-28 08:58:07.426092+00:00,stratolink-3-eu,EU,STALE,40.5546212,-6.6065457,10016.0,7,868500000.0,d401c3ffff6d00a4,,,,-114.0,-1.5,False,,,,,False,EU868,False
2026-05-28 08:58:07.426092+00:00,stratolink-3-eu,EU,STALE,40.5546212,-6.6065457,10016.0,7,868500000.0,ext-sg50-024,,,,-114.0,2.5,False,,,,,False,EU868,False
2026-05-28 08:58:07.426092+00:00,stratolink-3-eu,EU,STALE,40.5546212,-6.6065457,10016.0,7,868500000.0,cdtic-multitech-4,39.4920534590841,-6.57908320426941,391.0,-115.0,-2.5,False,118.17544228709082,118.66123423909391,4.120970589643302,5.1837464070524035,False,EU868,False
2026-05-28 08:58:07.426092+00:00,stratolink-3-eu,EU,STALE,40.5546212,-6.6065457,10016.0,7,868500000.0,mtcdtip02-l4e1-13,,,,-113.0,-9.2,False,,,,,False,EU868,False
2026-05-28 08:58:07.426092+00:00,stratolink-3-eu,EU,STALE,40.5546212,-6.6065457,10016.0,7,868500000.0,cicytex-unex-1,,,,-116.0,-3.5,False,,,,,False,EU868,False
2026-05-28 08:58:07.426092+00:00,stratolink-3-eu,EU,STALE,40.5546212,-6.6065457,10016.0,7,868500000.0,ext-sg50-022,,,,-116.0,0.5,False,,,,,False,EU868,False
2026-05-28 08:58:07.426092+00:00,stratolink-3-eu,EU,STALE,40.5546212,-6.6065457,10016.0,7,868500000.0,sg50-perte-malpica-06,,,,-116.0,-8.2,False,,,,,False,EU868,False
2026-05-28 08:58:07.426092+00:00,stratolink-3-eu,EU,STALE,40.5546212,-6.6065457,10016.0,7,868500000.0,eui-fcc23dfffe2de1ed,,,,-117.0,-5.0,False,,,,,False,EU868,False
2026-05-28 08:58:07.426092+00:00,stratolink-3-eu,EU,STALE,40.5546212,-6.6065457,10016.0,7,868500000.0,sg50-eui-c0ba1ffffe004945,,,,-118.0,-6.8,False,,,,,False,EU868,False
2026-05-28 08:58:07.426092+00:00,stratolink-3-eu,EU,STALE,40.5546212,-6.6065457,10016.0,7,868500000.0,sg50-perte-malpica-05,,,,-118.0,-6.8,False,,,,,False,EU868,False
2026-05-28 08:58:07.426092+00:00,stratolink-3-eu,EU,STALE,40.5546212,-6.6065457,10016.0,7,868500000.0,tef-mls-01,40.108033,-6.632828,297.0,-115.0,0.2,False,49.70835874177939,50.688926716385666,10.830632987400474,11.277670380037994,False,EU868,False
2026-05-28 08:58:07.426092+00:00,stratolink-3-eu,EU,STALE,40.5546212,-6.6065457,10016.0,7,868500000.0,mitigasmart-cc,,,,-117.0,-6.8,False,,,,,False,EU868,False
2026-05-28 08:58:07.426092+00:00,stratolink-3-eu,EU,STALE,40.5546212,-6.6065457,10016.0,7,868500000.0,jfmateos-rak7250-rioseco,39.9775352459947,-6.04510360141884,,-112.0,-4.5,False,79.91801575433334,80.60500346493858,6.778539063605505,7.497258053568435,False,EU868,False
2026-05-28 08:58:07.426092+00:00,stratolink-3-eu,EU,STALE,40.5546212,-6.6065457,10016.0,7,868500000.0,ext-sg50-029,,,,-111.0,4.2,False,,,,,False,EU868,False
2026-05-28 08:58:07.426092+00:00,stratolink-3-eu,EU,STALE,40.5546212,-6.6065457,10016.0,7,868500000.0,ext-sg50-023,,,,-112.0,4.0,False,,,,,False,EU868,False
2026-05-28 08:58:07.426092+00:00,stratolink-3-eu,EU,STALE,40.5546212,-6.6065457,10016.0,7,868500000.0,mtcdtip02-l4e1-3,,,,-102.0,4.8,False,,,,,False,EU868,False
2026-05-28 08:58:07.426092+00:00,stratolink-3-eu,EU,STALE,40.5546212,-6.6065457,10016.0,7,868500000.0,mtcdtip02-l4e1-9,,,,-104.0,4.0,False,,,,,False,EU868,False
2026-05-28 08:58:07.426092+00:00,stratolink-3-eu,EU,STALE,40.5546212,-6.6065457,10016.0,7,868500000.0,cicytex-ic003,,,,-108.0,-1.0,False,,,,,False,EU868,False
2026-05-28 08:58:07.426092+00:00,stratolink-3-eu,EU,STALE,40.5546212,-6.6065457,10016.0,7,868500000.0,mtcdtip02-l4e1-16,,,,-109.0,-5.5,False,,,,,False,EU868,False
2026-05-28 08:58:07.426092+00:00,stratolink-3-eu,EU,STALE,40.5546212,-6.6065457,10016.0,7,868500000.0,mtcdtip02-l4e1-15,,,,-110.0,0.2,False,,,,,False,EU868,False
2026-05-28 08:58:07.426092+00:00,stratolink-3-eu,EU,STALE,40.5546212,-6.6065457,10016.0,7,868500000.0,adismonta-rak7289-alcuescar,,,,-110.0,-4.5,False,,,,,False,EU868,False
2026-05-28 08:58:07.426092+00:00,stratolink-3-eu,EU,STALE,40.5546212,-6.6065457,10016.0,7,868500000.0,mtcdtip02-l4e1-1,,,,-110.0,-2.2,False,,,,,False,EU868,False
2026-05-28 08:58:07.426092+00:00,stratolink-3-eu,EU,STALE,40.5546212,-6.6065457,10016.0,7,868500000.0,mjv-casas,,,,-111.0,-5.0,False,,,,,False,EU868,False
2026-05-28 08:58:07.426092+00:00,stratolink-3-eu,EU,STALE,40.5546212,-6.6065457,10016.0,7,868500000.0,ext-sg50-018,,,,-111.0,-5.8,False,,,,,False,EU868,False
2026-05-28 08:58:07.426092+00:00,stratolink-3-eu,EU,STALE,40.5546212,-6.6065457,10016.0,7,868500000.0,mtcdtip02-l4e1-12,,,,-111.0,-6.8,False,,,,,False,EU868,False
2026-05-28 08:58:07.426092+00:00,stratolink-3-eu,EU,STALE,40.5546212,-6.6065457,10016.0,7,868500000.0,cdtic-multitech-5,40.0702558044694,-6.65818959474564,300.0,-111.0,2.0,False,54.036757372870724,54.94617850484821,9.941955438867222,10.427919001817136,False,EU868,False
2026-05-28 08:58:07.426092+00:00,stratolink-3-eu,EU,STALE,40.5546212,-6.6065457,10016.0,7,868500000.0,mtcdtip02-l4e1-7,,,,-111.0,-2.5,False,,,,,False,EU868,False
2026-05-28 08:58:07.426092+00:00,stratolink-3-eu,EU,STALE,40.5546212,-6.6065457,10016.0,7,868500000.0,mtcdtip02-l4e1-5,,,,-110.0,,False,,,,,False,EU868,False
2026-05-28 09:03:15.355866+00:00,stratolink-3-eu,EU,STALE,40.5546212,-6.6065457,10016.0,7,868100000.0,tef-mls-01,40.108033,-6.632828,297.0,-116.0,1.5,False,49.70835874177939,50.688926716385666,10.830632987400474,11.277670380037994,False,EU868,False
2026-05-28 09:03:15.355866+00:00,stratolink-3-eu,EU,STALE,40.5546212,-6.6065457,10016.0,7,868100000.0,cdtic-multitech-4,39.4920534590841,-6.57908320426941,391.0,-116.0,-0.8,False,118.17544228709082,118.66123423909391,4.120970589643302,5.1837464070524035,False,EU868,False
2026-05-28 09:03:15.355866+00:00,stratolink-3-eu,EU,STALE,40.5546212,-6.6065457,10016.0,7,868100000.0,packetbroker,40.962541751597406,-5.675446072867432,,-116.0,-6.5,True,90.59526529695596,91.2172517874801,5.896474257039438,6.711215926425461,False,EU868,False
2026-05-28 09:03:15.355866+00:00,stratolink-3-eu,EU,STALE,40.5546212,-6.6065457,10016.0,7,868100000.0,ext-sg50-024,,,,-116.0,2.0,False,,,,,False,EU868,False
2026-05-28 09:03:15.355866+00:00,stratolink-3-eu,EU,STALE,40.5546212,-6.6065457,10016.0,7,868100000.0,sg50-eui-c0ba1ffffe004945,,,,-116.0,-9.5,False,,,,,False,EU868,False
2026-05-28 09:03:15.355866+00:00,stratolink-3-eu,EU,STALE,40.5546212,-6.6065457,10016.0,7,868100000.0,italr0005,40.954279046747715,-4.142631590366364,,-122.0,-8.25,False,212.23666262946918,212.62964147981972,1.7452200048144442,3.653907531130604,False,EU868,False
2026-05-28 09:03:15.355866+00:00,stratolink-3-eu,EU,STALE,40.5546212,-6.6065457,10016.0,7,868100000.0,eui-fcc23dfffe2de1ed,,,,-118.0,-5.75,False,,,,,False,EU868,False
2026-05-28 09:03:15.355866+00:00,stratolink-3-eu,EU,STALE,40.5546212,-6.6065457,10016.0,7,868100000.0,ext-sg50-013,,,,-118.0,-8.8,False,,,,,False,EU868,False
2026-05-28 09:03:15.355866+00:00,stratolink-3-eu,EU,STALE,40.5546212,-6.6065457,10016.0,7,868100000.0,mitigasmart-cc,,,,-119.0,-7.0,False,,,,,False,EU868,False
2026-05-28 09:03:15.355866+00:00,stratolink-3-eu,EU,STALE,40.5546212,-6.6065457,10016.0,7,868100000.0,sg50-perte-malpica-05,,,,-119.0,-7.5,False,,,,,False,EU868,False
2026-05-28 09:03:15.355866+00:00,stratolink-3-eu,EU,STALE,40.5546212,-6.6065457,10016.0,7,868100000.0,gw-valeserrano,,,,-120.0,-8.0,False,,,,,False,EU868,False
2026-05-28 09:03:15.355866+00:00,stratolink-3-eu,EU,STALE,40.5546212,-6.6065457,10016.0,7,868100000.0,mtcdtip02-l4e1-16,,,,-115.0,-6.0,False,,,,,False,EU868,False
2026-05-28 09:03:15.355866+00:00,stratolink-3-eu,EU,STALE,40.5546212,-6.6065457,10016.0,7,868100000.0,ext-sg50-022,,,,-116.0,1.5,False,,,,,False,EU868,False
2026-05-28 09:03:15.355866+00:00,stratolink-3-eu,EU,STALE,40.5546212,-6.6065457,10016.0,7,868100000.0,mtcdtip02-l4e1-12,,,,-115.0,-5.8,False,,,,,False,EU868,False
2026-05-28 09:03:15.355866+00:00,stratolink-3-eu,EU,STALE,40.5546212,-6.6065457,10016.0,7,868100000.0,jfmateos-rak7250-rioseco,39.9775352459947,-6.04510360141884,,-112.0,-6.25,False,79.91801575433334,80.60500346493858,6.778539063605505,7.497258053568435,False,EU868,False
2026-05-28 09:03:15.355866+00:00,stratolink-3-eu,EU,STALE,40.5546212,-6.6065457,10016.0,7,868100000.0,d401c3ffff6d00a4,,,,-113.0,-0.5,False,,,,,False,EU868,False
2026-05-28 09:03:15.355866+00:00,stratolink-3-eu,EU,STALE,40.5546212,-6.6065457,10016.0,7,868100000.0,mtcdtip02-l4e1-9,,,,-105.0,5.2,False,,,,,False,EU868,False
2026-05-28 09:03:15.355866+00:00,stratolink-3-eu,EU,STALE,40.5546212,-6.6065457,10016.0,7,868100000.0,mtcdtip02-l4e1-3,,,,-107.0,3.5,False,,,,,False,EU868,False
2026-05-28 09:03:15.355866+00:00,stratolink-3-eu,EU,STALE,40.5546212,-6.6065457,10016.0,7,868100000.0,cicytex-ic003,,,,-107.0,1.2,False,,,,,False,EU868,False
2026-05-28 09:03:15.355866+00:00,stratolink-3-eu,EU,STALE,40.5546212,-6.6065457,10016.0,7,868100000.0,ext-sg50-029,,,,-113.0,4.0,False,,,,,False,EU868,False
2026-05-28 09:03:15.355866+00:00,stratolink-3-eu,EU,STALE,40.5546212,-6.6065457,10016.0,7,868100000.0,mtcdtip02-l4e1-1,,,,-110.0,-8.2,False,,,,,False,EU868,False
2026-05-28 09:03:15.355866+00:00,stratolink-3-eu,EU,STALE,40.5546212,-6.6065457,10016.0,7,868100000.0,adismonta-rak7289-alcuescar,,,,-111.0,-4.5,False,,,,,False,EU868,False
2026-05-28 09:03:15.355866+00:00,stratolink-3-eu,EU,STALE,40.5546212,-6.6065457,10016.0,7,868100000.0,cicytex-icmc-002,,,,-110.0,-4.5,False,,,,,False,EU868,False
2026-05-28 09:03:15.355866+00:00,stratolink-3-eu,EU,STALE,40.5546212,-6.6065457,10016.0,7,868100000.0,mtcdtip02-l4e1-5,,,,-111.0,0.2,False,,,,,False,EU868,False
2026-05-28 09:03:15.355866+00:00,stratolink-3-eu,EU,STALE,40.5546212,-6.6065457,10016.0,7,868100000.0,cdtic-multitech-5,40.0702558044694,-6.65818959474564,300.0,-111.0,2.8,False,54.036757372870724,54.94617850484821,9.941955438867222,10.427919001817136,False,EU868,False
2026-05-28 09:03:15.355866+00:00,stratolink-3-eu,EU,STALE,40.5546212,-6.6065457,10016.0,7,868100000.0,ext-sg50-018,,,,-112.0,-1.0,False,,,,,False,EU868,False
2026-05-28 09:03:15.355866+00:00,stratolink-3-eu,EU,STALE,40.5546212,-6.6065457,10016.0,7,868100000.0,ext-sg50-015,,,,-112.0,5.5,False,,,,,False,EU868,False
2026-05-28 09:03:15.355866+00:00,stratolink-3-eu,EU,STALE,40.5546212,-6.6065457,10016.0,7,868100000.0,ext-sg50-023,,,,-112.0,5.8,False,,,,,False,EU868,False
2026-05-28 09:03:15.355866+00:00,stratolink-3-eu,EU,STALE,40.5546212,-6.6065457,10016.0,7,868100000.0,mtcdtip02-l4e1-15,,,,-111.0,3.2,False,,,,,False,EU868,False
2026-05-28 09:08:23.419322+00:00,stratolink-3-eu,EU,STALE,40.5546212,-6.6065457,10016.0,7,868300000.0,sg50-perte-malpica-05,,,,-117.0,-4.8,False,,,,,False,EU868,False
2026-05-28 09:08:23.419322+00:00,stratolink-3-eu,EU,STALE,40.5546212,-6.6065457,10016.0,7,868300000.0,ext-sg50-018,,,,-115.0,-8.0,False,,,,,False,EU868,False
2026-05-28 09:08:23.419322+00:00,stratolink-3-eu,EU,STALE,40.5546212,-6.6065457,10016.0,7,868300000.0,ext-sg50-023,,,,-115.0,2.8,False,,,,,False,EU868,False
2026-05-28 09:08:23.419322+00:00,stratolink-3-eu,EU,STALE,40.5546212,-6.6065457,10016.0,7,868300000.0,ext-sg50-024,,,,-117.0,,False,,,,,False,EU868,False
2026-05-28 09:08:23.419322+00:00,stratolink-3-eu,EU,STALE,40.5546212,-6.6065457,10016.0,7,868300000.0,tef-mls-01,40.108033,-6.632828,297.0,-117.0,-1.5,False,49.70835874177939,50.688926716385666,10.830632987400474,11.277670380037994,False,EU868,False
2026-05-28 09:08:23.419322+00:00,stratolink-3-eu,EU,STALE,40.5546212,-6.6065457,10016.0,7,868300000.0,packetbroker,40.962541751597406,-5.675446072867432,,-115.0,-4.0,True,90.59526529695596,91.2172517874801,5.896474257039438,6.711215926425461,False,EU868,False
2026-05-28 09:08:23.419322+00:00,stratolink-3-eu,EU,STALE,40.5546212,-6.6065457,10016.0,7,868300000.0,mitigasmart-cc,,,,-118.0,-5.2,False,,,,,False,EU868,False
2026-05-28 09:08:23.419322+00:00,stratolink-3-eu,EU,STALE,40.5546212,-6.6065457,10016.0,7,868300000.0,sg50-eui-c0ba1ffffe004945,,,,-118.0,-4.2,False,,,,,False,EU868,False
2026-05-28 09:08:23.419322+00:00,stratolink-3-eu,EU,STALE,40.5546212,-6.6065457,10016.0,7,868300000.0,ext-sg50-022,,,,-119.0,-4.5,False,,,,,False,EU868,False
2026-05-28 09:08:23.419322+00:00,stratolink-3-eu,EU,STALE,40.5546212,-6.6065457,10016.0,7,868300000.0,ext-sg50-011,,,,-119.0,-8.2,False,,,,,False,EU868,False
2026-05-28 09:08:23.419322+00:00,stratolink-3-eu,EU,STALE,40.5546212,-6.6065457,10016.0,7,868300000.0,italr0005,40.954279046747715,-4.142631590366364,,-121.0,-7.0,False,212.23666262946918,212.62964147981972,1.7452200048144442,3.653907531130604,False,EU868,False
2026-05-28 09:08:23.419322+00:00,stratolink-3-eu,EU,STALE,40.5546212,-6.6065457,10016.0,7,868300000.0,ext-sg50-028,,,,-118.0,-5.8,False,,,,,False,EU868,False
2026-05-28 09:08:23.419322+00:00,stratolink-3-eu,EU,STALE,40.5546212,-6.6065457,10016.0,7,868300000.0,mtcdtip02-l4e1-7,,,,-114.0,-3.2,False,,,,,False,EU868,False
2026-05-28 09:08:23.419322+00:00,stratolink-3-eu,EU,STALE,40.5546212,-6.6065457,10016.0,7,868300000.0,ext-sg50-015,,,,-113.0,3.2,False,,,,,False,EU868,False
2026-05-28 09:08:23.419322+00:00,stratolink-3-eu,EU,STALE,40.5546212,-6.6065457,10016.0,7,868300000.0,d401c3ffff6d00a4,,,,-113.0,-0.75,False,,,,,False,EU868,False
2026-05-28 09:08:23.419322+00:00,stratolink-3-eu,EU,STALE,40.5546212,-6.6065457,10016.0,7,868300000.0,mtcdtip02-l4e1-9,,,,-101.0,7.2,False,,,,,False,EU868,False
2026-05-28 09:08:23.419322+00:00,stratolink-3-eu,EU,STALE,40.5546212,-6.6065457,10016.0,7,868300000.0,mtcdtip02-l4e1-3,,,,-105.0,3.8,False,,,,,False,EU868,False
2026-05-28 09:08:23.419322+00:00,stratolink-3-eu,EU,STALE,40.5546212,-6.6065457,10016.0,7,868300000.0,cicytex-ic003,,,,-107.0,-0.8,False,,,,,False,EU868,False
2026-05-28 09:08:23.419322+00:00,stratolink-3-eu,EU,STALE,40.5546212,-6.6065457,10016.0,7,868300000.0,ext-sg50-029,,,,-109.0,6.5,False,,,,,False,EU868,False
2026-05-28 09:08:23.419322+00:00,stratolink-3-eu,EU,STALE,40.5546212,-6.6065457,10016.0,7,868300000.0,mjv-casas,,,,-111.0,0.2,False,,,,,False,EU868,False
2026-05-28 09:08:23.419322+00:00,stratolink-3-eu,EU,STALE,40.5546212,-6.6065457,10016.0,7,868300000.0,cicytex-icmc-002,,,,-111.0,-6.3,False,,,,,False,EU868,False
2026-05-28 09:08:23.419322+00:00,stratolink-3-eu,EU,STALE,40.5546212,-6.6065457,10016.0,7,868300000.0,mtcdtip02-l4e1-1,,,,-110.0,-3.0,False,,,,,False,EU868,False
2026-05-28 09:08:23.419322+00:00,stratolink-3-eu,EU,STALE,40.5546212,-6.6065457,10016.0,7,868300000.0,mtcdtip02-l4e1-15,,,,-111.0,-0.8,False,,,,,False,EU868,False
2026-05-28 09:08:23.419322+00:00,stratolink-3-eu,EU,STALE,40.5546212,-6.6065457,10016.0,7,868300000.0,mtcdtip02-l4e1-5,,,,-111.0,-2.8,False,,,,,False,EU868,False
2026-05-28 09:08:23.419322+00:00,stratolink-3-eu,EU,STALE,40.5546212,-6.6065457,10016.0,7,868300000.0,adismonta-rak7289-alcuescar,,,,-112.0,-8.8,False,,,,,False,EU868,False
2026-05-28 09:08:23.419322+00:00,stratolink-3-eu,EU,STALE,40.5546212,-6.6065457,10016.0,7,868300000.0,ctaex-lora-one,,,,-113.0,-6.2,False,,,,,False,EU868,False
2026-05-28 09:08:23.419322+00:00,stratolink-3-eu,EU,STALE,40.5546212,-6.6065457,10016.0,7,868300000.0,cdtic-multitech-4,39.4920534590841,-6.57908320426941,391.0,-113.0,-2.5,False,118.17544228709082,118.66123423909391,4.120970589643302,5.1837464070524035,False,EU868,False
2026-05-28 09:08:23.419322+00:00,stratolink-3-eu,EU,STALE,40.5546212,-6.6065457,10016.0,7,868300000.0,jfmateos-rak7250-rioseco,39.9775352459947,-6.04510360141884,,-111.0,-0.25,False,79.91801575433334,80.60500346493858,6.778539063605505,7.497258053568435,False,EU868,False
2026-05-28 09:13:31.432696+00:00,stratolink-3-eu,EU,STALE,40.5546212,-6.6065457,10016.0,7,868500000.0,cicytex-unex-1,,,,-115.0,-7.5,False,,,,,False,EU868,False
2026-05-28 09:13:31.432696+00:00,stratolink-3-eu,EU,STALE,40.5546212,-6.6065457,10016.0,7,868500000.0,cdtic-multitech-4,39.4920534590841,-6.57908320426941,391.0,-114.0,-2.8,False,118.17544228709082,118.66123423909391,4.120970589643302,5.1837464070524035,False,EU868,False
2026-05-28 09:13:31.432696+00:00,stratolink-3-eu,EU,STALE,40.5546212,-6.6065457,10016.0,7,868500000.0,packetbroker,40.962541751597406,-5.675446072867432,,-115.0,-6.25,True,90.59526529695596,91.2172517874801,5.896474257039438,6.711215926425461,False,EU868,False
2026-05-28 09:13:31.432696+00:00,stratolink-3-eu,EU,STALE,40.5546212,-6.6065457,10016.0,7,868500000.0,ext-sg50-024,,,,-115.0,2.2,False,,,,,False,EU868,False
2026-05-28 09:13:31.432696+00:00,stratolink-3-eu,EU,STALE,40.5546212,-6.6065457,10016.0,7,868500000.0,ext-sg50-027,,,,-115.0,-8.2,False,,,,,False,EU868,False
2026-05-28 09:13:31.432696+00:00,stratolink-3-eu,EU,STALE,40.5546212,-6.6065457,10016.0,7,868500000.0,ext-sg50-015,,,,-115.0,0.2,False,,,,,False,EU868,False
2026-05-28 09:13:31.432696+00:00,stratolink-3-eu,EU,STALE,40.5546212,-6.6065457,10016.0,7,868500000.0,italr0005,40.954279046747715,-4.142631590366364,,-121.0,-7.75,False,212.23666262946918,212.62964147981972,1.7452200048144442,3.653907531130604,False,EU868,False
2026-05-28 09:13:31.432696+00:00,stratolink-3-eu,EU,STALE,40.5546212,-6.6065457,10016.0,7,868500000.0,mitigasmart-cc,,,,-117.0,-4.2,False,,,,,False,EU868,False
2026-05-28 09:13:31.432696+00:00,stratolink-3-eu,EU,STALE,40.5546212,-6.6065457,10016.0,7,868500000.0,ext-sg50-013,,,,-117.0,-10.0,False,,,,,False,EU868,False
2026-05-28 09:13:31.432696+00:00,stratolink-3-eu,EU,STALE,40.5546212,-6.6065457,10016.0,7,868500000.0,ext-sg50-022,,,,-118.0,-5.0,False,,,,,False,EU868,False
2026-05-28 09:13:31.432696+00:00,stratolink-3-eu,EU,STALE,40.5546212,-6.6065457,10016.0,7,868500000.0,ext-sg50-028,,,,-118.0,-6.0,False,,,,,False,EU868,False
2026-05-28 09:13:31.432696+00:00,stratolink-3-eu,EU,STALE,40.5546212,-6.6065457,10016.0,7,868500000.0,sg50-eui-c0ba1ffffe004945,,,,-118.0,-5.5,False,,,,,False,EU868,False
2026-05-28 09:13:31.432696+00:00,stratolink-3-eu,EU,STALE,40.5546212,-6.6065457,10016.0,7,868500000.0,ext-dlos8-007,,,,-113.0,-9.0,False,,,,,False,EU868,False
2026-05-28 09:13:31.432696+00:00,stratolink-3-eu,EU,STALE,40.5546212,-6.6065457,10016.0,7,868500000.0,tef-mls-01,40.108033,-6.632828,297.0,-115.0,-1.0,False,49.70835874177939,50.688926716385666,10.830632987400474,11.277670380037994,False,EU868,False
2026-05-28 09:13:31.432696+00:00,stratolink-3-eu,EU,STALE,40.5546212,-6.6065457,10016.0,7,868500000.0,adismonta-rak7289-alcuescar,,,,-112.0,-5.5,False,,,,,False,EU868,False
2026-05-28 09:13:31.432696+00:00,stratolink-3-eu,EU,STALE,40.5546212,-6.6065457,10016.0,7,868500000.0,mtcdtip02-l4e1-7,,,,-111.0,-1.0,False,,,,,False,EU868,False
2026-05-28 09:13:31.432696+00:00,stratolink-3-eu,EU,STALE,40.5546212,-6.6065457,10016.0,7,868500000.0,mtcdtip02-l4e1-3,,,,-105.0,1.2,False,,,,,False,EU868,False
2026-05-28 09:13:31.432696+00:00,stratolink-3-eu,EU,STALE,40.5546212,-6.6065457,10016.0,7,868500000.0,mtcdtip02-l4e1-9,,,,-102.0,4.8,False,,,,,False,EU868,False
2026-05-28 09:13:31.432696+00:00,stratolink-3-eu,EU,STALE,40.5546212,-6.6065457,10016.0,7,868500000.0,mtcdtip02-l4e1-1,,,,-111.0,-5.2,False,,,,,False,EU868,False
2026-05-28 09:13:31.432696+00:00,stratolink-3-eu,EU,STALE,40.5546212,-6.6065457,10016.0,7,868500000.0,cicytex-ic003,,,,-107.0,0.8,False,,,,,False,EU868,False
2026-05-28 09:13:31.432696+00:00,stratolink-3-eu,EU,STALE,40.5546212,-6.6065457,10016.0,7,868500000.0,mjv-casas,,,,-109.0,-2.2,False,,,,,False,EU868,False
2026-05-28 09:13:31.432696+00:00,stratolink-3-eu,EU,STALE,40.5546212,-6.6065457,10016.0,7,868500000.0,dlps8-121,,,,-109.0,-8.8,False,,,,,False,EU868,False
2026-05-28 09:13:31.432696+00:00,stratolink-3-eu,EU,STALE,40.5546212,-6.6065457,10016.0,7,868500000.0,ctaex-lora-one,,,,-110.0,-8.5,False,,,,,False,EU868,False
2026-05-28 09:13:31.432696+00:00,stratolink-3-eu,EU,STALE,40.5546212,-6.6065457,10016.0,7,868500000.0,ext-sg50-029,,,,-109.0,5.5,False,,,,,False,EU868,False
2026-05-28 09:13:31.432696+00:00,stratolink-3-eu,EU,STALE,40.5546212,-6.6065457,10016.0,7,868500000.0,mtcdtip02-l4e1-15,,,,-110.0,-1.0,False,,,,,False,EU868,False
2026-05-28 09:13:31.432696+00:00,stratolink-3-eu,EU,STALE,40.5546212,-6.6065457,10016.0,7,868500000.0,d401c3ffff6d00a4,,,,-110.0,-0.5,False,,,,,False,EU868,False
2026-05-28 09:13:31.432696+00:00,stratolink-3-eu,EU,STALE,40.5546212,-6.6065457,10016.0,7,868500000.0,jfmateos-rak7250-rioseco,39.9775352459947,-6.04510360141884,,-111.0,-0.75,False,79.91801575433334,80.60500346493858,6.778539063605505,7.497258053568435,False,EU868,False
2026-05-28 09:13:31.432696+00:00,stratolink-3-eu,EU,STALE,40.5546212,-6.6065457,10016.0,7,868500000.0,mtcdtip02-l4e1-11,,,,-111.0,-6.8,False,,,,,False,EU868,False
2026-05-28 09:13:31.432696+00:00,stratolink-3-eu,EU,STALE,40.5546212,-6.6065457,10016.0,7,868500000.0,cdtic-multitech-5,40.0702558044694,-6.65818959474564,300.0,-111.0,2.8,False,54.036757372870724,54.94617850484821,9.941955438867222,10.427919001817136,False,EU868,False
2026-05-28 09:13:31.432696+00:00,stratolink-3-eu,EU,STALE,40.5546212,-6.6065457,10016.0,7,868500000.0,ext-sg50-018,,,,-111.0,,False,,,,,False,EU868,False
2026-05-28 09:13:31.432696+00:00,stratolink-3-eu,EU,STALE,40.5546212,-6.6065457,10016.0,7,868500000.0,mtcdtip02-l4e1-5,,,,-110.0,-1.8,False,,,,,False,EU868,False
2026-05-28 09:18:39.689468+00:00,stratolink-3-eu,EU,STALE,40.5546212,-6.6065457,10016.0,7,868100000.0,ext-sg50-028,,,,-116.0,-1.2,False,,,,,False,EU868,False
2026-05-28 09:18:39.689468+00:00,stratolink-3-eu,EU,STALE,40.5546212,-6.6065457,10016.0,7,868100000.0,mtcdtip02-l4e1-7,,,,-114.0,0.8,False,,,,,False,EU868,False
2026-05-28 09:18:39.689468+00:00,stratolink-3-eu,EU,STALE,40.5546212,-6.6065457,10016.0,7,868100000.0,cdtic-multitech-5,40.0702558044694,-6.65818959474564,300.0,-114.0,-1.0,False,54.036757372870724,54.94617850484821,9.941955438867222,10.427919001817136,False,EU868,False
2026-05-28 09:18:39.689468+00:00,stratolink-3-eu,EU,STALE,40.5546212,-6.6065457,10016.0,7,868100000.0,packetbroker,40.962541751597406,-5.675446072867432,,-116.0,-6.25,True,90.59526529695596,91.2172517874801,5.896474257039438,6.711215926425461,False,EU868,False
2026-05-28 09:18:39.689468+00:00,stratolink-3-eu,EU,STALE,40.5546212,-6.6065457,10016.0,7,868100000.0,ext-sg50-024,,,,-116.0,1.8,False,,,,,False,EU868,False
2026-05-28 09:18:39.689468+00:00,stratolink-3-eu,EU,STALE,40.5546212,-6.6065457,10016.0,7,868100000.0,mtcdtip02-l4e1-4,,,,-114.0,-5.8,False,,,,,False,EU868,False
2026-05-28 09:18:39.689468+00:00,stratolink-3-eu,EU,STALE,40.5546212,-6.6065457,10016.0,7,868100000.0,mitigasmart-cc,,,,-118.0,-4.5,False,,,,,False,EU868,False
2026-05-28 09:18:39.689468+00:00,stratolink-3-eu,EU,STALE,40.5546212,-6.6065457,10016.0,7,868100000.0,tef-mls-01,40.108033,-6.632828,297.0,-118.0,-2.0,False,49.70835874177939,50.688926716385666,10.830632987400474,11.277670380037994,False,EU868,False
2026-05-28 09:18:39.689468+00:00,stratolink-3-eu,EU,STALE,40.5546212,-6.6065457,10016.0,7,868100000.0,sg50-eui-c0ba1ffffe004945,,,,-119.0,-6.0,False,,,,,False,EU868,False
2026-05-28 09:18:39.689468+00:00,stratolink-3-eu,EU,STALE,40.5546212,-6.6065457,10016.0,7,868100000.0,ext-sg50-022,,,,-120.0,-6.5,False,,,,,False,EU868,False
2026-05-28 09:18:39.689468+00:00,stratolink-3-eu,EU,STALE,40.5546212,-6.6065457,10016.0,7,868100000.0,cdtic-multitech-4,39.4920534590841,-6.57908320426941,391.0,-116.0,-3.0,False,118.17544228709082,118.66123423909391,4.120970589643302,5.1837464070524035,False,EU868,False
2026-05-28 09:18:39.689468+00:00,stratolink-3-eu,EU,STALE,40.5546212,-6.6065457,10016.0,7,868100000.0,mtcdtip02-l4e1-15,,,,-113.0,1.2,False,,,,,False,EU868,False
2026-05-28 09:18:39.689468+00:00,stratolink-3-eu,EU,STALE,40.5546212,-6.6065457,10016.0,7,868100000.0,mtcdtip02-l4e1-16,,,,-114.0,-3.0,False,,,,,False,EU868,False
2026-05-28 09:18:39.689468+00:00,stratolink-3-eu,EU,STALE,40.5546212,-6.6065457,10016.0,7,868100000.0,mtcdtip02-l4e1-9,,,,-104.0,5.0,False,,,,,False,EU868,False
2026-05-28 09:18:39.689468+00:00,stratolink-3-eu,EU,STALE,40.5546212,-6.6065457,10016.0,7,868100000.0,jfmateos-rak7250-rioseco,39.9775352459947,-6.04510360141884,,-113.0,-1.25,False,79.91801575433334,80.60500346493858,6.778539063605505,7.497258053568435,False,EU868,False
2026-05-28 09:18:39.689468+00:00,stratolink-3-eu,EU,STALE,40.5546212,-6.6065457,10016.0,7,868100000.0,ext-sg50-015,,,,-112.0,4.5,False,,,,,False,EU868,False
2026-05-28 09:18:39.689468+00:00,stratolink-3-eu,EU,STALE,40.5546212,-6.6065457,10016.0,7,868100000.0,ext-sg50-029,,,,-112.0,0.5,False,,,,,False,EU868,False
2026-05-28 09:18:39.689468+00:00,stratolink-3-eu,EU,STALE,40.5546212,-6.6065457,10016.0,7,868100000.0,adismonta-rak7289-alcuescar,,,,-112.0,-7.0,False,,,,,False,EU868,False
2026-05-28 09:18:39.689468+00:00,stratolink-3-eu,EU,STALE,40.5546212,-6.6065457,10016.0,7,868100000.0,mtcdtip02-l4e1-1,,,,-111.0,-5.2,False,,,,,False,EU868,False
2026-05-28 09:18:39.689468+00:00,stratolink-3-eu,EU,STALE,40.5546212,-6.6065457,10016.0,7,868100000.0,mjv-casas,,,,-111.0,-0.8,False,,,,,False,EU868,False
2026-05-28 09:18:39.689468+00:00,stratolink-3-eu,EU,STALE,40.5546212,-6.6065457,10016.0,7,868100000.0,d401c3ffff6d00a4,,,,-110.0,-1.75,False,,,,,False,EU868,False
2026-05-28 09:18:39.689468+00:00,stratolink-3-eu,EU,STALE,40.5546212,-6.6065457,10016.0,7,868100000.0,cicytex-icmc-002,,,,-109.0,-8.0,False,,,,,False,EU868,False
2026-05-28 09:18:39.689468+00:00,stratolink-3-eu,EU,STALE,40.5546212,-6.6065457,10016.0,7,868100000.0,cicytex-ic003,,,,-107.0,,False,,,,,False,EU868,False
2026-05-28 09:18:39.689468+00:00,stratolink-3-eu,EU,STALE,40.5546212,-6.6065457,10016.0,7,868100000.0,mtcdtip02-l4e1-3,,,,-103.0,2.8,False,,,,,False,EU868,False
2026-05-28 09:18:39.689468+00:00,stratolink-3-eu,EU,STALE,40.5546212,-6.6065457,10016.0,7,868100000.0,mtcdtip02-l4e1-5,,,,-113.0,-1.2,False,,,,,False,EU868,False
2026-05-28 09:22:25.132759+00:00,stratolink-3-eu,EU,FRESH,40.6257961,-6.428663,10009.0,7,868100000.0,packetbroker,40.962541751597406,-5.675446072867432,,-116.0,-4.0,True,73.63739668553853,74.37139657481511,7.403161798178406,8.065397901887811,True,EU868,False
2026-05-28 09:22:25.132759+00:00,stratolink-3-eu,EU,FRESH,40.6257961,-6.428663,10009.0,7,868100000.0,cdtic-multitech-4,39.4920534590841,-6.57908320426941,391.0,-116.0,-0.5,False,126.71486734239434,127.1803668330496,3.767126097580384,4.906698703457173,True,EU868,False
2026-05-28 09:22:25.132759+00:00,stratolink-3-eu,EU,FRESH,40.6257961,-6.428663,10009.0,7,868100000.0,ext-sg50-024,,,,-116.0,2.0,False,,,,,True,EU868,False
2026-05-28 09:22:25.132759+00:00,stratolink-3-eu,EU,FRESH,40.6257961,-6.428663,10009.0,7,868100000.0,ext-sg50-022,,,,-119.0,-3.5,False,,,,,True,EU868,False
2026-05-28 09:22:25.132759+00:00,stratolink-3-eu,EU,FRESH,40.6257961,-6.428663,10009.0,7,868100000.0,mitigasmart-cc,,,,-118.0,-7.0,False,,,,,True,EU868,False
2026-05-28 09:22:25.132759+00:00,stratolink-3-eu,EU,FRESH,40.6257961,-6.428663,10009.0,7,868100000.0,sg50-eui-c0ba1ffffe004945,,,,-119.0,-5.5,False,,,,,True,EU868,False
2026-05-28 09:22:25.132759+00:00,stratolink-3-eu,EU,FRESH,40.6257961,-6.428663,10009.0,7,868100000.0,niharramikrotik,40.589325292876616,-4.838257133960725,1131.0,-116.0,-8.25,False,134.31778160937742,134.7255244786066,3.1741707174824296,4.382117879598918,True,EU868,False
2026-05-28 09:22:25.132759+00:00,stratolink-3-eu,EU,FRESH,40.6257961,-6.428663,10009.0,7,868100000.0,ext-sg50-028,,,,-117.0,-2.2,False,,,,,True,EU868,False
2026-05-28 09:22:25.132759+00:00,stratolink-3-eu,EU,FRESH,40.6257961,-6.428663,10009.0,7,868100000.0,mtcdtip02-l4e1-15,,,,-113.0,1.2,False,,,,,True,EU868,False
2026-05-28 09:22:25.132759+00:00,stratolink-3-eu,EU,FRESH,40.6257961,-6.428663,10009.0,7,868100000.0,eui-fcc23dfffe2de1ed,,,,-117.0,-3.75,False,,,,,True,EU868,False
2026-05-28 09:22:25.132759+00:00,stratolink-3-eu,EU,FRESH,40.6257961,-6.428663,10009.0,7,868100000.0,ext-sg50-029,,,,-112.0,4.2,False,,,,,True,EU868,False
2026-05-28 09:22:25.132759+00:00,stratolink-3-eu,EU,FRESH,40.6257961,-6.428663,10009.0,7,868100000.0,mtcdtip02-l4e1-7,,,,-113.0,-0.8,False,,,,,True,EU868,False
2026-05-28 09:22:25.132759+00:00,stratolink-3-eu,EU,FRESH,40.6257961,-6.428663,10009.0,7,868100000.0,mtcdtip02-l4e1-9,,,,-107.0,4.8,False,,,,,True,EU868,False
2026-05-28 09:22:25.132759+00:00,stratolink-3-eu,EU,FRESH,40.6257961,-6.428663,10009.0,7,868100000.0,mjv-casas,,,,-110.0,-1.0,False,,,,,True,EU868,False
2026-05-28 09:22:25.132759+00:00,stratolink-3-eu,EU,FRESH,40.6257961,-6.428663,10009.0,7,868100000.0,cicytex-icmc-002,,,,-110.0,-7.8,False,,,,,True,EU868,False
2026-05-28 09:22:25.132759+00:00,stratolink-3-eu,EU,FRESH,40.6257961,-6.428663,10009.0,7,868100000.0,mtcdtip02-l4e1-3,,,,-105.0,2.0,False,,,,,True,EU868,False
2026-05-28 09:22:25.132759+00:00,stratolink-3-eu,EU,FRESH,40.6257961,-6.428663,10009.0,7,868100000.0,jfmateos-rak7250-rioseco,39.9775352459947,-6.04510360141884,,-111.0,-5.0,False,79.08213213871244,79.77410876714855,6.851971712150553,7.56317343054187,True,EU868,False
2026-05-28 09:22:25.132759+00:00,stratolink-3-eu,EU,FRESH,40.6257961,-6.428663,10009.0,7,868100000.0,adismonta-rak7289-alcuescar,,,,-112.0,-6.2,False,,,,,True,EU868,False
2026-05-28 09:22:25.132759+00:00,stratolink-3-eu,EU,FRESH,40.6257961,-6.428663,10009.0,7,868100000.0,ext-sg50-015,,,,-112.0,4.8,False,,,,,True,EU868,False
2026-05-28 09:27:33.324738+00:00,stratolink-3-eu,EU,STALE,40.6257961,-6.428663,10009.0,7,868300000.0,ext-sg50-015,,,,-113.0,3.0,False,,,,,False,EU868,False
2026-05-28 09:27:33.324738+00:00,stratolink-3-eu,EU,STALE,40.6257961,-6.428663,10009.0,7,868300000.0,ext-sg50-024,,,,-118.0,-2.5,False,,,,,False,EU868,False
2026-05-28 09:27:33.324738+00:00,stratolink-3-eu,EU,STALE,40.6257961,-6.428663,10009.0,7,868300000.0,qtaseixoa1,41.168191098992914,-7.5545961859461395,,-118.0,-7.25,False,112.21895087634549,112.75074703753846,4.588107352363229,5.59731522955185,False,EU868,False
2026-05-28 09:27:33.324738+00:00,stratolink-3-eu,EU,STALE,40.6257961,-6.428663,10009.0,7,868300000.0,ext-sg50-022,,,,-117.0,-3.5,False,,,,,False,EU868,False
2026-05-28 09:27:33.324738+00:00,stratolink-3-eu,EU,STALE,40.6257961,-6.428663,10009.0,7,868300000.0,niharramikrotik,40.589325292876616,-4.838257133960725,1131.0,-115.0,-7.25,False,134.31778160937742,134.7255244786066,3.1741707174824296,4.382117879598918,False,EU868,False
2026-05-28 09:27:33.324738+00:00,stratolink-3-eu,EU,STALE,40.6257961,-6.428663,10009.0,7,868300000.0,mtcdtip02-l4e1-15,,,,-114.0,-0.8,False,,,,,False,EU868,False
2026-05-28 09:27:33.324738+00:00,stratolink-3-eu,EU,STALE,40.6257961,-6.428663,10009.0,7,868300000.0,quintaleda,41.0044688820461,-7.01952618357344,260.0,-114.0,-6.5,False,65.15676802509473,65.93370542669904,8.209871878348943,8.795839961542514,False,EU868,False
2026-05-28 09:27:33.324738+00:00,stratolink-3-eu,EU,STALE,40.6257961,-6.428663,10009.0,7,868300000.0,ext-sg50-011,,,,-119.0,-8.8,False,,,,,False,EU868,False
2026-05-28 09:27:33.324738+00:00,stratolink-3-eu,EU,STALE,40.6257961,-6.428663,10009.0,7,868300000.0,mtcdtip02-l4e1-5,,,,-113.0,-6.2,False,,,,,False,EU868,False
2026-05-28 09:27:33.324738+00:00,stratolink-3-eu,EU,STALE,40.6257961,-6.428663,10009.0,7,868300000.0,jfmateos-rak7250-rioseco,39.9775352459947,-6.04510360141884,,-112.0,-3.75,False,79.08213213871244,79.77410876714855,6.851971712150553,7.56317343054187,False,EU868,False
2026-05-28 09:27:33.324738+00:00,stratolink-3-eu,EU,STALE,40.6257961,-6.428663,10009.0,7,868300000.0,mjv-casas,,,,-113.0,-2.5,False,,,,,False,EU868,False
2026-05-28 09:27:33.324738+00:00,stratolink-3-eu,EU,STALE,40.6257961,-6.428663,10009.0,7,868300000.0,packetbroker,40.962541751597406,-5.675446072867432,,-112.0,-2.5,True,73.63739668553853,74.37139657481511,7.403161798178406,8.065397901887811,False,EU868,False
2026-05-28 09:27:33.324738+00:00,stratolink-3-eu,EU,STALE,40.6257961,-6.428663,10009.0,7,868300000.0,mtcdtip02-l4e1-7,,,,-109.0,-1.8,False,,,,,False,EU868,False
2026-05-28 09:27:33.324738+00:00,stratolink-3-eu,EU,STALE,40.6257961,-6.428663,10009.0,7,868300000.0,cicytex-ic003,,,,-109.0,-6.2,False,,,,,False,EU868,False
2026-05-28 09:27:33.324738+00:00,stratolink-3-eu,EU,STALE,40.6257961,-6.428663,10009.0,7,868300000.0,mtcdtip02-l4e1-3,,,,-108.0,0.2,False,,,,,False,EU868,False
2026-05-28 09:27:33.324738+00:00,stratolink-3-eu,EU,STALE,40.6257961,-6.428663,10009.0,7,868300000.0,d401c3ffff6d00a4,,,,-108.0,-1.0,False,,,,,False,EU868,False
2026-05-28 09:27:33.324738+00:00,stratolink-3-eu,EU,STALE,40.6257961,-6.428663,10009.0,7,868300000.0,mtcdtip02-l4e1-9,,,,-103.0,4.5,False,,,,,False,EU868,False
2026-05-28 09:27:33.324738+00:00,stratolink-3-eu,EU,STALE,40.6257961,-6.428663,10009.0,7,868300000.0,mtcdtip02-l4e1-16,,,,-113.0,-7.5,False,,,,,False,EU868,False
2026-05-28 09:32:41.301462+00:00,stratolink-3-eu,EU,STALE,40.6257961,-6.428663,10009.0,7,868500000.0,meceiot-004-5030354163554750,40.5481739449056,-5.16353885114368,1550.0,-116.0,-6.75,False,107.17888454101507,107.60781816194415,4.026545352022279,4.990426886312135,False,EU868,False
2026-05-28 09:32:41.301462+00:00,stratolink-3-eu,EU,STALE,40.6257961,-6.428663,10009.0,7,868500000.0,mtcdtip02-l4e1-15,,,,-115.0,-6.8,False,,,,,False,EU868,False
2026-05-28 09:32:41.301462+00:00,stratolink-3-eu,EU,STALE,40.6257961,-6.428663,10009.0,7,868500000.0,ext-sg50-029,,,,-115.0,-0.8,False,,,,,False,EU868,False
2026-05-28 09:32:41.301462+00:00,stratolink-3-eu,EU,STALE,40.6257961,-6.428663,10009.0,7,868500000.0,mitigasmart-cc,,,,-118.0,-9.8,False,,,,,False,EU868,False
2026-05-28 09:32:41.301462+00:00,stratolink-3-eu,EU,STALE,40.6257961,-6.428663,10009.0,7,868500000.0,packetbroker,40.962758045083945,-5.675633842073217,,-115.0,-5.75,True,73.6359324656191,74.36994456081506,7.403320316988313,8.065543252669633,False,EU868,False
2026-05-28 09:32:41.301462+00:00,stratolink-3-eu,EU,STALE,40.6257961,-6.428663,10009.0,7,868500000.0,ext-sg50-022,,,,-119.0,-7.5,False,,,,,False,EU868,False
2026-05-28 09:32:41.301462+00:00,stratolink-3-eu,EU,STALE,40.6257961,-6.428663,10009.0,7,868500000.0,ext-sg50-024,,,,-119.0,-6.2,False,,,,,False,EU868,False
2026-05-28 09:32:41.301462+00:00,stratolink-3-eu,EU,STALE,40.6257961,-6.428663,10009.0,7,868500000.0,ext-sg50-023,,,,-119.0,-7.2,False,,,,,False,EU868,False
2026-05-28 09:32:41.301462+00:00,stratolink-3-eu,EU,STALE,40.6257961,-6.428663,10009.0,7,868500000.0,italr0005,40.954279046747715,-4.142631590366364,,-119.0,-5.75,False,195.88281833147107,196.28426214013473,2.0417625947977536,3.803376669090203,False,EU868,False
2026-05-28 09:32:41.301462+00:00,stratolink-3-eu,EU,STALE,40.6257961,-6.428663,10009.0,7,868500000.0,5031395365454751,42.195765,-6.006521,8.0,-115.0,-7.5,False,178.0863879551528,178.50091836688733,2.410736343424119,4.0123034953262025,False,EU868,False
2026-05-28 09:32:41.301462+00:00,stratolink-3-eu,EU,STALE,40.6257961,-6.428663,10009.0,7,868500000.0,mtcdtip02-l4e1-9,,,,-104.0,2.0,False,,,,,False,EU868,False
2026-05-28 09:32:41.301462+00:00,stratolink-3-eu,EU,STALE,40.6257961,-6.428663,10009.0,7,868500000.0,d401c3ffff6d00a4,,,,-114.0,-3.5,False,,,,,False,EU868,False
2026-05-28 09:32:41.301462+00:00,stratolink-3-eu,EU,STALE,40.6257961,-6.428663,10009.0,7,868500000.0,ext-sg50-015,,,,-114.0,0.2,False,,,,,False,EU868,False
2026-05-28 09:32:41.301462+00:00,stratolink-3-eu,EU,STALE,40.6257961,-6.428663,10009.0,7,868500000.0,cdtic-multitech-4,39.4920534590841,-6.57908320426941,391.0,-114.0,-7.5,False,126.71486734239434,127.1803668330496,3.767126097580384,4.906698703457173,False,EU868,False
2026-05-28 09:32:41.301462+00:00,stratolink-3-eu,EU,STALE,40.6257961,-6.428663,10009.0,7,868500000.0,niharramikrotik,40.589325292876616,-4.838257133960725,1131.0,-114.0,-2.5,False,134.31778160937742,134.7255244786066,3.1741707174824296,4.382117879598918,False,EU868,False
2026-05-28 09:32:41.301462+00:00,stratolink-3-eu,EU,STALE,40.6257961,-6.428663,10009.0,7,868500000.0,jfmateos-rak7250-rioseco,39.9775352459947,-6.04510360141884,,-113.0,-7.25,False,79.08213213871244,79.77410876714855,6.851971712150553,7.56317343054187,False,EU868,False
2026-05-28 09:32:41.301462+00:00,stratolink-3-eu,EU,STALE,40.6257961,-6.428663,10009.0,7,868500000.0,lora-more,41.81858911263017,-6.7508557295156235,674.0,-113.0,-4.8,False,135.34213528228818,135.7743123011122,3.3336103579590004,4.5507697412525046,False,EU868,False
2026-05-28 09:32:41.301462+00:00,stratolink-3-eu,EU,STALE,40.6257961,-6.428663,10009.0,7,868500000.0,packetbroker,40.962541751597406,-5.675446072867432,,-111.0,-1.25,True,73.63739668553853,74.37139657481511,7.403161798178406,8.065397901887811,False,EU868,False
2026-05-28 09:32:41.301462+00:00,stratolink-3-eu,EU,STALE,40.6257961,-6.428663,10009.0,7,868500000.0,cicytex-ic003,,,,-110.0,-9.0,False,,,,,False,EU868,False
2026-05-28 09:32:41.301462+00:00,stratolink-3-eu,EU,STALE,40.6257961,-6.428663,10009.0,7,868500000.0,mtcdtip02-l4e1-3,,,,-107.0,-6.5,False,,,,,False,EU868,False
2026-05-28 09:32:41.301462+00:00,stratolink-3-eu,EU,STALE,40.6257961,-6.428663,10009.0,7,868500000.0,mjv-casas,,,,-115.0,-4.0,False,,,,,False,EU868,False
2026-05-28 09:37:49.327955+00:00,stratolink-3-eu,EU,STALE,40.6257961,-6.428663,10009.0,7,868100000.0,ext-sg50-015,,,,-117.0,-5.2,False,,,,,False,EU868,False
2026-05-28 09:37:49.327955+00:00,stratolink-3-eu,EU,STALE,40.6257961,-6.428663,10009.0,7,868100000.0,sg50-eui-c0ba1ffffe004945,,,,-118.0,-4.0,False,,,,,False,EU868,False
2026-05-28 09:37:49.327955+00:00,stratolink-3-eu,EU,STALE,40.6257961,-6.428663,10009.0,7,868100000.0,v3-eui-b827ebfffebf1f02,40.13814,-7.50059,600.0,-119.0,-5.5,False,105.75302120153279,106.25722709233943,4.604448555082282,5.555507010001736,False,EU868,False
2026-05-28 09:37:49.327955+00:00,stratolink-3-eu,EU,STALE,40.6257961,-6.428663,10009.0,7,868100000.0,italr0005,40.954279046747715,-4.142631590366364,,-119.0,-4.75,False,195.88281833147107,196.28426214013473,2.0417625947977536,3.803376669090203,False,EU868,False
2026-05-28 09:37:49.327955+00:00,stratolink-3-eu,EU,STALE,40.6257961,-6.428663,10009.0,7,868100000.0,ext-sg50-024,,,,-119.0,-5.0,False,,,,,False,EU868,False
2026-05-28 09:37:49.327955+00:00,stratolink-3-eu,EU,STALE,40.6257961,-6.428663,10009.0,7,868100000.0,eui-7076ff0056081d63,,,,-122.0,-7.0,False,,,,,False,EU868,False
2026-05-28 09:37:49.327955+00:00,stratolink-3-eu,EU,STALE,40.6257961,-6.428663,10009.0,7,868100000.0,mitigasmart-cc,,,,-119.0,-9.5,False,,,,,False,EU868,False
2026-05-28 09:37:49.327955+00:00,stratolink-3-eu,EU,STALE,40.6257961,-6.428663,10009.0,7,868100000.0,sg50-perte-malpica-05,,,,-119.0,-7.5,False,,,,,False,EU868,False
2026-05-28 09:37:49.327955+00:00,stratolink-3-eu,EU,STALE,40.6257961,-6.428663,10009.0,7,868100000.0,ext-sg50-022,,,,-120.0,-7.2,False,,,,,False,EU868,False
2026-05-28 09:37:49.327955+00:00,stratolink-3-eu,EU,STALE,40.6257961,-6.428663,10009.0,7,868100000.0,cdtic-multitech-5,40.0702558044694,-6.65818959474564,300.0,-117.0,-5.5,False,64.76329354194009,65.53853693501384,8.227933673102894,8.810363160143899,False,EU868,False
2026-05-28 09:37:49.327955+00:00,stratolink-3-eu,EU,STALE,40.6257961,-6.428663,10009.0,7,868100000.0,ext-sg50-028,,,,-119.0,-9.5,False,,,,,False,EU868,False
2026-05-28 09:37:49.327955+00:00,stratolink-3-eu,EU,STALE,40.6257961,-6.428663,10009.0,7,868100000.0,packetbroker,40.962758045083945,-5.675633842073217,,-117.0,-7.25,True,73.6359324656191,74.36994456081506,7.403320316988313,8.065543252669633,False,EU868,False
2026-05-28 09:37:49.327955+00:00,stratolink-3-eu,EU,STALE,40.6257961,-6.428663,10009.0,7,868100000.0,gateway-ttn-etsii-usal,40.3852372549182,-5.760759661242656,950.0,-115.0,-8.25,False,62.48366445383774,63.18986579541666,7.961350374101713,8.523278692535976,False,EU868,False
2026-05-28 09:37:49.327955+00:00,stratolink-3-eu,EU,STALE,40.6257961,-6.428663,10009.0,7,868100000.0,mtcdtip02-l4e1-3,,,,-104.0,2.2,False,,,,,False,EU868,False
2026-05-28 09:37:49.327955+00:00,stratolink-3-eu,EU,STALE,40.6257961,-6.428663,10009.0,7,868100000.0,mtcdtip02-l4e1-15,,,,-115.0,-1.5,False,,,,,False,EU868,False
2026-05-28 09:37:49.327955+00:00,stratolink-3-eu,EU,STALE,40.6257961,-6.428663,10009.0,7,868100000.0,mtcdtip02-l4e1-7,,,,-115.0,-5.0,False,,,,,False,EU868,False
2026-05-28 09:37:49.327955+00:00,stratolink-3-eu,EU,STALE,40.6257961,-6.428663,10009.0,7,868100000.0,cdtic-multitech-4,39.4920534590841,-6.57908320426941,391.0,-114.0,-2.0,False,126.71486734239434,127.1803668330496,3.767126097580384,4.906698703457173,False,EU868,False
2026-05-28 09:37:49.327955+00:00,stratolink-3-eu,EU,STALE,40.6257961,-6.428663,10009.0,7,868100000.0,ext-sg50-029,,,,-113.0,3.0,False,,,,,False,EU868,False
2026-05-28 09:37:49.327955+00:00,stratolink-3-eu,EU,STALE,40.6257961,-6.428663,10009.0,7,868100000.0,mtcdtip02-l4e1-5,,,,-113.0,-2.2,False,,,,,False,EU868,False
2026-05-28 09:37:49.327955+00:00,stratolink-3-eu,EU,STALE,40.6257961,-6.428663,10009.0,7,868100000.0,jfmateos-rak7250-rioseco,39.9775352459947,-6.04510360141884,,-113.0,-4.25,False,79.08213213871244,79.77410876714855,6.851971712150553,7.56317343054187,False,EU868,False
2026-05-28 09:37:49.327955+00:00,stratolink-3-eu,EU,STALE,40.6257961,-6.428663,10009.0,7,868100000.0,packetbroker,40.962541751597406,-5.675446072867432,,-112.0,1.25,True,73.63739668553853,74.37139657481511,7.403161798178406,8.065397901887811,False,EU868,False
2026-05-28 09:37:49.327955+00:00,stratolink-3-eu,EU,STALE,40.6257961,-6.428663,10009.0,7,868100000.0,mtcdtip02-l4e1-1,,,,-111.0,-6.2,False,,,,,False,EU868,False
2026-05-28 09:37:49.327955+00:00,stratolink-3-eu,EU,STALE,40.6257961,-6.428663,10009.0,7,868100000.0,niharramikrotik,40.589325292876616,-4.838257133960725,1131.0,-116.0,-1.0,False,134.31778160937742,134.7255244786066,3.1741707174824296,4.382117879598918,False,EU868,False
2026-05-28 09:37:49.327955+00:00,stratolink-3-eu,EU,STALE,40.6257961,-6.428663,10009.0,7,868100000.0,mtcdtip02-l4e1-9,,,,-104.0,5.5,False,,,,,False,EU868,False
2026-05-28 09:42:57.275987+00:00,stratolink-3-eu,EU,STALE,40.6257961,-6.428663,10009.0,7,868300000.0,mtcdtip02-l4e1-7,,,,-114.0,-3.2,False,,,,,False,EU868,False
2026-05-28 09:42:57.275987+00:00,stratolink-3-eu,EU,STALE,40.6257961,-6.428663,10009.0,7,868300000.0,mtcdtip02-l4e1-5,,,,-115.0,-4.8,False,,,,,False,EU868,False
2026-05-28 09:42:57.275987+00:00,stratolink-3-eu,EU,STALE,40.6257961,-6.428663,10009.0,7,868300000.0,ext-sg50-024,,,,-117.0,-1.2,False,,,,,False,EU868,False
2026-05-28 09:42:57.275987+00:00,stratolink-3-eu,EU,STALE,40.6257961,-6.428663,10009.0,7,868300000.0,niharramikrotik,40.589325292876616,-4.838257133960725,1131.0,-114.0,-6.25,False,134.31778160937742,134.7255244786066,3.1741707174824296,4.382117879598918,False,EU868,False
2026-05-28 09:42:57.275987+00:00,stratolink-3-eu,EU,STALE,40.6257961,-6.428663,10009.0,7,868300000.0,ext-sg50-022,,,,-119.0,-3.8,False,,,,,False,EU868,False
2026-05-28 09:42:57.275987+00:00,stratolink-3-eu,EU,STALE,40.6257961,-6.428663,10009.0,7,868300000.0,sg50-eui-c0ba1ffffe004945,,,,-118.0,-7.8,False,,,,,False,EU868,False
2026-05-28 09:42:57.275987+00:00,stratolink-3-eu,EU,STALE,40.6257961,-6.428663,10009.0,7,868300000.0,ext-sg50-028,,,,-118.0,-6.5,False,,,,,False,EU868,False
2026-05-28 09:42:57.275987+00:00,stratolink-3-eu,EU,STALE,40.6257961,-6.428663,10009.0,7,868300000.0,mjv-casas,,,,-114.0,-2.2,False,,,,,False,EU868,False
2026-05-28 09:42:57.275987+00:00,stratolink-3-eu,EU,STALE,40.6257961,-6.428663,10009.0,7,868300000.0,mitigasmart-cc,,,,-118.0,-8.5,False,,,,,False,EU868,False
2026-05-28 09:42:57.275987+00:00,stratolink-3-eu,EU,STALE,40.6257961,-6.428663,10009.0,7,868300000.0,d401c3ffff6d00a4,,,,-113.0,-0.5,False,,,,,False,EU868,False
2026-05-28 09:42:57.275987+00:00,stratolink-3-eu,EU,STALE,40.6257961,-6.428663,10009.0,7,868300000.0,jfmateos-rak7250-rioseco,39.9775352459947,-6.04510360141884,,-112.0,-2.5,False,79.08213213871244,79.77410876714855,6.851971712150553,7.56317343054187,False,EU868,False
2026-05-28 09:42:57.275987+00:00,stratolink-3-eu,EU,STALE,40.6257961,-6.428663,10009.0,7,868300000.0,cicytex-icmc-002,,,,-112.0,-7.8,False,,,,,False,EU868,False
2026-05-28 09:42:57.275987+00:00,stratolink-3-eu,EU,STALE,40.6257961,-6.428663,10009.0,7,868300000.0,ext-sg50-029,,,,-111.0,4.8,False,,,,,False,EU868,False
2026-05-28 09:42:57.275987+00:00,stratolink-3-eu,EU,STALE,40.6257961,-6.428663,10009.0,7,868300000.0,mtcdtip02-l4e1-15,,,,-111.0,0.8,False,,,,,False,EU868,False
2026-05-28 09:42:57.275987+00:00,stratolink-3-eu,EU,STALE,40.6257961,-6.428663,10009.0,7,868300000.0,mtcdtip02-l4e1-3,,,,-109.0,-6.5,False,,,,,False,EU868,False
2026-05-28 09:42:57.275987+00:00,stratolink-3-eu,EU,STALE,40.6257961,-6.428663,10009.0,7,868300000.0,mtcdtip02-l4e1-9,,,,-102.0,4.2,False,,,,,False,EU868,False
2026-05-28 09:42:57.275987+00:00,stratolink-3-eu,EU,STALE,40.6257961,-6.428663,10009.0,7,868300000.0,ext-sg50-015,,,,-113.0,1.8,False,,,,,False,EU868,False
2026-05-28 09:48:05.634582+00:00,stratolink-3-eu,EU,STALE,40.6257961,-6.428663,10009.0,7,868500000.0,packetbroker,40.962758045083945,-5.675633842073217,,-115.0,-3.75,True,73.6359324656191,74.36994456081506,7.403320316988313,8.065543252669633,False,EU868,False
2026-05-28 09:48:05.634582+00:00,stratolink-3-eu,EU,STALE,40.6257961,-6.428663,10009.0,7,868500000.0,mjv-casas,,,,-116.0,-7.0,False,,,,,False,EU868,False
2026-05-28 09:48:05.634582+00:00,stratolink-3-eu,EU,STALE,40.6257961,-6.428663,10009.0,7,868500000.0,cdtic-multitech-5,40.0702558044694,-6.65818959474564,300.0,-116.0,-2.2,False,64.76329354194009,65.53853693501384,8.227933673102894,8.810363160143899,False,EU868,False
2026-05-28 09:48:05.634582+00:00,stratolink-3-eu,EU,STALE,40.6257961,-6.428663,10009.0,7,868500000.0,mitigasmart-cc,,,,-118.0,-9.0,False,,,,,False,EU868,False
2026-05-28 09:48:05.634582+00:00,stratolink-3-eu,EU,STALE,40.6257961,-6.428663,10009.0,7,868500000.0,ext-sg50-024,,,,-118.0,-4.8,False,,,,,False,EU868,False
2026-05-28 09:48:05.634582+00:00,stratolink-3-eu,EU,STALE,40.6257961,-6.428663,10009.0,7,868500000.0,ext-sg50-028,,,,-118.0,-8.5,False,,,,,False,EU868,False
2026-05-28 09:48:05.634582+00:00,stratolink-3-eu,EU,STALE,40.6257961,-6.428663,10009.0,7,868500000.0,niharramikrotik,40.589325292876616,-4.838257133960725,1131.0,-115.0,-6.5,False,134.31778160937742,134.7255244786066,3.1741707174824296,4.382117879598918,False,EU868,False
2026-05-28 09:48:05.634582+00:00,stratolink-3-eu,EU,STALE,40.6257961,-6.428663,10009.0,7,868500000.0,ext-sg50-015,,,,-117.0,-2.8,False,,,,,False,EU868,False
2026-05-28 09:48:05.634582+00:00,stratolink-3-eu,EU,STALE,40.6257961,-6.428663,10009.0,7,868500000.0,mtcdtip02-l4e1-15,,,,-114.0,-3.5,False,,,,,False,EU868,False
2026-05-28 09:48:05.634582+00:00,stratolink-3-eu,EU,STALE,40.6257961,-6.428663,10009.0,7,868500000.0,packetbroker,40.962541751597406,-5.675446072867432,,-114.0,-1.0,True,73.63739668553853,74.37139657481511,7.403161798178406,8.065397901887811,False,EU868,False
2026-05-28 09:48:05.634582+00:00,stratolink-3-eu,EU,STALE,40.6257961,-6.428663,10009.0,7,868500000.0,cdtic-multitech-4,39.4920534590841,-6.57908320426941,391.0,-114.0,-6.5,False,126.71486734239434,127.1803668330496,3.767126097580384,4.906698703457173,False,EU868,False
2026-05-28 09:48:05.634582+00:00,stratolink-3-eu,EU,STALE,40.6257961,-6.428663,10009.0,7,868500000.0,packetbroker,42.3745405722791,-5.96814936380405,,-114.0,-7.75,True,198.196751110667,198.59675771531337,1.9972896961056812,3.7797134390843348,False,EU868,False
2026-05-28 09:48:05.634582+00:00,stratolink-3-eu,EU,STALE,40.6257961,-6.428663,10009.0,7,868500000.0,ext-sg50-029,,,,-112.0,3.0,False,,,,,False,EU868,False
2026-05-28 09:48:05.634582+00:00,stratolink-3-eu,EU,STALE,40.6257961,-6.428663,10009.0,7,868500000.0,lora-more,41.81858911263017,-6.7508557295156235,674.0,-112.0,-7.8,False,135.34213528228818,135.7743123011122,3.3336103579590004,4.5507697412525046,False,EU868,False
2026-05-28 09:48:05.634582+00:00,stratolink-3-eu,EU,STALE,40.6257961,-6.428663,10009.0,7,868500000.0,d401c3ffff6d00a4,,,,-111.0,,False,,,,,False,EU868,False
2026-05-28 09:48:05.634582+00:00,stratolink-3-eu,EU,STALE,40.6257961,-6.428663,10009.0,7,868500000.0,cicytex-ic003,,,,-109.0,-5.2,False,,,,,False,EU868,False
2026-05-28 09:48:05.634582+00:00,stratolink-3-eu,EU,STALE,40.6257961,-6.428663,10009.0,7,868500000.0,mtcdtip02-l4e1-3,,,,-108.0,-1.5,False,,,,,False,EU868,False
2026-05-28 09:48:05.634582+00:00,stratolink-3-eu,EU,STALE,40.6257961,-6.428663,10009.0,7,868500000.0,mtcdtip02-l4e1-9,,,,-104.0,4.0,False,,,,,False,EU868,False
2026-05-28 09:53:13.598918+00:00,stratolink-3-eu,EU,STALE,40.6257961,-6.428663,10009.0,7,868100000.0,italr0005,40.954279046747715,-4.142631590366364,,-122.0,-8.25,False,195.88281833147107,196.28426214013473,2.0417625947977536,3.803376669090203,False,EU868,False
2026-05-28 09:53:13.598918+00:00,stratolink-3-eu,EU,STALE,40.6257961,-6.428663,10009.0,7,868100000.0,mitigasmart-cc,,,,-119.0,-8.0,False,,,,,False,EU868,False
2026-05-28 09:53:13.598918+00:00,stratolink-3-eu,EU,STALE,40.6257961,-6.428663,10009.0,7,868100000.0,lora-more,41.81858911263017,-6.7508557295156235,674.0,-117.0,-6.8,False,135.34213528228818,135.7743123011122,3.3336103579590004,4.5507697412525046,False,EU868,False
2026-05-28 09:53:13.598918+00:00,stratolink-3-eu,EU,STALE,40.6257961,-6.428663,10009.0,7,868100000.0,meceiot-004-5030354163554750,40.5481739449056,-5.16353885114368,1550.0,-116.0,-7.0,False,107.17888454101507,107.60781816194415,4.026545352022279,4.990426886312135,False,EU868,False
2026-05-28 09:53:13.598918+00:00,stratolink-3-eu,EU,STALE,40.6257961,-6.428663,10009.0,7,868100000.0,d401c3ffff6d00a4,,,,-116.0,-4.25,False,,,,,False,EU868,False
2026-05-28 09:53:13.598918+00:00,stratolink-3-eu,EU,STALE,40.6257961,-6.428663,10009.0,7,868100000.0,cdtic-multitech-4,39.4920534590841,-6.57908320426941,391.0,-116.0,-7.2,False,126.71486734239434,127.1803668330496,3.767126097580384,4.906698703457173,False,EU868,False
2026-05-28 09:53:13.598918+00:00,stratolink-3-eu,EU,STALE,40.6257961,-6.428663,10009.0,7,868100000.0,cdtic-multitech-5,40.0702558044694,-6.65818959474564,300.0,-115.0,-2.2,False,64.76329354194009,65.53853693501384,8.227933673102894,8.810363160143899,False,EU868,False
2026-05-28 09:53:13.598918+00:00,stratolink-3-eu,EU,STALE,40.6257961,-6.428663,10009.0,7,868100000.0,ext-sg50-029,,,,-114.0,1.0,False,,,,,False,EU868,False
2026-05-28 09:53:13.598918+00:00,stratolink-3-eu,EU,STALE,40.6257961,-6.428663,10009.0,7,868100000.0,mtcdtip02-l4e1-9,,,,-108.0,1.8,False,,,,,False,EU868,False
2026-05-28 09:53:13.598918+00:00,stratolink-3-eu,EU,STALE,40.6257961,-6.428663,10009.0,7,868100000.0,ext-sg50-015,,,,-114.0,-0.5,False,,,,,False,EU868,False
2026-05-28 09:53:13.598918+00:00,stratolink-3-eu,EU,STALE,40.6257961,-6.428663,10009.0,7,868100000.0,dlps8-119,,,,-113.0,-9.5,False,,,,,False,EU868,False
2026-05-28 09:53:13.598918+00:00,stratolink-3-eu,EU,STALE,40.6257961,-6.428663,10009.0,7,868100000.0,packetbroker,40.962541751597406,-5.675446072867432,,-113.0,1.0,True,73.63739668553853,74.37139657481511,7.403161798178406,8.065397901887811,False,EU868,False
2026-05-28 09:53:13.598918+00:00,stratolink-3-eu,EU,STALE,40.6257961,-6.428663,10009.0,7,868100000.0,jfmateos-rak7250-rioseco,39.9775352459947,-6.04510360141884,,-113.0,-5.75,False,79.08213213871244,79.77410876714855,6.851971712150553,7.56317343054187,False,EU868,False
2026-05-28 09:53:13.598918+00:00,stratolink-3-eu,EU,STALE,40.6257961,-6.428663,10009.0,7,868100000.0,packetbroker,40.962758045083945,-5.675633842073217,,-113.0,-2.0,True,73.6359324656191,74.36994456081506,7.403320316988313,8.065543252669633,False,EU868,False
2026-05-28 09:53:13.598918+00:00,stratolink-3-eu,EU,STALE,40.6257961,-6.428663,10009.0,7,868100000.0,cicytex-ic003,,,,-111.0,-6.8,False,,,,,False,EU868,False
2026-05-28 09:53:13.598918+00:00,stratolink-3-eu,EU,STALE,40.6257961,-6.428663,10009.0,7,868100000.0,mtcdtip02-l4e1-3,,,,-109.0,-0.2,False,,,,,False,EU868,False
2026-05-28 09:53:13.598918+00:00,stratolink-3-eu,EU,STALE,40.6257961,-6.428663,10009.0,7,868100000.0,mtcdtip02-l4e1-15,,,,-114.0,-6.0,False,,,,,False,EU868,False
2026-05-28 09:58:21.756531+00:00,stratolink-3-eu,EU,STALE,40.6257961,-6.428663,10009.0,7,868300000.0,mtcdtip02-l4e1-15,,,,-115.0,-3.0,False,,,,,False,EU868,False
2026-05-28 09:58:21.756531+00:00,stratolink-3-eu,EU,STALE,40.6257961,-6.428663,10009.0,7,868300000.0,meceiot-004-5030354163554750,40.5481739449056,-5.16353885114368,1550.0,-115.0,-4.5,False,107.17888454101507,107.60781816194415,4.026545352022279,4.990426886312135,False,EU868,False
2026-05-28 09:58:21.756531+00:00,stratolink-3-eu,EU,STALE,40.6257961,-6.428663,10009.0,7,868300000.0,ext-sg50-015,,,,-117.0,-1.5,False,,,,,False,EU868,False
2026-05-28 09:58:21.756531+00:00,stratolink-3-eu,EU,STALE,40.6257961,-6.428663,10009.0,7,868300000.0,mitigasmart-cc,,,,-117.0,-4.5,False,,,,,False,EU868,False
2026-05-28 09:58:21.756531+00:00,stratolink-3-eu,EU,STALE,40.6257961,-6.428663,10009.0,7,868300000.0,ext-sg50-024,,,,-119.0,-5.5,False,,,,,False,EU868,False
2026-05-28 09:58:21.756531+00:00,stratolink-3-eu,EU,STALE,40.6257961,-6.428663,10009.0,7,868300000.0,ext-sg50-023,,,,-117.0,-1.0,False,,,,,False,EU868,False
2026-05-28 09:58:21.756531+00:00,stratolink-3-eu,EU,STALE,40.6257961,-6.428663,10009.0,7,868300000.0,sg50-eui-c0ba1ffffe004945,,,,-118.0,-3.8,False,,,,,False,EU868,False
2026-05-28 09:58:21.756531+00:00,stratolink-3-eu,EU,STALE,40.6257961,-6.428663,10009.0,7,868300000.0,tef-mls-01,40.108033,-6.632828,297.0,-119.0,-7.2,False,60.1148739870506,60.94210574681039,8.899588059662362,9.440213363054477,False,EU868,False
2026-05-28 09:58:21.756531+00:00,stratolink-3-eu,EU,STALE,40.6257961,-6.428663,10009.0,7,868300000.0,cdtic-multitech-4,39.4920534590841,-6.57908320426941,391.0,-115.0,-2.2,False,126.71486734239434,127.1803668330496,3.767126097580384,4.906698703457173,False,EU868,False
2026-05-28 09:58:21.756531+00:00,stratolink-3-eu,EU,STALE,40.6257961,-6.428663,10009.0,7,868300000.0,sg50-perte-malpica-05,,,,-117.0,-2.2,False,,,,,False,EU868,False
2026-05-28 09:58:21.756531+00:00,stratolink-3-eu,EU,STALE,40.6257961,-6.428663,10009.0,7,868300000.0,gateway-ttn-etsii-usal,40.3852372549182,-5.760759661242656,950.0,-114.0,-8.0,False,62.48366445383774,63.18986579541666,7.961350374101713,8.523278692535976,False,EU868,False
2026-05-28 09:58:21.756531+00:00,stratolink-3-eu,EU,STALE,40.6257961,-6.428663,10009.0,7,868300000.0,italr0005,40.954279046747715,-4.142631590366364,,-120.0,-6.5,False,195.88281833147107,196.28426214013473,2.0417625947977536,3.803376669090203,False,EU868,False
2026-05-28 09:58:21.756531+00:00,stratolink-3-eu,EU,STALE,40.6257961,-6.428663,10009.0,7,868300000.0,jfmateos-rak7250-rioseco,39.9775352459947,-6.04510360141884,,-112.0,-3.75,False,79.08213213871244,79.77410876714855,6.851971712150553,7.56317343054187,False,EU868,False
2026-05-28 09:58:21.756531+00:00,stratolink-3-eu,EU,STALE,40.6257961,-6.428663,10009.0,7,868300000.0,mtcdtip02-l4e1-5,,,,-111.0,-4.0,False,,,,,False,EU868,False
2026-05-28 09:58:21.756531+00:00,stratolink-3-eu,EU,STALE,40.6257961,-6.428663,10009.0,7,868300000.0,niharramikrotik,40.589325292876616,-4.838257133960725,1131.0,-111.0,-3.0,False,134.31778160937742,134.7255244786066,3.1741707174824296,4.382117879598918,False,EU868,False
2026-05-28 09:58:21.756531+00:00,stratolink-3-eu,EU,STALE,40.6257961,-6.428663,10009.0,7,868300000.0,cicytex-icmc-002,,,,-111.0,-6.5,False,,,,,False,EU868,False
2026-05-28 09:58:21.756531+00:00,stratolink-3-eu,EU,STALE,40.6257961,-6.428663,10009.0,7,868300000.0,mjv-casas,,,,-111.0,2.8,False,,,,,False,EU868,False
2026-05-28 09:58:21.756531+00:00,stratolink-3-eu,EU,STALE,40.6257961,-6.428663,10009.0,7,868300000.0,mtcdtip02-l4e1-4,,,,-110.0,-7.2,False,,,,,False,EU868,False
2026-05-28 09:58:21.756531+00:00,stratolink-3-eu,EU,STALE,40.6257961,-6.428663,10009.0,7,868300000.0,cicytex-ic003,,,,-109.0,-7.2,False,,,,,False,EU868,False
2026-05-28 09:58:21.756531+00:00,stratolink-3-eu,EU,STALE,40.6257961,-6.428663,10009.0,7,868300000.0,mtcdtip02-l4e1-3,,,,-107.0,-1.8,False,,,,,False,EU868,False
2026-05-28 09:58:21.756531+00:00,stratolink-3-eu,EU,STALE,40.6257961,-6.428663,10009.0,7,868300000.0,packetbroker,40.962758045083945,-5.675633842073217,,-107.0,-0.5,True,73.6359324656191,74.36994456081506,7.403320316988313,8.065543252669633,False,EU868,False
2026-05-28 09:58:21.756531+00:00,stratolink-3-eu,EU,STALE,40.6257961,-6.428663,10009.0,7,868300000.0,mtcdtip02-l4e1-9,,,,-103.0,6.0,False,,,,,False,EU868,False
2026-05-28 09:58:21.756531+00:00,stratolink-3-eu,EU,STALE,40.6257961,-6.428663,10009.0,7,868300000.0,ext-sg50-029,,,,-112.0,4.5,False,,,,,False,EU868,False
2026-05-28 10:03:30.104653+00:00,stratolink-3-eu,EU,STALE,40.6257961,-6.428663,10009.0,7,868500000.0,niharramikrotik,40.589325292876616,-4.838257133960725,1131.0,-115.0,-6.25,False,134.31778160937742,134.7255244786066,3.1741707174824296,4.382117879598918,False,EU868,False
2026-05-28 10:03:30.104653+00:00,stratolink-3-eu,EU,STALE,40.6257961,-6.428663,10009.0,7,868500000.0,ext-sg50-015,,,,-115.0,-6.0,False,,,,,False,EU868,False
2026-05-28 10:03:30.104653+00:00,stratolink-3-eu,EU,STALE,40.6257961,-6.428663,10009.0,7,868500000.0,eui-fcc23dfffe2de1ed,,,,-117.0,-6.75,False,,,,,False,EU868,False
2026-05-28 10:03:30.104653+00:00,stratolink-3-eu,EU,STALE,40.6257961,-6.428663,10009.0,7,868500000.0,v3-eui-b827ebfffebf1f02,40.13814,-7.50059,600.0,-117.0,-1.2,False,105.75302120153279,106.25722709233943,4.604448555082282,5.555507010001736,False,EU868,False
2026-05-28 10:03:30.104653+00:00,stratolink-3-eu,EU,STALE,40.6257961,-6.428663,10009.0,7,868500000.0,ext-sg50-011,,,,-119.0,-9.8,False,,,,,False,EU868,False
2026-05-28 10:03:30.104653+00:00,stratolink-3-eu,EU,STALE,40.6257961,-6.428663,10009.0,7,868500000.0,ext-sg50-028,,,,-117.0,-5.5,False,,,,,False,EU868,False
2026-05-28 10:03:30.104653+00:00,stratolink-3-eu,EU,STALE,40.6257961,-6.428663,10009.0,7,868500000.0,tef-mls-01,40.108033,-6.632828,297.0,-118.0,-7.0,False,60.1148739870506,60.94210574681039,8.899588059662362,9.440213363054477,False,EU868,False
2026-05-28 10:03:30.104653+00:00,stratolink-3-eu,EU,STALE,40.6257961,-6.428663,10009.0,7,868500000.0,ext-sg50-022,,,,-119.0,-5.2,False,,,,,False,EU868,False
2026-05-28 10:03:30.104653+00:00,stratolink-3-eu,EU,STALE,40.6257961,-6.428663,10009.0,7,868500000.0,ext-sg50-024,,,,-117.0,-3.2,False,,,,,False,EU868,False
2026-05-28 10:03:30.104653+00:00,stratolink-3-eu,EU,STALE,40.6257961,-6.428663,10009.0,7,868500000.0,ext-sg50-029,,,,-114.0,0.5,False,,,,,False,EU868,False
2026-05-28 10:03:30.104653+00:00,stratolink-3-eu,EU,STALE,40.6257961,-6.428663,10009.0,7,868500000.0,packetbroker,40.962758045083945,-5.675633842073217,,-113.0,-2.75,True,73.6359324656191,74.36994456081506,7.403320316988313,8.065543252669633,False,EU868,False
2026-05-28 10:03:30.104653+00:00,stratolink-3-eu,EU,STALE,40.6257961,-6.428663,10009.0,7,868500000.0,mtcdtip02-l4e1-5,,,,-112.0,-4.2,False,,,,,False,EU868,False
2026-05-28 10:03:30.104653+00:00,stratolink-3-eu,EU,STALE,40.6257961,-6.428663,10009.0,7,868500000.0,mtcdtip02-l4e1-15,,,,-111.0,-1.5,False,,,,,False,EU868,False
2026-05-28 10:03:30.104653+00:00,stratolink-3-eu,EU,STALE,40.6257961,-6.428663,10009.0,7,868500000.0,mtcdtip02-l4e1-7,,,,-111.0,-1.5,False,,,,,False,EU868,False
2026-05-28 10:03:30.104653+00:00,stratolink-3-eu,EU,STALE,40.6257961,-6.428663,10009.0,7,868500000.0,d401c3ffff6d00a4,,,,-110.0,-4.0,False,,,,,False,EU868,False
2026-05-28 10:03:30.104653+00:00,stratolink-3-eu,EU,STALE,40.6257961,-6.428663,10009.0,7,868500000.0,mjv-casas,,,,-110.0,,False,,,,,False,EU868,False
2026-05-28 10:03:30.104653+00:00,stratolink-3-eu,EU,STALE,40.6257961,-6.428663,10009.0,7,868500000.0,cicytex-ic003,,,,-109.0,-6.5,False,,,,,False,EU868,False
2026-05-28 10:03:30.104653+00:00,stratolink-3-eu,EU,STALE,40.6257961,-6.428663,10009.0,7,868500000.0,mtcdtip02-l4e1-3,,,,-108.0,-4.0,False,,,,,False,EU868,False
2026-05-28 10:03:30.104653+00:00,stratolink-3-eu,EU,STALE,40.6257961,-6.428663,10009.0,7,868500000.0,mtcdtip02-l4e1-9,,,,-104.0,3.2,False,,,,,False,EU868,False
2026-05-28 10:03:30.104653+00:00,stratolink-3-eu,EU,STALE,40.6257961,-6.428663,10009.0,7,868500000.0,packetbroker,40.962541751597406,-5.675446072867432,,-113.0,-3.0,True,73.63739668553853,74.37139657481511,7.403161798178406,8.065397901887811,False,EU868,False
2026-05-28 10:08:38.059462+00:00,stratolink-3-eu,EU,STALE,40.6257961,-6.428663,10009.0,7,868100000.0,meceiot-004-5030354163554750,40.5481739449056,-5.16353885114368,1550.0,-116.0,-3.75,False,107.17888454101507,107.60781816194415,4.026545352022279,4.990426886312135,False,EU868,False
2026-05-28 10:08:38.059462+00:00,stratolink-3-eu,EU,STALE,40.6257961,-6.428663,10009.0,7,868100000.0,sg50-perte-malpica-05,,,,-118.0,-4.2,False,,,,,False,EU868,False
2026-05-28 10:08:38.059462+00:00,stratolink-3-eu,EU,STALE,40.6257961,-6.428663,10009.0,7,868100000.0,mitigasmart-cc,,,,-119.0,-7.5,False,,,,,False,EU868,False
2026-05-28 10:08:38.059462+00:00,stratolink-3-eu,EU,STALE,40.6257961,-6.428663,10009.0,7,868100000.0,tef-mls-01,40.108033,-6.632828,297.0,-119.0,-8.0,False,60.1148739870506,60.94210574681039,8.899588059662362,9.440213363054477,False,EU868,False
2026-05-28 10:08:38.059462+00:00,stratolink-3-eu,EU,STALE,40.6257961,-6.428663,10009.0,7,868100000.0,ext-sg50-024,,,,-120.0,-7.0,False,,,,,False,EU868,False
2026-05-28 10:08:38.059462+00:00,stratolink-3-eu,EU,STALE,40.6257961,-6.428663,10009.0,7,868100000.0,sg50-eui-c0ba1ffffe004945,,,,-119.0,-7.8,False,,,,,False,EU868,False
2026-05-28 10:08:38.059462+00:00,stratolink-3-eu,EU,STALE,40.6257961,-6.428663,10009.0,7,868100000.0,italr0005,40.954279046747715,-4.142631590366364,,-119.0,-5.25,False,195.88281833147107,196.28426214013473,2.0417625947977536,3.803376669090203,False,EU868,False
2026-05-28 10:08:38.059462+00:00,stratolink-3-eu,EU,STALE,40.6257961,-6.428663,10009.0,7,868100000.0,ext-sg50-015,,,,-116.0,-3.5,False,,,,,False,EU868,False
2026-05-28 10:08:38.059462+00:00,stratolink-3-eu,EU,STALE,40.6257961,-6.428663,10009.0,7,868100000.0,sg50-perte-malpica-07,,,,-119.0,-8.2,False,,,,,False,EU868,False
2026-05-28 10:08:38.059462+00:00,stratolink-3-eu,EU,STALE,40.6257961,-6.428663,10009.0,7,868100000.0,cdtic-multitech-5,40.0702558044694,-6.65818959474564,300.0,-115.0,-2.2,False,64.76329354194009,65.53853693501384,8.227933673102894,8.810363160143899,False,EU868,False
2026-05-28 10:08:38.059462+00:00,stratolink-3-eu,EU,STALE,40.6257961,-6.428663,10009.0,7,868100000.0,d401c3ffff6d00a4,,,,-115.0,-7.5,False,,,,,False,EU868,False
2026-05-28 10:08:38.059462+00:00,stratolink-3-eu,EU,STALE,40.6257961,-6.428663,10009.0,7,868100000.0,jfmateos-rak7250-rioseco,39.9775352459947,-6.04510360141884,,-115.0,-6.5,False,79.08213213871244,79.77410876714855,6.851971712150553,7.56317343054187,False,EU868,False
2026-05-28 10:08:38.059462+00:00,stratolink-3-eu,EU,STALE,40.6257961,-6.428663,10009.0,7,868100000.0,niharramikrotik,40.589325292876616,-4.838257133960725,1131.0,-115.0,-3.0,False,134.31778160937742,134.7255244786066,3.1741707174824296,4.382117879598918,False,EU868,False
2026-05-28 10:08:38.059462+00:00,stratolink-3-eu,EU,STALE,40.6257961,-6.428663,10009.0,7,868100000.0,mjv-casas,,,,-115.0,-1.5,False,,,,,False,EU868,False
2026-05-28 10:08:38.059462+00:00,stratolink-3-eu,EU,STALE,40.6257961,-6.428663,10009.0,7,868100000.0,mtcdtip02-l4e1-7,,,,-113.0,-3.5,False,,,,,False,EU868,False
2026-05-28 10:08:38.059462+00:00,stratolink-3-eu,EU,STALE,40.6257961,-6.428663,10009.0,7,868100000.0,packetbroker,40.962758045083945,-5.675633842073217,,-111.0,-1.5,True,73.6359324656191,74.36994456081506,7.403320316988313,8.065543252669633,False,EU868,False
2026-05-28 10:08:38.059462+00:00,stratolink-3-eu,EU,STALE,40.6257961,-6.428663,10009.0,7,868100000.0,packetbroker,40.962541751597406,-5.675446072867432,,-111.0,2.25,True,73.63739668553853,74.37139657481511,7.403161798178406,8.065397901887811,False,EU868,False
2026-05-28 10:08:38.059462+00:00,stratolink-3-eu,EU,STALE,40.6257961,-6.428663,10009.0,7,868100000.0,aps-growth-usal,40.9604459791695,-5.67081212997437,,-111.0,-8.0,False,73.85673694049223,74.58891426050678,7.379482483609949,8.043691158898136,False,EU868,False
2026-05-28 10:08:38.059462+00:00,stratolink-3-eu,EU,STALE,40.6257961,-6.428663,10009.0,7,868100000.0,cicytex-ic003,,,,-109.0,-0.5,False,,,,,False,EU868,False
2026-05-28 10:08:38.059462+00:00,stratolink-3-eu,EU,STALE,40.6257961,-6.428663,10009.0,7,868100000.0,mtcdtip02-l4e1-9,,,,-109.0,2.5,False,,,,,False,EU868,False
2026-05-28 10:08:38.059462+00:00,stratolink-3-eu,EU,STALE,40.6257961,-6.428663,10009.0,7,868100000.0,mtcdtip02-l4e1-3,,,,-109.0,0.2,False,,,,,False,EU868,False
2026-05-28 10:08:38.059462+00:00,stratolink-3-eu,EU,STALE,40.6257961,-6.428663,10009.0,7,868100000.0,mtcdtip02-l4e1-15,,,,-115.0,-8.8,False,,,,,False,EU868,False
2026-05-28 10:13:46.141721+00:00,stratolink-3-eu,EU,STALE,40.6257961,-6.428663,10009.0,7,868300000.0,cdtic-multitech-4,39.4920534590841,-6.57908320426941,391.0,-116.0,-2.5,False,126.71486734239434,127.1803668330496,3.767126097580384,4.906698703457173,False,EU868,False
2026-05-28 10:13:46.141721+00:00,stratolink-3-eu,EU,STALE,40.6257961,-6.428663,10009.0,7,868300000.0,mitigasmart-cc,,,,-117.0,-3.2,False,,,,,False,EU868,False
2026-05-28 10:13:46.141721+00:00,stratolink-3-eu,EU,STALE,40.6257961,-6.428663,10009.0,7,868300000.0,sg50-perte-malpica-05,,,,-117.0,-2.8,False,,,,,False,EU868,False
2026-05-28 10:13:46.141721+00:00,stratolink-3-eu,EU,STALE,40.6257961,-6.428663,10009.0,7,868300000.0,ext-sg50-028,,,,-118.0,-6.8,False,,,,,False,EU868,False
2026-05-28 10:13:46.141721+00:00,stratolink-3-eu,EU,STALE,40.6257961,-6.428663,10009.0,7,868300000.0,sg50-perte-malpica-07,,,,-118.0,-4.5,False,,,,,False,EU868,False
2026-05-28 10:13:46.141721+00:00,stratolink-3-eu,EU,STALE,40.6257961,-6.428663,10009.0,7,868300000.0,italr0005,40.954279046747715,-4.142631590366364,,-120.0,-6.75,False,195.88281833147107,196.28426214013473,2.0417625947977536,3.803376669090203,False,EU868,False
2026-05-28 10:13:46.141721+00:00,stratolink-3-eu,EU,STALE,40.6257961,-6.428663,10009.0,7,868300000.0,ext-sg50-024,,,,-119.0,-6.8,False,,,,,False,EU868,False
2026-05-28 10:13:46.141721+00:00,stratolink-3-eu,EU,STALE,40.6257961,-6.428663,10009.0,7,868300000.0,tef-mls-01,40.108033,-6.632828,297.0,-119.0,-6.0,False,60.1148739870506,60.94210574681039,8.899588059662362,9.440213363054477,False,EU868,False
2026-05-28 10:13:46.141721+00:00,stratolink-3-eu,EU,STALE,40.6257961,-6.428663,10009.0,7,868300000.0,ext-sg50-011,,,,-119.0,-6.5,False,,,,,False,EU868,False
2026-05-28 10:13:46.141721+00:00,stratolink-3-eu,EU,STALE,40.6257961,-6.428663,10009.0,7,868300000.0,ext-sg50-029,,,,-115.0,,False,,,,,False,EU868,False
2026-05-28 10:13:46.141721+00:00,stratolink-3-eu,EU,STALE,40.6257961,-6.428663,10009.0,7,868300000.0,sg50-eui-c0ba1ffffe004945,,,,-118.0,-6.0,False,,,,,False,EU868,False
2026-05-28 10:13:46.141721+00:00,stratolink-3-eu,EU,STALE,40.6257961,-6.428663,10009.0,7,868300000.0,ext-sg50-015,,,,-115.0,-4.0,False,,,,,False,EU868,False
2026-05-28 10:13:46.141721+00:00,stratolink-3-eu,EU,STALE,40.6257961,-6.428663,10009.0,7,868300000.0,cicytex-ic003,,,,-108.0,-2.5,False,,,,,False,EU868,False
2026-05-28 10:13:46.141721+00:00,stratolink-3-eu,EU,STALE,40.6257961,-6.428663,10009.0,7,868300000.0,mtcdtip02-l4e1-5,,,,-114.0,-2.8,False,,,,,False,EU868,False
2026-05-28 10:13:46.141721+00:00,stratolink-3-eu,EU,STALE,40.6257961,-6.428663,10009.0,7,868300000.0,mtcdtip02-l4e1-15,,,,-115.0,-4.8,False,,,,,False,EU868,False
2026-05-28 10:13:46.141721+00:00,stratolink-3-eu,EU,STALE,40.6257961,-6.428663,10009.0,7,868300000.0,mjv-casas,,,,-109.0,4.0,False,,,,,False,EU868,False
2026-05-28 10:13:46.141721+00:00,stratolink-3-eu,EU,STALE,40.6257961,-6.428663,10009.0,7,868300000.0,mtcdtip02-l4e1-3,,,,-109.0,-1.2,False,,,,,False,EU868,False
2026-05-28 10:13:46.141721+00:00,stratolink-3-eu,EU,STALE,40.6257961,-6.428663,10009.0,7,868300000.0,packetbroker,40.962541751597406,-5.675446072867432,,-110.0,,True,73.63739668553853,74.37139657481511,7.403161798178406,8.065397901887811,False,EU868,False
2026-05-28 10:13:46.141721+00:00,stratolink-3-eu,EU,STALE,40.6257961,-6.428663,10009.0,7,868300000.0,mtcdtip02-l4e1-9,,,,-103.0,6.2,False,,,,,False,EU868,False
2026-05-28 10:13:46.141721+00:00,stratolink-3-eu,EU,STALE,40.6257961,-6.428663,10009.0,7,868300000.0,mtcdtip02-l4e1-7,,,,-112.0,-2.2,False,,,,,False,EU868,False
2026-05-28 10:13:46.141721+00:00,stratolink-3-eu,EU,STALE,40.6257961,-6.428663,10009.0,7,868300000.0,niharramikrotik,40.589325292876616,-4.838257133960725,1131.0,-113.0,0.75,False,134.31778160937742,134.7255244786066,3.1741707174824296,4.382117879598918,False,EU868,False
2026-05-28 10:13:46.141721+00:00,stratolink-3-eu,EU,STALE,40.6257961,-6.428663,10009.0,7,868300000.0,ext-sg50-018,,,,-113.0,-8.8,False,,,,,False,EU868,False
2026-05-28 10:13:46.141721+00:00,stratolink-3-eu,EU,STALE,40.6257961,-6.428663,10009.0,7,868300000.0,cdtic-multitech-5,40.0702558044694,-6.65818959474564,300.0,-113.0,-6.2,False,64.76329354194009,65.53853693501384,8.227933673102894,8.810363160143899,False,EU868,False
2026-05-28 10:13:46.141721+00:00,stratolink-3-eu,EU,STALE,40.6257961,-6.428663,10009.0,7,868300000.0,jfmateos-rak7250-rioseco,39.9775352459947,-6.04510360141884,,-112.0,-3.25,False,79.08213213871244,79.77410876714855,6.851971712150553,7.56317343054187,False,EU868,False
2026-05-28 10:18:54.539562+00:00,stratolink-3-eu,EU,STALE,40.6257961,-6.428663,10009.0,7,868500000.0,ext-sg50-029,,,,-113.0,2.0,False,,,,,False,EU868,False
2026-05-28 10:18:54.539562+00:00,stratolink-3-eu,EU,STALE,40.6257961,-6.428663,10009.0,7,868500000.0,ext-sg50-011,,,,-119.0,-9.8,False,,,,,False,EU868,False
2026-05-28 10:18:54.539562+00:00,stratolink-3-eu,EU,STALE,40.6257961,-6.428663,10009.0,7,868500000.0,ext-sg50-024,,,,-119.0,-6.8,False,,,,,False,EU868,False
2026-05-28 10:18:54.539562+00:00,stratolink-3-eu,EU,STALE,40.6257961,-6.428663,10009.0,7,868500000.0,italr0005,40.954279046747715,-4.142631590366364,,-119.0,-5.75,False,195.88281833147107,196.28426214013473,2.0417625947977536,3.803376669090203,False,EU868,False
2026-05-28 10:18:54.539562+00:00,stratolink-3-eu,EU,STALE,40.6257961,-6.428663,10009.0,7,868500000.0,sg50-eui-c0ba1ffffe004945,,,,-118.0,-5.8,False,,,,,False,EU868,False
2026-05-28 10:18:54.539562+00:00,stratolink-3-eu,EU,STALE,40.6257961,-6.428663,10009.0,7,868500000.0,tef-mls-01,40.108033,-6.632828,297.0,-117.0,-7.8,False,60.1148739870506,60.94210574681039,8.899588059662362,9.440213363054477,False,EU868,False
2026-05-28 10:18:54.539562+00:00,stratolink-3-eu,EU,STALE,40.6257961,-6.428663,10009.0,7,868500000.0,meceiot-004-5030354163554750,40.5481739449056,-5.16353885114368,1550.0,-116.0,-5.75,False,107.17888454101507,107.60781816194415,4.026545352022279,4.990426886312135,False,EU868,False
2026-05-28 10:18:54.539562+00:00,stratolink-3-eu,EU,STALE,40.6257961,-6.428663,10009.0,7,868500000.0,sg50-perte-malpica-05,,,,-116.0,-4.2,False,,,,,False,EU868,False
2026-05-28 10:18:54.539562+00:00,stratolink-3-eu,EU,STALE,40.6257961,-6.428663,10009.0,7,868500000.0,cdtic-multitech-5,40.0702558044694,-6.65818959474564,300.0,-116.0,-4.2,False,64.76329354194009,65.53853693501384,8.227933673102894,8.810363160143899,False,EU868,False
2026-05-28 10:18:54.539562+00:00,stratolink-3-eu,EU,STALE,40.6257961,-6.428663,10009.0,7,868500000.0,mtcdtip02-l4e1-15,,,,-114.0,-7.8,False,,,,,False,EU868,False
2026-05-28 10:18:54.539562+00:00,stratolink-3-eu,EU,STALE,40.6257961,-6.428663,10009.0,7,868500000.0,mtcdtip02-l4e1-5,,,,-113.0,-4.2,False,,,,,False,EU868,False
2026-05-28 10:18:54.539562+00:00,stratolink-3-eu,EU,STALE,40.6257961,-6.428663,10009.0,7,868500000.0,cicytex-icmc-002,,,,-110.0,-3.8,False,,,,,False,EU868,False
2026-05-28 10:18:54.539562+00:00,stratolink-3-eu,EU,STALE,40.6257961,-6.428663,10009.0,7,868500000.0,cdtic-multitech-4,39.4920534590841,-6.57908320426941,391.0,-113.0,-1.5,False,126.71486734239434,127.1803668330496,3.767126097580384,4.906698703457173,False,EU868,False
2026-05-28 10:18:54.539562+00:00,stratolink-3-eu,EU,STALE,40.6257961,-6.428663,10009.0,7,868500000.0,jfmateos-rak7250-rioseco,39.9775352459947,-6.04510360141884,,-112.0,-4.25,False,79.08213213871244,79.77410876714855,6.851971712150553,7.56317343054187,False,EU868,False
2026-05-28 10:18:54.539562+00:00,stratolink-3-eu,EU,STALE,40.6257961,-6.428663,10009.0,7,868500000.0,packetbroker,40.962758045083945,-5.675633842073217,,-111.0,-1.25,True,73.6359324656191,74.36994456081506,7.403320316988313,8.065543252669633,False,EU868,False
2026-05-28 10:18:54.539562+00:00,stratolink-3-eu,EU,STALE,40.6257961,-6.428663,10009.0,7,868500000.0,packetbroker,40.962541751597406,-5.675446072867432,,-111.0,,True,73.63739668553853,74.37139657481511,7.403161798178406,8.065397901887811,False,EU868,False
2026-05-28 10:18:54.539562+00:00,stratolink-3-eu,EU,STALE,40.6257961,-6.428663,10009.0,7,868500000.0,niharramikrotik,40.589325292876616,-4.838257133960725,1131.0,-111.0,-0.5,False,134.31778160937742,134.7255244786066,3.1741707174824296,4.382117879598918,False,EU868,False
2026-05-28 10:18:54.539562+00:00,stratolink-3-eu,EU,STALE,40.6257961,-6.428663,10009.0,7,868500000.0,aps-growth-usal,40.9604459791695,-5.67081212997437,,-111.0,-7.8,False,73.85673694049223,74.58891426050678,7.379482483609949,8.043691158898136,False,EU868,False
2026-05-28 10:18:54.539562+00:00,stratolink-3-eu,EU,STALE,40.6257961,-6.428663,10009.0,7,868500000.0,mjv-casas,,,,-110.0,1.8,False,,,,,False,EU868,False
2026-05-28 10:18:54.539562+00:00,stratolink-3-eu,EU,STALE,40.6257961,-6.428663,10009.0,7,868500000.0,cicytex-ic003,,,,-106.0,-1.0,False,,,,,False,EU868,False
2026-05-28 10:18:54.539562+00:00,stratolink-3-eu,EU,STALE,40.6257961,-6.428663,10009.0,7,868500000.0,mtcdtip02-l4e1-9,,,,-104.0,2.5,False,,,,,False,EU868,False
2026-05-28 10:18:54.539562+00:00,stratolink-3-eu,EU,STALE,40.6257961,-6.428663,10009.0,7,868500000.0,mtcdtip02-l4e1-7,,,,-113.0,-3.5,False,,,,,False,EU868,False
2026-05-28 10:24:02.653399+00:00,stratolink-3-eu,EU,STALE,40.6257961,-6.428663,10009.0,7,868100000.0,cdtic-multitech-5,40.0702558044694,-6.65818959474564,300.0,-116.0,-5.2,False,64.76329354194009,65.53853693501384,8.227933673102894,8.810363160143899,False,EU868,False
2026-05-28 10:24:02.653399+00:00,stratolink-3-eu,EU,STALE,40.6257961,-6.428663,10009.0,7,868100000.0,mitigasmart-cc,,,,-116.0,-0.5,False,,,,,False,EU868,False
2026-05-28 10:24:02.653399+00:00,stratolink-3-eu,EU,STALE,40.6257961,-6.428663,10009.0,7,868100000.0,meceiot-004-5030354163554750,40.5481739449056,-5.16353885114368,1550.0,-116.0,-5.25,False,107.17888454101507,107.60781816194415,4.026545352022279,4.990426886312135,False,EU868,False
2026-05-28 10:24:02.653399+00:00,stratolink-3-eu,EU,STALE,40.6257961,-6.428663,10009.0,7,868100000.0,sg50-perte-malpica-06,,,,-116.0,-8.5,False,,,,,False,EU868,False
2026-05-28 10:24:02.653399+00:00,stratolink-3-eu,EU,STALE,40.6257961,-6.428663,10009.0,7,868100000.0,sg50-perte-malpica-01,,,,-117.0,-9.2,False,,,,,False,EU868,False
2026-05-28 10:24:02.653399+00:00,stratolink-3-eu,EU,STALE,40.6257961,-6.428663,10009.0,7,868100000.0,ext-sg50-024,,,,-119.0,-3.8,False,,,,,False,EU868,False
2026-05-28 10:24:02.653399+00:00,stratolink-3-eu,EU,STALE,40.6257961,-6.428663,10009.0,7,868100000.0,sg50-eui-c0ba1ffffe004945,,,,-118.0,-3.8,False,,,,,False,EU868,False
2026-05-28 10:24:02.653399+00:00,stratolink-3-eu,EU,STALE,40.6257961,-6.428663,10009.0,7,868100000.0,sg50-perte-malpica-07,,,,-118.0,-5.2,False,,,,,False,EU868,False
2026-05-28 10:24:02.653399+00:00,stratolink-3-eu,EU,STALE,40.6257961,-6.428663,10009.0,7,868100000.0,italr0005,40.954279046747715,-4.142631590366364,,-119.0,-4.5,False,195.88281833147107,196.28426214013473,2.0417625947977536,3.803376669090203,False,EU868,False
2026-05-28 10:24:02.653399+00:00,stratolink-3-eu,EU,STALE,40.6257961,-6.428663,10009.0,7,868100000.0,tef-mls-01,40.108033,-6.632828,297.0,-119.0,-6.8,False,60.1148739870506,60.94210574681039,8.899588059662362,9.440213363054477,False,EU868,False
2026-05-28 10:24:02.653399+00:00,stratolink-3-eu,EU,STALE,40.6257961,-6.428663,10009.0,7,868100000.0,ext-sg50-011,,,,-120.0,-6.5,False,,,,,False,EU868,False
2026-05-28 10:24:02.653399+00:00,stratolink-3-eu,EU,STALE,40.6257961,-6.428663,10009.0,7,868100000.0,ext-sg50-028,,,,-118.0,-6.0,False,,,,,False,EU868,False
2026-05-28 10:24:02.653399+00:00,stratolink-3-eu,EU,STALE,40.6257961,-6.428663,10009.0,7,868100000.0,mtcdtip02-l4e1-15,,,,-115.0,-5.2,False,,,,,False,EU868,False
2026-05-28 10:24:02.653399+00:00,stratolink-3-eu,EU,STALE,40.6257961,-6.428663,10009.0,7,868100000.0,sg50-perte-malpica-05,,,,-115.0,-3.5,False,,,,,False,EU868,False
2026-05-28 10:24:02.653399+00:00,stratolink-3-eu,EU,STALE,40.6257961,-6.428663,10009.0,7,868100000.0,mtcdtip02-l4e1-16,,,,-115.0,-6.0,False,,,,,False,EU868,False
2026-05-28 10:24:02.653399+00:00,stratolink-3-eu,EU,STALE,40.6257961,-6.428663,10009.0,7,868100000.0,mtcdtip02-l4e1-7,,,,-115.0,-3.8,False,,,,,False,EU868,False
2026-05-28 10:24:02.653399+00:00,stratolink-3-eu,EU,STALE,40.6257961,-6.428663,10009.0,7,868100000.0,mtcdtip02-l4e1-9,,,,-104.0,7.0,False,,,,,False,EU868,False
2026-05-28 10:24:02.653399+00:00,stratolink-3-eu,EU,STALE,40.6257961,-6.428663,10009.0,7,868100000.0,cicytex-ic003,,,,-107.0,-0.5,False,,,,,False,EU868,False
2026-05-28 10:24:02.653399+00:00,stratolink-3-eu,EU,STALE,40.6257961,-6.428663,10009.0,7,868100000.0,mtcdtip02-l4e1-3,,,,-109.0,-6.0,False,,,,,False,EU868,False
2026-05-28 10:24:02.653399+00:00,stratolink-3-eu,EU,STALE,40.6257961,-6.428663,10009.0,7,868100000.0,dlps8-105,,,,-113.0,-8.5,False,,,,,False,EU868,False
2026-05-28 10:24:02.653399+00:00,stratolink-3-eu,EU,STALE,40.6257961,-6.428663,10009.0,7,868100000.0,packetbroker,40.962758045083945,-5.675633842073217,,-113.0,-1.75,True,73.6359324656191,74.36994456081506,7.403320316988313,8.065543252669633,False,EU868,False
2026-05-28 10:24:02.653399+00:00,stratolink-3-eu,EU,STALE,40.6257961,-6.428663,10009.0,7,868100000.0,mjv-casas,,,,-110.0,2.8,False,,,,,False,EU868,False
2026-05-28 10:24:02.653399+00:00,stratolink-3-eu,EU,STALE,40.6257961,-6.428663,10009.0,7,868100000.0,cdtic-multitech-4,39.4920534590841,-6.57908320426941,391.0,-114.0,-1.0,False,126.71486734239434,127.1803668330496,3.767126097580384,4.906698703457173,False,EU868,False
2026-05-28 10:24:02.653399+00:00,stratolink-3-eu,EU,STALE,40.6257961,-6.428663,10009.0,7,868100000.0,packetbroker,40.962541751597406,-5.675446072867432,,-114.0,-3.25,True,73.63739668553853,74.37139657481511,7.403161798178406,8.065397901887811,False,EU868,False
2026-05-28 10:24:02.653399+00:00,stratolink-3-eu,EU,STALE,40.6257961,-6.428663,10009.0,7,868100000.0,ext-sg50-018,,,,-114.0,-9.2,False,,,,,False,EU868,False
2026-05-28 10:24:02.653399+00:00,stratolink-3-eu,EU,STALE,40.6257961,-6.428663,10009.0,7,868100000.0,niharramikrotik,40.589325292876616,-4.838257133960725,1131.0,-115.0,-0.25,False,134.31778160937742,134.7255244786066,3.1741707174824296,4.382117879598918,False,EU868,False
2026-05-28 10:24:02.653399+00:00,stratolink-3-eu,EU,STALE,40.6257961,-6.428663,10009.0,7,868100000.0,jfmateos-rak7250-rioseco,39.9775352459947,-6.04510360141884,,-115.0,-4.5,False,79.08213213871244,79.77410876714855,6.851971712150553,7.56317343054187,False,EU868,False
2026-05-28 10:24:02.653399+00:00,stratolink-3-eu,EU,STALE,40.6257961,-6.428663,10009.0,7,868100000.0,ext-sg50-029,,,,-113.0,3.8,False,,,,,False,EU868,False
2026-05-28 10:29:10.771534+00:00,stratolink-3-eu,EU,STALE,40.6257961,-6.428663,10009.0,7,868300000.0,sg50-perte-malpica-01,,,,-117.0,-8.0,False,,,,,False,EU868,False
2026-05-28 10:29:10.771534+00:00,stratolink-3-eu,EU,STALE,40.6257961,-6.428663,10009.0,7,868300000.0,v3-eui-b827ebfffebf1f02,40.13814,-7.50059,600.0,-117.0,-5.0,False,105.75302120153279,106.25722709233943,4.604448555082282,5.555507010001736,False,EU868,False
2026-05-28 10:29:10.771534+00:00,stratolink-3-eu,EU,STALE,40.6257961,-6.428663,10009.0,7,868300000.0,ext-sg50-015,,,,-117.0,-5.8,False,,,,,False,EU868,False
2026-05-28 10:29:10.771534+00:00,stratolink-3-eu,EU,STALE,40.6257961,-6.428663,10009.0,7,868300000.0,mitigasmart-cc,,,,-117.0,-2.0,False,,,,,False,EU868,False
2026-05-28 10:29:10.771534+00:00,stratolink-3-eu,EU,STALE,40.6257961,-6.428663,10009.0,7,868300000.0,sg50-perte-malpica-05,,,,-117.0,-2.8,False,,,,,False,EU868,False
2026-05-28 10:29:10.771534+00:00,stratolink-3-eu,EU,STALE,40.6257961,-6.428663,10009.0,7,868300000.0,cdtic-multitech-4,39.4920534590841,-6.57908320426941,391.0,-115.0,-4.0,False,126.71486734239434,127.1803668330496,3.767126097580384,4.906698703457173,False,EU868,False
2026-05-28 10:29:10.771534+00:00,stratolink-3-eu,EU,STALE,40.6257961,-6.428663,10009.0,7,868300000.0,ext-sg50-024,,,,-118.0,-2.8,False,,,,,False,EU868,False
2026-05-28 10:29:10.771534+00:00,stratolink-3-eu,EU,STALE,40.6257961,-6.428663,10009.0,7,868300000.0,ext-sg50-028,,,,-118.0,-7.5,False,,,,,False,EU868,False
2026-05-28 10:29:10.771534+00:00,stratolink-3-eu,EU,STALE,40.6257961,-6.428663,10009.0,7,868300000.0,sg50-perte-malpica-07,,,,-119.0,-7.5,False,,,,,False,EU868,False
2026-05-28 10:29:10.771534+00:00,stratolink-3-eu,EU,STALE,40.6257961,-6.428663,10009.0,7,868300000.0,sg50-eui-c0ba1ffffe004945,,,,-118.0,-3.5,False,,,,,False,EU868,False
2026-05-28 10:29:10.771534+00:00,stratolink-3-eu,EU,STALE,40.6257961,-6.428663,10009.0,7,868300000.0,tef-mls-01,40.108033,-6.632828,297.0,-118.0,-6.0,False,60.1148739870506,60.94210574681039,8.899588059662362,9.440213363054477,False,EU868,False
2026-05-28 10:29:10.771534+00:00,stratolink-3-eu,EU,STALE,40.6257961,-6.428663,10009.0,7,868300000.0,italr0005,40.954279046747715,-4.142631590366364,,-118.0,-4.5,False,195.88281833147107,196.28426214013473,2.0417625947977536,3.803376669090203,False,EU868,False
2026-05-28 10:29:10.771534+00:00,stratolink-3-eu,EU,STALE,40.6257961,-6.428663,10009.0,7,868300000.0,d401c3ffff6d00a4,,,,-115.0,-4.5,False,,,,,False,EU868,False
2026-05-28 10:29:10.771534+00:00,stratolink-3-eu,EU,STALE,40.6257961,-6.428663,10009.0,7,868300000.0,mtcdtip02-l4e1-3,,,,-108.0,-0.5,False,,,,,False,EU868,False
2026-05-28 10:29:10.771534+00:00,stratolink-3-eu,EU,STALE,40.6257961,-6.428663,10009.0,7,868300000.0,niharramikrotik,40.589325292876616,-4.838257133960725,1131.0,-114.0,-0.75,False,134.31778160937742,134.7255244786066,3.1741707174824296,4.382117879598918,False,EU868,False
2026-05-28 10:29:10.771534+00:00,stratolink-3-eu,EU,STALE,40.6257961,-6.428663,10009.0,7,868300000.0,packetbroker,40.962541751597406,-5.675446072867432,,-114.0,-4.75,True,73.63739668553853,74.37139657481511,7.403161798178406,8.065397901887811,False,EU868,False
2026-05-28 10:29:10.771534+00:00,stratolink-3-eu,EU,STALE,40.6257961,-6.428663,10009.0,7,868300000.0,mtcdtip02-l4e1-9,,,,-101.0,8.0,False,,,,,False,EU868,False
2026-05-28 10:29:10.771534+00:00,stratolink-3-eu,EU,STALE,40.6257961,-6.428663,10009.0,7,868300000.0,cicytex-ic003,,,,-107.0,-1.2,False,,,,,False,EU868,False
2026-05-28 10:29:10.771534+00:00,stratolink-3-eu,EU,STALE,40.6257961,-6.428663,10009.0,7,868300000.0,cicytex-icmc-002,,,,-110.0,-4.3,False,,,,,False,EU868,False
2026-05-28 10:29:10.771534+00:00,stratolink-3-eu,EU,STALE,40.6257961,-6.428663,10009.0,7,868300000.0,mtcdtip02-l4e1-5,,,,-111.0,-2.0,False,,,,,False,EU868,False
2026-05-28 10:29:10.771534+00:00,stratolink-3-eu,EU,STALE,40.6257961,-6.428663,10009.0,7,868300000.0,mjv-casas,,,,-110.0,2.5,False,,,,,False,EU868,False
2026-05-28 10:29:10.771534+00:00,stratolink-3-eu,EU,STALE,40.6257961,-6.428663,10009.0,7,868300000.0,mtcdtip02-l4e1-7,,,,-112.0,-4.2,False,,,,,False,EU868,False
2026-05-28 10:29:10.771534+00:00,stratolink-3-eu,EU,STALE,40.6257961,-6.428663,10009.0,7,868300000.0,packetbroker,40.962758045083945,-5.675633842073217,,-113.0,-3.5,True,73.6359324656191,74.36994456081506,7.403320316988313,8.065543252669633,False,EU868,False
2026-05-28 10:29:10.771534+00:00,stratolink-3-eu,EU,STALE,40.6257961,-6.428663,10009.0,7,868300000.0,ext-sg50-029,,,,-113.0,3.2,False,,,,,False,EU868,False
2026-05-28 10:29:10.771534+00:00,stratolink-3-eu,EU,STALE,40.6257961,-6.428663,10009.0,7,868300000.0,jfmateos-rak7250-rioseco,39.9775352459947,-6.04510360141884,,-113.0,-6.75,False,79.08213213871244,79.77410876714855,6.851971712150553,7.56317343054187,False,EU868,False
2026-05-28 10:29:10.771534+00:00,stratolink-3-eu,EU,STALE,40.6257961,-6.428663,10009.0,7,868300000.0,mtcdtip02-l4e1-16,,,,-111.0,-7.0,False,,,,,False,EU868,False
2026-05-28 10:34:18.666285+00:00,stratolink-3-eu,EU,STALE,40.6257961,-6.428663,10009.0,7,868500000.0,packetbroker,40.962758045083945,-5.675633842073217,,-115.0,-3.75,True,73.6359324656191,74.36994456081506,7.403320316988313,8.065543252669633,False,EU868,False
2026-05-28 10:34:18.666285+00:00,stratolink-3-eu,EU,STALE,40.6257961,-6.428663,10009.0,7,868500000.0,ext-sg50-024,,,,-119.0,-8.0,False,,,,,False,EU868,False
2026-05-28 10:34:18.666285+00:00,stratolink-3-eu,EU,STALE,40.6257961,-6.428663,10009.0,7,868500000.0,qtaseixoa1,41.168191098992914,-7.5545961859461395,,-118.0,-7.75,False,112.21895087634549,112.75074703753846,4.588107352363229,5.59731522955185,False,EU868,False
2026-05-28 10:34:18.666285+00:00,stratolink-3-eu,EU,STALE,40.6257961,-6.428663,10009.0,7,868500000.0,mjv-casas,,,,-116.0,-5.8,False,,,,,False,EU868,False
2026-05-28 10:34:18.666285+00:00,stratolink-3-eu,EU,STALE,40.6257961,-6.428663,10009.0,7,868500000.0,packetbroker,40.962541751597406,-5.675446072867432,,-115.0,-3.25,True,73.63739668553853,74.37139657481511,7.403161798178406,8.065397901887811,False,EU868,False
2026-05-28 10:34:18.666285+00:00,stratolink-3-eu,EU,STALE,40.6257961,-6.428663,10009.0,7,868500000.0,lora-more,41.81858911263017,-6.7508557295156235,674.0,-115.0,-6.0,False,135.34213528228818,135.7743123011122,3.3336103579590004,4.5507697412525046,False,EU868,False
2026-05-28 10:34:18.666285+00:00,stratolink-3-eu,EU,STALE,40.6257961,-6.428663,10009.0,7,868500000.0,niharramikrotik,40.589325292876616,-4.838257133960725,1131.0,-115.0,-1.75,False,134.31778160937742,134.7255244786066,3.1741707174824296,4.382117879598918,False,EU868,False
2026-05-28 10:34:18.666285+00:00,stratolink-3-eu,EU,STALE,40.6257961,-6.428663,10009.0,7,868500000.0,ext-sg50-029,,,,-113.0,2.5,False,,,,,False,EU868,False
2026-05-28 10:34:18.666285+00:00,stratolink-3-eu,EU,STALE,40.6257961,-6.428663,10009.0,7,868500000.0,cicytex-icmc-002,,,,-111.0,-7.5,False,,,,,False,EU868,False
2026-05-28 10:34:18.666285+00:00,stratolink-3-eu,EU,STALE,40.6257961,-6.428663,10009.0,7,868500000.0,mtcdtip02-l4e1-3,,,,-107.0,-2.5,False,,,,,False,EU868,False
2026-05-28 10:34:18.666285+00:00,stratolink-3-eu,EU,STALE,40.6257961,-6.428663,10009.0,7,868500000.0,mtcdtip02-l4e1-9,,,,-104.0,4.8,False,,,,,False,EU868,False
2026-05-28 10:39:26.738504+00:00,stratolink-3-eu,EU,STALE,40.6257961,-6.428663,10009.0,7,868100000.0,italr0005,40.954279046747715,-4.142631590366364,,-116.0,-2.25,False,195.88281833147107,196.28426214013473,2.0417625947977536,3.803376669090203,False,EU868,False
2026-05-28 10:39:26.738504+00:00,stratolink-3-eu,EU,STALE,40.6257961,-6.428663,10009.0,7,868100000.0,meceiot-004-5030354163554750,40.5481739449056,-5.16353885114368,1550.0,-117.0,-4.5,False,107.17888454101507,107.60781816194415,4.026545352022279,4.990426886312135,False,EU868,False
2026-05-28 10:39:26.738504+00:00,stratolink-3-eu,EU,STALE,40.6257961,-6.428663,10009.0,7,868100000.0,sg50-perte-malpica-06,,,,-117.0,-7.5,False,,,,,False,EU868,False
2026-05-28 10:39:26.738504+00:00,stratolink-3-eu,EU,STALE,40.6257961,-6.428663,10009.0,7,868100000.0,ext-sg50-023,,,,-118.0,-1.8,False,,,,,False,EU868,False
2026-05-28 10:39:26.738504+00:00,stratolink-3-eu,EU,STALE,40.6257961,-6.428663,10009.0,7,868100000.0,mitigasmart-cc,,,,-119.0,-7.2,False,,,,,False,EU868,False
2026-05-28 10:39:26.738504+00:00,stratolink-3-eu,EU,STALE,40.6257961,-6.428663,10009.0,7,868100000.0,sg50-perte-malpica-05,,,,-119.0,-5.5,False,,,,,False,EU868,False
2026-05-28 10:39:26.738504+00:00,stratolink-3-eu,EU,STALE,40.6257961,-6.428663,10009.0,7,868100000.0,cdtic-multitech-5,40.0702558044694,-6.65818959474564,300.0,-116.0,-4.0,False,64.76329354194009,65.53853693501384,8.227933673102894,8.810363160143899,False,EU868,False
2026-05-28 10:39:26.738504+00:00,stratolink-3-eu,EU,STALE,40.6257961,-6.428663,10009.0,7,868100000.0,ext-sg50-024,,,,-120.0,-6.0,False,,,,,False,EU868,False
2026-05-28 10:39:26.738504+00:00,stratolink-3-eu,EU,STALE,40.6257961,-6.428663,10009.0,7,868100000.0,packetbroker,,,,-121.0,-9.2,True,,,,,False,EU868,False
2026-05-28 10:39:26.738504+00:00,stratolink-3-eu,EU,STALE,40.6257961,-6.428663,10009.0,7,868100000.0,eui-7076ff0056081d63,,,,-123.0,-9.2,False,,,,,False,EU868,False
2026-05-28 10:39:26.738504+00:00,stratolink-3-eu,EU,STALE,40.6257961,-6.428663,10009.0,7,868100000.0,sg50-eui-c0ba1ffffe004945,,,,-119.0,-7.2,False,,,,,False,EU868,False
2026-05-28 10:39:26.738504+00:00,stratolink-3-eu,EU,STALE,40.6257961,-6.428663,10009.0,7,868100000.0,mjv-casas,,,,-116.0,-0.5,False,,,,,False,EU868,False
2026-05-28 10:39:26.738504+00:00,stratolink-3-eu,EU,STALE,40.6257961,-6.428663,10009.0,7,868100000.0,packetbroker,40.962541751597406,-5.675446072867432,,-111.0,0.75,True,73.63739668553853,74.37139657481511,7.403161798178406,8.065397901887811,False,EU868,False
2026-05-28 10:39:26.738504+00:00,stratolink-3-eu,EU,STALE,40.6257961,-6.428663,10009.0,7,868100000.0,mtcdtip02-l4e1-7,,,,-115.0,-4.2,False,,,,,False,EU868,False
2026-05-28 10:39:26.738504+00:00,stratolink-3-eu,EU,STALE,40.6257961,-6.428663,10009.0,7,868100000.0,cicytex-ic003,,,,-109.0,-4.2,False,,,,,False,EU868,False
2026-05-28 10:39:26.738504+00:00,stratolink-3-eu,EU,STALE,40.6257961,-6.428663,10009.0,7,868100000.0,mtcdtip02-l4e1-9,,,,-109.0,1.2,False,,,,,False,EU868,False
2026-05-28 10:39:26.738504+00:00,stratolink-3-eu,EU,STALE,40.6257961,-6.428663,10009.0,7,868100000.0,sg50-perte-malpica-02,39.94336757279527,-4.661850929260255,405.0,-115.0,-8.8,False,167.97978027441147,168.38625991988505,2.5140470488603373,4.024723419807971,False,EU868,False
2026-05-28 10:39:26.738504+00:00,stratolink-3-eu,EU,STALE,40.6257961,-6.428663,10009.0,7,868100000.0,cicytex-icmc-002,,,,-112.0,-6.0,False,,,,,False,EU868,False
2026-05-28 10:39:26.738504+00:00,stratolink-3-eu,EU,STALE,40.6257961,-6.428663,10009.0,7,868100000.0,mtcdtip02-l4e1-3,,,,-110.0,-9.0,False,,,,,False,EU868,False
2026-05-28 10:39:26.738504+00:00,stratolink-3-eu,EU,STALE,40.6257961,-6.428663,10009.0,7,868100000.0,packetbroker,40.962758045083945,-5.675633842073217,,-113.0,-4.0,True,73.6359324656191,74.36994456081506,7.403320316988313,8.065543252669633,False,EU868,False
2026-05-28 10:39:26.738504+00:00,stratolink-3-eu,EU,STALE,40.6257961,-6.428663,10009.0,7,868100000.0,ext-sg50-029,,,,-113.0,-0.2,False,,,,,False,EU868,False
2026-05-28 10:39:26.738504+00:00,stratolink-3-eu,EU,STALE,40.6257961,-6.428663,10009.0,7,868100000.0,niharramikrotik,40.589325292876616,-4.838257133960725,1131.0,-114.0,1.75,False,134.31778160937742,134.7255244786066,3.1741707174824296,4.382117879598918,False,EU868,False
2026-05-28 10:39:26.738504+00:00,stratolink-3-eu,EU,STALE,40.6257961,-6.428663,10009.0,7,868100000.0,mtcdtip02-l4e1-5,,,,-115.0,-9.2,False,,,,,False,EU868,False
2026-05-28 10:39:26.738504+00:00,stratolink-3-eu,EU,STALE,40.6257961,-6.428663,10009.0,7,868100000.0,jfmateos-rak7250-rioseco,39.9775352459947,-6.04510360141884,,-113.0,-8.0,False,79.08213213871244,79.77410876714855,6.851971712150553,7.56317343054187,False,EU868,False
2026-05-28 10:44:35.290478+00:00,stratolink-3-eu,EU,STALE,40.6257961,-6.428663,10009.0,7,868300000.0,italr0005,40.954279046747715,-4.142631590366364,,-115.0,-1.5,False,195.88281833147107,196.28426214013473,2.0417625947977536,3.803376669090203,False,EU868,False
2026-05-28 10:44:35.290478+00:00,stratolink-3-eu,EU,STALE,40.6257961,-6.428663,10009.0,7,868300000.0,ext-sg50-024,,,,-120.0,-8.0,False,,,,,False,EU868,False
2026-05-28 10:44:35.290478+00:00,stratolink-3-eu,EU,STALE,40.6257961,-6.428663,10009.0,7,868300000.0,sg50-eui-c0ba1ffffe004945,,,,-118.0,-8.8,False,,,,,False,EU868,False
2026-05-28 10:44:35.290478+00:00,stratolink-3-eu,EU,STALE,40.6257961,-6.428663,10009.0,7,868300000.0,sg50-perte-malpica-05,,,,-118.0,-6.5,False,,,,,False,EU868,False
2026-05-28 10:44:35.290478+00:00,stratolink-3-eu,EU,STALE,40.6257961,-6.428663,10009.0,7,868300000.0,mitigasmart-cc,,,,-118.0,-6.8,False,,,,,False,EU868,False
2026-05-28 10:44:35.290478+00:00,stratolink-3-eu,EU,STALE,40.6257961,-6.428663,10009.0,7,868300000.0,italr0001,41.70253250763931,-4.708266556262971,765.0,-115.0,-9.0,False,187.27657100298967,187.65594481055086,1.9811402457960121,3.665356585310856,False,EU868,False
2026-05-28 10:44:35.290478+00:00,stratolink-3-eu,EU,STALE,40.6257961,-6.428663,10009.0,7,868300000.0,niharramikrotik,40.589325292876616,-4.838257133960725,1131.0,-110.0,0.75,False,134.31778160937742,134.7255244786066,3.1741707174824296,4.382117879598918,False,EU868,False
2026-05-28 10:44:35.290478+00:00,stratolink-3-eu,EU,STALE,40.6257961,-6.428663,10009.0,7,868300000.0,mtcdtip02-l4e1-15,,,,-113.0,-7.5,False,,,,,False,EU868,False
2026-05-28 10:44:35.290478+00:00,stratolink-3-eu,EU,STALE,40.6257961,-6.428663,10009.0,7,868300000.0,mjv-casas,,,,-113.0,-0.2,False,,,,,False,EU868,False
2026-05-28 10:44:35.290478+00:00,stratolink-3-eu,EU,STALE,40.6257961,-6.428663,10009.0,7,868300000.0,mtcdtip02-l4e1-7,,,,-112.0,-4.8,False,,,,,False,EU868,False
2026-05-28 10:44:35.290478+00:00,stratolink-3-eu,EU,STALE,40.6257961,-6.428663,10009.0,7,868300000.0,packetbroker,40.962541751597406,-5.675446072867432,,-111.0,2.5,True,73.63739668553853,74.37139657481511,7.403161798178406,8.065397901887811,False,EU868,False
2026-05-28 10:44:35.290478+00:00,stratolink-3-eu,EU,STALE,40.6257961,-6.428663,10009.0,7,868300000.0,mtcdtip02-l4e1-9,,,,-110.0,-1.2,False,,,,,False,EU868,False
2026-05-28 10:44:35.290478+00:00,stratolink-3-eu,EU,STALE,40.6257961,-6.428663,10009.0,7,868300000.0,ext-sg50-029,,,,-113.0,3.0,False,,,,,False,EU868,False
2026-05-28 10:49:43.627088+00:00,stratolink-3-eu,EU,STALE,40.6257961,-6.428663,10009.0,7,868500000.0,ext-sg50-024,,,,-119.0,-7.5,False,,,,,False,EU868,False
2026-05-28 10:49:43.627088+00:00,stratolink-3-eu,EU,STALE,40.6257961,-6.428663,10009.0,7,868500000.0,tef-mls-01,40.108033,-6.632828,297.0,-118.0,-8.5,False,60.1148739870506,60.94210574681039,8.899588059662362,9.440213363054477,False,EU868,False
2026-05-28 10:49:43.627088+00:00,stratolink-3-eu,EU,STALE,40.6257961,-6.428663,10009.0,7,868500000.0,mitigasmart-cc,,,,-118.0,-6.8,False,,,,,False,EU868,False
2026-05-28 10:49:43.627088+00:00,stratolink-3-eu,EU,STALE,40.6257961,-6.428663,10009.0,7,868500000.0,ext-sg50-029,,,,-115.0,0.5,False,,,,,False,EU868,False
2026-05-28 10:49:43.627088+00:00,stratolink-3-eu,EU,STALE,40.6257961,-6.428663,10009.0,7,868500000.0,meceiot-004-5030354163554750,40.5481739449056,-5.16353885114368,1550.0,-114.0,-6.0,False,107.17888454101507,107.60781816194415,4.026545352022279,4.990426886312135,False,EU868,False
2026-05-28 10:49:43.627088+00:00,stratolink-3-eu,EU,STALE,40.6257961,-6.428663,10009.0,7,868500000.0,cdtic-multitech-5,40.0702558044694,-6.65818959474564,300.0,-114.0,-3.2,False,64.76329354194009,65.53853693501384,8.227933673102894,8.810363160143899,False,EU868,False
2026-05-28 10:49:43.627088+00:00,stratolink-3-eu,EU,STALE,40.6257961,-6.428663,10009.0,7,868500000.0,niharramikrotik,40.589325292876616,-4.838257133960725,1131.0,-114.0,-0.75,False,134.31778160937742,134.7255244786066,3.1741707174824296,4.382117879598918,False,EU868,False
2026-05-28 10:49:43.627088+00:00,stratolink-3-eu,EU,STALE,40.6257961,-6.428663,10009.0,7,868500000.0,italr0005,40.954279046747715,-4.142631590366364,,-125.0,-8.75,False,195.88281833147107,196.28426214013473,2.0417625947977536,3.803376669090203,False,EU868,False
2026-05-28 10:49:43.627088+00:00,stratolink-3-eu,EU,STALE,40.6257961,-6.428663,10009.0,7,868500000.0,mtcdtip02-l4e1-1,,,,-111.0,-5.2,False,,,,,False,EU868,False
2026-05-28 10:49:43.627088+00:00,stratolink-3-eu,EU,STALE,40.6257961,-6.428663,10009.0,7,868500000.0,packetbroker,40.962758045083945,-5.675633842073217,,-111.0,-5.75,True,73.6359324656191,74.36994456081506,7.403320316988313,8.065543252669633,False,EU868,False
2026-05-28 10:49:43.627088+00:00,stratolink-3-eu,EU,STALE,40.6257961,-6.428663,10009.0,7,868500000.0,mtcdtip02-l4e1-3,,,,-110.0,-6.2,False,,,,,False,EU868,False
2026-05-28 10:49:43.627088+00:00,stratolink-3-eu,EU,STALE,40.6257961,-6.428663,10009.0,7,868500000.0,cicytex-ic003,,,,-109.0,-6.2,False,,,,,False,EU868,False
2026-05-28 10:49:43.627088+00:00,stratolink-3-eu,EU,STALE,40.6257961,-6.428663,10009.0,7,868500000.0,mtcdtip02-l4e1-9,,,,-108.0,1.5,False,,,,,False,EU868,False
2026-05-28 10:49:43.627088+00:00,stratolink-3-eu,EU,STALE,40.6257961,-6.428663,10009.0,7,868500000.0,packetbroker,40.962541751597406,-5.675446072867432,,-107.0,-5.25,True,73.63739668553853,74.37139657481511,7.403161798178406,8.065397901887811,False,EU868,False
2026-05-28 10:49:43.627088+00:00,stratolink-3-eu,EU,STALE,40.6257961,-6.428663,10009.0,7,868500000.0,mjv-casas,,,,-114.0,-1.5,False,,,,,False,EU868,False
2026-05-28 10:54:52.041271+00:00,stratolink-3-eu,EU,STALE,40.6257961,-6.428663,10009.0,7,868100000.0,v3-eui-b827ebfffebf1f02,40.13814,-7.50059,600.0,-120.0,-7.8,False,105.75302120153279,106.25722709233943,4.604448555082282,5.555507010001736,False,EU868,False
2026-05-28 10:54:52.041271+00:00,stratolink-3-eu,EU,STALE,40.6257961,-6.428663,10009.0,7,868100000.0,sg50-perte-malpica-05,,,,-119.0,-7.0,False,,,,,False,EU868,False
2026-05-28 10:54:52.041271+00:00,stratolink-3-eu,EU,STALE,40.6257961,-6.428663,10009.0,7,868100000.0,italr0005,40.954279046747715,-4.142631590366364,,-118.0,-4.5,False,195.88281833147107,196.28426214013473,2.0417625947977536,3.803376669090203,False,EU868,False
2026-05-28 10:54:52.041271+00:00,stratolink-3-eu,EU,STALE,40.6257961,-6.428663,10009.0,7,868100000.0,mitigasmart-cc,,,,-118.0,-6.5,False,,,,,False,EU868,False
2026-05-28 10:54:52.041271+00:00,stratolink-3-eu,EU,STALE,40.6257961,-6.428663,10009.0,7,868100000.0,meceiot-004-5030354163554750,40.5481739449056,-5.16353885114368,1550.0,-117.0,-5.75,False,107.17888454101507,107.60781816194415,4.026545352022279,4.990426886312135,False,EU868,False
2026-05-28 10:54:52.041271+00:00,stratolink-3-eu,EU,STALE,40.6257961,-6.428663,10009.0,7,868100000.0,cdtic-multitech-5,40.0702558044694,-6.65818959474564,300.0,-116.0,-1.0,False,64.76329354194009,65.53853693501384,8.227933673102894,8.810363160143899,False,EU868,False
2026-05-28 10:54:52.041271+00:00,stratolink-3-eu,EU,STALE,40.6257961,-6.428663,10009.0,7,868100000.0,ext-sg50-029,,,,-115.0,1.2,False,,,,,False,EU868,False
2026-05-28 10:54:52.041271+00:00,stratolink-3-eu,EU,STALE,40.6257961,-6.428663,10009.0,7,868100000.0,lora-more,41.81858911263017,-6.7508557295156235,674.0,-115.0,-5.5,False,135.34213528228818,135.7743123011122,3.3336103579590004,4.5507697412525046,False,EU868,False
2026-05-28 10:54:52.041271+00:00,stratolink-3-eu,EU,STALE,40.6257961,-6.428663,10009.0,7,868100000.0,mjv-casas,,,,-115.0,,False,,,,,False,EU868,False
2026-05-28 10:54:52.041271+00:00,stratolink-3-eu,EU,STALE,40.6257961,-6.428663,10009.0,7,868100000.0,mtcdtip02-l4e1-9,,,,-110.0,,False,,,,,False,EU868,False
2026-05-28 10:54:52.041271+00:00,stratolink-3-eu,EU,STALE,40.6257961,-6.428663,10009.0,7,868100000.0,mtcdtip02-l4e1-3,,,,-109.0,-6.0,False,,,,,False,EU868,False
2026-05-28 10:54:52.041271+00:00,stratolink-3-eu,EU,STALE,40.6257961,-6.428663,10009.0,7,868100000.0,cicytex-ic003,,,,-109.0,-6.8,False,,,,,False,EU868,False
2026-05-28 10:54:52.041271+00:00,stratolink-3-eu,EU,STALE,40.6257961,-6.428663,10009.0,7,868100000.0,packetbroker,40.962541751597406,-5.675446072867432,,-109.0,5.0,True,73.63739668553853,74.37139657481511,7.403161798178406,8.065397901887811,False,EU868,False
2026-05-28 10:54:52.041271+00:00,stratolink-3-eu,EU,STALE,40.6257961,-6.428663,10009.0,7,868100000.0,aps-growth-usal,40.9604459791695,-5.67081212997437,,-106.0,-9.8,False,73.85673694049223,74.58891426050678,7.379482483609949,8.043691158898136,False,EU868,False
2026-05-28 10:54:52.041271+00:00,stratolink-3-eu,EU,STALE,40.6257961,-6.428663,10009.0,7,868100000.0,niharramikrotik,40.589325292876616,-4.838257133960725,1131.0,-115.0,-1.5,False,134.31778160937742,134.7255244786066,3.1741707174824296,4.382117879598918,False,EU868,False
2026-05-28 11:00:00.430700+00:00,stratolink-3-eu,EU,STALE,40.6257961,-6.428663,10009.0,7,868300000.0,ext-sg50-029,,,,-113.0,3.5,False,,,,,False,EU868,False
2026-05-28 11:00:00.430700+00:00,stratolink-3-eu,EU,STALE,40.6257961,-6.428663,10009.0,7,868300000.0,sg50-eui-c0ba1ffffe004945,,,,-119.0,-9.0,False,,,,,False,EU868,False
2026-05-28 11:00:00.430700+00:00,stratolink-3-eu,EU,STALE,40.6257961,-6.428663,10009.0,7,868300000.0,ext-sg50-024,,,,-119.0,-6.5,False,,,,,False,EU868,False
2026-05-28 11:00:00.430700+00:00,stratolink-3-eu,EU,STALE,40.6257961,-6.428663,10009.0,7,868300000.0,ext-sg50-028,,,,-118.0,-8.2,False,,,,,False,EU868,False
2026-05-28 11:00:00.430700+00:00,stratolink-3-eu,EU,STALE,40.6257961,-6.428663,10009.0,7,868300000.0,ext-sg50-015,,,,-115.0,-7.8,False,,,,,False,EU868,False
2026-05-28 11:00:00.430700+00:00,stratolink-3-eu,EU,STALE,40.6257961,-6.428663,10009.0,7,868300000.0,mtcdtip02-l4e1-15,,,,-113.0,-7.5,False,,,,,False,EU868,False
2026-05-28 11:00:00.430700+00:00,stratolink-3-eu,EU,STALE,40.6257961,-6.428663,10009.0,7,868300000.0,tef-mls-01,40.108033,-6.632828,297.0,-119.0,-7.8,False,60.1148739870506,60.94210574681039,8.899588059662362,9.440213363054477,False,EU868,False
2026-05-28 11:00:00.430700+00:00,stratolink-3-eu,EU,STALE,40.6257961,-6.428663,10009.0,7,868300000.0,packetbroker,40.962541751597406,-5.675446072867432,,-111.0,-0.75,True,73.63739668553853,74.37139657481511,7.403161798178406,8.065397901887811,False,EU868,False
2026-05-28 11:00:00.430700+00:00,stratolink-3-eu,EU,STALE,40.6257961,-6.428663,10009.0,7,868300000.0,packetbroker,40.962758045083945,-5.675633842073217,,-109.0,-2.5,True,73.6359324656191,74.36994456081506,7.403320316988313,8.065543252669633,False,EU868,False
2026-05-28 11:00:00.430700+00:00,stratolink-3-eu,EU,STALE,40.6257961,-6.428663,10009.0,7,868300000.0,mtcdtip02-l4e1-3,,,,-108.0,-1.8,False,,,,,False,EU868,False
2026-05-28 11:00:00.430700+00:00,stratolink-3-eu,EU,STALE,40.6257961,-6.428663,10009.0,7,868300000.0,mtcdtip02-l4e1-9,,,,-108.0,1.0,False,,,,,False,EU868,False
2026-05-28 11:00:00.430700+00:00,stratolink-3-eu,EU,STALE,40.6257961,-6.428663,10009.0,7,868300000.0,cicytex-ic003,,,,-108.0,-5.5,False,,,,,False,EU868,False
2026-05-28 11:00:00.430700+00:00,stratolink-3-eu,EU,STALE,40.6257961,-6.428663,10009.0,7,868300000.0,mjv-casas,,,,-113.0,0.2,False,,,,,False,EU868,False
2026-05-28 11:05:08.337085+00:00,stratolink-3-eu,EU,STALE,40.6257961,-6.428663,10009.0,7,868500000.0,packetbroker,40.962758045083945,-5.675633842073217,,-114.0,-2.0,True,73.6359324656191,74.36994456081506,7.403320316988313,8.065543252669633,False,EU868,False
2026-05-28 11:05:08.337085+00:00,stratolink-3-eu,EU,STALE,40.6257961,-6.428663,10009.0,7,868500000.0,mtcdtip02-l4e1-15,,,,-114.0,-5.8,False,,,,,False,EU868,False
2026-05-28 11:05:08.337085+00:00,stratolink-3-eu,EU,STALE,40.6257961,-6.428663,10009.0,7,868500000.0,cicytex-unex-1,,,,-114.0,-3.2,False,,,,,False,EU868,False
2026-05-28 11:05:08.337085+00:00,stratolink-3-eu,EU,STALE,40.6257961,-6.428663,10009.0,7,868500000.0,ext-sg50-015,,,,-116.0,-0.5,False,,,,,False,EU868,False
2026-05-28 11:05:08.337085+00:00,stratolink-3-eu,EU,STALE,40.6257961,-6.428663,10009.0,7,868500000.0,ext-sg50-028,,,,-117.0,-2.0,False,,,,,False,EU868,False
2026-05-28 11:05:08.337085+00:00,stratolink-3-eu,EU,STALE,40.6257961,-6.428663,10009.0,7,868500000.0,niharramikrotik,40.589325292876616,-4.838257133960725,1131.0,-114.0,-4.25,False,134.31778160937742,134.7255244786066,3.1741707174824296,4.382117879598918,False,EU868,False
2026-05-28 11:05:08.337085+00:00,stratolink-3-eu,EU,STALE,40.6257961,-6.428663,10009.0,7,868500000.0,sg50-eui-c0ba1ffffe004945,,,,-117.0,-4.5,False,,,,,False,EU868,False
2026-05-28 11:05:08.337085+00:00,stratolink-3-eu,EU,STALE,40.6257961,-6.428663,10009.0,7,868500000.0,ext-sg50-024,,,,-118.0,-3.2,False,,,,,False,EU868,False
2026-05-28 11:05:08.337085+00:00,stratolink-3-eu,EU,STALE,40.6257961,-6.428663,10009.0,7,868500000.0,v3-eui-b827ebfffebf1f02,40.13814,-7.50059,600.0,-119.0,-5.2,False,105.75302120153279,106.25722709233943,4.604448555082282,5.555507010001736,False,EU868,False
2026-05-28 11:05:08.337085+00:00,stratolink-3-eu,EU,STALE,40.6257961,-6.428663,10009.0,7,868500000.0,ext-sg50-022,,,,-119.0,-7.5,False,,,,,False,EU868,False
2026-05-28 11:05:08.337085+00:00,stratolink-3-eu,EU,STALE,40.6257961,-6.428663,10009.0,7,868500000.0,mitigasmart-cc,,,,-117.0,-2.8,False,,,,,False,EU868,False
2026-05-28 11:05:08.337085+00:00,stratolink-3-eu,EU,STALE,40.6257961,-6.428663,10009.0,7,868500000.0,ext-sg50-018,,,,-113.0,-9.5,False,,,,,False,EU868,False
2026-05-28 11:05:08.337085+00:00,stratolink-3-eu,EU,STALE,40.6257961,-6.428663,10009.0,7,868500000.0,cicytex-icmc-002,,,,-109.0,-1.8,False,,,,,False,EU868,False
2026-05-28 11:05:08.337085+00:00,stratolink-3-eu,EU,STALE,40.6257961,-6.428663,10009.0,7,868500000.0,jfmateos-rak7250-rioseco,39.9775352459947,-6.04510360141884,,-112.0,-4.5,False,79.08213213871244,79.77410876714855,6.851971712150553,7.56317343054187,False,EU868,False
2026-05-28 11:05:08.337085+00:00,stratolink-3-eu,EU,STALE,40.6257961,-6.428663,10009.0,7,868500000.0,cdtic-multitech-4,39.4920534590841,-6.57908320426941,391.0,-113.0,-2.8,False,126.71486734239434,127.1803668330496,3.767126097580384,4.906698703457173,False,EU868,False
2026-05-28 11:05:08.337085+00:00,stratolink-3-eu,EU,STALE,40.6257961,-6.428663,10009.0,7,868500000.0,mtcdtip02-l4e1-9,,,,-103.0,4.0,False,,,,,False,EU868,False
2026-05-28 11:05:08.337085+00:00,stratolink-3-eu,EU,STALE,40.6257961,-6.428663,10009.0,7,868500000.0,mtcdtip02-l4e1-5,,,,-109.0,-5.5,False,,,,,False,EU868,False
2026-05-28 11:05:08.337085+00:00,stratolink-3-eu,EU,STALE,40.6257961,-6.428663,10009.0,7,868500000.0,cicytex-ic003,,,,-109.0,-5.2,False,,,,,False,EU868,False
2026-05-28 11:05:08.337085+00:00,stratolink-3-eu,EU,STALE,40.6257961,-6.428663,10009.0,7,868500000.0,mtcdtip02-l4e1-3,,,,-102.0,-7.2,False,,,,,False,EU868,False
2026-05-28 11:05:08.337085+00:00,stratolink-3-eu,EU,STALE,40.6257961,-6.428663,10009.0,7,868500000.0,mjv-casas,,,,-110.0,1.2,False,,,,,False,EU868,False
2026-05-28 11:05:08.337085+00:00,stratolink-3-eu,EU,STALE,40.6257961,-6.428663,10009.0,7,868500000.0,mtcdtip02-l4e1-1,,,,-110.0,-7.8,False,,,,,False,EU868,False
2026-05-28 11:05:08.337085+00:00,stratolink-3-eu,EU,STALE,40.6257961,-6.428663,10009.0,7,868500000.0,packetbroker,40.962541751597406,-5.675446072867432,,-111.0,-0.25,True,73.63739668553853,74.37139657481511,7.403161798178406,8.065397901887811,False,EU868,False
2026-05-28 11:05:08.337085+00:00,stratolink-3-eu,EU,STALE,40.6257961,-6.428663,10009.0,7,868500000.0,cdtic-multitech-5,40.0702558044694,-6.65818959474564,300.0,-111.0,-1.8,False,64.76329354194009,65.53853693501384,8.227933673102894,8.810363160143899,False,EU868,False
2026-05-28 11:05:08.337085+00:00,stratolink-3-eu,EU,STALE,40.6257961,-6.428663,10009.0,7,868500000.0,ext-sg50-029,,,,-109.0,-4.2,False,,,,,False,EU868,False
2026-05-28 11:10:16.453827+00:00,stratolink-3-eu,EU,STALE,40.6257961,-6.428663,10009.0,7,868100000.0,mjv-casas,,,,-116.0,-2.8,False,,,,,False,EU868,False
2026-05-28 11:10:16.453827+00:00,stratolink-3-eu,EU,STALE,40.6257961,-6.428663,10009.0,7,868100000.0,ext-sg50-024,,,,-120.0,-6.5,False,,,,,False,EU868,False
2026-05-28 11:10:16.453827+00:00,stratolink-3-eu,EU,STALE,40.6257961,-6.428663,10009.0,7,868100000.0,ext-sg50-022,,,,-120.0,-7.0,False,,,,,False,EU868,False
2026-05-28 11:10:16.453827+00:00,stratolink-3-eu,EU,STALE,40.6257961,-6.428663,10009.0,7,868100000.0,v3-eui-b827ebfffebf1f02,40.13814,-7.50059,600.0,-120.0,-6.0,False,105.75302120153279,106.25722709233943,4.604448555082282,5.555507010001736,False,EU868,False
2026-05-28 11:10:16.453827+00:00,stratolink-3-eu,EU,STALE,40.6257961,-6.428663,10009.0,7,868100000.0,ext-sg50-023,,,,-119.0,-2.2,False,,,,,False,EU868,False
2026-05-28 11:10:16.453827+00:00,stratolink-3-eu,EU,STALE,40.6257961,-6.428663,10009.0,7,868100000.0,cdtic-multitech-5,40.0702558044694,-6.65818959474564,300.0,-116.0,-4.5,False,64.76329354194009,65.53853693501384,8.227933673102894,8.810363160143899,False,EU868,False
2026-05-28 11:10:16.453827+00:00,stratolink-3-eu,EU,STALE,40.6257961,-6.428663,10009.0,7,868100000.0,mtcdtip02-l4e1-15,,,,-116.0,-6.2,False,,,,,False,EU868,False
2026-05-28 11:10:16.453827+00:00,stratolink-3-eu,EU,STALE,40.6257961,-6.428663,10009.0,7,868100000.0,d401c3ffff6d00a4,,,,-115.0,-4.75,False,,,,,False,EU868,False
2026-05-28 11:10:16.453827+00:00,stratolink-3-eu,EU,STALE,40.6257961,-6.428663,10009.0,7,868100000.0,italr0005,40.954279046747715,-4.142631590366364,,-123.0,-9.5,False,195.88281833147107,196.28426214013473,2.0417625947977536,3.803376669090203,False,EU868,False
2026-05-28 11:10:16.453827+00:00,stratolink-3-eu,EU,STALE,40.6257961,-6.428663,10009.0,7,868100000.0,lora-more,41.81858911263017,-6.7508557295156235,674.0,-114.0,-4.8,False,135.34213528228818,135.7743123011122,3.3336103579590004,4.5507697412525046,False,EU868,False
2026-05-28 11:10:16.453827+00:00,stratolink-3-eu,EU,STALE,40.6257961,-6.428663,10009.0,7,868100000.0,cicytex-ic003,,,,-109.0,-5.8,False,,,,,False,EU868,False
2026-05-28 11:10:16.453827+00:00,stratolink-3-eu,EU,STALE,40.6257961,-6.428663,10009.0,7,868100000.0,mtcdtip02-l4e1-9,,,,-109.0,-1.8,False,,,,,False,EU868,False
2026-05-28 11:10:16.453827+00:00,stratolink-3-eu,EU,STALE,40.6257961,-6.428663,10009.0,7,868100000.0,packetbroker,40.962758045083945,-5.675633842073217,,-110.0,3.25,True,73.6359324656191,74.36994456081506,7.403320316988313,8.065543252669633,False,EU868,False
2026-05-28 11:10:16.453827+00:00,stratolink-3-eu,EU,STALE,40.6257961,-6.428663,10009.0,7,868100000.0,niharramikrotik,40.589325292876616,-4.838257133960725,1131.0,-115.0,-6.25,False,134.31778160937742,134.7255244786066,3.1741707174824296,4.382117879598918,False,EU868,False
2026-05-28 11:10:16.453827+00:00,stratolink-3-eu,EU,STALE,40.6257961,-6.428663,10009.0,7,868100000.0,packetbroker,40.962541751597406,-5.675446072867432,,-113.0,1.25,True,73.63739668553853,74.37139657481511,7.403161798178406,8.065397901887811,False,EU868,False
2026-05-28 11:10:16.453827+00:00,stratolink-3-eu,EU,STALE,40.6257961,-6.428663,10009.0,7,868100000.0,dlps8-119,,,,-113.0,-7.0,False,,,,,False,EU868,False
2026-05-28 11:10:16.453827+00:00,stratolink-3-eu,EU,STALE,40.6257961,-6.428663,10009.0,7,868100000.0,ext-sg50-029,,,,-113.0,3.8,False,,,,,False,EU868,False
2026-05-28 11:10:16.453827+00:00,stratolink-3-eu,EU,STALE,40.6257961,-6.428663,10009.0,7,868100000.0,mtcdtip02-l4e1-3,,,,-110.0,-0.5,False,,,,,False,EU868,False
2026-05-28 11:15:24.602888+00:00,stratolink-3-eu,EU,STALE,40.6257961,-6.428663,10009.0,7,868300000.0,sg50-perte-malpica-05,,,,-119.0,-7.5,False,,,,,False,EU868,False
2026-05-28 11:15:24.602888+00:00,stratolink-3-eu,EU,STALE,40.6257961,-6.428663,10009.0,7,868300000.0,niharramikrotik,40.589325292876616,-4.838257133960725,1131.0,-115.0,-7.25,False,134.31778160937742,134.7255244786066,3.1741707174824296,4.382117879598918,False,EU868,False
2026-05-28 11:15:24.602888+00:00,stratolink-3-eu,EU,STALE,40.6257961,-6.428663,10009.0,7,868300000.0,mitigasmart-cc,,,,-118.0,-8.5,False,,,,,False,EU868,False
2026-05-28 11:15:24.602888+00:00,stratolink-3-eu,EU,STALE,40.6257961,-6.428663,10009.0,7,868300000.0,ext-sg50-024,,,,-118.0,-3.2,False,,,,,False,EU868,False
2026-05-28 11:15:24.602888+00:00,stratolink-3-eu,EU,STALE,40.6257961,-6.428663,10009.0,7,868300000.0,ext-sg50-028,,,,-118.0,-4.2,False,,,,,False,EU868,False
2026-05-28 11:15:24.602888+00:00,stratolink-3-eu,EU,STALE,40.6257961,-6.428663,10009.0,7,868300000.0,ext-sg50-015,,,,-117.0,-1.5,False,,,,,False,EU868,False
2026-05-28 11:15:24.602888+00:00,stratolink-3-eu,EU,STALE,40.6257961,-6.428663,10009.0,7,868300000.0,cdtic-multitech-4,39.4920534590841,-6.57908320426941,391.0,-116.0,-4.2,False,126.71486734239434,127.1803668330496,3.767126097580384,4.906698703457173,False,EU868,False
2026-05-28 11:15:24.602888+00:00,stratolink-3-eu,EU,STALE,40.6257961,-6.428663,10009.0,7,868300000.0,cdtic-multitech-5,40.0702558044694,-6.65818959474564,300.0,-115.0,0.8,False,64.76329354194009,65.53853693501384,8.227933673102894,8.810363160143899,False,EU868,False
2026-05-28 11:15:24.602888+00:00,stratolink-3-eu,EU,STALE,40.6257961,-6.428663,10009.0,7,868300000.0,aciprestes-gw,41.2090915448,-7.4329554723,500.0,-115.0,-5.25,False,106.43041135096654,106.94052418495066,4.622643483440502,5.579793845915305,False,EU868,False
2026-05-28 11:15:24.602888+00:00,stratolink-3-eu,EU,STALE,40.6257961,-6.428663,10009.0,7,868300000.0,sg50-eui-c0ba1ffffe004945,,,,-118.0,-8.5,False,,,,,False,EU868,False
2026-05-28 11:15:24.602888+00:00,stratolink-3-eu,EU,STALE,40.6257961,-6.428663,10009.0,7,868300000.0,mtcdtip02-l4e1-7,,,,-114.0,-3.5,False,,,,,False,EU868,False
2026-05-28 11:15:24.602888+00:00,stratolink-3-eu,EU,STALE,40.6257961,-6.428663,10009.0,7,868300000.0,mjv-casas,,,,-114.0,-3.5,False,,,,,False,EU868,False
2026-05-28 11:15:24.602888+00:00,stratolink-3-eu,EU,STALE,40.6257961,-6.428663,10009.0,7,868300000.0,ext-sg50-029,,,,-113.0,2.5,False,,,,,False,EU868,False
2026-05-28 11:15:24.602888+00:00,stratolink-3-eu,EU,STALE,40.6257961,-6.428663,10009.0,7,868300000.0,packetbroker,40.962758045083945,-5.675633842073217,,-113.0,0.75,True,73.6359324656191,74.36994456081506,7.403320316988313,8.065543252669633,False,EU868,False
2026-05-28 11:15:24.602888+00:00,stratolink-3-eu,EU,STALE,40.6257961,-6.428663,10009.0,7,868300000.0,mtcdtip02-l4e1-15,,,,-113.0,-6.0,False,,,,,False,EU868,False
2026-05-28 11:15:24.602888+00:00,stratolink-3-eu,EU,STALE,40.6257961,-6.428663,10009.0,7,868300000.0,packetbroker,40.962541751597406,-5.675446072867432,,-112.0,-0.5,True,73.63739668553853,74.37139657481511,7.403161798178406,8.065397901887811,False,EU868,False
2026-05-28 11:15:24.602888+00:00,stratolink-3-eu,EU,STALE,40.6257961,-6.428663,10009.0,7,868300000.0,cicytex-icmc-002,,,,-112.0,-9.0,False,,,,,False,EU868,False
2026-05-28 11:15:24.602888+00:00,stratolink-3-eu,EU,STALE,40.6257961,-6.428663,10009.0,7,868300000.0,cicytex-ic003,,,,-108.0,-5.0,False,,,,,False,EU868,False
2026-05-28 11:15:24.602888+00:00,stratolink-3-eu,EU,STALE,40.6257961,-6.428663,10009.0,7,868300000.0,mtcdtip02-l4e1-9,,,,-107.0,0.5,False,,,,,False,EU868,False
2026-05-28 11:15:24.602888+00:00,stratolink-3-eu,EU,STALE,40.6257961,-6.428663,10009.0,7,868300000.0,d401c3ffff6d00a4,,,,-114.0,-1.75,False,,,,,False,EU868,False
2026-05-28 11:20:32.524525+00:00,stratolink-3-eu,EU,STALE,40.6257961,-6.428663,10009.0,7,868500000.0,5031395365454751,42.195765,-6.006521,8.0,-115.0,-6.5,False,178.0863879551528,178.50091836688733,2.410736343424119,4.0123034953262025,False,EU868,False
2026-05-28 11:20:32.524525+00:00,stratolink-3-eu,EU,STALE,40.6257961,-6.428663,10009.0,7,868500000.0,italr0001,41.70253250763931,-4.708266556262971,765.0,-115.0,-6.0,False,187.27657100298967,187.65594481055086,1.9811402457960121,3.665356585310856,False,EU868,False
2026-05-28 11:20:32.524525+00:00,stratolink-3-eu,EU,STALE,40.6257961,-6.428663,10009.0,7,868500000.0,cdtic-multitech-4,39.4920534590841,-6.57908320426941,391.0,-115.0,-8.8,False,126.71486734239434,127.1803668330496,3.767126097580384,4.906698703457173,False,EU868,False
2026-05-28 11:20:32.524525+00:00,stratolink-3-eu,EU,STALE,40.6257961,-6.428663,10009.0,7,868500000.0,ext-sg50-015,,,,-114.0,-7.2,False,,,,,False,EU868,False
2026-05-28 11:20:32.524525+00:00,stratolink-3-eu,EU,STALE,40.6257961,-6.428663,10009.0,7,868500000.0,ext-sg50-024,,,,-119.0,-8.2,False,,,,,False,EU868,False
2026-05-28 11:20:32.524525+00:00,stratolink-3-eu,EU,STALE,40.6257961,-6.428663,10009.0,7,868500000.0,italr0005,40.954279046747715,-4.142631590366364,,-119.0,-5.5,False,195.88281833147107,196.28426214013473,2.0417625947977536,3.803376669090203,False,EU868,False
2026-05-28 11:20:32.524525+00:00,stratolink-3-eu,EU,STALE,40.6257961,-6.428663,10009.0,7,868500000.0,sg50-perte-malpica-05,,,,-118.0,-7.5,False,,,,,False,EU868,False
2026-05-28 11:20:32.524525+00:00,stratolink-3-eu,EU,STALE,40.6257961,-6.428663,10009.0,7,868500000.0,ext-sg50-029,,,,-113.0,2.5,False,,,,,False,EU868,False
2026-05-28 11:20:32.524525+00:00,stratolink-3-eu,EU,STALE,40.6257961,-6.428663,10009.0,7,868500000.0,cicytex-ic003,,,,-107.0,-4.5,False,,,,,False,EU868,False
2026-05-28 11:20:32.524525+00:00,stratolink-3-eu,EU,STALE,40.6257961,-6.428663,10009.0,7,868500000.0,mjv-casas,,,,-113.0,-2.5,False,,,,,False,EU868,False
2026-05-28 11:20:32.524525+00:00,stratolink-3-eu,EU,STALE,40.6257961,-6.428663,10009.0,7,868500000.0,dlps8-119,,,,-112.0,-6.0,False,,,,,False,EU868,False
2026-05-28 11:20:32.524525+00:00,stratolink-3-eu,EU,STALE,40.6257961,-6.428663,10009.0,7,868500000.0,packetbroker,40.962541751597406,-5.675446072867432,,-111.0,1.75,True,73.63739668553853,74.37139657481511,7.403161798178406,8.065397901887811,False,EU868,False
2026-05-28 11:20:32.524525+00:00,stratolink-3-eu,EU,STALE,40.6257961,-6.428663,10009.0,7,868500000.0,packetbroker,40.962758045083945,-5.675633842073217,,-110.0,2.25,True,73.6359324656191,74.36994456081506,7.403320316988313,8.065543252669633,False,EU868,False
2026-05-28 11:20:32.524525+00:00,stratolink-3-eu,EU,STALE,40.6257961,-6.428663,10009.0,7,868500000.0,mtcdtip02-l4e1-9,,,,-109.0,-1.8,False,,,,,False,EU868,False
2026-05-28 11:20:32.524525+00:00,stratolink-3-eu,EU,STALE,40.6257961,-6.428663,10009.0,7,868500000.0,niharramikrotik,40.589325292876616,-4.838257133960725,1131.0,-113.0,-5.75,False,134.31778160937742,134.7255244786066,3.1741707174824296,4.382117879598918,False,EU868,False
2026-05-28 11:20:32.524525+00:00,stratolink-3-eu,EU,STALE,40.6257961,-6.428663,10009.0,7,868500000.0,mtcdtip02-l4e1-3,,,,-106.0,-5.8,False,,,,,False,EU868,False
2026-05-28 11:25:40.463498+00:00,stratolink-3-eu,EU,STALE,40.6257961,-6.428663,10009.0,7,868100000.0,sg50-perte-malpica-06,,,,-116.0,-6.8,False,,,,,False,EU868,False
2026-05-28 11:25:40.463498+00:00,stratolink-3-eu,EU,STALE,40.6257961,-6.428663,10009.0,7,868100000.0,ext-sg50-023,,,,-116.0,2.2,False,,,,,False,EU868,False
2026-05-28 11:25:40.463498+00:00,stratolink-3-eu,EU,STALE,40.6257961,-6.428663,10009.0,7,868100000.0,ext-sg50-028,,,,-117.0,-3.2,False,,,,,False,EU868,False
2026-05-28 11:25:40.463498+00:00,stratolink-3-eu,EU,STALE,40.6257961,-6.428663,10009.0,7,868100000.0,sg50-perte-malpica-05,,,,-117.0,-2.2,False,,,,,False,EU868,False
2026-05-28 11:25:40.463498+00:00,stratolink-3-eu,EU,STALE,40.6257961,-6.428663,10009.0,7,868100000.0,mitigasmart-cc,,,,-119.0,-8.8,False,,,,,False,EU868,False
2026-05-28 11:25:40.463498+00:00,stratolink-3-eu,EU,STALE,40.6257961,-6.428663,10009.0,7,868100000.0,sg50-eui-c0ba1ffffe004945,,,,-118.0,-3.5,False,,,,,False,EU868,False
2026-05-28 11:25:40.463498+00:00,stratolink-3-eu,EU,STALE,40.6257961,-6.428663,10009.0,7,868100000.0,mtcdtip02-l4e1-7,,,,-114.0,-3.8,False,,,,,False,EU868,False
2026-05-28 11:25:40.463498+00:00,stratolink-3-eu,EU,STALE,40.6257961,-6.428663,10009.0,7,868100000.0,sg50-perte-malpica-07,,,,-119.0,-7.0,False,,,,,False,EU868,False
2026-05-28 11:25:40.463498+00:00,stratolink-3-eu,EU,STALE,40.6257961,-6.428663,10009.0,7,868100000.0,ext-sg50-022,,,,-120.0,-7.2,False,,,,,False,EU868,False
2026-05-28 11:25:40.463498+00:00,stratolink-3-eu,EU,STALE,40.6257961,-6.428663,10009.0,7,868100000.0,v3-eui-b827ebfffebf1f02,40.13814,-7.50059,600.0,-121.0,-5.2,False,105.75302120153279,106.25722709233943,4.604448555082282,5.555507010001736,False,EU868,False
2026-05-28 11:25:40.463498+00:00,stratolink-3-eu,EU,STALE,40.6257961,-6.428663,10009.0,7,868100000.0,meceiot-004-5030354163554750,40.5481739449056,-5.16353885114368,1550.0,-117.0,-5.75,False,107.17888454101507,107.60781816194415,4.026545352022279,4.990426886312135,False,EU868,False
2026-05-28 11:25:40.463498+00:00,stratolink-3-eu,EU,STALE,40.6257961,-6.428663,10009.0,7,868100000.0,dlps8-103,,,,-114.0,-9.2,False,,,,,False,EU868,False
2026-05-28 11:25:40.463498+00:00,stratolink-3-eu,EU,STALE,40.6257961,-6.428663,10009.0,7,868100000.0,ext-sg50-015,,,,-115.0,-0.8,False,,,,,False,EU868,False
2026-05-28 11:25:40.463498+00:00,stratolink-3-eu,EU,STALE,40.6257961,-6.428663,10009.0,7,868100000.0,mjv-casas,,,,-114.0,0.8,False,,,,,False,EU868,False
2026-05-28 11:25:40.463498+00:00,stratolink-3-eu,EU,STALE,40.6257961,-6.428663,10009.0,7,868100000.0,niharramikrotik,40.589325292876616,-4.838257133960725,1131.0,-114.0,-3.5,False,134.31778160937742,134.7255244786066,3.1741707174824296,4.382117879598918,False,EU868,False
2026-05-28 11:25:40.463498+00:00,stratolink-3-eu,EU,STALE,40.6257961,-6.428663,10009.0,7,868100000.0,cicytex-ic003,,,,-106.0,2.5,False,,,,,False,EU868,False
2026-05-28 11:25:40.463498+00:00,stratolink-3-eu,EU,STALE,40.6257961,-6.428663,10009.0,7,868100000.0,mtcdtip02-l4e1-9,,,,-107.0,5.0,False,,,,,False,EU868,False
2026-05-28 11:25:40.463498+00:00,stratolink-3-eu,EU,STALE,40.6257961,-6.428663,10009.0,7,868100000.0,cicytex-icmc-002,,,,-111.0,-4.8,False,,,,,False,EU868,False
2026-05-28 11:25:40.463498+00:00,stratolink-3-eu,EU,STALE,40.6257961,-6.428663,10009.0,7,868100000.0,ext-sg50-029,,,,-111.0,5.5,False,,,,,False,EU868,False
2026-05-28 11:25:40.463498+00:00,stratolink-3-eu,EU,STALE,40.6257961,-6.428663,10009.0,7,868100000.0,mtcdtip02-l4e1-1,,,,-110.0,-5.0,False,,,,,False,EU868,False
2026-05-28 11:25:40.463498+00:00,stratolink-3-eu,EU,STALE,40.6257961,-6.428663,10009.0,7,868100000.0,dlps8-105,,,,-113.0,-7.8,False,,,,,False,EU868,False
2026-05-28 11:25:40.463498+00:00,stratolink-3-eu,EU,STALE,40.6257961,-6.428663,10009.0,7,868100000.0,mtcdtip02-l4e1-13,,,,-113.0,-6.0,False,,,,,False,EU868,False
2026-05-28 11:25:40.463498+00:00,stratolink-3-eu,EU,STALE,40.6257961,-6.428663,10009.0,7,868100000.0,cdtic-multitech-4,39.4920534590841,-6.57908320426941,391.0,-113.0,-0.5,False,126.71486734239434,127.1803668330496,3.767126097580384,4.906698703457173,False,EU868,False
2026-05-28 11:25:40.463498+00:00,stratolink-3-eu,EU,STALE,40.6257961,-6.428663,10009.0,7,868100000.0,packetbroker,40.962541751597406,-5.675446072867432,,-113.0,-2.0,True,73.63739668553853,74.37139657481511,7.403161798178406,8.065397901887811,False,EU868,False
2026-05-28 11:25:40.463498+00:00,stratolink-3-eu,EU,STALE,40.6257961,-6.428663,10009.0,7,868100000.0,ext-sg50-018,,,,-112.0,-8.8,False,,,,,False,EU868,False
2026-05-28 11:30:48.685469+00:00,stratolink-3-eu,EU,STALE,40.6257961,-6.428663,10009.0,7,868300000.0,ext-sg50-026,,,,-117.0,-6.5,False,,,,,False,EU868,False
2026-05-28 11:30:48.685469+00:00,stratolink-3-eu,EU,STALE,40.6257961,-6.428663,10009.0,7,868300000.0,d401c3ffff6d00a4,,,,-115.0,-1.25,False,,,,,False,EU868,False
2026-05-28 11:30:48.685469+00:00,stratolink-3-eu,EU,STALE,40.6257961,-6.428663,10009.0,7,868300000.0,aciprestes-gw,41.2090915448,-7.4329554723,500.0,-115.0,-6.5,False,106.43041135096654,106.94052418495066,4.622643483440502,5.579793845915305,False,EU868,False
2026-05-28 11:30:48.685469+00:00,stratolink-3-eu,EU,STALE,40.6257961,-6.428663,10009.0,7,868300000.0,ext-sg50-023,,,,-116.0,1.5,False,,,,,False,EU868,False
2026-05-28 11:30:48.685469+00:00,stratolink-3-eu,EU,STALE,40.6257961,-6.428663,10009.0,7,868300000.0,ext-sg50-028,,,,-117.0,-5.2,False,,,,,False,EU868,False
2026-05-28 11:30:48.685469+00:00,stratolink-3-eu,EU,STALE,40.6257961,-6.428663,10009.0,7,868300000.0,mjv-casas,,,,-115.0,-5.2,False,,,,,False,EU868,False
2026-05-28 11:30:48.685469+00:00,stratolink-3-eu,EU,STALE,40.6257961,-6.428663,10009.0,7,868300000.0,tef-mls-01,40.108033,-6.632828,297.0,-118.0,-6.8,False,60.1148739870506,60.94210574681039,8.899588059662362,9.440213363054477,False,EU868,False
2026-05-28 11:30:48.685469+00:00,stratolink-3-eu,EU,STALE,40.6257961,-6.428663,10009.0,7,868300000.0,sg50-eui-c0ba1ffffe004945,,,,-119.0,-8.0,False,,,,,False,EU868,False
2026-05-28 11:30:48.685469+00:00,stratolink-3-eu,EU,STALE,40.6257961,-6.428663,10009.0,7,868300000.0,sg50-perte-malpica-05,,,,-119.0,-7.0,False,,,,,False,EU868,False
2026-05-28 11:30:48.685469+00:00,stratolink-3-eu,EU,STALE,40.6257961,-6.428663,10009.0,7,868300000.0,italr0005,40.954279046747715,-4.142631590366364,,-121.0,-7.5,False,195.88281833147107,196.28426214013473,2.0417625947977536,3.803376669090203,False,EU868,False
2026-05-28 11:30:48.685469+00:00,stratolink-3-eu,EU,STALE,40.6257961,-6.428663,10009.0,7,868300000.0,ext-sg50-022,,,,-118.0,-2.0,False,,,,,False,EU868,False
2026-05-28 11:30:48.685469+00:00,stratolink-3-eu,EU,STALE,40.6257961,-6.428663,10009.0,7,868300000.0,mtcdtip02-l4e1-11,,,,-114.0,-8.0,False,,,,,False,EU868,False
2026-05-28 11:30:48.685469+00:00,stratolink-3-eu,EU,STALE,40.6257961,-6.428663,10009.0,7,868300000.0,ext-sg50-024,,,,-117.0,-1.2,False,,,,,False,EU868,False
2026-05-28 11:30:48.685469+00:00,stratolink-3-eu,EU,STALE,40.6257961,-6.428663,10009.0,7,868300000.0,mtcdtip02-l4e1-16,,,,-114.0,-7.2,False,,,,,False,EU868,False
2026-05-28 11:30:48.685469+00:00,stratolink-3-eu,EU,STALE,40.6257961,-6.428663,10009.0,7,868300000.0,cicytex-ic003,,,,-107.0,-2.0,False,,,,,False,EU868,False
2026-05-28 11:30:48.685469+00:00,stratolink-3-eu,EU,STALE,40.6257961,-6.428663,10009.0,7,868300000.0,ext-sg50-018,,,,-108.0,-8.8,False,,,,,False,EU868,False
2026-05-28 11:30:48.685469+00:00,stratolink-3-eu,EU,STALE,40.6257961,-6.428663,10009.0,7,868300000.0,ext-sg50-029,,,,-109.0,6.5,False,,,,,False,EU868,False
2026-05-28 11:30:48.685469+00:00,stratolink-3-eu,EU,STALE,40.6257961,-6.428663,10009.0,7,868300000.0,cicytex-icmc-002,,,,-111.0,-6.3,False,,,,,False,EU868,False
2026-05-28 11:30:48.685469+00:00,stratolink-3-eu,EU,STALE,40.6257961,-6.428663,10009.0,7,868300000.0,mtcdtip02-l4e1-5,,,,-111.0,-6.2,False,,,,,False,EU868,False
2026-05-28 11:30:48.685469+00:00,stratolink-3-eu,EU,STALE,40.6257961,-6.428663,10009.0,7,868300000.0,mtcdtip02-l4e1-9,,,,-107.0,3.2,False,,,,,False,EU868,False
2026-05-28 11:30:48.685469+00:00,stratolink-3-eu,EU,STALE,40.6257961,-6.428663,10009.0,7,868300000.0,mtcdtip02-l4e1-7,,,,-113.0,-2.0,False,,,,,False,EU868,False
2026-05-28 11:30:48.685469+00:00,stratolink-3-eu,EU,STALE,40.6257961,-6.428663,10009.0,7,868300000.0,jfmateos-rak7250-rioseco,39.9775352459947,-6.04510360141884,,-113.0,-7.75,False,79.08213213871244,79.77410876714855,6.851971712150553,7.56317343054187,False,EU868,False
2026-05-28 11:30:48.685469+00:00,stratolink-3-eu,EU,STALE,40.6257961,-6.428663,10009.0,7,868300000.0,packetbroker,40.962541751597406,-5.675446072867432,,-113.0,-0.5,True,73.63739668553853,74.37139657481511,7.403161798178406,8.065397901887811,False,EU868,False
2026-05-28 11:30:48.685469+00:00,stratolink-3-eu,EU,STALE,40.6257961,-6.428663,10009.0,7,868300000.0,ext-dlos8-007,,,,-113.0,-9.8,False,,,,,False,EU868,False
2026-05-28 11:30:48.685469+00:00,stratolink-3-eu,EU,STALE,40.6257961,-6.428663,10009.0,7,868300000.0,cdtic-multitech-4,39.4920534590841,-6.57908320426941,391.0,-114.0,-2.0,False,126.71486734239434,127.1803668330496,3.767126097580384,4.906698703457173,False,EU868,False
2026-05-28 11:30:48.685469+00:00,stratolink-3-eu,EU,STALE,40.6257961,-6.428663,10009.0,7,868300000.0,mtcdtip02-l4e1-15,,,,-114.0,-4.8,False,,,,,False,EU868,False
2026-05-28 11:35:56.878674+00:00,stratolink-3-eu,EU,STALE,40.6257961,-6.428663,10009.0,7,868500000.0,rio-tormes-1b,40.968865323719,-5.64232170581818,940.0,-116.0,-7.0,False,76.39753112398147,76.99864524997983,6.42042050652061,7.107479061301338,False,EU868,False
2026-05-28 11:35:56.878674+00:00,stratolink-3-eu,EU,STALE,40.6257961,-6.428663,10009.0,7,868500000.0,cdtic-multitech-5,40.0702558044694,-6.65818959474564,300.0,-116.0,-2.8,False,64.76329354194009,65.53853693501384,8.227933673102894,8.810363160143899,False,EU868,False
2026-05-28 11:35:56.878674+00:00,stratolink-3-eu,EU,STALE,40.6257961,-6.428663,10009.0,7,868500000.0,sg50-perte-malpica-07,,,,-117.0,-7.0,False,,,,,False,EU868,False
2026-05-28 11:35:56.878674+00:00,stratolink-3-eu,EU,STALE,40.6257961,-6.428663,10009.0,7,868500000.0,ext-sg50-028,,,,-118.0,-8.0,False,,,,,False,EU868,False
2026-05-28 11:35:56.878674+00:00,stratolink-3-eu,EU,STALE,40.6257961,-6.428663,10009.0,7,868500000.0,sg50-eui-c0ba1ffffe004945,,,,-118.0,-8.8,False,,,,,False,EU868,False
2026-05-28 11:35:56.878674+00:00,stratolink-3-eu,EU,STALE,40.6257961,-6.428663,10009.0,7,868500000.0,sg50-perte-malpica-05,,,,-118.0,-5.8,False,,,,,False,EU868,False
2026-05-28 11:35:56.878674+00:00,stratolink-3-eu,EU,STALE,40.6257961,-6.428663,10009.0,7,868500000.0,ext-sg50-024,,,,-119.0,-8.0,False,,,,,False,EU868,False
2026-05-28 11:35:56.878674+00:00,stratolink-3-eu,EU,STALE,40.6257961,-6.428663,10009.0,7,868500000.0,antena-granjas-rendondo-01,,,,-125.0,-6.5,False,,,,,False,EU868,False
2026-05-28 11:35:56.878674+00:00,stratolink-3-eu,EU,STALE,40.6257961,-6.428663,10009.0,7,868500000.0,italr0005,40.954279046747715,-4.142631590366364,,-115.0,-1.75,False,195.88281833147107,196.28426214013473,2.0417625947977536,3.803376669090203,False,EU868,False
2026-05-28 11:35:56.878674+00:00,stratolink-3-eu,EU,STALE,40.6257961,-6.428663,10009.0,7,868500000.0,mitigasmart-cc,,,,-118.0,-9.2,False,,,,,False,EU868,False
2026-05-28 11:35:56.878674+00:00,stratolink-3-eu,EU,STALE,40.6257961,-6.428663,10009.0,7,868500000.0,italr0001,41.70253250763931,-4.708266556262971,765.0,-115.0,-4.25,False,187.27657100298967,187.65594481055086,1.9811402457960121,3.665356585310856,False,EU868,False
2026-05-28 11:35:56.878674+00:00,stratolink-3-eu,EU,STALE,40.6257961,-6.428663,10009.0,7,868500000.0,lora-more,41.81858911263017,-6.7508557295156235,674.0,-115.0,-7.5,False,135.34213528228818,135.7743123011122,3.3336103579590004,4.5507697412525046,False,EU868,False
2026-05-28 11:35:56.878674+00:00,stratolink-3-eu,EU,STALE,40.6257961,-6.428663,10009.0,7,868500000.0,packetbroker,40.962758045083945,-5.675633842073217,,-108.0,3.75,True,73.6359324656191,74.36994456081506,7.403320316988313,8.065543252669633,False,EU868,False
2026-05-28 11:35:56.878674+00:00,stratolink-3-eu,EU,STALE,40.6257961,-6.428663,10009.0,7,868500000.0,ext-sg50-029,,,,-114.0,1.2,False,,,,,False,EU868,False
2026-05-28 11:35:56.878674+00:00,stratolink-3-eu,EU,STALE,40.6257961,-6.428663,10009.0,7,868500000.0,mtcdtip02-l4e1-7,,,,-114.0,-5.5,False,,,,,False,EU868,False
2026-05-28 11:35:56.878674+00:00,stratolink-3-eu,EU,STALE,40.6257961,-6.428663,10009.0,7,868500000.0,mjv-casas,,,,-114.0,0.8,False,,,,,False,EU868,False
2026-05-28 11:35:56.878674+00:00,stratolink-3-eu,EU,STALE,40.6257961,-6.428663,10009.0,7,868500000.0,meceiot-004-5030354163554750,40.5481739449056,-5.16353885114368,1550.0,-113.0,-1.75,False,107.17888454101507,107.60781816194415,4.026545352022279,4.990426886312135,False,EU868,False
2026-05-28 11:35:56.878674+00:00,stratolink-3-eu,EU,STALE,40.6257961,-6.428663,10009.0,7,868500000.0,packetbroker,40.962541751597406,-5.675446072867432,,-111.0,0.25,True,73.63739668553853,74.37139657481511,7.403161798178406,8.065397901887811,False,EU868,False
2026-05-28 11:35:56.878674+00:00,stratolink-3-eu,EU,STALE,40.6257961,-6.428663,10009.0,7,868500000.0,cicytex-icmc-002,,,,-111.0,-8.3,False,,,,,False,EU868,False
2026-05-28 11:35:56.878674+00:00,stratolink-3-eu,EU,STALE,40.6257961,-6.428663,10009.0,7,868500000.0,mtcdtip02-l4e1-1,,,,-110.0,-7.2,False,,,,,False,EU868,False
2026-05-28 11:35:56.878674+00:00,stratolink-3-eu,EU,STALE,40.6257961,-6.428663,10009.0,7,868500000.0,cicytex-ic003,,,,-109.0,-8.0,False,,,,,False,EU868,False
2026-05-28 11:35:56.878674+00:00,stratolink-3-eu,EU,STALE,40.6257961,-6.428663,10009.0,7,868500000.0,mtcdtip02-l4e1-9,,,,-108.0,-3.2,False,,,,,False,EU868,False
2026-05-28 11:35:56.878674+00:00,stratolink-3-eu,EU,STALE,40.6257961,-6.428663,10009.0,7,868500000.0,niharramikrotik,40.589325292876616,-4.838257133960725,1131.0,-115.0,-2.5,False,134.31778160937742,134.7255244786066,3.1741707174824296,4.382117879598918,False,EU868,False
2026-05-28 11:41:05.215473+00:00,stratolink-3-eu,EU,STALE,40.6257961,-6.428663,10009.0,7,868100000.0,cdtic-multitech-4,39.4920534590841,-6.57908320426941,391.0,-117.0,-8.2,False,126.71486734239434,127.1803668330496,3.767126097580384,4.906698703457173,False,EU868,False
2026-05-28 11:41:05.215473+00:00,stratolink-3-eu,EU,STALE,40.6257961,-6.428663,10009.0,7,868100000.0,ext-sg50-023,,,,-117.0,0.5,False,,,,,False,EU868,False
2026-05-28 11:41:05.215473+00:00,stratolink-3-eu,EU,STALE,40.6257961,-6.428663,10009.0,7,868100000.0,ext-sg50-024,,,,-118.0,-2.0,False,,,,,False,EU868,False
2026-05-28 11:41:05.215473+00:00,stratolink-3-eu,EU,STALE,40.6257961,-6.428663,10009.0,7,868100000.0,ext-sg50-015,,,,-118.0,-2.8,False,,,,,False,EU868,False
2026-05-28 11:41:05.215473+00:00,stratolink-3-eu,EU,STALE,40.6257961,-6.428663,10009.0,7,868100000.0,rio-tormes-1b,40.968865323719,-5.64232170581818,940.0,-117.0,-3.25,False,76.39753112398147,76.99864524997983,6.42042050652061,7.107479061301338,False,EU868,False
2026-05-28 11:41:05.215473+00:00,stratolink-3-eu,EU,STALE,40.6257961,-6.428663,10009.0,7,868100000.0,mitigasmart-cc,,,,-119.0,-7.8,False,,,,,False,EU868,False
2026-05-28 11:41:05.215473+00:00,stratolink-3-eu,EU,STALE,40.6257961,-6.428663,10009.0,7,868100000.0,tef-mls-01,40.108033,-6.632828,297.0,-119.0,-7.2,False,60.1148739870506,60.94210574681039,8.899588059662362,9.440213363054477,False,EU868,False
2026-05-28 11:41:05.215473+00:00,stratolink-3-eu,EU,STALE,40.6257961,-6.428663,10009.0,7,868100000.0,italr0005,40.954279046747715,-4.142631590366364,,-121.0,-6.75,False,195.88281833147107,196.28426214013473,2.0417625947977536,3.803376669090203,False,EU868,False
2026-05-28 11:41:05.215473+00:00,stratolink-3-eu,EU,STALE,40.6257961,-6.428663,10009.0,7,868100000.0,sg50-eui-c0ba1ffffe004945,,,,-120.0,-8.5,False,,,,,False,EU868,False
2026-05-28 11:41:05.215473+00:00,stratolink-3-eu,EU,STALE,40.6257961,-6.428663,10009.0,7,868100000.0,v3-eui-b827ebfffebf1f02,40.13814,-7.50059,600.0,-119.0,-4.0,False,105.75302120153279,106.25722709233943,4.604448555082282,5.555507010001736,False,EU868,False
2026-05-28 11:41:05.215473+00:00,stratolink-3-eu,EU,STALE,40.6257961,-6.428663,10009.0,7,868100000.0,meceiot-004-5030354163554750,40.5481739449056,-5.16353885114368,1550.0,-116.0,-6.25,False,107.17888454101507,107.60781816194415,4.026545352022279,4.990426886312135,False,EU868,False
2026-05-28 11:41:05.215473+00:00,stratolink-3-eu,EU,STALE,40.6257961,-6.428663,10009.0,7,868100000.0,ext-sg50-022,,,,-120.0,-5.8,False,,,,,False,EU868,False
2026-05-28 11:41:05.215473+00:00,stratolink-3-eu,EU,STALE,40.6257961,-6.428663,10009.0,7,868100000.0,ext-sg50-018,,,,-115.0,-8.0,False,,,,,False,EU868,False
2026-05-28 11:41:05.215473+00:00,stratolink-3-eu,EU,STALE,40.6257961,-6.428663,10009.0,7,868100000.0,cdtic-multitech-5,40.0702558044694,-6.65818959474564,300.0,-116.0,-2.8,False,64.76329354194009,65.53853693501384,8.227933673102894,8.810363160143899,False,EU868,False
2026-05-28 11:41:05.215473+00:00,stratolink-3-eu,EU,STALE,40.6257961,-6.428663,10009.0,7,868100000.0,packetbroker,40.962758045083945,-5.675633842073217,,-110.0,2.0,True,73.6359324656191,74.36994456081506,7.403320316988313,8.065543252669633,False,EU868,False
2026-05-28 11:41:05.215473+00:00,stratolink-3-eu,EU,STALE,40.6257961,-6.428663,10009.0,7,868100000.0,mtcdtip02-l4e1-9,,,,-110.0,-2.5,False,,,,,False,EU868,False
2026-05-28 11:41:05.215473+00:00,stratolink-3-eu,EU,STALE,40.6257961,-6.428663,10009.0,7,868100000.0,ext-sg50-029,,,,-111.0,2.5,False,,,,,False,EU868,False
2026-05-28 11:41:05.215473+00:00,stratolink-3-eu,EU,STALE,40.6257961,-6.428663,10009.0,7,868100000.0,lora-more,41.81858911263017,-6.7508557295156235,674.0,-113.0,-3.5,False,135.34213528228818,135.7743123011122,3.3336103579590004,4.5507697412525046,False,EU868,False
2026-05-28 11:41:05.215473+00:00,stratolink-3-eu,EU,STALE,40.6257961,-6.428663,10009.0,7,868100000.0,cicytex-ic003,,,,-110.0,-8.0,False,,,,,False,EU868,False
2026-05-28 11:41:05.215473+00:00,stratolink-3-eu,EU,STALE,40.6257961,-6.428663,10009.0,7,868100000.0,mtcdtip02-l4e1-7,,,,-113.0,-2.5,False,,,,,False,EU868,False
2026-05-28 11:41:05.215473+00:00,stratolink-3-eu,EU,STALE,40.6257961,-6.428663,10009.0,7,868100000.0,mtcdtip02-l4e1-15,,,,-114.0,-3.2,False,,,,,False,EU868,False
2026-05-28 11:41:05.215473+00:00,stratolink-3-eu,EU,STALE,40.6257961,-6.428663,10009.0,7,868100000.0,mjv-casas,,,,-115.0,-4.8,False,,,,,False,EU868,False
2026-05-28 11:41:05.215473+00:00,stratolink-3-eu,EU,STALE,40.6257961,-6.428663,10009.0,7,868100000.0,d401c3ffff6d00a4,,,,-115.0,-6.0,False,,,,,False,EU868,False
2026-05-28 11:41:05.215473+00:00,stratolink-3-eu,EU,STALE,40.6257961,-6.428663,10009.0,7,868100000.0,packetbroker,40.962541751597406,-5.675446072867432,,-113.0,1.25,True,73.63739668553853,74.37139657481511,7.403161798178406,8.065397901887811,False,EU868,False
2026-05-28 11:46:13.551682+00:00,stratolink-3-eu,EU,STALE,40.6257961,-6.428663,10009.0,7,868300000.0,d401c3ffff6d00a4,,,,-115.0,-5.5,False,,,,,False,EU868,False
2026-05-28 11:46:13.551682+00:00,stratolink-3-eu,EU,STALE,40.6257961,-6.428663,10009.0,7,868300000.0,italr0005,40.954279046747715,-4.142631590366364,,-122.0,-8.75,False,195.88281833147107,196.28426214013473,2.0417625947977536,3.803376669090203,False,EU868,False
2026-05-28 11:46:13.551682+00:00,stratolink-3-eu,EU,STALE,40.6257961,-6.428663,10009.0,7,868300000.0,tef-mls-01,40.108033,-6.632828,297.0,-118.0,-2.8,False,60.1148739870506,60.94210574681039,8.899588059662362,9.440213363054477,False,EU868,False
2026-05-28 11:46:13.551682+00:00,stratolink-3-eu,EU,STALE,40.6257961,-6.428663,10009.0,7,868300000.0,ext-sg50-022,,,,-118.0,-2.8,False,,,,,False,EU868,False
2026-05-28 11:46:13.551682+00:00,stratolink-3-eu,EU,STALE,40.6257961,-6.428663,10009.0,7,868300000.0,ext-sg50-024,,,,-118.0,-1.5,False,,,,,False,EU868,False
2026-05-28 11:46:13.551682+00:00,stratolink-3-eu,EU,STALE,40.6257961,-6.428663,10009.0,7,868300000.0,ext-sg50-023,,,,-117.0,-0.8,False,,,,,False,EU868,False
2026-05-28 11:46:13.551682+00:00,stratolink-3-eu,EU,STALE,40.6257961,-6.428663,10009.0,7,868300000.0,ext-sg50-028,,,,-117.0,-3.2,False,,,,,False,EU868,False
2026-05-28 11:46:13.551682+00:00,stratolink-3-eu,EU,STALE,40.6257961,-6.428663,10009.0,7,868300000.0,ext-sg50-015,,,,-116.0,-2.5,False,,,,,False,EU868,False
2026-05-28 11:46:13.551682+00:00,stratolink-3-eu,EU,STALE,40.6257961,-6.428663,10009.0,7,868300000.0,mtcdtip02-l4e1-7,,,,-114.0,-2.8,False,,,,,False,EU868,False
2026-05-28 11:46:13.551682+00:00,stratolink-3-eu,EU,STALE,40.6257961,-6.428663,10009.0,7,868300000.0,mjv-casas,,,,-115.0,0.2,False,,,,,False,EU868,False
2026-05-28 11:46:13.551682+00:00,stratolink-3-eu,EU,STALE,40.6257961,-6.428663,10009.0,7,868300000.0,mtcdtip02-l4e1-15,,,,-113.0,-3.0,False,,,,,False,EU868,False
2026-05-28 11:46:13.551682+00:00,stratolink-3-eu,EU,STALE,40.6257961,-6.428663,10009.0,7,868300000.0,rio-tormes-1b,40.968865323719,-5.64232170581818,940.0,-113.0,-1.25,False,76.39753112398147,76.99864524997983,6.42042050652061,7.107479061301338,False,EU868,False
2026-05-28 11:46:13.551682+00:00,stratolink-3-eu,EU,STALE,40.6257961,-6.428663,10009.0,7,868300000.0,lora-more,41.81858911263017,-6.7508557295156235,674.0,-113.0,-7.3,False,135.34213528228818,135.7743123011122,3.3336103579590004,4.5507697412525046,False,EU868,False
2026-05-28 11:46:13.551682+00:00,stratolink-3-eu,EU,STALE,40.6257961,-6.428663,10009.0,7,868300000.0,ext-sg50-029,,,,-112.0,4.2,False,,,,,False,EU868,False
2026-05-28 11:46:13.551682+00:00,stratolink-3-eu,EU,STALE,40.6257961,-6.428663,10009.0,7,868300000.0,mtcdtip02-l4e1-9,,,,-111.0,-4.0,False,,,,,False,EU868,False
2026-05-28 11:46:13.551682+00:00,stratolink-3-eu,EU,STALE,40.6257961,-6.428663,10009.0,7,868300000.0,cicytex-icmc-002,,,,-111.0,-9.3,False,,,,,False,EU868,False
2026-05-28 11:46:13.551682+00:00,stratolink-3-eu,EU,STALE,40.6257961,-6.428663,10009.0,7,868300000.0,cicytex-ic003,,,,-109.0,-9.0,False,,,,,False,EU868,False
2026-05-28 11:46:13.551682+00:00,stratolink-3-eu,EU,STALE,40.6257961,-6.428663,10009.0,7,868300000.0,packetbroker,40.962758045083945,-5.675633842073217,,-108.0,3.5,True,73.6359324656191,74.36994456081506,7.403320316988313,8.065543252669633,False,EU868,False
2026-05-28 11:46:13.551682+00:00,stratolink-3-eu,EU,STALE,40.6257961,-6.428663,10009.0,7,868300000.0,packetbroker,40.962541751597406,-5.675446072867432,,-113.0,-1.25,True,73.63739668553853,74.37139657481511,7.403161798178406,8.065397901887811,False,EU868,False
2026-05-28 11:51:21.953081+00:00,stratolink-3-eu,EU,STALE,40.6257961,-6.428663,10009.0,7,868500000.0,ext-sg50-015,,,,-115.0,-0.5,False,,,,,False,EU868,False
2026-05-28 11:51:21.953081+00:00,stratolink-3-eu,EU,STALE,40.6257961,-6.428663,10009.0,7,868500000.0,d401c3ffff6d00a4,,,,-116.0,-6.25,False,,,,,False,EU868,False
2026-05-28 11:51:21.953081+00:00,stratolink-3-eu,EU,STALE,40.6257961,-6.428663,10009.0,7,868500000.0,mitigasmart-cc,,,,-116.0,-2.8,False,,,,,False,EU868,False
2026-05-28 11:51:21.953081+00:00,stratolink-3-eu,EU,STALE,40.6257961,-6.428663,10009.0,7,868500000.0,tef-mls-01,40.108033,-6.632828,297.0,-116.0,,False,60.1148739870506,60.94210574681039,8.899588059662362,9.440213363054477,False,EU868,False
2026-05-28 11:51:21.953081+00:00,stratolink-3-eu,EU,STALE,40.6257961,-6.428663,10009.0,7,868500000.0,sg50-perte-malpica-01,,,,-116.0,-7.8,False,,,,,False,EU868,False
2026-05-28 11:51:21.953081+00:00,stratolink-3-eu,EU,STALE,40.6257961,-6.428663,10009.0,7,868500000.0,ext-sg50-023,,,,-116.0,-0.5,False,,,,,False,EU868,False
2026-05-28 11:51:21.953081+00:00,stratolink-3-eu,EU,STALE,40.6257961,-6.428663,10009.0,7,868500000.0,rio-tormes-1b,40.968865323719,-5.64232170581818,940.0,-117.0,-0.5,False,76.39753112398147,76.99864524997983,6.42042050652061,7.107479061301338,False,EU868,False
2026-05-28 11:51:21.953081+00:00,stratolink-3-eu,EU,STALE,40.6257961,-6.428663,10009.0,7,868500000.0,ext-sg50-011,,,,-119.0,-9.2,False,,,,,False,EU868,False
2026-05-28 11:51:21.953081+00:00,stratolink-3-eu,EU,STALE,40.6257961,-6.428663,10009.0,7,868500000.0,italr0005,40.954279046747715,-4.142631590366364,,-117.0,-3.5,False,195.88281833147107,196.28426214013473,2.0417625947977536,3.803376669090203,False,EU868,False
2026-05-28 11:51:21.953081+00:00,stratolink-3-eu,EU,STALE,40.6257961,-6.428663,10009.0,7,868500000.0,sg50-perte-malpica-07,,,,-117.0,-5.2,False,,,,,False,EU868,False
2026-05-28 11:51:21.953081+00:00,stratolink-3-eu,EU,STALE,40.6257961,-6.428663,10009.0,7,868500000.0,ext-sg50-026,,,,-118.0,-9.8,False,,,,,False,EU868,False
2026-05-28 11:51:21.953081+00:00,stratolink-3-eu,EU,STALE,40.6257961,-6.428663,10009.0,7,868500000.0,ext-sg50-024,,,,-118.0,-2.0,False,,,,,False,EU868,False
2026-05-28 11:51:21.953081+00:00,stratolink-3-eu,EU,STALE,40.6257961,-6.428663,10009.0,7,868500000.0,sg50-eui-c0ba1ffffe004945,,,,-118.0,-7.0,False,,,,,False,EU868,False
2026-05-28 11:51:21.953081+00:00,stratolink-3-eu,EU,STALE,40.6257961,-6.428663,10009.0,7,868500000.0,ext-sg50-028,,,,-117.0,-3.8,False,,,,,False,EU868,False
2026-05-28 11:51:21.953081+00:00,stratolink-3-eu,EU,STALE,40.6257961,-6.428663,10009.0,7,868500000.0,meceiot-004-5030354163554750,40.5481739449056,-5.16353885114368,1550.0,-115.0,-4.75,False,107.17888454101507,107.60781816194415,4.026545352022279,4.990426886312135,False,EU868,False
2026-05-28 11:51:21.953081+00:00,stratolink-3-eu,EU,STALE,40.6257961,-6.428663,10009.0,7,868500000.0,cicytex-icmc-002,,,,-110.0,-4.0,False,,,,,False,EU868,False
2026-05-28 11:51:21.953081+00:00,stratolink-3-eu,EU,STALE,40.6257961,-6.428663,10009.0,7,868500000.0,niharramikrotik,40.589325292876616,-4.838257133960725,1131.0,-114.0,-2.0,False,134.31778160937742,134.7255244786066,3.1741707174824296,4.382117879598918,False,EU868,False
2026-05-28 11:51:21.953081+00:00,stratolink-3-eu,EU,STALE,40.6257961,-6.428663,10009.0,7,868500000.0,cicytex-ic003,,,,-106.0,-1.2,False,,,,,False,EU868,False
2026-05-28 11:51:21.953081+00:00,stratolink-3-eu,EU,STALE,40.6257961,-6.428663,10009.0,7,868500000.0,mtcdtip02-l4e1-9,,,,-109.0,-1.2,False,,,,,False,EU868,False
2026-05-28 11:51:21.953081+00:00,stratolink-3-eu,EU,STALE,40.6257961,-6.428663,10009.0,7,868500000.0,mtcdtip02-l4e1-7,,,,-114.0,-3.2,False,,,,,False,EU868,False
2026-05-28 11:51:21.953081+00:00,stratolink-3-eu,EU,STALE,40.6257961,-6.428663,10009.0,7,868500000.0,mtcdtip02-l4e1-11,,,,-111.0,-7.8,False,,,,,False,EU868,False
2026-05-28 11:51:21.953081+00:00,stratolink-3-eu,EU,STALE,40.6257961,-6.428663,10009.0,7,868500000.0,packetbroker,40.962541751597406,-5.675446072867432,,-111.0,-0.5,True,73.63739668553853,74.37139657481511,7.403161798178406,8.065397901887811,False,EU868,False
2026-05-28 11:51:21.953081+00:00,stratolink-3-eu,EU,STALE,40.6257961,-6.428663,10009.0,7,868500000.0,ext-sg50-029,,,,-111.0,4.8,False,,,,,False,EU868,False
2026-05-28 11:51:21.953081+00:00,stratolink-3-eu,EU,STALE,40.6257961,-6.428663,10009.0,7,868500000.0,mtcdtip02-l4e1-13,,,,-111.0,-5.5,False,,,,,False,EU868,False
2026-05-28 11:51:21.953081+00:00,stratolink-3-eu,EU,STALE,40.6257961,-6.428663,10009.0,7,868500000.0,mjv-casas,,,,-113.0,0.8,False,,,,,False,EU868,False
2026-05-28 11:51:21.953081+00:00,stratolink-3-eu,EU,STALE,40.6257961,-6.428663,10009.0,7,868500000.0,dlps8-103,,,,-113.0,-6.5,False,,,,,False,EU868,False
2026-05-28 11:51:21.953081+00:00,stratolink-3-eu,EU,STALE,40.6257961,-6.428663,10009.0,7,868500000.0,packetbroker,40.962758045083945,-5.675633842073217,,-113.0,-4.0,True,73.6359324656191,74.36994456081506,7.403320316988313,8.065543252669633,False,EU868,False
2026-05-28 11:51:21.953081+00:00,stratolink-3-eu,EU,STALE,40.6257961,-6.428663,10009.0,7,868500000.0,mtcdtip02-l4e1-15,,,,-113.0,-4.2,False,,,,,False,EU868,False
2026-05-28 11:51:21.953081+00:00,stratolink-3-eu,EU,STALE,40.6257961,-6.428663,10009.0,7,868500000.0,mtcdtip02-l4e1-5,,,,-113.0,-6.0,False,,,,,False,EU868,False
2026-05-28 11:51:21.953081+00:00,stratolink-3-eu,EU,STALE,40.6257961,-6.428663,10009.0,7,868500000.0,jfmateos-rak7250-rioseco,39.9775352459947,-6.04510360141884,,-112.0,-5.75,False,79.08213213871244,79.77410876714855,6.851971712150553,7.56317343054187,False,EU868,False
2026-05-28 11:56:30.566463+00:00,stratolink-3-eu,EU,STALE,40.6257961,-6.428663,10009.0,7,868100000.0,d401c3ffff6d00a4,,,,-115.0,-8.75,False,,,,,False,EU868,False
2026-05-28 11:56:30.566463+00:00,stratolink-3-eu,EU,STALE,40.6257961,-6.428663,10009.0,7,868100000.0,sg50-perte-malpica-05,,,,-119.0,-8.5,False,,,,,False,EU868,False
2026-05-28 11:56:30.566463+00:00,stratolink-3-eu,EU,STALE,40.6257961,-6.428663,10009.0,7,868100000.0,ext-sg50-024,,,,-119.0,-5.0,False,,,,,False,EU868,False
2026-05-28 11:56:30.566463+00:00,stratolink-3-eu,EU,STALE,40.6257961,-6.428663,10009.0,7,868100000.0,mitigasmart-cc,,,,-119.0,-8.2,False,,,,,False,EU868,False
2026-05-28 11:56:30.566463+00:00,stratolink-3-eu,EU,STALE,40.6257961,-6.428663,10009.0,7,868100000.0,italr0005,40.954279046747715,-4.142631590366364,,-119.0,-4.75,False,195.88281833147107,196.28426214013473,2.0417625947977536,3.803376669090203,False,EU868,False
2026-05-28 11:56:30.566463+00:00,stratolink-3-eu,EU,STALE,40.6257961,-6.428663,10009.0,7,868100000.0,tef-mls-01,40.108033,-6.632828,297.0,-120.0,-6.8,False,60.1148739870506,60.94210574681039,8.899588059662362,9.440213363054477,False,EU868,False
2026-05-28 11:56:30.566463+00:00,stratolink-3-eu,EU,STALE,40.6257961,-6.428663,10009.0,7,868100000.0,cdtic-multitech-4,39.4920534590841,-6.57908320426941,391.0,-115.0,-4.2,False,126.71486734239434,127.1803668330496,3.767126097580384,4.906698703457173,False,EU868,False
2026-05-28 11:56:30.566463+00:00,stratolink-3-eu,EU,STALE,40.6257961,-6.428663,10009.0,7,868100000.0,italr0001,41.70253250763931,-4.708266556262971,765.0,-116.0,-7.25,False,187.27657100298967,187.65594481055086,1.9811402457960121,3.665356585310856,False,EU868,False
2026-05-28 11:56:30.566463+00:00,stratolink-3-eu,EU,STALE,40.6257961,-6.428663,10009.0,7,868100000.0,packetbroker,42.3745405722791,-5.96814936380405,,-115.0,-7.25,True,198.196751110667,198.59675771531337,1.9972896961056812,3.7797134390843348,False,EU868,False
2026-05-28 11:56:30.566463+00:00,stratolink-3-eu,EU,STALE,40.6257961,-6.428663,10009.0,7,868100000.0,lora-more,41.81858911263017,-6.7508557295156235,674.0,-115.0,-6.8,False,135.34213528228818,135.7743123011122,3.3336103579590004,4.5507697412525046,False,EU868,False
2026-05-28 11:56:30.566463+00:00,stratolink-3-eu,EU,STALE,40.6257961,-6.428663,10009.0,7,868100000.0,ext-sg50-029,,,,-114.0,2.8,False,,,,,False,EU868,False
2026-05-28 11:56:30.566463+00:00,stratolink-3-eu,EU,STALE,40.6257961,-6.428663,10009.0,7,868100000.0,mtcdtip02-l4e1-15,,,,-114.0,-6.0,False,,,,,False,EU868,False
2026-05-28 11:56:30.566463+00:00,stratolink-3-eu,EU,STALE,40.6257961,-6.428663,10009.0,7,868100000.0,packetbroker,40.962758045083945,-5.675633842073217,,-113.0,2.75,True,73.6359324656191,74.36994456081506,7.403320316988313,8.065543252669633,False,EU868,False
2026-05-28 11:56:30.566463+00:00,stratolink-3-eu,EU,STALE,40.6257961,-6.428663,10009.0,7,868100000.0,cicytex-ic003,,,,-109.0,-2.0,False,,,,,False,EU868,False
2026-05-28 11:56:30.566463+00:00,stratolink-3-eu,EU,STALE,40.6257961,-6.428663,10009.0,7,868100000.0,packetbroker,40.962541751597406,-5.675446072867432,,-108.0,4.25,True,73.63739668553853,74.37139657481511,7.403161798178406,8.065397901887811,False,EU868,False
2026-05-28 11:56:30.566463+00:00,stratolink-3-eu,EU,STALE,40.6257961,-6.428663,10009.0,7,868100000.0,5031395365454751,42.195765,-6.006521,8.0,-115.0,-7.75,False,178.0863879551528,178.50091836688733,2.410736343424119,4.0123034953262025,False,EU868,False
2026-05-28 12:01:39.072010+00:00,stratolink-3-eu,EU,STALE,40.6257961,-6.428663,10009.0,7,868300000.0,italr0005,40.954279046747715,-4.142631590366364,,-120.0,-7.0,False,195.88281833147107,196.28426214013473,2.0417625947977536,3.803376669090203,False,EU868,False
2026-05-28 12:01:39.072010+00:00,stratolink-3-eu,EU,STALE,40.6257961,-6.428663,10009.0,7,868300000.0,ext-sg50-022,,,,-119.0,-8.2,False,,,,,False,EU868,False
2026-05-28 12:01:39.072010+00:00,stratolink-3-eu,EU,STALE,40.6257961,-6.428663,10009.0,7,868300000.0,ext-sg50-024,,,,-119.0,-5.0,False,,,,,False,EU868,False
2026-05-28 12:01:39.072010+00:00,stratolink-3-eu,EU,STALE,40.6257961,-6.428663,10009.0,7,868300000.0,ext-sg50-023,,,,-118.0,-3.8,False,,,,,False,EU868,False
2026-05-28 12:01:39.072010+00:00,stratolink-3-eu,EU,STALE,40.6257961,-6.428663,10009.0,7,868300000.0,sg50-perte-malpica-07,,,,-118.0,-9.0,False,,,,,False,EU868,False
2026-05-28 12:01:39.072010+00:00,stratolink-3-eu,EU,STALE,40.6257961,-6.428663,10009.0,7,868300000.0,tef-mls-01,40.108033,-6.632828,297.0,-118.0,-3.8,False,60.1148739870506,60.94210574681039,8.899588059662362,9.440213363054477,False,EU868,False
2026-05-28 12:01:39.072010+00:00,stratolink-3-eu,EU,STALE,40.6257961,-6.428663,10009.0,7,868300000.0,sg50-perte-malpica-05,,,,-118.0,-8.8,False,,,,,False,EU868,False
2026-05-28 12:01:39.072010+00:00,stratolink-3-eu,EU,STALE,40.6257961,-6.428663,10009.0,7,868300000.0,ext-sg50-028,,,,-118.0,-4.2,False,,,,,False,EU868,False
2026-05-28 12:01:39.072010+00:00,stratolink-3-eu,EU,STALE,40.6257961,-6.428663,10009.0,7,868300000.0,ext-sg50-015,,,,-118.0,-7.5,False,,,,,False,EU868,False
2026-05-28 12:01:39.072010+00:00,stratolink-3-eu,EU,STALE,40.6257961,-6.428663,10009.0,7,868300000.0,cicytex-ic003,,,,-108.0,-4.2,False,,,,,False,EU868,False
2026-05-28 12:01:39.072010+00:00,stratolink-3-eu,EU,STALE,40.6257961,-6.428663,10009.0,7,868300000.0,ext-sg50-029,,,,-114.0,2.5,False,,,,,False,EU868,False
2026-05-28 12:01:39.072010+00:00,stratolink-3-eu,EU,STALE,40.6257961,-6.428663,10009.0,7,868300000.0,mtcdtip02-l4e1-15,,,,-114.0,-3.5,False,,,,,False,EU868,False
2026-05-28 12:01:39.072010+00:00,stratolink-3-eu,EU,STALE,40.6257961,-6.428663,10009.0,7,868300000.0,mtcdtip02-l4e1-7,,,,-113.0,-8.2,False,,,,,False,EU868,False
2026-05-28 12:01:39.072010+00:00,stratolink-3-eu,EU,STALE,40.6257961,-6.428663,10009.0,7,868300000.0,mtcdtip02-l4e1-11,,,,-113.0,-8.8,False,,,,,False,EU868,False
2026-05-28 12:01:39.072010+00:00,stratolink-3-eu,EU,STALE,40.6257961,-6.428663,10009.0,7,868300000.0,packetbroker,40.962541751597406,-5.675446072867432,,-111.0,2.0,True,73.63739668553853,74.37139657481511,7.403161798178406,8.065397901887811,False,EU868,False
2026-05-28 12:01:39.072010+00:00,stratolink-3-eu,EU,STALE,40.6257961,-6.428663,10009.0,7,868300000.0,packetbroker,40.962758045083945,-5.675633842073217,,-110.0,2.0,True,73.6359324656191,74.36994456081506,7.403320316988313,8.065543252669633,False,EU868,False
2026-05-28 12:01:39.072010+00:00,stratolink-3-eu,EU,STALE,40.6257961,-6.428663,10009.0,7,868300000.0,mtcdtip02-l4e1-9,,,,-110.0,-3.0,False,,,,,False,EU868,False
2026-05-28 12:01:39.072010+00:00,stratolink-3-eu,EU,STALE,40.6257961,-6.428663,10009.0,7,868300000.0,d401c3ffff6d00a4,,,,-114.0,-4.5,False,,,,,False,EU868,False
2026-05-28 12:06:47.531848+00:00,stratolink-3-eu,EU,STALE,40.6257961,-6.428663,10009.0,7,868500000.0,cdtic-multitech-4,39.4920534590841,-6.57908320426941,391.0,-115.0,-2.2,False,126.71486734239434,127.1803668330496,3.767126097580384,4.906698703457173,False,EU868,False
2026-05-28 12:06:47.531848+00:00,stratolink-3-eu,EU,STALE,40.6257961,-6.428663,10009.0,7,868500000.0,meceiot-004-5030354163554750,40.5481739449056,-5.16353885114368,1550.0,-116.0,-8.75,False,107.17888454101507,107.60781816194415,4.026545352022279,4.990426886312135,False,EU868,False
2026-05-28 12:06:47.531848+00:00,stratolink-3-eu,EU,STALE,40.6257961,-6.428663,10009.0,7,868500000.0,mitigasmart-cc,,,,-118.0,-9.5,False,,,,,False,EU868,False
2026-05-28 12:06:47.531848+00:00,stratolink-3-eu,EU,STALE,40.6257961,-6.428663,10009.0,7,868500000.0,ext-sg50-029,,,,-114.0,0.5,False,,,,,False,EU868,False
2026-05-28 12:06:47.531848+00:00,stratolink-3-eu,EU,STALE,40.6257961,-6.428663,10009.0,7,868500000.0,ext-sg50-024,,,,-119.0,-6.5,False,,,,,False,EU868,False
2026-05-28 12:06:47.531848+00:00,stratolink-3-eu,EU,STALE,40.6257961,-6.428663,10009.0,7,868500000.0,ext-sg50-023,,,,-119.0,-6.8,False,,,,,False,EU868,False
2026-05-28 12:06:47.531848+00:00,stratolink-3-eu,EU,STALE,40.6257961,-6.428663,10009.0,7,868500000.0,packetbroker,,,,-121.0,-9.75,True,,,,,False,EU868,False
2026-05-28 12:06:47.531848+00:00,stratolink-3-eu,EU,STALE,40.6257961,-6.428663,10009.0,7,868500000.0,sg50-perte-malpica-05,,,,-118.0,-6.5,False,,,,,False,EU868,False
2026-05-28 12:06:47.531848+00:00,stratolink-3-eu,EU,STALE,40.6257961,-6.428663,10009.0,7,868500000.0,italr0005,40.954279046747715,-4.142631590366364,,-114.0,-0.5,False,195.88281833147107,196.28426214013473,2.0417625947977536,3.803376669090203,False,EU868,False
2026-05-28 12:06:47.531848+00:00,stratolink-3-eu,EU,STALE,40.6257961,-6.428663,10009.0,7,868500000.0,packetbroker,40.962758045083945,-5.675633842073217,,-107.0,4.5,True,73.6359324656191,74.36994456081506,7.403320316988313,8.065543252669633,False,EU868,False
2026-05-28 12:06:47.531848+00:00,stratolink-3-eu,EU,STALE,40.6257961,-6.428663,10009.0,7,868500000.0,niharramikrotik,40.589325292876616,-4.838257133960725,1131.0,-113.0,-0.5,False,134.31778160937742,134.7255244786066,3.1741707174824296,4.382117879598918,False,EU868,False
2026-05-28 12:06:47.531848+00:00,stratolink-3-eu,EU,STALE,40.6257961,-6.428663,10009.0,7,868500000.0,lora-more,41.81858911263017,-6.7508557295156235,674.0,-113.0,-7.0,False,135.34213528228818,135.7743123011122,3.3336103579590004,4.5507697412525046,False,EU868,False
2026-05-28 12:06:47.531848+00:00,stratolink-3-eu,EU,STALE,40.6257961,-6.428663,10009.0,7,868500000.0,mikrotikepsa,40.65110091852006,-4.679304063320161,1131.0,-111.0,-9.0,False,147.63293591777082,148.0251402560933,2.7743747262723524,4.102067782545035,False,EU868,False
2026-05-28 12:06:47.531848+00:00,stratolink-3-eu,EU,STALE,40.6257961,-6.428663,10009.0,7,868500000.0,mtcdtip02-l4e1-9,,,,-110.0,-4.2,False,,,,,False,EU868,False
2026-05-28 12:06:47.531848+00:00,stratolink-3-eu,EU,STALE,40.6257961,-6.428663,10009.0,7,868500000.0,italr0001,41.70253250763931,-4.708266556262971,765.0,-109.0,-3.75,False,187.27657100298967,187.65594481055086,1.9811402457960121,3.665356585310856,False,EU868,False
2026-05-28 12:06:47.531848+00:00,stratolink-3-eu,EU,STALE,40.6257961,-6.428663,10009.0,7,868500000.0,cicytex-ic003,,,,-108.0,-3.8,False,,,,,False,EU868,False
2026-05-28 12:06:47.531848+00:00,stratolink-3-eu,EU,STALE,40.6257961,-6.428663,10009.0,7,868500000.0,packetbroker,40.962541751597406,-5.675446072867432,,-107.0,4.5,True,73.63739668553853,74.37139657481511,7.403161798178406,8.065397901887811,False,EU868,False
2026-05-28 12:06:47.531848+00:00,stratolink-3-eu,EU,STALE,40.6257961,-6.428663,10009.0,7,868500000.0,mjv-casas,,,,-114.0,1.0,False,,,,,False,EU868,False
2026-05-28 12:11:56.303346+00:00,stratolink-3-eu,EU,STALE,40.6257961,-6.428663,10009.0,7,868100000.0,cdtic-multitech-4,39.4920534590841,-6.57908320426941,391.0,-115.0,,False,126.71486734239434,127.1803668330496,3.767126097580384,4.906698703457173,False,EU868,False
2026-05-28 12:11:56.303346+00:00,stratolink-3-eu,EU,STALE,40.6257961,-6.428663,10009.0,7,868100000.0,italr0001,41.70253250763931,-4.708266556262971,765.0,-116.0,-5.5,False,187.27657100298967,187.65594481055086,1.9811402457960121,3.665356585310856,False,EU868,False
2026-05-28 12:11:56.303346+00:00,stratolink-3-eu,EU,STALE,40.6257961,-6.428663,10009.0,7,868100000.0,meceiot-004-5030354163554750,40.5481739449056,-5.16353885114368,1550.0,-116.0,-7.0,False,107.17888454101507,107.60781816194415,4.026545352022279,4.990426886312135,False,EU868,False
2026-05-28 12:11:56.303346+00:00,stratolink-3-eu,EU,STALE,40.6257961,-6.428663,10009.0,7,868100000.0,ext-sg50-028,,,,-118.0,-5.5,False,,,,,False,EU868,False
2026-05-28 12:11:56.303346+00:00,stratolink-3-eu,EU,STALE,40.6257961,-6.428663,10009.0,7,868100000.0,italr0005,40.954279046747715,-4.142631590366364,,-122.0,-8.5,False,195.88281833147107,196.28426214013473,2.0417625947977536,3.803376669090203,False,EU868,False
2026-05-28 12:11:56.303346+00:00,stratolink-3-eu,EU,STALE,40.6257961,-6.428663,10009.0,7,868100000.0,ext-sg50-024,,,,-119.0,-3.5,False,,,,,False,EU868,False
2026-05-28 12:11:56.303346+00:00,stratolink-3-eu,EU,STALE,40.6257961,-6.428663,10009.0,7,868100000.0,ext-sg50-022,,,,-120.0,-8.8,False,,,,,False,EU868,False
2026-05-28 12:11:56.303346+00:00,stratolink-3-eu,EU,STALE,40.6257961,-6.428663,10009.0,7,868100000.0,mtcdtip02-l4e1-15,,,,-115.0,-4.0,False,,,,,False,EU868,False
2026-05-28 12:11:56.303346+00:00,stratolink-3-eu,EU,STALE,40.6257961,-6.428663,10009.0,7,868100000.0,ext-sg50-023,,,,-118.0,-0.8,False,,,,,False,EU868,False
2026-05-28 12:11:56.303346+00:00,stratolink-3-eu,EU,STALE,40.6257961,-6.428663,10009.0,7,868100000.0,mtcdtip02-l4e1-7,,,,-115.0,-6.2,False,,,,,False,EU868,False
2026-05-28 12:11:56.303346+00:00,stratolink-3-eu,EU,STALE,40.6257961,-6.428663,10009.0,7,868100000.0,niharramikrotik,40.589325292876616,-4.838257133960725,1131.0,-115.0,-5.0,False,134.31778160937742,134.7255244786066,3.1741707174824296,4.382117879598918,False,EU868,False
2026-05-28 12:11:56.303346+00:00,stratolink-3-eu,EU,STALE,40.6257961,-6.428663,10009.0,7,868100000.0,lora-more,41.81858911263017,-6.7508557295156235,674.0,-115.0,-5.5,False,135.34213528228818,135.7743123011122,3.3336103579590004,4.5507697412525046,False,EU868,False
2026-05-28 12:11:56.303346+00:00,stratolink-3-eu,EU,STALE,40.6257961,-6.428663,10009.0,7,868100000.0,cicytex-ic003,,,,-108.0,-2.8,False,,,,,False,EU868,False
2026-05-28 12:11:56.303346+00:00,stratolink-3-eu,EU,STALE,40.6257961,-6.428663,10009.0,7,868100000.0,mtcdtip02-l4e1-9,,,,-110.0,-3.0,False,,,,,False,EU868,False
2026-05-28 12:11:56.303346+00:00,stratolink-3-eu,EU,STALE,40.6257961,-6.428663,10009.0,7,868100000.0,cicytex-icmc-002,,,,-111.0,-8.0,False,,,,,False,EU868,False
2026-05-28 12:11:56.303346+00:00,stratolink-3-eu,EU,STALE,40.6257961,-6.428663,10009.0,7,868100000.0,packetbroker,40.962541751597406,-5.675446072867432,,-111.0,1.25,True,73.63739668553853,74.37139657481511,7.403161798178406,8.065397901887811,False,EU868,False
2026-05-28 12:11:56.303346+00:00,stratolink-3-eu,EU,STALE,40.6257961,-6.428663,10009.0,7,868100000.0,packetbroker,40.962758045083945,-5.675633842073217,,-110.0,3.25,True,73.6359324656191,74.36994456081506,7.403320316988313,8.065543252669633,False,EU868,False
2026-05-28 12:11:56.303346+00:00,stratolink-3-eu,EU,STALE,40.6257961,-6.428663,10009.0,7,868100000.0,mjv-casas,,,,-114.0,1.5,False,,,,,False,EU868,False
2026-05-28 12:11:56.303346+00:00,stratolink-3-eu,EU,STALE,40.6257961,-6.428663,10009.0,7,868100000.0,d401c3ffff6d00a4,,,,-114.0,-3.5,False,,,,,False,EU868,False
2026-05-28 12:11:56.303346+00:00,stratolink-3-eu,EU,STALE,40.6257961,-6.428663,10009.0,7,868100000.0,ext-sg50-029,,,,-114.0,3.0,False,,,,,False,EU868,False
2026-05-28 12:11:56.303346+00:00,stratolink-3-eu,EU,STALE,40.6257961,-6.428663,10009.0,7,868100000.0,ext-sg50-018,,,,-113.0,-6.2,False,,,,,False,EU868,False
2026-05-28 12:17:05.090548+00:00,stratolink-3-eu,EU,STALE,40.6257961,-6.428663,10009.0,7,868300000.0,ext-sg50-029,,,,-116.0,-0.5,False,,,,,False,EU868,False
2026-05-28 12:17:05.090548+00:00,stratolink-3-eu,EU,STALE,40.6257961,-6.428663,10009.0,7,868300000.0,sg50-perte-malpica-07,,,,-119.0,-7.2,False,,,,,False,EU868,False
2026-05-28 12:17:05.090548+00:00,stratolink-3-eu,EU,STALE,40.6257961,-6.428663,10009.0,7,868300000.0,mitigasmart-cc,,,,-119.0,-8.5,False,,,,,False,EU868,False
2026-05-28 12:17:05.090548+00:00,stratolink-3-eu,EU,STALE,40.6257961,-6.428663,10009.0,7,868300000.0,ext-sg50-024,,,,-119.0,-7.2,False,,,,,False,EU868,False
2026-05-28 12:17:05.090548+00:00,stratolink-3-eu,EU,STALE,40.6257961,-6.428663,10009.0,7,868300000.0,sg50-perte-malpica-05,,,,-118.0,-7.0,False,,,,,False,EU868,False
2026-05-28 12:17:05.090548+00:00,stratolink-3-eu,EU,STALE,40.6257961,-6.428663,10009.0,7,868300000.0,ext-sg50-028,,,,-118.0,-6.5,False,,,,,False,EU868,False
2026-05-28 12:17:05.090548+00:00,stratolink-3-eu,EU,STALE,40.6257961,-6.428663,10009.0,7,868300000.0,meceiot-004-5030354163554750,40.5481739449056,-5.16353885114368,1550.0,-115.0,-7.5,False,107.17888454101507,107.60781816194415,4.026545352022279,4.990426886312135,False,EU868,False
2026-05-28 12:17:05.090548+00:00,stratolink-3-eu,EU,STALE,40.6257961,-6.428663,10009.0,7,868300000.0,italr0005,40.954279046747715,-4.142631590366364,,-114.0,-1.0,False,195.88281833147107,196.28426214013473,2.0417625947977536,3.803376669090203,False,EU868,False
2026-05-28 12:17:05.090548+00:00,stratolink-3-eu,EU,STALE,40.6257961,-6.428663,10009.0,7,868300000.0,italr0001,41.70253250763931,-4.708266556262971,765.0,-114.0,-4.5,False,187.27657100298967,187.65594481055086,1.9811402457960121,3.665356585310856,False,EU868,False
2026-05-28 12:17:05.090548+00:00,stratolink-3-eu,EU,STALE,40.6257961,-6.428663,10009.0,7,868300000.0,ext-dlos8-011,,,,-112.0,-7.2,False,,,,,False,EU868,False
2026-05-28 12:17:05.090548+00:00,stratolink-3-eu,EU,STALE,40.6257961,-6.428663,10009.0,7,868300000.0,lora-more,41.81858911263017,-6.7508557295156235,674.0,-111.0,-7.5,False,135.34213528228818,135.7743123011122,3.3336103579590004,4.5507697412525046,False,EU868,False
2026-05-28 12:17:05.090548+00:00,stratolink-3-eu,EU,STALE,40.6257961,-6.428663,10009.0,7,868300000.0,packetbroker,40.962541751597406,-5.675446072867432,,-109.0,3.0,True,73.63739668553853,74.37139657481511,7.403161798178406,8.065397901887811,False,EU868,False
2026-05-28 12:17:05.090548+00:00,stratolink-3-eu,EU,STALE,40.6257961,-6.428663,10009.0,7,868300000.0,cicytex-ic003,,,,-108.0,-7.8,False,,,,,False,EU868,False
2026-05-28 12:17:05.090548+00:00,stratolink-3-eu,EU,STALE,40.6257961,-6.428663,10009.0,7,868300000.0,mtcdtip02-l4e1-9,,,,-108.0,-6.8,False,,,,,False,EU868,False
2026-05-28 12:17:05.090548+00:00,stratolink-3-eu,EU,STALE,40.6257961,-6.428663,10009.0,7,868300000.0,packetbroker,40.962758045083945,-5.675633842073217,,-108.0,3.0,True,73.6359324656191,74.36994456081506,7.403320316988313,8.065543252669633,False,EU868,False
2026-05-28 12:22:14.021680+00:00,stratolink-3-eu,EU,STALE,40.6257961,-6.428663,10009.0,7,868500000.0,sg50-perte-malpica-01,,,,-116.0,-7.2,False,,,,,False,EU868,False
2026-05-28 12:22:14.021680+00:00,stratolink-3-eu,EU,STALE,40.6257961,-6.428663,10009.0,7,868500000.0,ext-sg50-029,,,,-116.0,-2.5,False,,,,,False,EU868,False
2026-05-28 12:22:14.021680+00:00,stratolink-3-eu,EU,STALE,40.6257961,-6.428663,10009.0,7,868500000.0,cdtic-multitech-4,39.4920534590841,-6.57908320426941,391.0,-116.0,-8.0,False,126.71486734239434,127.1803668330496,3.767126097580384,4.906698703457173,False,EU868,False
2026-05-28 12:22:14.021680+00:00,stratolink-3-eu,EU,STALE,40.6257961,-6.428663,10009.0,7,868500000.0,mitigasmart-cc,,,,-117.0,-5.2,False,,,,,False,EU868,False
2026-05-28 12:22:14.021680+00:00,stratolink-3-eu,EU,STALE,40.6257961,-6.428663,10009.0,7,868500000.0,v3-eui-b827ebfffebf1f02,40.13814,-7.50059,600.0,-120.0,-7.8,False,105.75302120153279,106.25722709233943,4.604448555082282,5.555507010001736,False,EU868,False
2026-05-28 12:22:14.021680+00:00,stratolink-3-eu,EU,STALE,40.6257961,-6.428663,10009.0,7,868500000.0,sg50-eui-c0ba1ffffe004945,,,,-119.0,-9.5,False,,,,,False,EU868,False
2026-05-28 12:22:14.021680+00:00,stratolink-3-eu,EU,STALE,40.6257961,-6.428663,10009.0,7,868500000.0,tef-mls-01,40.108033,-6.632828,297.0,-119.0,-9.0,False,60.1148739870506,60.94210574681039,8.899588059662362,9.440213363054477,False,EU868,False
2026-05-28 12:22:14.021680+00:00,stratolink-3-eu,EU,STALE,40.6257961,-6.428663,10009.0,7,868500000.0,sg50-perte-malpica-05,,,,-116.0,-2.2,False,,,,,False,EU868,False
2026-05-28 12:22:14.021680+00:00,stratolink-3-eu,EU,STALE,40.6257961,-6.428663,10009.0,7,868500000.0,antena-granjas-rendondo-01,,,,-126.0,-7.25,False,,,,,False,EU868,False
2026-05-28 12:22:14.021680+00:00,stratolink-3-eu,EU,STALE,40.6257961,-6.428663,10009.0,7,868500000.0,sg50-perte-malpica-07,,,,-117.0,-4.8,False,,,,,False,EU868,False
2026-05-28 12:22:14.021680+00:00,stratolink-3-eu,EU,STALE,40.6257961,-6.428663,10009.0,7,868500000.0,italr0001,41.70253250763931,-4.708266556262971,765.0,-116.0,-4.75,False,187.27657100298967,187.65594481055086,1.9811402457960121,3.665356585310856,False,EU868,False
2026-05-28 12:22:14.021680+00:00,stratolink-3-eu,EU,STALE,40.6257961,-6.428663,10009.0,7,868500000.0,packetbroker,40.962541751597406,-5.675446072867432,,-108.0,1.75,True,73.63739668553853,74.37139657481511,7.403161798178406,8.065397901887811,False,EU868,False
2026-05-28 12:22:14.021680+00:00,stratolink-3-eu,EU,STALE,40.6257961,-6.428663,10009.0,7,868500000.0,mtcdtip02-l4e1-5,,,,-115.0,-6.2,False,,,,,False,EU868,False
2026-05-28 12:22:14.021680+00:00,stratolink-3-eu,EU,STALE,40.6257961,-6.428663,10009.0,7,868500000.0,meceiot-004-5030354163554750,40.5481739449056,-5.16353885114368,1550.0,-113.0,-2.75,False,107.17888454101507,107.60781816194415,4.026545352022279,4.990426886312135,False,EU868,False
2026-05-28 12:22:14.021680+00:00,stratolink-3-eu,EU,STALE,40.6257961,-6.428663,10009.0,7,868500000.0,italr0005,40.954279046747715,-4.142631590366364,,-113.0,0.5,False,195.88281833147107,196.28426214013473,2.0417625947977536,3.803376669090203,False,EU868,False
2026-05-28 12:22:14.021680+00:00,stratolink-3-eu,EU,STALE,40.6257961,-6.428663,10009.0,7,868500000.0,mtcdtip02-l4e1-7,,,,-112.0,-8.5,False,,,,,False,EU868,False
2026-05-28 12:22:14.021680+00:00,stratolink-3-eu,EU,STALE,40.6257961,-6.428663,10009.0,7,868500000.0,niharramikrotik,40.589325292876616,-4.838257133960725,1131.0,-112.0,-3.5,False,134.31778160937742,134.7255244786066,3.1741707174824296,4.382117879598918,False,EU868,False
2026-05-28 12:22:14.021680+00:00,stratolink-3-eu,EU,STALE,40.6257961,-6.428663,10009.0,7,868500000.0,rio-tormes-1b,40.968865323719,-5.64232170581818,940.0,-110.0,-3.0,False,76.39753112398147,76.99864524997983,6.42042050652061,7.107479061301338,False,EU868,False
2026-05-28 12:22:14.021680+00:00,stratolink-3-eu,EU,STALE,40.6257961,-6.428663,10009.0,7,868500000.0,mtcdtip02-l4e1-9,,,,-109.0,-5.5,False,,,,,False,EU868,False
2026-05-28 12:22:14.021680+00:00,stratolink-3-eu,EU,STALE,40.6257961,-6.428663,10009.0,7,868500000.0,cicytex-ic003,,,,-108.0,-6.2,False,,,,,False,EU868,False
2026-05-28 12:22:14.021680+00:00,stratolink-3-eu,EU,STALE,40.6257961,-6.428663,10009.0,7,868500000.0,sg50-perte-malpica-06,,,,-115.0,-7.8,False,,,,,False,EU868,False
2026-05-28 12:22:14.021680+00:00,stratolink-3-eu,EU,STALE,40.6257961,-6.428663,10009.0,7,868500000.0,packetbroker,40.962758045083945,-5.675633842073217,,-107.0,3.5,True,73.6359324656191,74.36994456081506,7.403320316988313,8.065543252669633,False,EU868,False
2026-05-28 12:27:23.509669+00:00,stratolink-3-eu,EU,STALE,40.6257961,-6.428663,10009.0,7,868100000.0,italr0001,41.70253250763931,-4.708266556262971,765.0,-117.0,-3.75,False,187.27657100298967,187.65594481055086,1.9811402457960121,3.665356585310856,False,EU868,False
2026-05-28 12:27:23.509669+00:00,stratolink-3-eu,EU,STALE,40.6257961,-6.428663,10009.0,7,868100000.0,ext-sg50-024,,,,-120.0,-5.5,False,,,,,False,EU868,False
2026-05-28 12:27:23.509669+00:00,stratolink-3-eu,EU,STALE,40.6257961,-6.428663,10009.0,7,868100000.0,meceiot-004-5030354163554750,40.5481739449056,-5.16353885114368,1550.0,-116.0,-4.75,False,107.17888454101507,107.60781816194415,4.026545352022279,4.990426886312135,False,EU868,False
2026-05-28 12:27:23.509669+00:00,stratolink-3-eu,EU,STALE,40.6257961,-6.428663,10009.0,7,868100000.0,sg50-perte-malpica-05,,,,-119.0,-4.2,False,,,,,False,EU868,False
2026-05-28 12:27:23.509669+00:00,stratolink-3-eu,EU,STALE,40.6257961,-6.428663,10009.0,7,868100000.0,sg50-perte-malpica-07,,,,-119.0,-7.0,False,,,,,False,EU868,False
2026-05-28 12:27:23.509669+00:00,stratolink-3-eu,EU,STALE,40.6257961,-6.428663,10009.0,7,868100000.0,mitigasmart-cc,,,,-119.0,-8.2,False,,,,,False,EU868,False
2026-05-28 12:27:23.509669+00:00,stratolink-3-eu,EU,STALE,40.6257961,-6.428663,10009.0,7,868100000.0,mjv-casas,,,,-116.0,,False,,,,,False,EU868,False
2026-05-28 12:27:23.509669+00:00,stratolink-3-eu,EU,STALE,40.6257961,-6.428663,10009.0,7,868100000.0,ext-sg50-029,,,,-117.0,-2.0,False,,,,,False,EU868,False
2026-05-28 12:27:23.509669+00:00,stratolink-3-eu,EU,STALE,40.6257961,-6.428663,10009.0,7,868100000.0,niharramikrotik,40.589325292876616,-4.838257133960725,1131.0,-115.0,-0.75,False,134.31778160937742,134.7255244786066,3.1741707174824296,4.382117879598918,False,EU868,False
2026-05-28 12:27:23.509669+00:00,stratolink-3-eu,EU,STALE,40.6257961,-6.428663,10009.0,7,868100000.0,lora-more,41.81858911263017,-6.7508557295156235,674.0,-114.0,-4.8,False,135.34213528228818,135.7743123011122,3.3336103579590004,4.5507697412525046,False,EU868,False
2026-05-28 12:27:23.509669+00:00,stratolink-3-eu,EU,STALE,40.6257961,-6.428663,10009.0,7,868100000.0,mtcdtip02-l4e1-5,,,,-113.0,-6.5,False,,,,,False,EU868,False
2026-05-28 12:27:23.509669+00:00,stratolink-3-eu,EU,STALE,40.6257961,-6.428663,10009.0,7,868100000.0,mtcdtip02-l4e1-9,,,,-111.0,-4.8,False,,,,,False,EU868,False
2026-05-28 12:27:23.509669+00:00,stratolink-3-eu,EU,STALE,40.6257961,-6.428663,10009.0,7,868100000.0,packetbroker,40.962541751597406,-5.675446072867432,,-109.0,5.25,True,73.63739668553853,74.37139657481511,7.403161798178406,8.065397901887811,False,EU868,False
2026-05-28 12:27:23.509669+00:00,stratolink-3-eu,EU,STALE,40.6257961,-6.428663,10009.0,7,868100000.0,packetbroker,40.962758045083945,-5.675633842073217,,-109.0,1.0,True,73.6359324656191,74.36994456081506,7.403320316988313,8.065543252669633,False,EU868,False
2026-05-28 12:27:23.509669+00:00,stratolink-3-eu,EU,STALE,40.6257961,-6.428663,10009.0,7,868100000.0,italr0005,40.954279046747715,-4.142631590366364,,-115.0,-1.0,False,195.88281833147107,196.28426214013473,2.0417625947977536,3.803376669090203,False,EU868,False
2026-05-28 12:32:32.112158+00:00,stratolink-3-eu,EU,STALE,40.6257961,-6.428663,10009.0,7,868300000.0,ext-sg50-023,,,,-116.0,0.8,False,,,,,False,EU868,False
2026-05-28 12:32:32.112158+00:00,stratolink-3-eu,EU,STALE,40.6257961,-6.428663,10009.0,7,868300000.0,ext-sg50-024,,,,-117.0,0.5,False,,,,,False,EU868,False
2026-05-28 12:32:32.112158+00:00,stratolink-3-eu,EU,STALE,40.6257961,-6.428663,10009.0,7,868300000.0,sg50-perte-malpica-05,,,,-117.0,-5.0,False,,,,,False,EU868,False
2026-05-28 12:32:32.112158+00:00,stratolink-3-eu,EU,STALE,40.6257961,-6.428663,10009.0,7,868300000.0,sg50-perte-malpica-07,,,,-117.0,-3.8,False,,,,,False,EU868,False
2026-05-28 12:32:32.112158+00:00,stratolink-3-eu,EU,STALE,40.6257961,-6.428663,10009.0,7,868300000.0,ext-sg50-015,,,,-117.0,-6.8,False,,,,,False,EU868,False
2026-05-28 12:32:32.112158+00:00,stratolink-3-eu,EU,STALE,40.6257961,-6.428663,10009.0,7,868300000.0,ext-sg50-011,,,,-119.0,-7.5,False,,,,,False,EU868,False
2026-05-28 12:32:32.112158+00:00,stratolink-3-eu,EU,STALE,40.6257961,-6.428663,10009.0,7,868300000.0,ext-sg50-028,,,,-118.0,-5.2,False,,,,,False,EU868,False
2026-05-28 12:32:32.112158+00:00,stratolink-3-eu,EU,STALE,40.6257961,-6.428663,10009.0,7,868300000.0,sg50-eui-c0ba1ffffe004945,,,,-118.0,-7.8,False,,,,,False,EU868,False
2026-05-28 12:32:32.112158+00:00,stratolink-3-eu,EU,STALE,40.6257961,-6.428663,10009.0,7,868300000.0,d401c3ffff6d00a4,,,,-115.0,-4.75,False,,,,,False,EU868,False
2026-05-28 12:32:32.112158+00:00,stratolink-3-eu,EU,STALE,40.6257961,-6.428663,10009.0,7,868300000.0,ext-sg50-022,,,,-120.0,-7.5,False,,,,,False,EU868,False
2026-05-28 12:32:32.112158+00:00,stratolink-3-eu,EU,STALE,40.6257961,-6.428663,10009.0,7,868300000.0,italr0005,40.954279046747715,-4.142631590366364,,-121.0,-7.25,False,195.88281833147107,196.28426214013473,2.0417625947977536,3.803376669090203,False,EU868,False
2026-05-28 12:32:32.112158+00:00,stratolink-3-eu,EU,STALE,40.6257961,-6.428663,10009.0,7,868300000.0,tef-mls-01,40.108033,-6.632828,297.0,-117.0,-4.5,False,60.1148739870506,60.94210574681039,8.899588059662362,9.440213363054477,False,EU868,False
2026-05-28 12:32:32.112158+00:00,stratolink-3-eu,EU,STALE,40.6257961,-6.428663,10009.0,7,868300000.0,cdtic-multitech-4,39.4920534590841,-6.57908320426941,391.0,-115.0,-1.8,False,126.71486734239434,127.1803668330496,3.767126097580384,4.906698703457173,False,EU868,False
2026-05-28 12:32:32.112158+00:00,stratolink-3-eu,EU,STALE,40.6257961,-6.428663,10009.0,7,868300000.0,mitigasmart-cc,,,,-118.0,-6.0,False,,,,,False,EU868,False
2026-05-28 12:32:32.112158+00:00,stratolink-3-eu,EU,STALE,40.6257961,-6.428663,10009.0,7,868300000.0,mtcdtip02-l4e1-15,,,,-114.0,-2.8,False,,,,,False,EU868,False
2026-05-28 12:32:32.112158+00:00,stratolink-3-eu,EU,STALE,40.6257961,-6.428663,10009.0,7,868300000.0,cicytex-unex-1,,,,-115.0,-5.5,False,,,,,False,EU868,False
2026-05-28 12:32:32.112158+00:00,stratolink-3-eu,EU,STALE,40.6257961,-6.428663,10009.0,7,868300000.0,cicytex-ic003,,,,-107.0,-3.5,False,,,,,False,EU868,False
2026-05-28 12:32:32.112158+00:00,stratolink-3-eu,EU,STALE,40.6257961,-6.428663,10009.0,7,868300000.0,mjv-casas,,,,-108.0,5.5,False,,,,,False,EU868,False
2026-05-28 12:32:32.112158+00:00,stratolink-3-eu,EU,STALE,40.6257961,-6.428663,10009.0,7,868300000.0,cicytex-icmc-002,,,,-110.0,-4.5,False,,,,,False,EU868,False
2026-05-28 12:32:32.112158+00:00,stratolink-3-eu,EU,STALE,40.6257961,-6.428663,10009.0,7,868300000.0,packetbroker,40.962541751597406,-5.675446072867432,,-111.0,2.0,True,73.63739668553853,74.37139657481511,7.403161798178406,8.065397901887811,False,EU868,False
2026-05-28 12:32:32.112158+00:00,stratolink-3-eu,EU,STALE,40.6257961,-6.428663,10009.0,7,868300000.0,mtcdtip02-l4e1-11,,,,-111.0,-5.8,False,,,,,False,EU868,False
2026-05-28 12:32:32.112158+00:00,stratolink-3-eu,EU,STALE,40.6257961,-6.428663,10009.0,7,868300000.0,mtcdtip02-l4e1-9,,,,-110.0,0.5,False,,,,,False,EU868,False
2026-05-28 12:32:32.112158+00:00,stratolink-3-eu,EU,STALE,40.6257961,-6.428663,10009.0,7,868300000.0,ext-sg50-029,,,,-112.0,4.5,False,,,,,False,EU868,False
2026-05-28 12:32:32.112158+00:00,stratolink-3-eu,EU,STALE,40.6257961,-6.428663,10009.0,7,868300000.0,dlps8-103,,,,-113.0,-5.5,False,,,,,False,EU868,False
2026-05-28 12:32:32.112158+00:00,stratolink-3-eu,EU,STALE,40.6257961,-6.428663,10009.0,7,868300000.0,packetbroker,40.962758045083945,-5.675633842073217,,-113.0,-2.75,True,73.6359324656191,74.36994456081506,7.403320316988313,8.065543252669633,False,EU868,False
2026-05-28 12:32:32.112158+00:00,stratolink-3-eu,EU,STALE,40.6257961,-6.428663,10009.0,7,868300000.0,dlps8-105,,,,-113.0,-5.2,False,,,,,False,EU868,False
2026-05-28 12:32:32.112158+00:00,stratolink-3-eu,EU,STALE,40.6257961,-6.428663,10009.0,7,868300000.0,mtcdtip02-l4e1-7,,,,-113.0,-3.5,False,,,,,False,EU868,False
2026-05-28 12:32:32.112158+00:00,stratolink-3-eu,EU,STALE,40.6257961,-6.428663,10009.0,7,868300000.0,mtcdtip02-l4e1-5,,,,-111.0,-2.8,False,,,,,False,EU868,False
2026-05-28 12:37:41.207846+00:00,stratolink-3-eu,EU,STALE,40.6257961,-6.428663,10009.0,7,868500000.0,sg50-eui-c0ba1ffffe004945,,,,-118.0,-6.2,False,,,,,False,EU868,False
2026-05-28 12:37:41.207846+00:00,stratolink-3-eu,EU,STALE,40.6257961,-6.428663,10009.0,7,868500000.0,sg50-perte-malpica-07,,,,-115.0,-1.2,False,,,,,False,EU868,False
2026-05-28 12:37:41.207846+00:00,stratolink-3-eu,EU,STALE,40.6257961,-6.428663,10009.0,7,868500000.0,tef-mls-01,40.108033,-6.632828,297.0,-118.0,-7.8,False,60.1148739870506,60.94210574681039,8.899588059662362,9.440213363054477,False,EU868,False
2026-05-28 12:37:41.207846+00:00,stratolink-3-eu,EU,STALE,40.6257961,-6.428663,10009.0,7,868500000.0,ext-sg50-029,,,,-117.0,-5.8,False,,,,,False,EU868,False
2026-05-28 12:37:41.207846+00:00,stratolink-3-eu,EU,STALE,40.6257961,-6.428663,10009.0,7,868500000.0,italr0005,40.954279046747715,-4.142631590366364,,-117.0,-3.75,False,195.88281833147107,196.28426214013473,2.0417625947977536,3.803376669090203,False,EU868,False
2026-05-28 12:37:41.207846+00:00,stratolink-3-eu,EU,STALE,40.6257961,-6.428663,10009.0,7,868500000.0,sg50-perte-malpica-01,,,,-116.0,-7.0,False,,,,,False,EU868,False
2026-05-28 12:37:41.207846+00:00,stratolink-3-eu,EU,STALE,40.6257961,-6.428663,10009.0,7,868500000.0,sg50-perte-malpica-05,,,,-116.0,-1.0,False,,,,,False,EU868,False
2026-05-28 12:37:41.207846+00:00,stratolink-3-eu,EU,STALE,40.6257961,-6.428663,10009.0,7,868500000.0,sg50-perte-malpica-06,,,,-115.0,-8.2,False,,,,,False,EU868,False
2026-05-28 12:37:41.207846+00:00,stratolink-3-eu,EU,STALE,40.6257961,-6.428663,10009.0,7,868500000.0,mtcdtip02-l4e1-5,,,,-114.0,-6.8,False,,,,,False,EU868,False
2026-05-28 12:37:41.207846+00:00,stratolink-3-eu,EU,STALE,40.6257961,-6.428663,10009.0,7,868500000.0,meceiot-004-5030354163554750,40.5481739449056,-5.16353885114368,1550.0,-114.0,-1.75,False,107.17888454101507,107.60781816194415,4.026545352022279,4.990426886312135,False,EU868,False
2026-05-28 12:37:41.207846+00:00,stratolink-3-eu,EU,STALE,40.6257961,-6.428663,10009.0,7,868500000.0,niharramikrotik,40.589325292876616,-4.838257133960725,1131.0,-114.0,-1.5,False,134.31778160937742,134.7255244786066,3.1741707174824296,4.382117879598918,False,EU868,False
2026-05-28 12:37:41.207846+00:00,stratolink-3-eu,EU,STALE,40.6257961,-6.428663,10009.0,7,868500000.0,italr0001,41.70253250763931,-4.708266556262971,765.0,-113.0,-5.5,False,187.27657100298967,187.65594481055086,1.9811402457960121,3.665356585310856,False,EU868,False
2026-05-28 12:37:41.207846+00:00,stratolink-3-eu,EU,STALE,40.6257961,-6.428663,10009.0,7,868500000.0,cicytex-ic003,,,,-109.0,-8.0,False,,,,,False,EU868,False
2026-05-28 12:37:41.207846+00:00,stratolink-3-eu,EU,STALE,40.6257961,-6.428663,10009.0,7,868500000.0,packetbroker,40.962541751597406,-5.675446072867432,,-109.0,3.75,True,73.63739668553853,74.37139657481511,7.403161798178406,8.065397901887811,False,EU868,False
2026-05-28 12:37:41.207846+00:00,stratolink-3-eu,EU,STALE,40.6257961,-6.428663,10009.0,7,868500000.0,packetbroker,40.962758045083945,-5.675633842073217,,-109.0,2.5,True,73.6359324656191,74.36994456081506,7.403320316988313,8.065543252669633,False,EU868,False
2026-05-28 12:37:41.207846+00:00,stratolink-3-eu,EU,STALE,40.6257961,-6.428663,10009.0,7,868500000.0,mjv-casas,,,,-115.0,-1.8,False,,,,,False,EU868,False
2026-05-28 12:42:50.073661+00:00,stratolink-3-eu,EU,STALE,40.6257961,-6.428663,10009.0,7,868100000.0,lora-more,41.81858911263017,-6.7508557295156235,674.0,-116.0,-4.3,False,135.34213528228818,135.7743123011122,3.3336103579590004,4.5507697412525046,False,EU868,False
2026-05-28 12:42:50.073661+00:00,stratolink-3-eu,EU,STALE,40.6257961,-6.428663,10009.0,7,868100000.0,sg50-perte-malpica-05,,,,-120.0,-7.8,False,,,,,False,EU868,False
2026-05-28 12:42:50.073661+00:00,stratolink-3-eu,EU,STALE,40.6257961,-6.428663,10009.0,7,868100000.0,rio-tormes-1b,40.968865323719,-5.64232170581818,940.0,-116.0,-8.25,False,76.39753112398147,76.99864524997983,6.42042050652061,7.107479061301338,False,EU868,False
2026-05-28 12:42:50.073661+00:00,stratolink-3-eu,EU,STALE,40.6257961,-6.428663,10009.0,7,868100000.0,ext-sg50-024,,,,-117.0,-0.2,False,,,,,False,EU868,False
2026-05-28 12:42:50.073661+00:00,stratolink-3-eu,EU,STALE,40.6257961,-6.428663,10009.0,7,868100000.0,mitigasmart-cc,,,,-119.0,-8.2,False,,,,,False,EU868,False
2026-05-28 12:42:50.073661+00:00,stratolink-3-eu,EU,STALE,40.6257961,-6.428663,10009.0,7,868100000.0,ext-sg50-028,,,,-119.0,-5.2,False,,,,,False,EU868,False
2026-05-28 12:42:50.073661+00:00,stratolink-3-eu,EU,STALE,40.6257961,-6.428663,10009.0,7,868100000.0,sg50-perte-malpica-07,,,,-119.0,-8.2,False,,,,,False,EU868,False
2026-05-28 12:42:50.073661+00:00,stratolink-3-eu,EU,STALE,40.6257961,-6.428663,10009.0,7,868100000.0,cdtic-multitech-4,39.4920534590841,-6.57908320426941,391.0,-115.0,-1.0,False,126.71486734239434,127.1803668330496,3.767126097580384,4.906698703457173,False,EU868,False
2026-05-28 12:42:50.073661+00:00,stratolink-3-eu,EU,STALE,40.6257961,-6.428663,10009.0,7,868100000.0,meceiot-004-5030354163554750,40.5481739449056,-5.16353885114368,1550.0,-117.0,-7.5,False,107.17888454101507,107.60781816194415,4.026545352022279,4.990426886312135,False,EU868,False
2026-05-28 12:42:50.073661+00:00,stratolink-3-eu,EU,STALE,40.6257961,-6.428663,10009.0,7,868100000.0,ext-sg50-029,,,,-115.0,1.0,False,,,,,False,EU868,False
2026-05-28 12:42:50.073661+00:00,stratolink-3-eu,EU,STALE,40.6257961,-6.428663,10009.0,7,868100000.0,mtcdtip02-l4e1-15,,,,-114.0,-4.8,False,,,,,False,EU868,False
2026-05-28 12:42:50.073661+00:00,stratolink-3-eu,EU,STALE,40.6257961,-6.428663,10009.0,7,868100000.0,mtcdtip02-l4e1-7,,,,-114.0,-3.0,False,,,,,False,EU868,False
2026-05-28 12:42:50.073661+00:00,stratolink-3-eu,EU,STALE,40.6257961,-6.428663,10009.0,7,868100000.0,ext-sg50-018,,,,-114.0,-7.8,False,,,,,False,EU868,False
2026-05-28 12:42:50.073661+00:00,stratolink-3-eu,EU,STALE,40.6257961,-6.428663,10009.0,7,868100000.0,dlps8-103,,,,-113.0,-7.5,False,,,,,False,EU868,False
2026-05-28 12:42:50.073661+00:00,stratolink-3-eu,EU,STALE,40.6257961,-6.428663,10009.0,7,868100000.0,mtcdtip02-l4e1-9,,,,-111.0,-1.2,False,,,,,False,EU868,False
2026-05-28 12:42:50.073661+00:00,stratolink-3-eu,EU,STALE,40.6257961,-6.428663,10009.0,7,868100000.0,packetbroker,40.962541751597406,-5.675446072867432,,-111.0,3.0,True,73.63739668553853,74.37139657481511,7.403161798178406,8.065397901887811,False,EU868,False
2026-05-28 12:42:50.073661+00:00,stratolink-3-eu,EU,STALE,40.6257961,-6.428663,10009.0,7,868100000.0,cicytex-icmc-002,,,,-111.0,-4.5,False,,,,,False,EU868,False
2026-05-28 12:42:50.073661+00:00,stratolink-3-eu,EU,STALE,40.6257961,-6.428663,10009.0,7,868100000.0,packetbroker,40.962758045083945,-5.675633842073217,,-110.0,5.0,True,73.6359324656191,74.36994456081506,7.403320316988313,8.065543252669633,False,EU868,False
2026-05-28 12:42:50.073661+00:00,stratolink-3-eu,EU,STALE,40.6257961,-6.428663,10009.0,7,868100000.0,cicytex-ic003,,,,-109.0,-2.0,False,,,,,False,EU868,False
2026-05-28 12:42:50.073661+00:00,stratolink-3-eu,EU,STALE,40.6257961,-6.428663,10009.0,7,868100000.0,italr0001,41.70253250763931,-4.708266556262971,765.0,-115.0,-8.75,False,187.27657100298967,187.65594481055086,1.9811402457960121,3.665356585310856,False,EU868,False
2026-05-28 12:47:58.211874+00:00,stratolink-3-eu,EU,STALE,40.6257961,-6.428663,10009.0,7,868300000.0,sg50-perte-malpica-06,,,,-115.0,-6.0,False,,,,,False,EU868,False
2026-05-28 12:47:58.211874+00:00,stratolink-3-eu,EU,STALE,40.6257961,-6.428663,10009.0,7,868300000.0,cicytex-unex-1,,,,-116.0,-7.8,False,,,,,False,EU868,False
2026-05-28 12:47:58.211874+00:00,stratolink-3-eu,EU,STALE,40.6257961,-6.428663,10009.0,7,868300000.0,cdtic-multitech-5,40.0702558044694,-6.65818959474564,300.0,-116.0,-7.0,False,64.76329354194009,65.53853693501384,8.227933673102894,8.810363160143899,False,EU868,False
2026-05-28 12:47:58.211874+00:00,stratolink-3-eu,EU,STALE,40.6257961,-6.428663,10009.0,7,868300000.0,mitigasmart-cc,,,,-117.0,-5.5,False,,,,,False,EU868,False
2026-05-28 12:47:58.211874+00:00,stratolink-3-eu,EU,STALE,40.6257961,-6.428663,10009.0,7,868300000.0,ext-sg50-024,,,,-119.0,-4.5,False,,,,,False,EU868,False
2026-05-28 12:47:58.211874+00:00,stratolink-3-eu,EU,STALE,40.6257961,-6.428663,10009.0,7,868300000.0,ext-sg50-028,,,,-118.0,-4.5,False,,,,,False,EU868,False
2026-05-28 12:47:58.211874+00:00,stratolink-3-eu,EU,STALE,40.6257961,-6.428663,10009.0,7,868300000.0,sg50-eui-c0ba1ffffe004945,,,,-118.0,-6.2,False,,,,,False,EU868,False
2026-05-28 12:47:58.211874+00:00,stratolink-3-eu,EU,STALE,40.6257961,-6.428663,10009.0,7,868300000.0,cdtic-multitech-4,39.4920534590841,-6.57908320426941,391.0,-115.0,-6.8,False,126.71486734239434,127.1803668330496,3.767126097580384,4.906698703457173,False,EU868,False
2026-05-28 12:47:58.211874+00:00,stratolink-3-eu,EU,STALE,40.6257961,-6.428663,10009.0,7,868300000.0,ext-sg50-011,,,,-119.0,-6.0,False,,,,,False,EU868,False
2026-05-28 12:47:58.211874+00:00,stratolink-3-eu,EU,STALE,40.6257961,-6.428663,10009.0,7,868300000.0,sg50-perte-malpica-07,,,,-117.0,-3.0,False,,,,,False,EU868,False
2026-05-28 12:47:58.211874+00:00,stratolink-3-eu,EU,STALE,40.6257961,-6.428663,10009.0,7,868300000.0,rio-tormes-1b,40.968865323719,-5.64232170581818,940.0,-115.0,-0.5,False,76.39753112398147,76.99864524997983,6.42042050652061,7.107479061301338,False,EU868,False
2026-05-28 12:47:58.211874+00:00,stratolink-3-eu,EU,STALE,40.6257961,-6.428663,10009.0,7,868300000.0,ext-sg50-029,,,,-116.0,-1.5,False,,,,,False,EU868,False
2026-05-28 12:47:58.211874+00:00,stratolink-3-eu,EU,STALE,40.6257961,-6.428663,10009.0,7,868300000.0,niharramikrotik,40.589325292876616,-4.838257133960725,1131.0,-114.0,-2.25,False,134.31778160937742,134.7255244786066,3.1741707174824296,4.382117879598918,False,EU868,False
2026-05-28 12:47:58.211874+00:00,stratolink-3-eu,EU,STALE,40.6257961,-6.428663,10009.0,7,868300000.0,mtcdtip02-l4e1-15,,,,-114.0,-6.8,False,,,,,False,EU868,False
2026-05-28 12:47:58.211874+00:00,stratolink-3-eu,EU,STALE,40.6257961,-6.428663,10009.0,7,868300000.0,cicytex-ic003,,,,-107.0,-1.5,False,,,,,False,EU868,False
2026-05-28 12:47:58.211874+00:00,stratolink-3-eu,EU,STALE,40.6257961,-6.428663,10009.0,7,868300000.0,cicytex-icmc-002,,,,-110.0,-2.5,False,,,,,False,EU868,False
2026-05-28 12:47:58.211874+00:00,stratolink-3-eu,EU,STALE,40.6257961,-6.428663,10009.0,7,868300000.0,mtcdtip02-l4e1-9,,,,-110.0,-2.5,False,,,,,False,EU868,False
2026-05-28 12:47:58.211874+00:00,stratolink-3-eu,EU,STALE,40.6257961,-6.428663,10009.0,7,868300000.0,meceiot-004-5030354163554750,40.5481739449056,-5.16353885114368,1550.0,-111.0,0.25,False,107.17888454101507,107.60781816194415,4.026545352022279,4.990426886312135,False,EU868,False
2026-05-28 12:47:58.211874+00:00,stratolink-3-eu,EU,STALE,40.6257961,-6.428663,10009.0,7,868300000.0,mjv-casas,,,,-110.0,3.8,False,,,,,False,EU868,False
2026-05-28 12:47:58.211874+00:00,stratolink-3-eu,EU,STALE,40.6257961,-6.428663,10009.0,7,868300000.0,dlps8-105,,,,-113.0,-8.5,False,,,,,False,EU868,False
2026-05-28 12:47:58.211874+00:00,stratolink-3-eu,EU,STALE,40.6257961,-6.428663,10009.0,7,868300000.0,packetbroker,40.962541751597406,-5.675446072867432,,-113.0,-3.0,True,73.63739668553853,74.37139657481511,7.403161798178406,8.065397901887811,False,EU868,False
2026-05-28 12:47:58.211874+00:00,stratolink-3-eu,EU,STALE,40.6257961,-6.428663,10009.0,7,868300000.0,mtcdtip02-l4e1-7,,,,-113.0,-5.0,False,,,,,False,EU868,False
2026-05-28 12:47:58.211874+00:00,stratolink-3-eu,EU,STALE,40.6257961,-6.428663,10009.0,7,868300000.0,ext-sg50-018,,,,-113.0,-5.5,False,,,,,False,EU868,False
2026-05-28 12:47:58.211874+00:00,stratolink-3-eu,EU,STALE,40.6257961,-6.428663,10009.0,7,868300000.0,dlps8-103,,,,-113.0,-5.2,False,,,,,False,EU868,False
2026-05-28 12:53:06.378319+00:00,stratolink-3-eu,EU,STALE,40.6257961,-6.428663,10009.0,7,868500000.0,cdtic-multitech-4,39.4920534590841,-6.57908320426941,391.0,-115.0,-7.5,False,126.71486734239434,127.1803668330496,3.767126097580384,4.906698703457173,False,EU868,False
2026-05-28 12:53:06.378319+00:00,stratolink-3-eu,EU,STALE,40.6257961,-6.428663,10009.0,7,868500000.0,italr0005,40.954279046747715,-4.142631590366364,,-121.0,-7.25,False,195.88281833147107,196.28426214013473,2.0417625947977536,3.803376669090203,False,EU868,False
2026-05-28 12:53:06.378319+00:00,stratolink-3-eu,EU,STALE,40.6257961,-6.428663,10009.0,7,868500000.0,ext-sg50-023,,,,-119.0,-5.5,False,,,,,False,EU868,False
2026-05-28 12:53:06.378319+00:00,stratolink-3-eu,EU,STALE,40.6257961,-6.428663,10009.0,7,868500000.0,ext-sg50-024,,,,-119.0,-6.5,False,,,,,False,EU868,False
2026-05-28 12:53:06.378319+00:00,stratolink-3-eu,EU,STALE,40.6257961,-6.428663,10009.0,7,868500000.0,tef-mls-01,40.108033,-6.632828,297.0,-118.0,-5.8,False,60.1148739870506,60.94210574681039,8.899588059662362,9.440213363054477,False,EU868,False
2026-05-28 12:53:06.378319+00:00,stratolink-3-eu,EU,STALE,40.6257961,-6.428663,10009.0,7,868500000.0,ext-sg50-029,,,,-117.0,-4.5,False,,,,,False,EU868,False
2026-05-28 12:53:06.378319+00:00,stratolink-3-eu,EU,STALE,40.6257961,-6.428663,10009.0,7,868500000.0,ext-sg50-018,,,,-115.0,-7.0,False,,,,,False,EU868,False
2026-05-28 12:53:06.378319+00:00,stratolink-3-eu,EU,STALE,40.6257961,-6.428663,10009.0,7,868500000.0,packetbroker,40.962541751597406,-5.675446072867432,,-115.0,-4.5,True,73.63739668553853,74.37139657481511,7.403161798178406,8.065397901887811,False,EU868,False
2026-05-28 12:53:06.378319+00:00,stratolink-3-eu,EU,STALE,40.6257961,-6.428663,10009.0,7,868500000.0,niharramikrotik,40.589325292876616,-4.838257133960725,1131.0,-113.0,-3.25,False,134.31778160937742,134.7255244786066,3.1741707174824296,4.382117879598918,False,EU868,False
2026-05-28 12:53:06.378319+00:00,stratolink-3-eu,EU,STALE,40.6257961,-6.428663,10009.0,7,868500000.0,meceiot-004-5030354163554750,40.5481739449056,-5.16353885114368,1550.0,-114.0,-1.75,False,107.17888454101507,107.60781816194415,4.026545352022279,4.990426886312135,False,EU868,False
2026-05-28 12:53:06.378319+00:00,stratolink-3-eu,EU,STALE,40.6257961,-6.428663,10009.0,7,868500000.0,packetbroker,42.3745405722791,-5.96814936380405,,-114.0,-8.0,True,198.196751110667,198.59675771531337,1.9972896961056812,3.7797134390843348,False,EU868,False
2026-05-28 12:53:06.378319+00:00,stratolink-3-eu,EU,STALE,40.6257961,-6.428663,10009.0,7,868500000.0,mjv-casas,,,,-114.0,-1.0,False,,,,,False,EU868,False
2026-05-28 12:53:06.378319+00:00,stratolink-3-eu,EU,STALE,40.6257961,-6.428663,10009.0,7,868500000.0,lora-more,41.81858911263017,-6.7508557295156235,674.0,-113.0,-6.0,False,135.34213528228818,135.7743123011122,3.3336103579590004,4.5507697412525046,False,EU868,False
2026-05-28 12:53:06.378319+00:00,stratolink-3-eu,EU,STALE,40.6257961,-6.428663,10009.0,7,868500000.0,mtcdtip02-l4e1-9,,,,-110.0,-5.0,False,,,,,False,EU868,False
2026-05-28 12:53:06.378319+00:00,stratolink-3-eu,EU,STALE,40.6257961,-6.428663,10009.0,7,868500000.0,packetbroker,40.962758045083945,-5.675633842073217,,-107.0,3.75,True,73.6359324656191,74.36994456081506,7.403320316988313,8.065543252669633,False,EU868,False
2026-05-28 12:53:06.378319+00:00,stratolink-3-eu,EU,STALE,40.6257961,-6.428663,10009.0,7,868500000.0,italr0001,41.70253250763931,-4.708266556262971,765.0,-115.0,-5.5,False,187.27657100298967,187.65594481055086,1.9811402457960121,3.665356585310856,False,EU868,False
2026-05-28 12:58:14.576536+00:00,stratolink-3-eu,EU,STALE,40.6257961,-6.428663,10009.0,7,868100000.0,ext-sg50-024,,,,-118.0,-1.2,False,,,,,False,EU868,False
2026-05-28 12:58:14.576536+00:00,stratolink-3-eu,EU,STALE,40.6257961,-6.428663,10009.0,7,868100000.0,ext-sg50-027,,,,-117.0,-8.2,False,,,,,False,EU868,False
2026-05-28 12:58:14.576536+00:00,stratolink-3-eu,EU,STALE,40.6257961,-6.428663,10009.0,7,868100000.0,mitigasmart-cc,,,,-117.0,-2.2,False,,,,,False,EU868,False
2026-05-28 12:58:14.576536+00:00,stratolink-3-eu,EU,STALE,40.6257961,-6.428663,10009.0,7,868100000.0,ext-sg50-028,,,,-118.0,-4.8,False,,,,,False,EU868,False
2026-05-28 12:58:14.576536+00:00,stratolink-3-eu,EU,STALE,40.6257961,-6.428663,10009.0,7,868100000.0,sg50-perte-malpica-01,,,,-116.0,-9.5,False,,,,,False,EU868,False
2026-05-28 12:58:14.576536+00:00,stratolink-3-eu,EU,STALE,40.6257961,-6.428663,10009.0,7,868100000.0,ext-sg50-015,,,,-119.0,-5.5,False,,,,,False,EU868,False
2026-05-28 12:58:14.576536+00:00,stratolink-3-eu,EU,STALE,40.6257961,-6.428663,10009.0,7,868100000.0,tef-mls-01,40.108033,-6.632828,297.0,-119.0,-4.5,False,60.1148739870506,60.94210574681039,8.899588059662362,9.440213363054477,False,EU868,False
2026-05-28 12:58:14.576536+00:00,stratolink-3-eu,EU,STALE,40.6257961,-6.428663,10009.0,7,868100000.0,sg50-eui-c0ba1ffffe004945,,,,-119.0,-7.2,False,,,,,False,EU868,False
2026-05-28 12:58:14.576536+00:00,stratolink-3-eu,EU,STALE,40.6257961,-6.428663,10009.0,7,868100000.0,ext-sg50-011,,,,-119.0,-6.2,False,,,,,False,EU868,False
2026-05-28 12:58:14.576536+00:00,stratolink-3-eu,EU,STALE,40.6257961,-6.428663,10009.0,7,868100000.0,sg50-perte-malpica-07,,,,-118.0,-3.5,False,,,,,False,EU868,False
2026-05-28 12:58:14.576536+00:00,stratolink-3-eu,EU,STALE,40.6257961,-6.428663,10009.0,7,868100000.0,rio-tormes-1b,40.968865323719,-5.64232170581818,940.0,-116.0,-3.0,False,76.39753112398147,76.99864524997983,6.42042050652061,7.107479061301338,False,EU868,False
2026-05-28 12:58:14.576536+00:00,stratolink-3-eu,EU,STALE,40.6257961,-6.428663,10009.0,7,868100000.0,packetbroker,40.962758045083945,-5.675633842073217,,-114.0,0.5,True,73.6359324656191,74.36994456081506,7.403320316988313,8.065543252669633,False,EU868,False
2026-05-28 12:58:14.576536+00:00,stratolink-3-eu,EU,STALE,40.6257961,-6.428663,10009.0,7,868100000.0,meceiot-004-5030354163554750,40.5481739449056,-5.16353885114368,1550.0,-115.0,,False,107.17888454101507,107.60781816194415,4.026545352022279,4.990426886312135,False,EU868,False
2026-05-28 12:58:14.576536+00:00,stratolink-3-eu,EU,STALE,40.6257961,-6.428663,10009.0,7,868100000.0,cicytex-ic003,,,,-107.0,0.2,False,,,,,False,EU868,False
2026-05-28 12:58:14.576536+00:00,stratolink-3-eu,EU,STALE,40.6257961,-6.428663,10009.0,7,868100000.0,mjv-casas,,,,-111.0,3.5,False,,,,,False,EU868,False
2026-05-28 12:58:14.576536+00:00,stratolink-3-eu,EU,STALE,40.6257961,-6.428663,10009.0,7,868100000.0,packetbroker,40.962541751597406,-5.675446072867432,,-111.0,,True,73.63739668553853,74.37139657481511,7.403161798178406,8.065397901887811,False,EU868,False
2026-05-28 12:58:14.576536+00:00,stratolink-3-eu,EU,STALE,40.6257961,-6.428663,10009.0,7,868100000.0,dlps8-103,,,,-113.0,-5.2,False,,,,,False,EU868,False
2026-05-28 12:58:14.576536+00:00,stratolink-3-eu,EU,STALE,40.6257961,-6.428663,10009.0,7,868100000.0,mtcdtip02-l4e1-9,,,,-108.0,0.8,False,,,,,False,EU868,False
2026-05-28 12:58:14.576536+00:00,stratolink-3-eu,EU,STALE,40.6257961,-6.428663,10009.0,7,868100000.0,ext-sg50-018,,,,-113.0,0.2,False,,,,,False,EU868,False
2026-05-28 12:58:14.576536+00:00,stratolink-3-eu,EU,STALE,40.6257961,-6.428663,10009.0,7,868100000.0,ext-sg50-029,,,,-115.0,0.8,False,,,,,False,EU868,False
2026-05-28 12:58:14.576536+00:00,stratolink-3-eu,EU,STALE,40.6257961,-6.428663,10009.0,7,868100000.0,mtcdtip02-l4e1-15,,,,-114.0,-5.5,False,,,,,False,EU868,False
2026-05-28 12:58:14.576536+00:00,stratolink-3-eu,EU,STALE,40.6257961,-6.428663,10009.0,7,868100000.0,cdtic-multitech-4,39.4920534590841,-6.57908320426941,391.0,-115.0,-5.0,False,126.71486734239434,127.1803668330496,3.767126097580384,4.906698703457173,False,EU868,False
2026-05-28 12:58:14.576536+00:00,stratolink-3-eu,EU,STALE,40.6257961,-6.428663,10009.0,7,868100000.0,mtcdtip02-l4e1-7,,,,-113.0,-4.5,False,,,,,False,EU868,False
2026-05-28 13:03:22.735773+00:00,stratolink-3-eu,EU,STALE,40.6257961,-6.428663,10009.0,7,868300000.0,sg50-perte-malpica-06,,,,-114.0,-6.2,False,,,,,False,EU868,False
2026-05-28 13:03:22.735773+00:00,stratolink-3-eu,EU,STALE,40.6257961,-6.428663,10009.0,7,868300000.0,meceiot-013-dragout-a84041ffff29dc56,40.970672,-5.141641,820.0,-123.0,-8.75,False,114.92237375103964,115.38493084013898,4.0507994295778165,5.084319739196372,False,EU868,False
2026-05-28 13:03:22.735773+00:00,stratolink-3-eu,EU,STALE,40.6257961,-6.428663,10009.0,7,868300000.0,ext-sg50-024,,,,-119.0,-7.2,False,,,,,False,EU868,False
2026-05-28 13:03:22.735773+00:00,stratolink-3-eu,EU,STALE,40.6257961,-6.428663,10009.0,7,868300000.0,sg50-eui-c0ba1ffffe004945,,,,-119.0,-8.5,False,,,,,False,EU868,False
2026-05-28 13:03:22.735773+00:00,stratolink-3-eu,EU,STALE,40.6257961,-6.428663,10009.0,7,868300000.0,ext-sg50-023,,,,-118.0,-3.5,False,,,,,False,EU868,False
2026-05-28 13:03:22.735773+00:00,stratolink-3-eu,EU,STALE,40.6257961,-6.428663,10009.0,7,868300000.0,sg50-perte-malpica-07,,,,-116.0,-1.8,False,,,,,False,EU868,False
2026-05-28 13:03:22.735773+00:00,stratolink-3-eu,EU,STALE,40.6257961,-6.428663,10009.0,7,868300000.0,italr0005,40.954279046747715,-4.142631590366364,,-116.0,-2.75,False,195.88281833147107,196.28426214013473,2.0417625947977536,3.803376669090203,False,EU868,False
2026-05-28 13:03:22.735773+00:00,stratolink-3-eu,EU,STALE,40.6257961,-6.428663,10009.0,7,868300000.0,sg50-perte-malpica-01,,,,-115.0,-8.0,False,,,,,False,EU868,False
2026-05-28 13:03:22.735773+00:00,stratolink-3-eu,EU,STALE,40.6257961,-6.428663,10009.0,7,868300000.0,ext-sg50-018,,,,-113.0,-8.2,False,,,,,False,EU868,False
2026-05-28 13:03:22.735773+00:00,stratolink-3-eu,EU,STALE,40.6257961,-6.428663,10009.0,7,868300000.0,dlps8-103,,,,-113.0,-6.8,False,,,,,False,EU868,False
2026-05-28 13:03:22.735773+00:00,stratolink-3-eu,EU,STALE,40.6257961,-6.428663,10009.0,7,868300000.0,mjv-casas,,,,-112.0,-0.2,False,,,,,False,EU868,False
2026-05-28 13:03:22.735773+00:00,stratolink-3-eu,EU,STALE,40.6257961,-6.428663,10009.0,7,868300000.0,cicytex-icmc-002,,,,-111.0,-8.0,False,,,,,False,EU868,False
2026-05-28 13:03:22.735773+00:00,stratolink-3-eu,EU,STALE,40.6257961,-6.428663,10009.0,7,868300000.0,meceiot-004-5030354163554750,40.5481739449056,-5.16353885114368,1550.0,-110.0,3.0,False,107.17888454101507,107.60781816194415,4.026545352022279,4.990426886312135,False,EU868,False
2026-05-28 13:03:22.735773+00:00,stratolink-3-eu,EU,STALE,40.6257961,-6.428663,10009.0,7,868300000.0,mtcdtip02-l4e1-9,,,,-110.0,-5.0,False,,,,,False,EU868,False
2026-05-28 13:03:22.735773+00:00,stratolink-3-eu,EU,STALE,40.6257961,-6.428663,10009.0,7,868300000.0,packetbroker,40.962758045083945,-5.675633842073217,,-110.0,0.25,True,73.6359324656191,74.36994456081506,7.403320316988313,8.065543252669633,False,EU868,False
2026-05-28 13:03:22.735773+00:00,stratolink-3-eu,EU,STALE,40.6257961,-6.428663,10009.0,7,868300000.0,niharramikrotik,40.589325292876616,-4.838257133960725,1131.0,-110.0,2.0,False,134.31778160937742,134.7255244786066,3.1741707174824296,4.382117879598918,False,EU868,False
2026-05-28 13:03:22.735773+00:00,stratolink-3-eu,EU,STALE,40.6257961,-6.428663,10009.0,7,868300000.0,packetbroker,40.962541751597406,-5.675446072867432,,-109.0,3.75,True,73.63739668553853,74.37139657481511,7.403161798178406,8.065397901887811,False,EU868,False
2026-05-28 13:03:22.735773+00:00,stratolink-3-eu,EU,STALE,40.6257961,-6.428663,10009.0,7,868300000.0,cicytex-ic003,,,,-108.0,-5.2,False,,,,,False,EU868,False
2026-05-28 13:08:30.927035+00:00,stratolink-3-eu,EU,STALE,40.6257961,-6.428663,10009.0,7,868500000.0,ext-sg50-029,,,,-116.0,-4.0,False,,,,,False,EU868,False
2026-05-28 13:08:30.927035+00:00,stratolink-3-eu,EU,STALE,40.6257961,-6.428663,10009.0,7,868500000.0,sg50-perte-malpica-01,,,,-116.0,-5.2,False,,,,,False,EU868,False
2026-05-28 13:08:30.927035+00:00,stratolink-3-eu,EU,STALE,40.6257961,-6.428663,10009.0,7,868500000.0,sg50-perte-malpica-07,,,,-116.0,-4.0,False,,,,,False,EU868,False
2026-05-28 13:08:30.927035+00:00,stratolink-3-eu,EU,STALE,40.6257961,-6.428663,10009.0,7,868500000.0,italr0005,40.954279046747715,-4.142631590366364,,-117.0,-3.75,False,195.88281833147107,196.28426214013473,2.0417625947977536,3.803376669090203,False,EU868,False
2026-05-28 13:08:30.927035+00:00,stratolink-3-eu,EU,STALE,40.6257961,-6.428663,10009.0,7,868500000.0,ext-sg50-024,,,,-119.0,-9.0,False,,,,,False,EU868,False
2026-05-28 13:08:30.927035+00:00,stratolink-3-eu,EU,STALE,40.6257961,-6.428663,10009.0,7,868500000.0,mitigasmart-cc,,,,-118.0,-6.8,False,,,,,False,EU868,False
2026-05-28 13:08:30.927035+00:00,stratolink-3-eu,EU,STALE,40.6257961,-6.428663,10009.0,7,868500000.0,tef-mls-01,40.108033,-6.632828,297.0,-118.0,-7.2,False,60.1148739870506,60.94210574681039,8.899588059662362,9.440213363054477,False,EU868,False
2026-05-28 13:08:30.927035+00:00,stratolink-3-eu,EU,STALE,40.6257961,-6.428663,10009.0,7,868500000.0,cdtic-multitech-4,39.4920534590841,-6.57908320426941,391.0,-116.0,-5.5,False,126.71486734239434,127.1803668330496,3.767126097580384,4.906698703457173,False,EU868,False
2026-05-28 13:08:30.927035+00:00,stratolink-3-eu,EU,STALE,40.6257961,-6.428663,10009.0,7,868500000.0,antena-granjas-rendondo-01,,,,-126.0,-7.5,False,,,,,False,EU868,False
2026-05-28 13:08:30.927035+00:00,stratolink-3-eu,EU,STALE,40.6257961,-6.428663,10009.0,7,868500000.0,sg50-perte-malpica-05,,,,-117.0,-3.2,False,,,,,False,EU868,False
2026-05-28 13:08:30.927035+00:00,stratolink-3-eu,EU,STALE,40.6257961,-6.428663,10009.0,7,868500000.0,italr0001,41.70253250763931,-4.708266556262971,765.0,-116.0,-5.0,False,187.27657100298967,187.65594481055086,1.9811402457960121,3.665356585310856,False,EU868,False
2026-05-28 13:08:30.927035+00:00,stratolink-3-eu,EU,STALE,40.6257961,-6.428663,10009.0,7,868500000.0,cicytex-ic003,,,,-108.0,-5.0,False,,,,,False,EU868,False
2026-05-28 13:08:30.927035+00:00,stratolink-3-eu,EU,STALE,40.6257961,-6.428663,10009.0,7,868500000.0,mjv-casas,,,,-114.0,-1.2,False,,,,,False,EU868,False
2026-05-28 13:08:30.927035+00:00,stratolink-3-eu,EU,STALE,40.6257961,-6.428663,10009.0,7,868500000.0,meceiot-004-5030354163554750,40.5481739449056,-5.16353885114368,1550.0,-114.0,-2.25,False,107.17888454101507,107.60781816194415,4.026545352022279,4.990426886312135,False,EU868,False
2026-05-28 13:08:30.927035+00:00,stratolink-3-eu,EU,STALE,40.6257961,-6.428663,10009.0,7,868500000.0,niharramikrotik,40.589325292876616,-4.838257133960725,1131.0,-111.0,-0.5,False,134.31778160937742,134.7255244786066,3.1741707174824296,4.382117879598918,False,EU868,False
2026-05-28 13:08:30.927035+00:00,stratolink-3-eu,EU,STALE,40.6257961,-6.428663,10009.0,7,868500000.0,cicytex-icmc-002,,,,-111.0,-8.3,False,,,,,False,EU868,False
2026-05-28 13:08:30.927035+00:00,stratolink-3-eu,EU,STALE,40.6257961,-6.428663,10009.0,7,868500000.0,mikrotikepsa,40.65110091852006,-4.679304063320161,1131.0,-111.0,-4.2,False,147.63293591777082,148.0251402560933,2.7743747262723524,4.102067782545035,False,EU868,False
2026-05-28 13:08:30.927035+00:00,stratolink-3-eu,EU,STALE,40.6257961,-6.428663,10009.0,7,868500000.0,mtcdtip02-l4e1-9,,,,-110.0,-2.5,False,,,,,False,EU868,False
2026-05-28 13:08:30.927035+00:00,stratolink-3-eu,EU,STALE,40.6257961,-6.428663,10009.0,7,868500000.0,packetbroker,40.962541751597406,-5.675446072867432,,-112.0,-1.75,True,73.63739668553853,74.37139657481511,7.403161798178406,8.065397901887811,False,EU868,False
2026-05-28 13:08:30.927035+00:00,stratolink-3-eu,EU,STALE,40.6257961,-6.428663,10009.0,7,868500000.0,rio-tormes-1b,40.968865323719,-5.64232170581818,940.0,-113.0,0.75,False,76.39753112398147,76.99864524997983,6.42042050652061,7.107479061301338,False,EU868,False
2026-05-28 13:08:30.927035+00:00,stratolink-3-eu,EU,STALE,40.6257961,-6.428663,10009.0,7,868500000.0,dlps8-103,,,,-113.0,-7.5,False,,,,,False,EU868,False
2026-05-28 13:08:30.927035+00:00,stratolink-3-eu,EU,STALE,40.6257961,-6.428663,10009.0,7,868500000.0,mtcdtip02-l4e1-5,,,,-111.0,-6.5,False,,,,,False,EU868,False
2026-05-28 13:13:38.935033+00:00,stratolink-3-eu,EU,STALE,40.6257961,-6.428663,10009.0,7,868100000.0,italr0005,40.954279046747715,-4.142631590366364,,-118.0,-3.5,False,195.88281833147107,196.28426214013473,2.0417625947977536,3.803376669090203,False,EU868,False
2026-05-28 13:13:38.935033+00:00,stratolink-3-eu,EU,STALE,40.6257961,-6.428663,10009.0,7,868100000.0,ext-sg50-024,,,,-120.0,-9.0,False,,,,,False,EU868,False
2026-05-28 13:13:38.935033+00:00,stratolink-3-eu,EU,STALE,40.6257961,-6.428663,10009.0,7,868100000.0,sg50-perte-malpica-07,,,,-119.0,-7.2,False,,,,,False,EU868,False
2026-05-28 13:13:38.935033+00:00,stratolink-3-eu,EU,STALE,40.6257961,-6.428663,10009.0,7,868100000.0,sg50-perte-malpica-05,,,,-119.0,-8.0,False,,,,,False,EU868,False
2026-05-28 13:13:38.935033+00:00,stratolink-3-eu,EU,STALE,40.6257961,-6.428663,10009.0,7,868100000.0,packetbroker,,,,-119.0,-9.75,True,,,,,False,EU868,False
2026-05-28 13:13:38.935033+00:00,stratolink-3-eu,EU,STALE,40.6257961,-6.428663,10009.0,7,868100000.0,ext-sg50-029,,,,-118.0,-4.2,False,,,,,False,EU868,False
2026-05-28 13:13:38.935033+00:00,stratolink-3-eu,EU,STALE,40.6257961,-6.428663,10009.0,7,868100000.0,mitigasmart-cc,,,,-118.0,-6.0,False,,,,,False,EU868,False
2026-05-28 13:13:38.935033+00:00,stratolink-3-eu,EU,STALE,40.6257961,-6.428663,10009.0,7,868100000.0,rio-tormes-1b,40.968865323719,-5.64232170581818,940.0,-117.0,-1.5,False,76.39753112398147,76.99864524997983,6.42042050652061,7.107479061301338,False,EU868,False
2026-05-28 13:13:38.935033+00:00,stratolink-3-eu,EU,STALE,40.6257961,-6.428663,10009.0,7,868100000.0,mtcdtip02-l4e1-9,,,,-111.0,-2.2,False,,,,,False,EU868,False
2026-05-28 13:13:38.935033+00:00,stratolink-3-eu,EU,STALE,40.6257961,-6.428663,10009.0,7,868100000.0,italr0001,41.70253250763931,-4.708266556262971,765.0,-115.0,-4.25,False,187.27657100298967,187.65594481055086,1.9811402457960121,3.665356585310856,False,EU868,False
2026-05-28 13:13:38.935033+00:00,stratolink-3-eu,EU,STALE,40.6257961,-6.428663,10009.0,7,868100000.0,packetbroker,42.3745405722791,-5.96814936380405,,-115.0,-7.75,True,198.196751110667,198.59675771531337,1.9972896961056812,3.7797134390843348,False,EU868,False
2026-05-28 13:13:38.935033+00:00,stratolink-3-eu,EU,STALE,40.6257961,-6.428663,10009.0,7,868100000.0,meceiot-004-5030354163554750,40.5481739449056,-5.16353885114368,1550.0,-113.0,-1.75,False,107.17888454101507,107.60781816194415,4.026545352022279,4.990426886312135,False,EU868,False
2026-05-28 13:13:38.935033+00:00,stratolink-3-eu,EU,STALE,40.6257961,-6.428663,10009.0,7,868100000.0,ext-dlos8-011,,,,-111.0,-8.8,False,,,,,False,EU868,False
2026-05-28 13:13:38.935033+00:00,stratolink-3-eu,EU,STALE,40.6257961,-6.428663,10009.0,7,868100000.0,sg50-perte-malpica-01,,,,-116.0,-8.0,False,,,,,False,EU868,False
2026-05-28 13:13:38.935033+00:00,stratolink-3-eu,EU,STALE,40.6257961,-6.428663,10009.0,7,868100000.0,cicytex-ic003,,,,-110.0,-5.8,False,,,,,False,EU868,False
2026-05-28 13:13:38.935033+00:00,stratolink-3-eu,EU,STALE,40.6257961,-6.428663,10009.0,7,868100000.0,packetbroker,40.962541751597406,-5.675446072867432,,-110.0,3.5,True,73.63739668553853,74.37139657481511,7.403161798178406,8.065397901887811,False,EU868,False
2026-05-28 13:13:38.935033+00:00,stratolink-3-eu,EU,STALE,40.6257961,-6.428663,10009.0,7,868100000.0,niharramikrotik,40.589325292876616,-4.838257133960725,1131.0,-108.0,-5.0,False,134.31778160937742,134.7255244786066,3.1741707174824296,4.382117879598918,False,EU868,False
2026-05-28 13:18:46.949853+00:00,stratolink-3-eu,EU,STALE,40.6257961,-6.428663,10009.0,7,868300000.0,sg50-perte-malpica-05,,,,-119.0,-10.2,False,,,,,False,EU868,False
2026-05-28 13:18:46.949853+00:00,stratolink-3-eu,EU,STALE,40.6257961,-6.428663,10009.0,7,868300000.0,sg50-perte-malpica-07,,,,-118.0,-5.8,False,,,,,False,EU868,False
2026-05-28 13:18:46.949853+00:00,stratolink-3-eu,EU,STALE,40.6257961,-6.428663,10009.0,7,868300000.0,ext-sg50-028,,,,-118.0,-5.2,False,,,,,False,EU868,False
2026-05-28 13:18:46.949853+00:00,stratolink-3-eu,EU,STALE,40.6257961,-6.428663,10009.0,7,868300000.0,ext-sg50-024,,,,-118.0,-3.2,False,,,,,False,EU868,False
2026-05-28 13:18:46.949853+00:00,stratolink-3-eu,EU,STALE,40.6257961,-6.428663,10009.0,7,868300000.0,mitigasmart-cc,,,,-117.0,-1.5,False,,,,,False,EU868,False
2026-05-28 13:18:46.949853+00:00,stratolink-3-eu,EU,STALE,40.6257961,-6.428663,10009.0,7,868300000.0,d401c3ffff6d00a4,,,,-116.0,-7.5,False,,,,,False,EU868,False
2026-05-28 13:18:46.949853+00:00,stratolink-3-eu,EU,STALE,40.6257961,-6.428663,10009.0,7,868300000.0,mtcdtip02-l4e1-11,,,,-113.0,-6.5,False,,,,,False,EU868,False
2026-05-28 13:18:46.949853+00:00,stratolink-3-eu,EU,STALE,40.6257961,-6.428663,10009.0,7,868300000.0,ext-sg50-018,,,,-113.0,-4.0,False,,,,,False,EU868,False
2026-05-28 13:18:46.949853+00:00,stratolink-3-eu,EU,STALE,40.6257961,-6.428663,10009.0,7,868300000.0,ext-sg50-011,,,,-119.0,-5.0,False,,,,,False,EU868,False
2026-05-28 13:18:46.949853+00:00,stratolink-3-eu,EU,STALE,40.6257961,-6.428663,10009.0,7,868300000.0,dlps8-105,,,,-113.0,-4.5,False,,,,,False,EU868,False
2026-05-28 13:18:46.949853+00:00,stratolink-3-eu,EU,STALE,40.6257961,-6.428663,10009.0,7,868300000.0,dlps8-103,,,,-113.0,-5.5,False,,,,,False,EU868,False
2026-05-28 13:18:46.949853+00:00,stratolink-3-eu,EU,STALE,40.6257961,-6.428663,10009.0,7,868300000.0,cicytex-icmc-002,,,,-111.0,-6.8,False,,,,,False,EU868,False
2026-05-28 13:18:46.949853+00:00,stratolink-3-eu,EU,STALE,40.6257961,-6.428663,10009.0,7,868300000.0,mjv-casas,,,,-110.0,3.5,False,,,,,False,EU868,False
2026-05-28 13:18:46.949853+00:00,stratolink-3-eu,EU,STALE,40.6257961,-6.428663,10009.0,7,868300000.0,packetbroker,40.962541751597406,-5.675446072867432,,-109.0,1.25,True,73.63739668553853,74.37139657481511,7.403161798178406,8.065397901887811,False,EU868,False
2026-05-28 13:18:46.949853+00:00,stratolink-3-eu,EU,STALE,40.6257961,-6.428663,10009.0,7,868300000.0,packetbroker,40.962758045083945,-5.675633842073217,,-108.0,-3.5,True,73.6359324656191,74.36994456081506,7.403320316988313,8.065543252669633,False,EU868,False
2026-05-28 13:18:46.949853+00:00,stratolink-3-eu,EU,STALE,40.6257961,-6.428663,10009.0,7,868300000.0,cicytex-ic003,,,,-107.0,-0.8,False,,,,,False,EU868,False
2026-05-28 13:18:46.949853+00:00,stratolink-3-eu,EU,STALE,40.6257961,-6.428663,10009.0,7,868300000.0,mtcdtip02-l4e1-5,,,,-113.0,-4.8,False,,,,,False,EU868,False
2026-05-28 13:23:54.760210+00:00,stratolink-3-eu,EU,STALE,40.6257961,-6.428663,10009.0,7,868500000.0,ext-sg50-028,,,,-119.0,-8.0,False,,,,,False,EU868,False
2026-05-28 13:23:54.760210+00:00,stratolink-3-eu,EU,STALE,40.6257961,-6.428663,10009.0,7,868500000.0,sg50-perte-malpica-07,,,,-118.0,-7.5,False,,,,,False,EU868,False
2026-05-28 13:23:54.760210+00:00,stratolink-3-eu,EU,STALE,40.6257961,-6.428663,10009.0,7,868500000.0,ext-sg50-024,,,,-118.0,-3.2,False,,,,,False,EU868,False
2026-05-28 13:23:54.760210+00:00,stratolink-3-eu,EU,STALE,40.6257961,-6.428663,10009.0,7,868500000.0,mitigasmart-cc,,,,-116.0,-2.5,False,,,,,False,EU868,False
2026-05-28 13:23:54.760210+00:00,stratolink-3-eu,EU,STALE,40.6257961,-6.428663,10009.0,7,868500000.0,packetbroker,40.962541751597406,-5.675446072867432,,-115.0,-7.0,True,73.63739668553853,74.37139657481511,7.403161798178406,8.065397901887811,False,EU868,False
2026-05-28 13:23:54.760210+00:00,stratolink-3-eu,EU,STALE,40.6257961,-6.428663,10009.0,7,868500000.0,ext-sg50-018,,,,-113.0,-7.0,False,,,,,False,EU868,False
2026-05-28 13:23:54.760210+00:00,stratolink-3-eu,EU,STALE,40.6257961,-6.428663,10009.0,7,868500000.0,mjv-casas,,,,-115.0,,False,,,,,False,EU868,False
2026-05-28 13:23:54.760210+00:00,stratolink-3-eu,EU,STALE,40.6257961,-6.428663,10009.0,7,868500000.0,mtcdtip02-l4e1-11,,,,-113.0,-6.2,False,,,,,False,EU868,False
2026-05-28 13:23:54.760210+00:00,stratolink-3-eu,EU,STALE,40.6257961,-6.428663,10009.0,7,868500000.0,dlps8-103,,,,-113.0,-7.2,False,,,,,False,EU868,False
2026-05-28 13:23:54.760210+00:00,stratolink-3-eu,EU,STALE,40.6257961,-6.428663,10009.0,7,868500000.0,packetbroker,40.962758045083945,-5.675633842073217,,-111.0,0.25,True,73.6359324656191,74.36994456081506,7.403320316988313,8.065543252669633,False,EU868,False
2026-05-28 13:23:54.760210+00:00,stratolink-3-eu,EU,STALE,40.6257961,-6.428663,10009.0,7,868500000.0,mtcdtip02-l4e1-1,,,,-110.0,-7.8,False,,,,,False,EU868,False
2026-05-28 13:23:54.760210+00:00,stratolink-3-eu,EU,STALE,40.6257961,-6.428663,10009.0,7,868500000.0,cicytex-ic003,,,,-106.0,-1.8,False,,,,,False,EU868,False
2026-05-28 13:23:54.760210+00:00,stratolink-3-eu,EU,STALE,40.6257961,-6.428663,10009.0,7,868500000.0,mtcdtip02-l4e1-5,,,,-113.0,-5.0,False,,,,,False,EU868,False
2026-05-28 13:29:02.777645+00:00,stratolink-3-eu,EU,STALE,40.6257961,-6.428663,10009.0,7,868100000.0,ext-sg50-029,,,,-116.0,,False,,,,,False,EU868,False
2026-05-28 13:29:02.777645+00:00,stratolink-3-eu,EU,STALE,40.6257961,-6.428663,10009.0,7,868100000.0,niharramikrotik,40.589325292876616,-4.838257133960725,1131.0,-116.0,-3.25,False,134.31778160937742,134.7255244786066,3.1741707174824296,4.382117879598918,False,EU868,False
2026-05-28 13:29:02.777645+00:00,stratolink-3-eu,EU,STALE,40.6257961,-6.428663,10009.0,7,868100000.0,ext-sg50-023,,,,-117.0,-0.2,False,,,,,False,EU868,False
2026-05-28 13:29:02.777645+00:00,stratolink-3-eu,EU,STALE,40.6257961,-6.428663,10009.0,7,868100000.0,v3-eui-b827ebfffebf1f02,40.13814,-7.50059,600.0,-118.0,-5.2,False,105.75302120153279,106.25722709233943,4.604448555082282,5.555507010001736,False,EU868,False
2026-05-28 13:29:02.777645+00:00,stratolink-3-eu,EU,STALE,40.6257961,-6.428663,10009.0,7,868100000.0,ext-sg50-024,,,,-119.0,-3.8,False,,,,,False,EU868,False
2026-05-28 13:29:02.777645+00:00,stratolink-3-eu,EU,STALE,40.6257961,-6.428663,10009.0,7,868100000.0,sg50-eui-c0ba1ffffe004945,,,,-118.0,-7.8,False,,,,,False,EU868,False
2026-05-28 13:29:02.777645+00:00,stratolink-3-eu,EU,STALE,40.6257961,-6.428663,10009.0,7,868100000.0,tef-mls-01,40.108033,-6.632828,297.0,-119.0,-3.5,False,60.1148739870506,60.94210574681039,8.899588059662362,9.440213363054477,False,EU868,False
2026-05-28 13:29:02.777645+00:00,stratolink-3-eu,EU,STALE,40.6257961,-6.428663,10009.0,7,868100000.0,ext-sg50-011,,,,-120.0,-6.5,False,,,,,False,EU868,False
2026-05-28 13:29:02.777645+00:00,stratolink-3-eu,EU,STALE,40.6257961,-6.428663,10009.0,7,868100000.0,cdtic-multitech-4,39.4920534590841,-6.57908320426941,391.0,-116.0,-4.0,False,126.71486734239434,127.1803668330496,3.767126097580384,4.906698703457173,False,EU868,False
2026-05-28 13:29:02.777645+00:00,stratolink-3-eu,EU,STALE,40.6257961,-6.428663,10009.0,7,868100000.0,mitigasmart-cc,,,,-118.0,-3.2,False,,,,,False,EU868,False
2026-05-28 13:29:02.777645+00:00,stratolink-3-eu,EU,STALE,40.6257961,-6.428663,10009.0,7,868100000.0,mtcdtip02-l4e1-7,,,,-115.0,-4.0,False,,,,,False,EU868,False
2026-05-28 13:29:02.777645+00:00,stratolink-3-eu,EU,STALE,40.6257961,-6.428663,10009.0,7,868100000.0,lora-more,41.81858911263017,-6.7508557295156235,674.0,-117.0,-7.3,False,135.34213528228818,135.7743123011122,3.3336103579590004,4.5507697412525046,False,EU868,False
2026-05-28 13:29:02.777645+00:00,stratolink-3-eu,EU,STALE,40.6257961,-6.428663,10009.0,7,868100000.0,meceiot-004-5030354163554750,40.5481739449056,-5.16353885114368,1550.0,-115.0,-4.0,False,107.17888454101507,107.60781816194415,4.026545352022279,4.990426886312135,False,EU868,False
2026-05-28 13:29:02.777645+00:00,stratolink-3-eu,EU,STALE,40.6257961,-6.428663,10009.0,7,868100000.0,mtcdtip02-l4e1-15,,,,-115.0,-6.5,False,,,,,False,EU868,False
2026-05-28 13:29:02.777645+00:00,stratolink-3-eu,EU,STALE,40.6257961,-6.428663,10009.0,7,868100000.0,cicytex-ic003,,,,-108.0,-4.0,False,,,,,False,EU868,False
2026-05-28 13:29:02.777645+00:00,stratolink-3-eu,EU,STALE,40.6257961,-6.428663,10009.0,7,868100000.0,mtcdtip02-l4e1-9,,,,-110.0,1.0,False,,,,,False,EU868,False
2026-05-28 13:29:02.777645+00:00,stratolink-3-eu,EU,STALE,40.6257961,-6.428663,10009.0,7,868100000.0,packetbroker,40.962541751597406,-5.675446072867432,,-111.0,2.75,True,73.63739668553853,74.37139657481511,7.403161798178406,8.065397901887811,False,EU868,False
2026-05-28 13:29:02.777645+00:00,stratolink-3-eu,EU,STALE,40.6257961,-6.428663,10009.0,7,868100000.0,cicytex-icmc-002,,,,-112.0,-7.5,False,,,,,False,EU868,False
2026-05-28 13:29:02.777645+00:00,stratolink-3-eu,EU,STALE,40.6257961,-6.428663,10009.0,7,868100000.0,packetbroker,40.962758045083945,-5.675633842073217,,-110.0,3.25,True,73.6359324656191,74.36994456081506,7.403320316988313,8.065543252669633,False,EU868,False
2026-05-28 13:29:02.777645+00:00,stratolink-3-eu,EU,STALE,40.6257961,-6.428663,10009.0,7,868100000.0,mtcdtip02-l4e1-16,,,,-114.0,-8.0,False,,,,,False,EU868,False
2026-05-28 13:29:02.777645+00:00,stratolink-3-eu,EU,STALE,40.6257961,-6.428663,10009.0,7,868100000.0,mjv-casas,,,,-115.0,0.2,False,,,,,False,EU868,False
2026-05-28 13:29:02.777645+00:00,stratolink-3-eu,EU,STALE,40.6257961,-6.428663,10009.0,7,868100000.0,rio-tormes-1b,40.968865323719,-5.64232170581818,940.0,-115.0,-0.5,False,76.39753112398147,76.99864524997983,6.42042050652061,7.107479061301338,False,EU868,False
2026-05-28 13:29:02.777645+00:00,stratolink-3-eu,EU,STALE,40.6257961,-6.428663,10009.0,7,868100000.0,5031395365454751,42.195765,-6.006521,8.0,-115.0,-8.5,False,178.0863879551528,178.50091836688733,2.410736343424119,4.0123034953262025,False,EU868,False
2026-05-28 13:29:02.777645+00:00,stratolink-3-eu,EU,STALE,40.6257961,-6.428663,10009.0,7,868100000.0,dlps8-103,,,,-114.0,-7.2,False,,,,,False,EU868,False
2026-05-28 13:34:11.172466+00:00,stratolink-3-eu,EU,STALE,40.6257961,-6.428663,10009.0,7,868300000.0,antena-granjas-rendondo-01,,,,-128.0,-8.25,False,,,,,False,EU868,False
2026-05-28 13:34:11.172466+00:00,stratolink-3-eu,EU,STALE,40.6257961,-6.428663,10009.0,7,868300000.0,italr0005,40.954279046747715,-4.142631590366364,,-116.0,-2.5,False,195.88281833147107,196.28426214013473,2.0417625947977536,3.803376669090203,False,EU868,False
2026-05-28 13:34:11.172466+00:00,stratolink-3-eu,EU,STALE,40.6257961,-6.428663,10009.0,7,868300000.0,meceiot-013-dragout-a84041ffff29dc56,40.970672,-5.141641,820.0,-121.0,-7.25,False,114.92237375103964,115.38493084013898,4.0507994295778165,5.084319739196372,False,EU868,False
2026-05-28 13:34:11.172466+00:00,stratolink-3-eu,EU,STALE,40.6257961,-6.428663,10009.0,7,868300000.0,tef-mls-01,40.108033,-6.632828,297.0,-119.0,-7.8,False,60.1148739870506,60.94210574681039,8.899588059662362,9.440213363054477,False,EU868,False
2026-05-28 13:34:11.172466+00:00,stratolink-3-eu,EU,STALE,40.6257961,-6.428663,10009.0,7,868300000.0,sg50-perte-malpica-07,,,,-118.0,-6.0,False,,,,,False,EU868,False
2026-05-28 13:34:11.172466+00:00,stratolink-3-eu,EU,STALE,40.6257961,-6.428663,10009.0,7,868300000.0,sg50-eui-c0ba1ffffe004945,,,,-118.0,-6.8,False,,,,,False,EU868,False
2026-05-28 13:34:11.172466+00:00,stratolink-3-eu,EU,STALE,40.6257961,-6.428663,10009.0,7,868300000.0,mitigasmart-cc,,,,-118.0,-7.8,False,,,,,False,EU868,False
2026-05-28 13:34:11.172466+00:00,stratolink-3-eu,EU,STALE,40.6257961,-6.428663,10009.0,7,868300000.0,ext-sg50-029,,,,-117.0,-6.0,False,,,,,False,EU868,False
2026-05-28 13:34:11.172466+00:00,stratolink-3-eu,EU,STALE,40.6257961,-6.428663,10009.0,7,868300000.0,sg50-perte-malpica-05,,,,-116.0,-1.0,False,,,,,False,EU868,False
2026-05-28 13:34:11.172466+00:00,stratolink-3-eu,EU,STALE,40.6257961,-6.428663,10009.0,7,868300000.0,elecrowgw,,,,-115.0,-2.5,False,,,,,False,EU868,False
2026-05-28 13:34:11.172466+00:00,stratolink-3-eu,EU,STALE,40.6257961,-6.428663,10009.0,7,868300000.0,ext-sg50-023,,,,-119.0,-4.8,False,,,,,False,EU868,False
2026-05-28 13:34:11.172466+00:00,stratolink-3-eu,EU,STALE,40.6257961,-6.428663,10009.0,7,868300000.0,cdtic-multitech-4,39.4920534590841,-6.57908320426941,391.0,-114.0,-4.8,False,126.71486734239434,127.1803668330496,3.767126097580384,4.906698703457173,False,EU868,False
2026-05-28 13:34:11.172466+00:00,stratolink-3-eu,EU,STALE,40.6257961,-6.428663,10009.0,7,868300000.0,packetbroker,40.962758045083945,-5.675633842073217,,-114.0,-3.5,True,73.6359324656191,74.36994456081506,7.403320316988313,8.065543252669633,False,EU868,False
2026-05-28 13:34:11.172466+00:00,stratolink-3-eu,EU,STALE,40.6257961,-6.428663,10009.0,7,868300000.0,packetbroker,40.962541751597406,-5.675446072867432,,-113.0,1.0,True,73.63739668553853,74.37139657481511,7.403161798178406,8.065397901887811,False,EU868,False
2026-05-28 13:34:11.172466+00:00,stratolink-3-eu,EU,STALE,40.6257961,-6.428663,10009.0,7,868300000.0,dlps8-103,,,,-113.0,-6.5,False,,,,,False,EU868,False
2026-05-28 13:34:11.172466+00:00,stratolink-3-eu,EU,STALE,40.6257961,-6.428663,10009.0,7,868300000.0,mjv-casas,,,,-113.0,1.2,False,,,,,False,EU868,False
2026-05-28 13:34:11.172466+00:00,stratolink-3-eu,EU,STALE,40.6257961,-6.428663,10009.0,7,868300000.0,niharramikrotik,40.589325292876616,-4.838257133960725,1131.0,-111.0,2.0,False,134.31778160937742,134.7255244786066,3.1741707174824296,4.382117879598918,False,EU868,False
2026-05-28 13:34:11.172466+00:00,stratolink-3-eu,EU,STALE,40.6257961,-6.428663,10009.0,7,868300000.0,meceiot-004-5030354163554750,40.5481739449056,-5.16353885114368,1550.0,-109.0,4.25,False,107.17888454101507,107.60781816194415,4.026545352022279,4.990426886312135,False,EU868,False
2026-05-28 13:34:11.172466+00:00,stratolink-3-eu,EU,STALE,40.6257961,-6.428663,10009.0,7,868300000.0,cicytex-ic003,,,,-109.0,-4.0,False,,,,,False,EU868,False
2026-05-28 13:34:11.172466+00:00,stratolink-3-eu,EU,STALE,40.6257961,-6.428663,10009.0,7,868300000.0,mtcdtip02-l4e1-9,,,,-108.0,-3.2,False,,,,,False,EU868,False
2026-05-28 13:34:11.172466+00:00,stratolink-3-eu,EU,STALE,40.6257961,-6.428663,10009.0,7,868300000.0,sg50-perte-malpica-02,39.94336757279527,-4.661850929260255,405.0,-114.0,-8.2,False,167.97978027441147,168.38625991988505,2.5140470488603373,4.024723419807971,False,EU868,False
2026-05-28 13:39:19.590452+00:00,stratolink-3-eu,EU,STALE,40.6257961,-6.428663,10009.0,7,868500000.0,packetbroker,42.3745405722791,-5.96814936380405,,-115.0,-6.25,True,198.196751110667,198.59675771531337,1.9972896961056812,3.7797134390843348,False,EU868,False
2026-05-28 13:39:19.590452+00:00,stratolink-3-eu,EU,STALE,40.6257961,-6.428663,10009.0,7,868500000.0,italr0005,40.954279046747715,-4.142631590366364,,-115.0,-2.0,False,195.88281833147107,196.28426214013473,2.0417625947977536,3.803376669090203,False,EU868,False
2026-05-28 13:39:19.590452+00:00,stratolink-3-eu,EU,STALE,40.6257961,-6.428663,10009.0,7,868500000.0,packetbroker,,,,-117.0,-7.5,True,,,,,False,EU868,False
2026-05-28 13:39:19.590452+00:00,stratolink-3-eu,EU,STALE,40.6257961,-6.428663,10009.0,7,868500000.0,ext-sg50-029,,,,-117.0,-7.0,False,,,,,False,EU868,False
2026-05-28 13:39:19.590452+00:00,stratolink-3-eu,EU,STALE,40.6257961,-6.428663,10009.0,7,868500000.0,ext-sg50-023,,,,-119.0,-7.5,False,,,,,False,EU868,False
2026-05-28 13:39:19.590452+00:00,stratolink-3-eu,EU,STALE,40.6257961,-6.428663,10009.0,7,868500000.0,sg50-perte-malpica-07,,,,-118.0,-8.2,False,,,,,False,EU868,False
2026-05-28 13:39:19.590452+00:00,stratolink-3-eu,EU,STALE,40.6257961,-6.428663,10009.0,7,868500000.0,sg50-perte-malpica-05,,,,-118.0,-9.5,False,,,,,False,EU868,False
2026-05-28 13:39:19.590452+00:00,stratolink-3-eu,EU,STALE,40.6257961,-6.428663,10009.0,7,868500000.0,ext-sg50-024,,,,-119.0,-8.2,False,,,,,False,EU868,False
2026-05-28 13:39:19.590452+00:00,stratolink-3-eu,EU,STALE,40.6257961,-6.428663,10009.0,7,868500000.0,mitigasmart-cc,,,,-118.0,-7.8,False,,,,,False,EU868,False
2026-05-28 13:39:19.590452+00:00,stratolink-3-eu,EU,STALE,40.6257961,-6.428663,10009.0,7,868500000.0,5031395365454751,42.195765,-6.006521,8.0,-115.0,-4.75,False,178.0863879551528,178.50091836688733,2.410736343424119,4.0123034953262025,False,EU868,False
2026-05-28 13:39:19.590452+00:00,stratolink-3-eu,EU,STALE,40.6257961,-6.428663,10009.0,7,868500000.0,mjv-casas,,,,-113.0,-3.5,False,,,,,False,EU868,False
2026-05-28 13:39:19.590452+00:00,stratolink-3-eu,EU,STALE,40.6257961,-6.428663,10009.0,7,868500000.0,rio-tormes-1b,40.968865323719,-5.64232170581818,940.0,-113.0,-6.5,False,76.39753112398147,76.99864524997983,6.42042050652061,7.107479061301338,False,EU868,False
2026-05-28 13:39:19.590452+00:00,stratolink-3-eu,EU,STALE,40.6257961,-6.428663,10009.0,7,868500000.0,elecrowgw,,,,-114.0,-3.5,False,,,,,False,EU868,False
2026-05-28 13:39:19.590452+00:00,stratolink-3-eu,EU,STALE,40.6257961,-6.428663,10009.0,7,868500000.0,mtcdtip02-l4e1-9,,,,-108.0,-5.5,False,,,,,False,EU868,False
2026-05-28 13:39:19.590452+00:00,stratolink-3-eu,EU,STALE,40.6257961,-6.428663,10009.0,7,868500000.0,ext-dlos8-011,,,,-109.0,-6.2,False,,,,,False,EU868,False
2026-05-28 13:39:19.590452+00:00,stratolink-3-eu,EU,STALE,40.6257961,-6.428663,10009.0,7,868500000.0,packetbroker,40.962541751597406,-5.675446072867432,,-109.0,3.25,True,73.63739668553853,74.37139657481511,7.403161798178406,8.065397901887811,False,EU868,False
2026-05-28 13:39:19.590452+00:00,stratolink-3-eu,EU,STALE,40.6257961,-6.428663,10009.0,7,868500000.0,packetbroker,40.962758045083945,-5.675633842073217,,-108.0,3.5,True,73.6359324656191,74.36994456081506,7.403320316988313,8.065543252669633,False,EU868,False
2026-05-28 13:39:19.590452+00:00,stratolink-3-eu,EU,STALE,40.6257961,-6.428663,10009.0,7,868500000.0,niharramikrotik,40.589325292876616,-4.838257133960725,1131.0,-110.0,-0.25,False,134.31778160937742,134.7255244786066,3.1741707174824296,4.382117879598918,False,EU868,False
2026-05-28 13:39:19.590452+00:00,stratolink-3-eu,EU,STALE,40.6257961,-6.428663,10009.0,7,868500000.0,meceiot-004-5030354163554750,40.5481739449056,-5.16353885114368,1550.0,-111.0,1.5,False,107.17888454101507,107.60781816194415,4.026545352022279,4.990426886312135,False,EU868,False
2026-05-28 13:39:19.590452+00:00,stratolink-3-eu,EU,STALE,40.6257961,-6.428663,10009.0,7,868500000.0,lora-more,41.81858911263017,-6.7508557295156235,674.0,-112.0,-7.8,False,135.34213528228818,135.7743123011122,3.3336103579590004,4.5507697412525046,False,EU868,False
2026-05-28 13:39:19.590452+00:00,stratolink-3-eu,EU,STALE,40.6257961,-6.428663,10009.0,7,868500000.0,cicytex-ic003,,,,-109.0,-7.5,False,,,,,False,EU868,False
2026-05-28 13:44:27.783505+00:00,stratolink-3-eu,EU,STALE,40.6257961,-6.428663,10009.0,7,868100000.0,meceiot-013-dragout-a84041ffff29dc56,40.970672,-5.141641,820.0,-120.0,-5.0,False,114.92237375103964,115.38493084013898,4.0507994295778165,5.084319739196372,False,EU868,False
2026-05-28 13:44:27.783505+00:00,stratolink-3-eu,EU,STALE,40.6257961,-6.428663,10009.0,7,868100000.0,ext-sg50-023,,,,-119.0,-2.8,False,,,,,False,EU868,False
2026-05-28 13:44:27.783505+00:00,stratolink-3-eu,EU,STALE,40.6257961,-6.428663,10009.0,7,868100000.0,mitigasmart-cc,,,,-118.0,-7.0,False,,,,,False,EU868,False
2026-05-28 13:44:27.783505+00:00,stratolink-3-eu,EU,STALE,40.6257961,-6.428663,10009.0,7,868100000.0,sg50-perte-malpica-05,,,,-117.0,-3.5,False,,,,,False,EU868,False
2026-05-28 13:44:27.783505+00:00,stratolink-3-eu,EU,STALE,40.6257961,-6.428663,10009.0,7,868100000.0,elecrowgw,,,,-117.0,-8.2,False,,,,,False,EU868,False
2026-05-28 13:44:27.783505+00:00,stratolink-3-eu,EU,STALE,40.6257961,-6.428663,10009.0,7,868100000.0,ext-sg50-029,,,,-116.0,-8.2,False,,,,,False,EU868,False
2026-05-28 13:44:27.783505+00:00,stratolink-3-eu,EU,STALE,40.6257961,-6.428663,10009.0,7,868100000.0,meceiot-004-5030354163554750,40.5481739449056,-5.16353885114368,1550.0,-115.0,-0.25,False,107.17888454101507,107.60781816194415,4.026545352022279,4.990426886312135,False,EU868,False
2026-05-28 13:44:27.783505+00:00,stratolink-3-eu,EU,STALE,40.6257961,-6.428663,10009.0,7,868100000.0,sg50-perte-malpica-02,39.94336757279527,-4.661850929260255,405.0,-113.0,-9.0,False,167.97978027441147,168.38625991988505,2.5140470488603373,4.024723419807971,False,EU868,False
2026-05-28 13:44:27.783505+00:00,stratolink-3-eu,EU,STALE,40.6257961,-6.428663,10009.0,7,868100000.0,mjv-casas,,,,-114.0,-1.0,False,,,,,False,EU868,False
2026-05-28 13:44:27.783505+00:00,stratolink-3-eu,EU,STALE,40.6257961,-6.428663,10009.0,7,868100000.0,mtcdtip02-l4e1-9,,,,-113.0,-3.8,False,,,,,False,EU868,False
2026-05-28 13:44:27.783505+00:00,stratolink-3-eu,EU,STALE,40.6257961,-6.428663,10009.0,7,868100000.0,rio-tormes-1b,40.968865323719,-5.64232170581818,940.0,-113.0,1.0,False,76.39753112398147,76.99864524997983,6.42042050652061,7.107479061301338,False,EU868,False
2026-05-28 13:44:27.783505+00:00,stratolink-3-eu,EU,STALE,40.6257961,-6.428663,10009.0,7,868100000.0,ext-dlos8-011,,,,-111.0,-6.8,False,,,,,False,EU868,False
2026-05-28 13:44:27.783505+00:00,stratolink-3-eu,EU,STALE,40.6257961,-6.428663,10009.0,7,868100000.0,niharramikrotik,40.589325292876616,-4.838257133960725,1131.0,-110.0,-7.25,False,134.31778160937742,134.7255244786066,3.1741707174824296,4.382117879598918,False,EU868,False
2026-05-28 13:44:27.783505+00:00,stratolink-3-eu,EU,STALE,40.6257961,-6.428663,10009.0,7,868100000.0,cicytex-ic003,,,,-109.0,-5.0,False,,,,,False,EU868,False
2026-05-28 13:44:27.783505+00:00,stratolink-3-eu,EU,STALE,40.6257961,-6.428663,10009.0,7,868100000.0,italr0005,40.954279046747715,-4.142631590366364,,-115.0,-1.25,False,195.88281833147107,196.28426214013473,2.0417625947977536,3.803376669090203,False,EU868,False
2026-05-28 13:49:36.495716+00:00,stratolink-3-eu,EU,STALE,40.6257961,-6.428663,10009.0,7,868300000.0,antena-granjas-rendondo-01,,,,-128.0,-8.5,False,,,,,False,EU868,False
2026-05-28 13:49:36.495716+00:00,stratolink-3-eu,EU,STALE,40.6257961,-6.428663,10009.0,7,868300000.0,ext-sg50-024,,,,-120.0,-7.8,False,,,,,False,EU868,False
2026-05-28 13:49:36.495716+00:00,stratolink-3-eu,EU,STALE,40.6257961,-6.428663,10009.0,7,868300000.0,ext-sg50-023,,,,-119.0,-5.5,False,,,,,False,EU868,False
2026-05-28 13:49:36.495716+00:00,stratolink-3-eu,EU,STALE,40.6257961,-6.428663,10009.0,7,868300000.0,mitigasmart-cc,,,,-118.0,-6.2,False,,,,,False,EU868,False
2026-05-28 13:49:36.495716+00:00,stratolink-3-eu,EU,STALE,40.6257961,-6.428663,10009.0,7,868300000.0,meceiot-013-dragout-a84041ffff29dc56,40.970672,-5.141641,820.0,-118.0,-3.75,False,114.92237375103964,115.38493084013898,4.0507994295778165,5.084319739196372,False,EU868,False
2026-05-28 13:49:36.495716+00:00,stratolink-3-eu,EU,STALE,40.6257961,-6.428663,10009.0,7,868300000.0,ext-sg50-029,,,,-117.0,-6.5,False,,,,,False,EU868,False
2026-05-28 13:49:36.495716+00:00,stratolink-3-eu,EU,STALE,40.6257961,-6.428663,10009.0,7,868300000.0,cdtic-multitech-4,39.4920534590841,-6.57908320426941,391.0,-116.0,-6.0,False,126.71486734239434,127.1803668330496,3.767126097580384,4.906698703457173,False,EU868,False
2026-05-28 13:49:36.495716+00:00,stratolink-3-eu,EU,STALE,40.6257961,-6.428663,10009.0,7,868300000.0,mjv-casas,,,,-115.0,-0.5,False,,,,,False,EU868,False
2026-05-28 13:49:36.495716+00:00,stratolink-3-eu,EU,STALE,40.6257961,-6.428663,10009.0,7,868300000.0,italr0005,40.954279046747715,-4.142631590366364,,-117.0,-3.75,False,195.88281833147107,196.28426214013473,2.0417625947977536,3.803376669090203,False,EU868,False
2026-05-28 13:49:36.495716+00:00,stratolink-3-eu,EU,STALE,40.6257961,-6.428663,10009.0,7,868300000.0,meceiot-004-5030354163554750,40.5481739449056,-5.16353885114368,1550.0,-111.0,1.25,False,107.17888454101507,107.60781816194415,4.026545352022279,4.990426886312135,False,EU868,False
2026-05-28 13:49:36.495716+00:00,stratolink-3-eu,EU,STALE,40.6257961,-6.428663,10009.0,7,868300000.0,ext-dlos8-011,,,,-111.0,-6.2,False,,,,,False,EU868,False
2026-05-28 13:49:36.495716+00:00,stratolink-3-eu,EU,STALE,40.6257961,-6.428663,10009.0,7,868300000.0,packetbroker,40.962541751597406,-5.675446072867432,,-111.0,0.5,True,73.63739668553853,74.37139657481511,7.403161798178406,8.065397901887811,False,EU868,False
2026-05-28 13:49:36.495716+00:00,stratolink-3-eu,EU,STALE,40.6257961,-6.428663,10009.0,7,868300000.0,niharramikrotik,40.589325292876616,-4.838257133960725,1131.0,-111.0,1.25,False,134.31778160937742,134.7255244786066,3.1741707174824296,4.382117879598918,False,EU868,False
2026-05-28 13:49:36.495716+00:00,stratolink-3-eu,EU,STALE,40.6257961,-6.428663,10009.0,7,868300000.0,mtcdtip02-l4e1-9,,,,-110.0,-5.8,False,,,,,False,EU868,False
2026-05-28 13:49:36.495716+00:00,stratolink-3-eu,EU,STALE,40.6257961,-6.428663,10009.0,7,868300000.0,cicytex-ic003,,,,-109.0,-6.2,False,,,,,False,EU868,False
2026-05-28 13:49:36.495716+00:00,stratolink-3-eu,EU,STALE,40.6257961,-6.428663,10009.0,7,868300000.0,rio-tormes-1b,40.968865323719,-5.64232170581818,940.0,-106.0,3.5,False,76.39753112398147,76.99864524997983,6.42042050652061,7.107479061301338,False,EU868,False
2026-05-28 13:49:36.495716+00:00,stratolink-3-eu,EU,STALE,40.6257961,-6.428663,10009.0,7,868300000.0,packetbroker,42.3745405722791,-5.96814936380405,,-113.0,-7.5,True,198.196751110667,198.59675771531337,1.9972896961056812,3.7797134390843348,False,EU868,False
2026-05-28 13:54:44.614591+00:00,stratolink-3-eu,EU,STALE,40.6257961,-6.428663,10009.0,7,868500000.0,italr0005,40.954279046747715,-4.142631590366364,,-116.0,-2.0,False,195.88281833147107,196.28426214013473,2.0417625947977536,3.803376669090203,False,EU868,False
2026-05-28 13:54:44.614591+00:00,stratolink-3-eu,EU,STALE,40.6257961,-6.428663,10009.0,7,868500000.0,ext-sg50-015,,,,-116.0,-9.8,False,,,,,False,EU868,False
2026-05-28 13:54:44.614591+00:00,stratolink-3-eu,EU,STALE,40.6257961,-6.428663,10009.0,7,868500000.0,sg50-perte-malpica-06,,,,-116.0,-8.0,False,,,,,False,EU868,False
2026-05-28 13:54:44.614591+00:00,stratolink-3-eu,EU,STALE,40.6257961,-6.428663,10009.0,7,868500000.0,sg50-perte-malpica-01,,,,-117.0,-8.5,False,,,,,False,EU868,False
2026-05-28 13:54:44.614591+00:00,stratolink-3-eu,EU,STALE,40.6257961,-6.428663,10009.0,7,868500000.0,sg50-perte-malpica-07,,,,-117.0,-4.5,False,,,,,False,EU868,False
2026-05-28 13:54:44.614591+00:00,stratolink-3-eu,EU,STALE,40.6257961,-6.428663,10009.0,7,868500000.0,mitigasmart-cc,,,,-117.0,-3.0,False,,,,,False,EU868,False
2026-05-28 13:54:44.614591+00:00,stratolink-3-eu,EU,STALE,40.6257961,-6.428663,10009.0,7,868500000.0,ext-sg50-029,,,,-117.0,-5.5,False,,,,,False,EU868,False
2026-05-28 13:54:44.614591+00:00,stratolink-3-eu,EU,STALE,40.6257961,-6.428663,10009.0,7,868500000.0,sg50-eui-c0ba1ffffe004945,,,,-118.0,-6.5,False,,,,,False,EU868,False
2026-05-28 13:54:44.614591+00:00,stratolink-3-eu,EU,STALE,40.6257961,-6.428663,10009.0,7,868500000.0,sg50-perte-malpica-05,,,,-115.0,-3.2,False,,,,,False,EU868,False
2026-05-28 13:54:44.614591+00:00,stratolink-3-eu,EU,STALE,40.6257961,-6.428663,10009.0,7,868500000.0,meceiot-013-dragout-a84041ffff29dc56,40.970672,-5.141641,820.0,-120.0,-5.5,False,114.92237375103964,115.38493084013898,4.0507994295778165,5.084319739196372,False,EU868,False
2026-05-28 13:54:44.614591+00:00,stratolink-3-eu,EU,STALE,40.6257961,-6.428663,10009.0,7,868500000.0,cdtic-multitech-4,39.4920534590841,-6.57908320426941,391.0,-115.0,-7.0,False,126.71486734239434,127.1803668330496,3.767126097580384,4.906698703457173,False,EU868,False
2026-05-28 13:54:44.614591+00:00,stratolink-3-eu,EU,STALE,40.6257961,-6.428663,10009.0,7,868500000.0,niharramikrotik,40.589325292876616,-4.838257133960725,1131.0,-110.0,1.75,False,134.31778160937742,134.7255244786066,3.1741707174824296,4.382117879598918,False,EU868,False
2026-05-28 13:54:44.614591+00:00,stratolink-3-eu,EU,STALE,40.6257961,-6.428663,10009.0,7,868500000.0,rio-tormes-1b,40.968865323719,-5.64232170581818,940.0,-113.0,1.75,False,76.39753112398147,76.99864524997983,6.42042050652061,7.107479061301338,False,EU868,False
2026-05-28 13:54:44.614591+00:00,stratolink-3-eu,EU,STALE,40.6257961,-6.428663,10009.0,7,868500000.0,sg50-perte-malpica-02,39.94336757279527,-4.661850929260255,405.0,-112.0,-5.8,False,167.97978027441147,168.38625991988505,2.5140470488603373,4.024723419807971,False,EU868,False
2026-05-28 13:54:44.614591+00:00,stratolink-3-eu,EU,STALE,40.6257961,-6.428663,10009.0,7,868500000.0,cicytex-icmc-002,,,,-112.0,-7.5,False,,,,,False,EU868,False
2026-05-28 13:54:44.614591+00:00,stratolink-3-eu,EU,STALE,40.6257961,-6.428663,10009.0,7,868500000.0,mjv-casas,,,,-111.0,1.2,False,,,,,False,EU868,False
2026-05-28 13:54:44.614591+00:00,stratolink-3-eu,EU,STALE,40.6257961,-6.428663,10009.0,7,868500000.0,mtcdtip02-l4e1-5,,,,-110.0,-7.2,False,,,,,False,EU868,False
2026-05-28 13:54:44.614591+00:00,stratolink-3-eu,EU,STALE,40.6257961,-6.428663,10009.0,7,868500000.0,mtcdtip02-l4e1-9,,,,-110.0,-3.2,False,,,,,False,EU868,False
2026-05-28 13:54:44.614591+00:00,stratolink-3-eu,EU,STALE,40.6257961,-6.428663,10009.0,7,868500000.0,cicytex-ic003,,,,-109.0,-7.8,False,,,,,False,EU868,False
2026-05-28 13:54:44.614591+00:00,stratolink-3-eu,EU,STALE,40.6257961,-6.428663,10009.0,7,868500000.0,mikrotikepsa,40.65110091852006,-4.679304063320161,1131.0,-109.0,-8.8,False,147.63293591777082,148.0251402560933,2.7743747262723524,4.102067782545035,False,EU868,False
2026-05-28 13:54:44.614591+00:00,stratolink-3-eu,EU,STALE,40.6257961,-6.428663,10009.0,7,868500000.0,meceiot-004-5030354163554750,40.5481739449056,-5.16353885114368,1550.0,-108.0,4.25,False,107.17888454101507,107.60781816194415,4.026545352022279,4.990426886312135,False,EU868,False
2026-05-28 13:54:44.614591+00:00,stratolink-3-eu,EU,STALE,40.6257961,-6.428663,10009.0,7,868500000.0,packetbroker,40.962541751597406,-5.675446072867432,,-108.0,1.75,True,73.63739668553853,74.37139657481511,7.403161798178406,8.065397901887811,False,EU868,False
2026-05-28 13:54:44.614591+00:00,stratolink-3-eu,EU,STALE,40.6257961,-6.428663,10009.0,7,868500000.0,dlps8-103,,,,-113.0,-7.5,False,,,,,False,EU868,False
2026-05-28 13:59:52.660848+00:00,stratolink-3-eu,EU,STALE,40.6257961,-6.428663,10009.0,7,868100000.0,sg50-eui-c0ba1ffffe004945,,,,-118.0,-7.5,False,,,,,False,EU868,False
2026-05-28 13:59:52.660848+00:00,stratolink-3-eu,EU,STALE,40.6257961,-6.428663,10009.0,7,868100000.0,sg50-perte-malpica-07,,,,-118.0,-4.5,False,,,,,False,EU868,False
2026-05-28 13:59:52.660848+00:00,stratolink-3-eu,EU,STALE,40.6257961,-6.428663,10009.0,7,868100000.0,ext-sg50-024,,,,-119.0,-6.8,False,,,,,False,EU868,False
2026-05-28 13:59:52.660848+00:00,stratolink-3-eu,EU,STALE,40.6257961,-6.428663,10009.0,7,868100000.0,mitigasmart-cc,,,,-119.0,-5.8,False,,,,,False,EU868,False
2026-05-28 13:59:52.660848+00:00,stratolink-3-eu,EU,STALE,40.6257961,-6.428663,10009.0,7,868100000.0,ext-sg50-018,,,,-115.0,-4.8,False,,,,,False,EU868,False
2026-05-28 13:59:52.660848+00:00,stratolink-3-eu,EU,STALE,40.6257961,-6.428663,10009.0,7,868100000.0,cicytex-unex-1,,,,-119.0,-5.8,False,,,,,False,EU868,False
2026-05-28 13:59:52.660848+00:00,stratolink-3-eu,EU,STALE,40.6257961,-6.428663,10009.0,7,868100000.0,italr0005,40.954279046747715,-4.142631590366364,,-121.0,-7.0,False,195.88281833147107,196.28426214013473,2.0417625947977536,3.803376669090203,False,EU868,False
2026-05-28 13:59:52.660848+00:00,stratolink-3-eu,EU,STALE,40.6257961,-6.428663,10009.0,7,868100000.0,meceiot-013-dragout-a84041ffff29dc56,40.970672,-5.141641,820.0,-123.0,-7.75,False,114.92237375103964,115.38493084013898,4.0507994295778165,5.084319739196372,False,EU868,False
2026-05-28 13:59:52.660848+00:00,stratolink-3-eu,EU,STALE,40.6257961,-6.428663,10009.0,7,868100000.0,ext-sg50-028,,,,-119.0,-6.2,False,,,,,False,EU868,False
2026-05-28 13:59:52.660848+00:00,stratolink-3-eu,EU,STALE,40.6257961,-6.428663,10009.0,7,868100000.0,cdtic-multitech-4,39.4920534590841,-6.57908320426941,391.0,-115.0,-6.2,False,126.71486734239434,127.1803668330496,3.767126097580384,4.906698703457173,False,EU868,False
2026-05-28 13:59:52.660848+00:00,stratolink-3-eu,EU,STALE,40.6257961,-6.428663,10009.0,7,868100000.0,mjv-casas,,,,-113.0,2.8,False,,,,,False,EU868,False
2026-05-28 13:59:52.660848+00:00,stratolink-3-eu,EU,STALE,40.6257961,-6.428663,10009.0,7,868100000.0,dlps8-103,,,,-114.0,-5.8,False,,,,,False,EU868,False
2026-05-28 13:59:52.660848+00:00,stratolink-3-eu,EU,STALE,40.6257961,-6.428663,10009.0,7,868100000.0,mtcdtip02-l4e1-13,,,,-114.0,-9.2,False,,,,,False,EU868,False
2026-05-28 13:59:52.660848+00:00,stratolink-3-eu,EU,STALE,40.6257961,-6.428663,10009.0,7,868100000.0,packetbroker,40.962541751597406,-5.675446072867432,,-113.0,0.75,True,73.63739668553853,74.37139657481511,7.403161798178406,8.065397901887811,False,EU868,False
2026-05-28 13:59:52.660848+00:00,stratolink-3-eu,EU,STALE,40.6257961,-6.428663,10009.0,7,868100000.0,sg50-perte-malpica-02,39.94336757279527,-4.661850929260255,405.0,-113.0,-5.5,False,167.97978027441147,168.38625991988505,2.5140470488603373,4.024723419807971,False,EU868,False
2026-05-28 13:59:52.660848+00:00,stratolink-3-eu,EU,STALE,40.6257961,-6.428663,10009.0,7,868100000.0,meceiot-004-5030354163554750,40.5481739449056,-5.16353885114368,1550.0,-113.0,1.25,False,107.17888454101507,107.60781816194415,4.026545352022279,4.990426886312135,False,EU868,False
2026-05-28 13:59:52.660848+00:00,stratolink-3-eu,EU,STALE,40.6257961,-6.428663,10009.0,7,868100000.0,sg50-perte-malpica-06,,,,-114.0,-6.2,False,,,,,False,EU868,False
2026-05-28 13:59:52.660848+00:00,stratolink-3-eu,EU,STALE,40.6257961,-6.428663,10009.0,7,868100000.0,sg50-perte-malpica-04,,,,-111.0,-9.8,False,,,,,False,EU868,False
2026-05-28 13:59:52.660848+00:00,stratolink-3-eu,EU,STALE,40.6257961,-6.428663,10009.0,7,868100000.0,mtcdtip02-l4e1-9,,,,-111.0,-3.8,False,,,,,False,EU868,False
2026-05-28 13:59:52.660848+00:00,stratolink-3-eu,EU,STALE,40.6257961,-6.428663,10009.0,7,868100000.0,cicytex-ic003,,,,-109.0,-2.2,False,,,,,False,EU868,False
2026-05-28 14:05:00.592666+00:00,stratolink-3-eu,EU,STALE,40.6257961,-6.428663,10009.0,7,868300000.0,meceiot-013-dragout-a84041ffff29dc56,40.970672,-5.141641,820.0,-122.0,-8.0,False,114.92237375103964,115.38493084013898,4.0507994295778165,5.084319739196372,False,EU868,False
2026-05-28 14:05:00.592666+00:00,stratolink-3-eu,EU,STALE,40.6257961,-6.428663,10009.0,7,868300000.0,ext-sg50-022,,,,-120.0,-9.5,False,,,,,False,EU868,False
2026-05-28 14:05:00.592666+00:00,stratolink-3-eu,EU,STALE,40.6257961,-6.428663,10009.0,7,868300000.0,ext-sg50-024,,,,-119.0,-4.8,False,,,,,False,EU868,False
2026-05-28 14:05:00.592666+00:00,stratolink-3-eu,EU,STALE,40.6257961,-6.428663,10009.0,7,868300000.0,ext-sg50-029,,,,-118.0,-7.0,False,,,,,False,EU868,False
2026-05-28 14:05:00.592666+00:00,stratolink-3-eu,EU,STALE,40.6257961,-6.428663,10009.0,7,868300000.0,sg50-perte-malpica-05,,,,-118.0,-7.5,False,,,,,False,EU868,False
2026-05-28 14:05:00.592666+00:00,stratolink-3-eu,EU,STALE,40.6257961,-6.428663,10009.0,7,868300000.0,ext-sg50-028,,,,-118.0,-6.8,False,,,,,False,EU868,False
2026-05-28 14:05:00.592666+00:00,stratolink-3-eu,EU,STALE,40.6257961,-6.428663,10009.0,7,868300000.0,packetbroker,,,,-117.0,-6.5,True,,,,,False,EU868,False
2026-05-28 14:05:00.592666+00:00,stratolink-3-eu,EU,STALE,40.6257961,-6.428663,10009.0,7,868300000.0,meceiot-004-5030354163554750,40.5481739449056,-5.16353885114368,1550.0,-114.0,-2.0,False,107.17888454101507,107.60781816194415,4.026545352022279,4.990426886312135,False,EU868,False
2026-05-28 14:05:00.592666+00:00,stratolink-3-eu,EU,STALE,40.6257961,-6.428663,10009.0,7,868300000.0,ext-sg50-018,,,,-114.0,-8.5,False,,,,,False,EU868,False
2026-05-28 14:05:00.592666+00:00,stratolink-3-eu,EU,STALE,40.6257961,-6.428663,10009.0,7,868300000.0,niharramikrotik,40.589325292876616,-4.838257133960725,1131.0,-111.0,-0.5,False,134.31778160937742,134.7255244786066,3.1741707174824296,4.382117879598918,False,EU868,False
2026-05-28 14:05:00.592666+00:00,stratolink-3-eu,EU,STALE,40.6257961,-6.428663,10009.0,7,868300000.0,mtcdtip02-l4e1-9,,,,-110.0,-4.2,False,,,,,False,EU868,False
2026-05-28 14:05:00.592666+00:00,stratolink-3-eu,EU,STALE,40.6257961,-6.428663,10009.0,7,868300000.0,cicytex-ic003,,,,-109.0,-4.2,False,,,,,False,EU868,False
2026-05-28 14:05:00.592666+00:00,stratolink-3-eu,EU,STALE,40.6257961,-6.428663,10009.0,7,868300000.0,packetbroker,40.962541751597406,-5.675446072867432,,-108.0,4.25,True,73.63739668553853,74.37139657481511,7.403161798178406,8.065397901887811,False,EU868,False
2026-05-28 14:10:08.659962+00:00,stratolink-3-eu,EU,STALE,40.6257961,-6.428663,10009.0,7,868500000.0,meceiot-013-dragout-a84041ffff29dc56,40.970672,-5.141641,820.0,-120.0,-6.0,False,114.92237375103964,115.38493084013898,4.0507994295778165,5.084319739196372,False,EU868,False
2026-05-28 14:10:08.659962+00:00,stratolink-3-eu,EU,STALE,40.6257961,-6.428663,10009.0,7,868500000.0,ext-sg50-023,,,,-119.0,-6.0,False,,,,,False,EU868,False
2026-05-28 14:10:08.659962+00:00,stratolink-3-eu,EU,STALE,40.6257961,-6.428663,10009.0,7,868500000.0,ext-sg50-024,,,,-119.0,-8.5,False,,,,,False,EU868,False
2026-05-28 14:10:08.659962+00:00,stratolink-3-eu,EU,STALE,40.6257961,-6.428663,10009.0,7,868500000.0,sg50-perte-malpica-07,,,,-118.0,-7.8,False,,,,,False,EU868,False
2026-05-28 14:10:08.659962+00:00,stratolink-3-eu,EU,STALE,40.6257961,-6.428663,10009.0,7,868500000.0,ext-sg50-029,,,,-118.0,-9.8,False,,,,,False,EU868,False
2026-05-28 14:10:08.659962+00:00,stratolink-3-eu,EU,STALE,40.6257961,-6.428663,10009.0,7,868500000.0,mitigasmart-cc,,,,-118.0,-5.2,False,,,,,False,EU868,False
2026-05-28 14:10:08.659962+00:00,stratolink-3-eu,EU,STALE,40.6257961,-6.428663,10009.0,7,868500000.0,italr0001,41.70253250763931,-4.708266556262971,765.0,-116.0,-4.25,False,187.27657100298967,187.65594481055086,1.9811402457960121,3.665356585310856,False,EU868,False
2026-05-28 14:10:08.659962+00:00,stratolink-3-eu,EU,STALE,40.6257961,-6.428663,10009.0,7,868500000.0,rio-tormes-1b,40.968865323719,-5.64232170581818,940.0,-116.0,-6.25,False,76.39753112398147,76.99864524997983,6.42042050652061,7.107479061301338,False,EU868,False
2026-05-28 14:10:08.659962+00:00,stratolink-3-eu,EU,STALE,40.6257961,-6.428663,10009.0,7,868500000.0,mjv-casas,,,,-115.0,-2.5,False,,,,,False,EU868,False
2026-05-28 14:10:08.659962+00:00,stratolink-3-eu,EU,STALE,40.6257961,-6.428663,10009.0,7,868500000.0,mtcdtip02-l4e1-9,,,,-110.0,-5.8,False,,,,,False,EU868,False
2026-05-28 14:10:08.659962+00:00,stratolink-3-eu,EU,STALE,40.6257961,-6.428663,10009.0,7,868500000.0,packetbroker,40.962541751597406,-5.675446072867432,,-114.0,-4.25,True,73.63739668553853,74.37139657481511,7.403161798178406,8.065397901887811,False,EU868,False
2026-05-28 14:10:08.659962+00:00,stratolink-3-eu,EU,STALE,40.6257961,-6.428663,10009.0,7,868500000.0,ext-sg50-018,,,,-113.0,-8.8,False,,,,,False,EU868,False
2026-05-28 14:10:08.659962+00:00,stratolink-3-eu,EU,STALE,40.6257961,-6.428663,10009.0,7,868500000.0,niharramikrotik,40.589325292876616,-4.838257133960725,1131.0,-113.0,,False,134.31778160937742,134.7255244786066,3.1741707174824296,4.382117879598918,False,EU868,False
2026-05-28 14:10:08.659962+00:00,stratolink-3-eu,EU,STALE,40.6257961,-6.428663,10009.0,7,868500000.0,ext-dlos8-011,,,,-110.0,-7.0,False,,,,,False,EU868,False
2026-05-28 14:10:08.659962+00:00,stratolink-3-eu,EU,STALE,40.6257961,-6.428663,10009.0,7,868500000.0,meceiot-004-5030354163554750,40.5481739449056,-5.16353885114368,1550.0,-110.0,,False,107.17888454101507,107.60781816194415,4.026545352022279,4.990426886312135,False,EU868,False
2026-05-28 14:10:08.659962+00:00,stratolink-3-eu,EU,STALE,40.6257961,-6.428663,10009.0,7,868500000.0,cicytex-ic003,,,,-108.0,-6.8,False,,,,,False,EU868,False
2026-05-28 14:10:08.659962+00:00,stratolink-3-eu,EU,STALE,40.6257961,-6.428663,10009.0,7,868500000.0,packetbroker,40.962758045083945,-5.675633842073217,,-108.0,3.5,True,73.6359324656191,74.36994456081506,7.403320316988313,8.065543252669633,False,EU868,False
2026-05-28 14:10:08.659962+00:00,stratolink-3-eu,EU,STALE,40.6257961,-6.428663,10009.0,7,868500000.0,italr0005,40.954279046747715,-4.142631590366364,,-114.0,-1.0,False,195.88281833147107,196.28426214013473,2.0417625947977536,3.803376669090203,False,EU868,False
2026-05-28 14:15:16.646826+00:00,stratolink-3-eu,EU,STALE,40.6257961,-6.428663,10009.0,7,868100000.0,packetbroker,,,,-117.0,-5.75,True,,,,,False,EU868,False
2026-05-28 14:15:16.646826+00:00,stratolink-3-eu,EU,STALE,40.6257961,-6.428663,10009.0,7,868100000.0,sg50-perte-malpica-05,,,,-117.0,-1.0,False,,,,,False,EU868,False
2026-05-28 14:15:16.646826+00:00,stratolink-3-eu,EU,STALE,40.6257961,-6.428663,10009.0,7,868100000.0,italr0005,40.954279046747715,-4.142631590366364,,-118.0,-3.25,False,195.88281833147107,196.28426214013473,2.0417625947977536,3.803376669090203,False,EU868,False
2026-05-28 14:15:16.646826+00:00,stratolink-3-eu,EU,STALE,40.6257961,-6.428663,10009.0,7,868100000.0,mitigasmart-cc,,,,-118.0,-3.0,False,,,,,False,EU868,False
2026-05-28 14:15:16.646826+00:00,stratolink-3-eu,EU,STALE,40.6257961,-6.428663,10009.0,7,868100000.0,meceiot-013-dragout-a84041ffff29dc56,40.970672,-5.141641,820.0,-121.0,-6.0,False,114.92237375103964,115.38493084013898,4.0507994295778165,5.084319739196372,False,EU868,False
2026-05-28 14:15:16.646826+00:00,stratolink-3-eu,EU,STALE,40.6257961,-6.428663,10009.0,7,868100000.0,sg50-eui-c0ba1ffffe004945,,,,-119.0,-6.8,False,,,,,False,EU868,False
2026-05-28 14:15:16.646826+00:00,stratolink-3-eu,EU,STALE,40.6257961,-6.428663,10009.0,7,868100000.0,ext-sg50-011,,,,-120.0,-7.5,False,,,,,False,EU868,False
2026-05-28 14:15:16.646826+00:00,stratolink-3-eu,EU,STALE,40.6257961,-6.428663,10009.0,7,868100000.0,packetbroker,40.962758045083945,-5.675633842073217,,-116.0,-6.5,True,73.6359324656191,74.36994456081506,7.403320316988313,8.065543252669633,False,EU868,False
2026-05-28 14:15:16.646826+00:00,stratolink-3-eu,EU,STALE,40.6257961,-6.428663,10009.0,7,868100000.0,tef-mls-01,40.108033,-6.632828,297.0,-119.0,-4.8,False,60.1148739870506,60.94210574681039,8.899588059662362,9.440213363054477,False,EU868,False
2026-05-28 14:15:16.646826+00:00,stratolink-3-eu,EU,STALE,40.6257961,-6.428663,10009.0,7,868100000.0,sg50-perte-malpica-07,,,,-114.0,-6.8,False,,,,,False,EU868,False
2026-05-28 14:15:16.646826+00:00,stratolink-3-eu,EU,STALE,40.6257961,-6.428663,10009.0,7,868100000.0,ext-sg50-029,,,,-118.0,-6.5,False,,,,,False,EU868,False
2026-05-28 14:15:16.646826+00:00,stratolink-3-eu,EU,STALE,40.6257961,-6.428663,10009.0,7,868100000.0,cdtic-multitech-4,39.4920534590841,-6.57908320426941,391.0,-114.0,-4.8,False,126.71486734239434,127.1803668330496,3.767126097580384,4.906698703457173,False,EU868,False
2026-05-28 14:15:16.646826+00:00,stratolink-3-eu,EU,STALE,40.6257961,-6.428663,10009.0,7,868100000.0,mtcdtip02-l4e1-5,,,,-108.0,-6.0,False,,,,,False,EU868,False
2026-05-28 14:15:16.646826+00:00,stratolink-3-eu,EU,STALE,40.6257961,-6.428663,10009.0,7,868100000.0,cicytex-ic003,,,,-109.0,-3.8,False,,,,,False,EU868,False
2026-05-28 14:15:16.646826+00:00,stratolink-3-eu,EU,STALE,40.6257961,-6.428663,10009.0,7,868100000.0,meceiot-004-5030354163554750,40.5481739449056,-5.16353885114368,1550.0,-109.0,6.5,False,107.17888454101507,107.60781816194415,4.026545352022279,4.990426886312135,False,EU868,False
2026-05-28 14:15:16.646826+00:00,stratolink-3-eu,EU,STALE,40.6257961,-6.428663,10009.0,7,868100000.0,dlps8-105,,,,-114.0,-10.0,False,,,,,False,EU868,False
2026-05-28 14:15:16.646826+00:00,stratolink-3-eu,EU,STALE,40.6257961,-6.428663,10009.0,7,868100000.0,niharramikrotik,40.589325292876616,-4.838257133960725,1131.0,-101.0,-9.0,False,134.31778160937742,134.7255244786066,3.1741707174824296,4.382117879598918,False,EU868,False
2026-05-28 14:15:16.646826+00:00,stratolink-3-eu,EU,STALE,40.6257961,-6.428663,10009.0,7,868100000.0,packetbroker,40.962541751597406,-5.675446072867432,,-113.0,2.0,True,73.63739668553853,74.37139657481511,7.403161798178406,8.065397901887811,False,EU868,False
2026-05-28 14:15:16.646826+00:00,stratolink-3-eu,EU,STALE,40.6257961,-6.428663,10009.0,7,868100000.0,ext-sg50-018,,,,-113.0,-8.0,False,,,,,False,EU868,False
2026-05-28 14:15:16.646826+00:00,stratolink-3-eu,EU,STALE,40.6257961,-6.428663,10009.0,7,868100000.0,mjv-casas,,,,-114.0,-0.8,False,,,,,False,EU868,False
2026-05-28 14:15:16.646826+00:00,stratolink-3-eu,EU,STALE,40.6257961,-6.428663,10009.0,7,868100000.0,dlps8-103,,,,-114.0,-6.2,False,,,,,False,EU868,False
2026-05-28 14:15:16.646826+00:00,stratolink-3-eu,EU,STALE,40.6257961,-6.428663,10009.0,7,868100000.0,sg50-perte-malpica-02,39.94336757279527,-4.661850929260255,405.0,-111.0,-7.2,False,167.97978027441147,168.38625991988505,2.5140470488603373,4.024723419807971,False,EU868,False
2026-05-28 14:20:24.714596+00:00,stratolink-3-eu,EU,STALE,40.6257961,-6.428663,10009.0,7,868300000.0,sg50-perte-malpica-06,,,,-115.0,-5.2,False,,,,,False,EU868,False
2026-05-28 14:20:24.714596+00:00,stratolink-3-eu,EU,STALE,40.6257961,-6.428663,10009.0,7,868300000.0,meceiot-013-dragout-a84041ffff29dc56,40.970672,-5.141641,820.0,-120.0,-6.25,False,114.92237375103964,115.38493084013898,4.0507994295778165,5.084319739196372,False,EU868,False
2026-05-28 14:20:24.714596+00:00,stratolink-3-eu,EU,STALE,40.6257961,-6.428663,10009.0,7,868300000.0,ext-sg50-022,,,,-120.0,-8.5,False,,,,,False,EU868,False
2026-05-28 14:20:24.714596+00:00,stratolink-3-eu,EU,STALE,40.6257961,-6.428663,10009.0,7,868300000.0,sg50-perte-malpica-07,,,,-118.0,-5.8,False,,,,,False,EU868,False
2026-05-28 14:20:24.714596+00:00,stratolink-3-eu,EU,STALE,40.6257961,-6.428663,10009.0,7,868300000.0,italr0005,40.954279046747715,-4.142631590366364,,-118.0,-3.75,False,195.88281833147107,196.28426214013473,2.0417625947977536,3.803376669090203,False,EU868,False
2026-05-28 14:20:24.714596+00:00,stratolink-3-eu,EU,STALE,40.6257961,-6.428663,10009.0,7,868300000.0,packetbroker,,,,-118.0,-6.75,True,,,,,False,EU868,False
2026-05-28 14:20:24.714596+00:00,stratolink-3-eu,EU,STALE,40.6257961,-6.428663,10009.0,7,868300000.0,v3-eui-b827ebfffebf1f02,40.13814,-7.50059,600.0,-118.0,-7.8,False,105.75302120153279,106.25722709233943,4.604448555082282,5.555507010001736,False,EU868,False
2026-05-28 14:20:24.714596+00:00,stratolink-3-eu,EU,STALE,40.6257961,-6.428663,10009.0,7,868300000.0,mitigasmart-cc,,,,-117.0,-3.2,False,,,,,False,EU868,False
2026-05-28 14:20:24.714596+00:00,stratolink-3-eu,EU,STALE,40.6257961,-6.428663,10009.0,7,868300000.0,sg50-perte-malpica-05,,,,-116.0,-0.5,False,,,,,False,EU868,False
2026-05-28 14:20:24.714596+00:00,stratolink-3-eu,EU,STALE,40.6257961,-6.428663,10009.0,7,868300000.0,cdtic-multitech-4,39.4920534590841,-6.57908320426941,391.0,-114.0,-2.2,False,126.71486734239434,127.1803668330496,3.767126097580384,4.906698703457173,False,EU868,False
2026-05-28 14:20:24.714596+00:00,stratolink-3-eu,EU,STALE,40.6257961,-6.428663,10009.0,7,868300000.0,sg50-perte-malpica-02,39.94336757279527,-4.661850929260255,405.0,-113.0,-4.0,False,167.97978027441147,168.38625991988505,2.5140470488603373,4.024723419807971,False,EU868,False
2026-05-28 14:20:24.714596+00:00,stratolink-3-eu,EU,STALE,40.6257961,-6.428663,10009.0,7,868300000.0,cicytex-ic003,,,,-108.0,-5.0,False,,,,,False,EU868,False
2026-05-28 14:20:24.714596+00:00,stratolink-3-eu,EU,STALE,40.6257961,-6.428663,10009.0,7,868300000.0,dlps8-103,,,,-113.0,-7.2,False,,,,,False,EU868,False
2026-05-28 14:20:24.714596+00:00,stratolink-3-eu,EU,STALE,40.6257961,-6.428663,10009.0,7,868300000.0,packetbroker,40.962758045083945,-5.675633842073217,,-113.0,-3.5,True,73.6359324656191,74.36994456081506,7.403320316988313,8.065543252669633,False,EU868,False
2026-05-28 14:20:24.714596+00:00,stratolink-3-eu,EU,STALE,40.6257961,-6.428663,10009.0,7,868300000.0,cicytex-icmc-002,,,,-111.0,-9.3,False,,,,,False,EU868,False
2026-05-28 14:20:24.714596+00:00,stratolink-3-eu,EU,STALE,40.6257961,-6.428663,10009.0,7,868300000.0,mjv-casas,,,,-111.0,,False,,,,,False,EU868,False
2026-05-28 14:20:24.714596+00:00,stratolink-3-eu,EU,STALE,40.6257961,-6.428663,10009.0,7,868300000.0,packetbroker,40.962541751597406,-5.675446072867432,,-110.0,1.0,True,73.63739668553853,74.37139657481511,7.403161798178406,8.065397901887811,False,EU868,False
2026-05-28 14:20:24.714596+00:00,stratolink-3-eu,EU,STALE,40.6257961,-6.428663,10009.0,7,868300000.0,niharramikrotik,40.589325292876616,-4.838257133960725,1131.0,-109.0,4.0,False,134.31778160937742,134.7255244786066,3.1741707174824296,4.382117879598918,False,EU868,False
2026-05-28 14:20:24.714596+00:00,stratolink-3-eu,EU,STALE,40.6257961,-6.428663,10009.0,7,868300000.0,mtcdtip02-l4e1-1,,,,-109.0,-5.8,False,,,,,False,EU868,False
2026-05-28 14:20:24.714596+00:00,stratolink-3-eu,EU,STALE,40.6257961,-6.428663,10009.0,7,868300000.0,ext-sg50-018,,,,-114.0,-7.2,False,,,,,False,EU868,False
2026-05-28 14:25:32.714699+00:00,stratolink-3-eu,EU,STALE,40.6257961,-6.428663,10009.0,7,868500000.0,mitigasmart-cc,,,,-117.0,-5.8,False,,,,,False,EU868,False
2026-05-28 14:25:32.714699+00:00,stratolink-3-eu,EU,STALE,40.6257961,-6.428663,10009.0,7,868500000.0,sg50-perte-malpica-01,,,,-117.0,-8.5,False,,,,,False,EU868,False
2026-05-28 14:25:32.714699+00:00,stratolink-3-eu,EU,STALE,40.6257961,-6.428663,10009.0,7,868500000.0,sg50-perte-malpica-05,,,,-117.0,-2.2,False,,,,,False,EU868,False
2026-05-28 14:25:32.714699+00:00,stratolink-3-eu,EU,STALE,40.6257961,-6.428663,10009.0,7,868500000.0,italr0005,40.954279046747715,-4.142631590366364,,-117.0,-3.75,False,195.88281833147107,196.28426214013473,2.0417625947977536,3.803376669090203,False,EU868,False
2026-05-28 14:25:32.714699+00:00,stratolink-3-eu,EU,STALE,40.6257961,-6.428663,10009.0,7,868500000.0,ext-sg50-023,,,,-118.0,-5.0,False,,,,,False,EU868,False
2026-05-28 14:25:32.714699+00:00,stratolink-3-eu,EU,STALE,40.6257961,-6.428663,10009.0,7,868500000.0,meceiot-013-dragout-a84041ffff29dc56,40.970672,-5.141641,820.0,-119.0,-4.75,False,114.92237375103964,115.38493084013898,4.0507994295778165,5.084319739196372,False,EU868,False
2026-05-28 14:25:32.714699+00:00,stratolink-3-eu,EU,STALE,40.6257961,-6.428663,10009.0,7,868500000.0,sg50-eui-c0ba1ffffe004945,,,,-118.0,-8.0,False,,,,,False,EU868,False
2026-05-28 14:25:32.714699+00:00,stratolink-3-eu,EU,STALE,40.6257961,-6.428663,10009.0,7,868500000.0,italr0001,41.70253250763931,-4.708266556262971,765.0,-116.0,-8.25,False,187.27657100298967,187.65594481055086,1.9811402457960121,3.665356585310856,False,EU868,False
2026-05-28 14:25:32.714699+00:00,stratolink-3-eu,EU,STALE,40.6257961,-6.428663,10009.0,7,868500000.0,meceiot-004-5030354163554750,40.5481739449056,-5.16353885114368,1550.0,-107.0,3.75,False,107.17888454101507,107.60781816194415,4.026545352022279,4.990426886312135,False,EU868,False
2026-05-28 14:25:32.714699+00:00,stratolink-3-eu,EU,STALE,40.6257961,-6.428663,10009.0,7,868500000.0,mvj-cabezuela,,,,-115.0,-7.0,False,,,,,False,EU868,False
2026-05-28 14:25:32.714699+00:00,stratolink-3-eu,EU,STALE,40.6257961,-6.428663,10009.0,7,868500000.0,sg50-perte-malpica-06,,,,-114.0,-8.2,False,,,,,False,EU868,False
2026-05-28 14:25:32.714699+00:00,stratolink-3-eu,EU,STALE,40.6257961,-6.428663,10009.0,7,868500000.0,packetbroker,40.962758045083945,-5.675633842073217,,-114.0,-1.25,True,73.6359324656191,74.36994456081506,7.403320316988313,8.065543252669633,False,EU868,False
2026-05-28 14:25:32.714699+00:00,stratolink-3-eu,EU,STALE,40.6257961,-6.428663,10009.0,7,868500000.0,dlps8-103,,,,-113.0,-9.0,False,,,,,False,EU868,False
2026-05-28 14:25:32.714699+00:00,stratolink-3-eu,EU,STALE,40.6257961,-6.428663,10009.0,7,868500000.0,sg50-perte-malpica-02,39.94336757279527,-4.661850929260255,405.0,-111.0,-5.0,False,167.97978027441147,168.38625991988505,2.5140470488603373,4.024723419807971,False,EU868,False
2026-05-28 14:25:32.714699+00:00,stratolink-3-eu,EU,STALE,40.6257961,-6.428663,10009.0,7,868500000.0,packetbroker,40.962541751597406,-5.675446072867432,,-109.0,2.75,True,73.63739668553853,74.37139657481511,7.403161798178406,8.065397901887811,False,EU868,False
2026-05-28 14:25:32.714699+00:00,stratolink-3-eu,EU,STALE,40.6257961,-6.428663,10009.0,7,868500000.0,niharramikrotik,40.589325292876616,-4.838257133960725,1131.0,-109.0,2.0,False,134.31778160937742,134.7255244786066,3.1741707174824296,4.382117879598918,False,EU868,False
2026-05-28 14:25:32.714699+00:00,stratolink-3-eu,EU,STALE,40.6257961,-6.428663,10009.0,7,868500000.0,cdtic-multitech-4,39.4920534590841,-6.57908320426941,391.0,-115.0,-3.0,False,126.71486734239434,127.1803668330496,3.767126097580384,4.906698703457173,False,EU868,False
2026-05-28 14:30:40.755758+00:00,stratolink-3-eu,EU,STALE,40.6257961,-6.428663,10009.0,7,868100000.0,cicytex-unex-1,,,,-117.0,-2.5,False,,,,,False,EU868,False
2026-05-28 14:30:40.755758+00:00,stratolink-3-eu,EU,STALE,40.6257961,-6.428663,10009.0,7,868100000.0,mitigasmart-cc,,,,-117.0,-2.5,False,,,,,False,EU868,False
2026-05-28 14:30:40.755758+00:00,stratolink-3-eu,EU,STALE,40.6257961,-6.428663,10009.0,7,868100000.0,ext-sg50-029,,,,-117.0,-3.2,False,,,,,False,EU868,False
2026-05-28 14:30:40.755758+00:00,stratolink-3-eu,EU,STALE,40.6257961,-6.428663,10009.0,7,868100000.0,ext-sg50-024,,,,-118.0,-1.2,False,,,,,False,EU868,False
2026-05-28 14:30:40.755758+00:00,stratolink-3-eu,EU,STALE,40.6257961,-6.428663,10009.0,7,868100000.0,sg50-perte-malpica-05,,,,-118.0,-1.8,False,,,,,False,EU868,False
2026-05-28 14:30:40.755758+00:00,stratolink-3-eu,EU,STALE,40.6257961,-6.428663,10009.0,7,868100000.0,meceiot-013-dragout-a84041ffff29dc56,40.970672,-5.141641,820.0,-123.0,-8.25,False,114.92237375103964,115.38493084013898,4.0507994295778165,5.084319739196372,False,EU868,False
2026-05-28 14:30:40.755758+00:00,stratolink-3-eu,EU,STALE,40.6257961,-6.428663,10009.0,7,868100000.0,sg50-perte-malpica-07,,,,-118.0,-2.5,False,,,,,False,EU868,False
2026-05-28 14:30:40.755758+00:00,stratolink-3-eu,EU,STALE,40.6257961,-6.428663,10009.0,7,868100000.0,ext-sg50-022,,,,-120.0,-6.0,False,,,,,False,EU868,False
2026-05-28 14:30:40.755758+00:00,stratolink-3-eu,EU,STALE,40.6257961,-6.428663,10009.0,7,868100000.0,sg50-eui-c0ba1ffffe004945,,,,-119.0,-6.8,False,,,,,False,EU868,False
2026-05-28 14:30:40.755758+00:00,stratolink-3-eu,EU,STALE,40.6257961,-6.428663,10009.0,7,868100000.0,packetbroker,,,,-120.0,-8.25,True,,,,,False,EU868,False
2026-05-28 14:30:40.755758+00:00,stratolink-3-eu,EU,STALE,40.6257961,-6.428663,10009.0,7,868100000.0,ext-sg50-011,,,,-120.0,-7.2,False,,,,,False,EU868,False
2026-05-28 14:30:40.755758+00:00,stratolink-3-eu,EU,STALE,40.6257961,-6.428663,10009.0,7,868100000.0,tef-mls-01,40.108033,-6.632828,297.0,-120.0,-6.2,False,60.1148739870506,60.94210574681039,8.899588059662362,9.440213363054477,False,EU868,False
2026-05-28 14:30:40.755758+00:00,stratolink-3-eu,EU,STALE,40.6257961,-6.428663,10009.0,7,868100000.0,italr0005,40.954279046747715,-4.142631590366364,,-122.0,-7.5,False,195.88281833147107,196.28426214013473,2.0417625947977536,3.803376669090203,False,EU868,False
2026-05-28 14:30:40.755758+00:00,stratolink-3-eu,EU,STALE,40.6257961,-6.428663,10009.0,7,868100000.0,ext-sg50-015,,,,-116.0,-2.5,False,,,,,False,EU868,False
2026-05-28 14:30:40.755758+00:00,stratolink-3-eu,EU,STALE,40.6257961,-6.428663,10009.0,7,868100000.0,ext-sg50-028,,,,-119.0,-6.8,False,,,,,False,EU868,False
2026-05-28 14:30:40.755758+00:00,stratolink-3-eu,EU,STALE,40.6257961,-6.428663,10009.0,7,868100000.0,mtcdtip02-l4e1-15,,,,-116.0,-5.8,False,,,,,False,EU868,False
2026-05-28 14:30:40.755758+00:00,stratolink-3-eu,EU,STALE,40.6257961,-6.428663,10009.0,7,868100000.0,mjv-casas,,,,-113.0,2.5,False,,,,,False,EU868,False
2026-05-28 14:30:40.755758+00:00,stratolink-3-eu,EU,STALE,40.6257961,-6.428663,10009.0,7,868100000.0,mtcdtip02-l4e1-13,,,,-115.0,-8.2,False,,,,,False,EU868,False
2026-05-28 14:30:40.755758+00:00,stratolink-3-eu,EU,STALE,40.6257961,-6.428663,10009.0,7,868100000.0,niharramikrotik,40.589325292876616,-4.838257133960725,1131.0,-116.0,-3.0,False,134.31778160937742,134.7255244786066,3.1741707174824296,4.382117879598918,False,EU868,False
2026-05-28 14:30:40.755758+00:00,stratolink-3-eu,EU,STALE,40.6257961,-6.428663,10009.0,7,868100000.0,cicytex-ic003,,,,-106.0,-0.2,False,,,,,False,EU868,False
2026-05-28 14:30:40.755758+00:00,stratolink-3-eu,EU,STALE,40.6257961,-6.428663,10009.0,7,868100000.0,packetbroker,40.962541751597406,-5.675446072867432,,-108.0,5.25,True,73.63739668553853,74.37139657481511,7.403161798178406,8.065397901887811,False,EU868,False
2026-05-28 14:30:40.755758+00:00,stratolink-3-eu,EU,STALE,40.6257961,-6.428663,10009.0,7,868100000.0,mvj-cabezuela,,,,-111.0,,False,,,,,False,EU868,False
2026-05-28 14:30:40.755758+00:00,stratolink-3-eu,EU,STALE,40.6257961,-6.428663,10009.0,7,868100000.0,packetbroker,40.962758045083945,-5.675633842073217,,-111.0,2.0,True,73.6359324656191,74.36994456081506,7.403320316988313,8.065543252669633,False,EU868,False
2026-05-28 14:30:40.755758+00:00,stratolink-3-eu,EU,STALE,40.6257961,-6.428663,10009.0,7,868100000.0,mtcdtip02-l4e1-1,,,,-111.0,-4.0,False,,,,,False,EU868,False
2026-05-28 14:30:40.755758+00:00,stratolink-3-eu,EU,STALE,40.6257961,-6.428663,10009.0,7,868100000.0,mtcdtip02-l4e1-9,,,,-110.0,-2.2,False,,,,,False,EU868,False
2026-05-28 14:30:40.755758+00:00,stratolink-3-eu,EU,STALE,40.6257961,-6.428663,10009.0,7,868100000.0,cicytex-icmc-002,,,,-112.0,-5.3,False,,,,,False,EU868,False
2026-05-28 14:30:40.755758+00:00,stratolink-3-eu,EU,STALE,40.6257961,-6.428663,10009.0,7,868100000.0,dlps8-103,,,,-113.0,-4.8,False,,,,,False,EU868,False
2026-05-28 14:30:40.755758+00:00,stratolink-3-eu,EU,STALE,40.6257961,-6.428663,10009.0,7,868100000.0,cdtic-multitech-4,39.4920534590841,-6.57908320426941,391.0,-113.0,-3.2,False,126.71486734239434,127.1803668330496,3.767126097580384,4.906698703457173,False,EU868,False
2026-05-28 14:30:40.755758+00:00,stratolink-3-eu,EU,STALE,40.6257961,-6.428663,10009.0,7,868100000.0,mtcdtip02-l4e1-7,,,,-114.0,-7.0,False,,,,,False,EU868,False
2026-05-28 14:30:40.755758+00:00,stratolink-3-eu,EU,STALE,40.6257961,-6.428663,10009.0,7,868100000.0,mtcdtip02-l4e1-16,,,,-114.0,-7.0,False,,,,,False,EU868,False
2026-05-28 14:30:40.755758+00:00,stratolink-3-eu,EU,STALE,40.6257961,-6.428663,10009.0,7,868100000.0,mtcdtip02-l4e1-5,,,,-114.0,-4.8,False,,,,,False,EU868,False
2026-05-28 14:30:40.755758+00:00,stratolink-3-eu,EU,STALE,40.6257961,-6.428663,10009.0,7,868100000.0,meceiot-004-5030354163554750,40.5481739449056,-5.16353885114368,1550.0,-111.0,2.75,False,107.17888454101507,107.60781816194415,4.026545352022279,4.990426886312135,False,EU868,False
2026-05-28 14:35:48.641691+00:00,stratolink-3-eu,EU,STALE,40.6257961,-6.428663,10009.0,7,868300000.0,elecrowgw,,,,-116.0,-6.0,False,,,,,False,EU868,False
2026-05-28 14:35:48.641691+00:00,stratolink-3-eu,EU,STALE,40.6257961,-6.428663,10009.0,7,868300000.0,ext-sg50-024,,,,-119.0,-6.8,False,,,,,False,EU868,False
2026-05-28 14:35:48.641691+00:00,stratolink-3-eu,EU,STALE,40.6257961,-6.428663,10009.0,7,868300000.0,sg50-perte-malpica-05,,,,-118.0,-6.2,False,,,,,False,EU868,False
2026-05-28 14:35:48.641691+00:00,stratolink-3-eu,EU,STALE,40.6257961,-6.428663,10009.0,7,868300000.0,mitigasmart-cc,,,,-118.0,-6.0,False,,,,,False,EU868,False
2026-05-28 14:35:48.641691+00:00,stratolink-3-eu,EU,STALE,40.6257961,-6.428663,10009.0,7,868300000.0,italr0005,40.954279046747715,-4.142631590366364,,-117.0,-3.25,False,195.88281833147107,196.28426214013473,2.0417625947977536,3.803376669090203,False,EU868,False
2026-05-28 14:35:48.641691+00:00,stratolink-3-eu,EU,STALE,40.6257961,-6.428663,10009.0,7,868300000.0,cdtic-multitech-4,39.4920534590841,-6.57908320426941,391.0,-116.0,-6.8,False,126.71486734239434,127.1803668330496,3.767126097580384,4.906698703457173,False,EU868,False
2026-05-28 14:35:48.641691+00:00,stratolink-3-eu,EU,STALE,40.6257961,-6.428663,10009.0,7,868300000.0,meceiot-013-dragout-a84041ffff29dc56,40.970672,-5.141641,820.0,-116.0,-2.0,False,114.92237375103964,115.38493084013898,4.0507994295778165,5.084319739196372,False,EU868,False
2026-05-28 14:35:48.641691+00:00,stratolink-3-eu,EU,STALE,40.6257961,-6.428663,10009.0,7,868300000.0,mjv-casas,,,,-116.0,-3.5,False,,,,,False,EU868,False
2026-05-28 14:35:48.641691+00:00,stratolink-3-eu,EU,STALE,40.6257961,-6.428663,10009.0,7,868300000.0,niharramikrotik,40.589325292876616,-4.838257133960725,1131.0,-115.0,-3.5,False,134.31778160937742,134.7255244786066,3.1741707174824296,4.382117879598918,False,EU868,False
2026-05-28 14:35:48.641691+00:00,stratolink-3-eu,EU,STALE,40.6257961,-6.428663,10009.0,7,868300000.0,packetbroker,,,,-113.0,-4.25,True,,,,,False,EU868,False
2026-05-28 14:35:48.641691+00:00,stratolink-3-eu,EU,STALE,40.6257961,-6.428663,10009.0,7,868300000.0,ext-dlos8-011,,,,-111.0,-7.5,False,,,,,False,EU868,False
2026-05-28 14:35:48.641691+00:00,stratolink-3-eu,EU,STALE,40.6257961,-6.428663,10009.0,7,868300000.0,mvj-cabezuela,,,,-111.0,-4.8,False,,,,,False,EU868,False
2026-05-28 14:35:48.641691+00:00,stratolink-3-eu,EU,STALE,40.6257961,-6.428663,10009.0,7,868300000.0,meceiot-004-5030354163554750,40.5481739449056,-5.16353885114368,1550.0,-109.0,1.75,False,107.17888454101507,107.60781816194415,4.026545352022279,4.990426886312135,False,EU868,False
2026-05-28 14:35:48.641691+00:00,stratolink-3-eu,EU,STALE,40.6257961,-6.428663,10009.0,7,868300000.0,mtcdtip02-l4e1-9,,,,-109.0,-5.8,False,,,,,False,EU868,False
2026-05-28 14:35:48.641691+00:00,stratolink-3-eu,EU,STALE,40.6257961,-6.428663,10009.0,7,868300000.0,packetbroker,40.962758045083945,-5.675633842073217,,-109.0,3.75,True,73.6359324656191,74.36994456081506,7.403320316988313,8.065543252669633,False,EU868,False
2026-05-28 14:35:48.641691+00:00,stratolink-3-eu,EU,STALE,40.6257961,-6.428663,10009.0,7,868300000.0,cicytex-ic003,,,,-108.0,-6.2,False,,,,,False,EU868,False
2026-05-28 14:35:48.641691+00:00,stratolink-3-eu,EU,STALE,40.6257961,-6.428663,10009.0,7,868300000.0,packetbroker,40.962541751597406,-5.675446072867432,,-105.0,4.75,True,73.63739668553853,74.37139657481511,7.403161798178406,8.065397901887811,False,EU868,False
2026-05-28 14:35:48.641691+00:00,stratolink-3-eu,EU,STALE,40.6257961,-6.428663,10009.0,7,868300000.0,packetbroker,41.62916384851624,-4.713819387616739,,-114.0,-7.25,True,181.86594477074613,182.27757519201526,2.3296382533441506,3.9651957293472737,False,EU868,False
2026-05-28 14:40:56.572559+00:00,stratolink-3-eu,EU,STALE,40.6257961,-6.428663,10009.0,7,868500000.0,mitigasmart-cc,,,,-116.0,-0.8,False,,,,,False,EU868,False
2026-05-28 14:40:56.572559+00:00,stratolink-3-eu,EU,STALE,40.6257961,-6.428663,10009.0,7,868500000.0,ext-sg50-029,,,,-116.0,-3.2,False,,,,,False,EU868,False
2026-05-28 14:40:56.572559+00:00,stratolink-3-eu,EU,STALE,40.6257961,-6.428663,10009.0,7,868500000.0,italr0005,40.954279046747715,-4.142631590366364,,-123.0,-9.5,False,195.88281833147107,196.28426214013473,2.0417625947977536,3.803376669090203,False,EU868,False
2026-05-28 14:40:56.572559+00:00,stratolink-3-eu,EU,STALE,40.6257961,-6.428663,10009.0,7,868500000.0,rio-tormes-1b,40.968865323719,-5.64232170581818,940.0,-117.0,-2.5,False,76.39753112398147,76.99864524997983,6.42042050652061,7.107479061301338,False,EU868,False
2026-05-28 14:40:56.572559+00:00,stratolink-3-eu,EU,STALE,40.6257961,-6.428663,10009.0,7,868500000.0,ext-sg50-028,,,,-118.0,-6.5,False,,,,,False,EU868,False
2026-05-28 14:40:56.572559+00:00,stratolink-3-eu,EU,STALE,40.6257961,-6.428663,10009.0,7,868500000.0,ext-sg50-011,,,,-119.0,-7.2,False,,,,,False,EU868,False
2026-05-28 14:40:56.572559+00:00,stratolink-3-eu,EU,STALE,40.6257961,-6.428663,10009.0,7,868500000.0,ext-sg50-022,,,,-118.0,-3.5,False,,,,,False,EU868,False
2026-05-28 14:40:56.572559+00:00,stratolink-3-eu,EU,STALE,40.6257961,-6.428663,10009.0,7,868500000.0,tef-mls-01,40.108033,-6.632828,297.0,-118.0,-7.5,False,60.1148739870506,60.94210574681039,8.899588059662362,9.440213363054477,False,EU868,False
2026-05-28 14:40:56.572559+00:00,stratolink-3-eu,EU,STALE,40.6257961,-6.428663,10009.0,7,868500000.0,sg50-eui-c0ba1ffffe004945,,,,-118.0,-8.8,False,,,,,False,EU868,False
2026-05-28 14:40:56.572559+00:00,stratolink-3-eu,EU,STALE,40.6257961,-6.428663,10009.0,7,868500000.0,meceiot-013-dragout-a84041ffff29dc56,40.970672,-5.141641,820.0,-122.0,-7.5,False,114.92237375103964,115.38493084013898,4.0507994295778165,5.084319739196372,False,EU868,False
2026-05-28 14:40:56.572559+00:00,stratolink-3-eu,EU,STALE,40.6257961,-6.428663,10009.0,7,868500000.0,ext-sg50-024,,,,-118.0,-3.0,False,,,,,False,EU868,False
2026-05-28 14:40:56.572559+00:00,stratolink-3-eu,EU,STALE,40.6257961,-6.428663,10009.0,7,868500000.0,cicytex-unex-1,,,,-116.0,-6.8,False,,,,,False,EU868,False
2026-05-28 14:40:56.572559+00:00,stratolink-3-eu,EU,STALE,40.6257961,-6.428663,10009.0,7,868500000.0,elecrowgw,,,,-117.0,-8.5,False,,,,,False,EU868,False
2026-05-28 14:40:56.572559+00:00,stratolink-3-eu,EU,STALE,40.6257961,-6.428663,10009.0,7,868500000.0,niharramikrotik,40.589325292876616,-4.838257133960725,1131.0,-115.0,-4.5,False,134.31778160937742,134.7255244786066,3.1741707174824296,4.382117879598918,False,EU868,False
2026-05-28 14:40:56.572559+00:00,stratolink-3-eu,EU,STALE,40.6257961,-6.428663,10009.0,7,868500000.0,packetbroker,40.962541751597406,-5.675446072867432,,-105.0,4.25,True,73.63739668553853,74.37139657481511,7.403161798178406,8.065397901887811,False,EU868,False
2026-05-28 14:40:56.572559+00:00,stratolink-3-eu,EU,STALE,40.6257961,-6.428663,10009.0,7,868500000.0,cicytex-ic003,,,,-106.0,1.0,False,,,,,False,EU868,False
2026-05-28 14:40:56.572559+00:00,stratolink-3-eu,EU,STALE,40.6257961,-6.428663,10009.0,7,868500000.0,mtcdtip02-l4e1-9,,,,-109.0,-2.0,False,,,,,False,EU868,False
2026-05-28 14:40:56.572559+00:00,stratolink-3-eu,EU,STALE,40.6257961,-6.428663,10009.0,7,868500000.0,meceiot-004-5030354163554750,40.5481739449056,-5.16353885114368,1550.0,-110.0,2.0,False,107.17888454101507,107.60781816194415,4.026545352022279,4.990426886312135,False,EU868,False
2026-05-28 14:40:56.572559+00:00,stratolink-3-eu,EU,STALE,40.6257961,-6.428663,10009.0,7,868500000.0,mjv-casas,,,,-111.0,2.8,False,,,,,False,EU868,False
2026-05-28 14:40:56.572559+00:00,stratolink-3-eu,EU,STALE,40.6257961,-6.428663,10009.0,7,868500000.0,sg50-perte-malpica-06,,,,-115.0,-6.0,False,,,,,False,EU868,False
2026-05-28 14:40:56.572559+00:00,stratolink-3-eu,EU,STALE,40.6257961,-6.428663,10009.0,7,868500000.0,cicytex-icmc-002,,,,-111.0,-4.5,False,,,,,False,EU868,False
2026-05-28 14:40:56.572559+00:00,stratolink-3-eu,EU,STALE,40.6257961,-6.428663,10009.0,7,868500000.0,dlps8-103,,,,-112.0,-3.8,False,,,,,False,EU868,False
2026-05-28 14:40:56.572559+00:00,stratolink-3-eu,EU,STALE,40.6257961,-6.428663,10009.0,7,868500000.0,mtcdtip02-l4e1-7,,,,-113.0,-6.8,False,,,,,False,EU868,False
2026-05-28 14:40:56.572559+00:00,stratolink-3-eu,EU,STALE,40.6257961,-6.428663,10009.0,7,868500000.0,ext-sg50-018,,,,-113.0,-4.2,False,,,,,False,EU868,False
2026-05-28 14:40:56.572559+00:00,stratolink-3-eu,EU,STALE,40.6257961,-6.428663,10009.0,7,868500000.0,sg50-perte-malpica-02,39.94336757279527,-4.661850929260255,405.0,-114.0,-7.0,False,167.97978027441147,168.38625991988505,2.5140470488603373,4.024723419807971,False,EU868,False
2026-05-28 14:40:56.572559+00:00,stratolink-3-eu,EU,STALE,40.6257961,-6.428663,10009.0,7,868500000.0,mvj-cabezuela,,,,-111.0,0.2,False,,,,,False,EU868,False
2026-05-28 14:46:04.445827+00:00,stratolink-3-eu,EU,STALE,40.6257961,-6.428663,10009.0,7,868100000.0,elecrowgw,,,,-118.0,-6.8,False,,,,,False,EU868,False
2026-05-28 14:46:04.445827+00:00,stratolink-3-eu,EU,STALE,40.6257961,-6.428663,10009.0,7,868100000.0,sg50-perte-malpica-05,,,,-118.0,-3.2,False,,,,,False,EU868,False
2026-05-28 14:46:04.445827+00:00,stratolink-3-eu,EU,STALE,40.6257961,-6.428663,10009.0,7,868100000.0,ext-sg50-029,,,,-118.0,-4.0,False,,,,,False,EU868,False
2026-05-28 14:46:04.445827+00:00,stratolink-3-eu,EU,STALE,40.6257961,-6.428663,10009.0,7,868100000.0,ext-sg50-023,,,,-118.0,-1.5,False,,,,,False,EU868,False
2026-05-28 14:46:04.445827+00:00,stratolink-3-eu,EU,STALE,40.6257961,-6.428663,10009.0,7,868100000.0,ext-sg50-022,,,,-119.0,-3.2,False,,,,,False,EU868,False
2026-05-28 14:46:04.445827+00:00,stratolink-3-eu,EU,STALE,40.6257961,-6.428663,10009.0,7,868100000.0,ext-sg50-024,,,,-119.0,-2.5,False,,,,,False,EU868,False
2026-05-28 14:46:04.445827+00:00,stratolink-3-eu,EU,STALE,40.6257961,-6.428663,10009.0,7,868100000.0,sg50-eui-c0ba1ffffe004945,,,,-119.0,-8.5,False,,,,,False,EU868,False
2026-05-28 14:46:04.445827+00:00,stratolink-3-eu,EU,STALE,40.6257961,-6.428663,10009.0,7,868100000.0,sg50-perte-malpica-07,,,,-119.0,-8.0,False,,,,,False,EU868,False
2026-05-28 14:46:04.445827+00:00,stratolink-3-eu,EU,STALE,40.6257961,-6.428663,10009.0,7,868100000.0,v3-eui-b827ebfffebf1f02,40.13814,-7.50059,600.0,-120.0,-4.8,False,105.75302120153279,106.25722709233943,4.604448555082282,5.555507010001736,False,EU868,False
2026-05-28 14:46:04.445827+00:00,stratolink-3-eu,EU,STALE,40.6257961,-6.428663,10009.0,7,868100000.0,ext-sg50-011,,,,-120.0,-7.2,False,,,,,False,EU868,False
2026-05-28 14:46:04.445827+00:00,stratolink-3-eu,EU,STALE,40.6257961,-6.428663,10009.0,7,868100000.0,cicytex-unex-1,,,,-117.0,-7.2,False,,,,,False,EU868,False
2026-05-28 14:46:04.445827+00:00,stratolink-3-eu,EU,STALE,40.6257961,-6.428663,10009.0,7,868100000.0,italr0005,40.954279046747715,-4.142631590366364,,-122.0,-8.5,False,195.88281833147107,196.28426214013473,2.0417625947977536,3.803376669090203,False,EU868,False
2026-05-28 14:46:04.445827+00:00,stratolink-3-eu,EU,STALE,40.6257961,-6.428663,10009.0,7,868100000.0,ext-sg50-028,,,,-119.0,-6.5,False,,,,,False,EU868,False
2026-05-28 14:46:04.445827+00:00,stratolink-3-eu,EU,STALE,40.6257961,-6.428663,10009.0,7,868100000.0,meceiot-013-dragout-a84041ffff29dc56,40.970672,-5.141641,820.0,-122.0,-7.0,False,114.92237375103964,115.38493084013898,4.0507994295778165,5.084319739196372,False,EU868,False
2026-05-28 14:46:04.445827+00:00,stratolink-3-eu,EU,STALE,40.6257961,-6.428663,10009.0,7,868100000.0,niharramikrotik,40.589325292876616,-4.838257133960725,1131.0,-117.0,-5.25,False,134.31778160937742,134.7255244786066,3.1741707174824296,4.382117879598918,False,EU868,False
2026-05-28 14:46:04.445827+00:00,stratolink-3-eu,EU,STALE,40.6257961,-6.428663,10009.0,7,868100000.0,mtcdtip02-l4e1-16,,,,-116.0,-6.5,False,,,,,False,EU868,False
2026-05-28 14:46:04.445827+00:00,stratolink-3-eu,EU,STALE,40.6257961,-6.428663,10009.0,7,868100000.0,mitigasmart-cc,,,,-117.0,-1.5,False,,,,,False,EU868,False
2026-05-28 14:46:04.445827+00:00,stratolink-3-eu,EU,STALE,40.6257961,-6.428663,10009.0,7,868100000.0,packetbroker,40.962541751597406,-5.675446072867432,,-107.0,6.5,True,73.63739668553853,74.37139657481511,7.403161798178406,8.065397901887811,False,EU868,False
2026-05-28 14:46:04.445827+00:00,stratolink-3-eu,EU,STALE,40.6257961,-6.428663,10009.0,7,868100000.0,mtcdtip02-l4e1-9,,,,-108.0,-6.0,False,,,,,False,EU868,False
2026-05-28 14:46:04.445827+00:00,stratolink-3-eu,EU,STALE,40.6257961,-6.428663,10009.0,7,868100000.0,mjv-casas,,,,-111.0,3.0,False,,,,,False,EU868,False
2026-05-28 14:46:04.445827+00:00,stratolink-3-eu,EU,STALE,40.6257961,-6.428663,10009.0,7,868100000.0,packetbroker,40.962758045083945,-5.675633842073217,,-111.0,1.75,True,73.6359324656191,74.36994456081506,7.403320316988313,8.065543252669633,False,EU868,False
2026-05-28 14:46:04.445827+00:00,stratolink-3-eu,EU,STALE,40.6257961,-6.428663,10009.0,7,868100000.0,cicytex-icmc-002,,,,-112.0,-7.5,False,,,,,False,EU868,False
2026-05-28 14:46:04.445827+00:00,stratolink-3-eu,EU,STALE,40.6257961,-6.428663,10009.0,7,868100000.0,cicytex-ic003,,,,-106.0,1.2,False,,,,,False,EU868,False
2026-05-28 14:46:04.445827+00:00,stratolink-3-eu,EU,STALE,40.6257961,-6.428663,10009.0,7,868100000.0,mvj-cabezuela,,,,-115.0,-4.5,False,,,,,False,EU868,False
2026-05-28 14:46:04.445827+00:00,stratolink-3-eu,EU,STALE,40.6257961,-6.428663,10009.0,7,868100000.0,cdtic-multitech-4,39.4920534590841,-6.57908320426941,391.0,-115.0,-0.2,False,126.71486734239434,127.1803668330496,3.767126097580384,4.906698703457173,False,EU868,False
2026-05-28 14:46:04.445827+00:00,stratolink-3-eu,EU,STALE,40.6257961,-6.428663,10009.0,7,868100000.0,ext-sg50-018,,,,-115.0,-4.5,False,,,,,False,EU868,False
2026-05-28 14:46:04.445827+00:00,stratolink-3-eu,EU,STALE,40.6257961,-6.428663,10009.0,7,868100000.0,ext-sg50-015,,,,-115.0,-4.0,False,,,,,False,EU868,False
2026-05-28 14:46:04.445827+00:00,stratolink-3-eu,EU,STALE,40.6257961,-6.428663,10009.0,7,868100000.0,meceiot-004-5030354163554750,40.5481739449056,-5.16353885114368,1550.0,-115.0,0.5,False,107.17888454101507,107.60781816194415,4.026545352022279,4.990426886312135,False,EU868,False
2026-05-28 14:46:04.445827+00:00,stratolink-3-eu,EU,STALE,40.6257961,-6.428663,10009.0,7,868100000.0,dlps8-103,,,,-114.0,-5.8,False,,,,,False,EU868,False
2026-05-28 14:51:12.627545+00:00,stratolink-3-eu,EU,STALE,40.6257961,-6.428663,10009.0,7,868300000.0,sg50-perte-malpica-05,,,,-117.0,-1.2,False,,,,,False,EU868,False
2026-05-28 14:51:12.627545+00:00,stratolink-3-eu,EU,STALE,40.6257961,-6.428663,10009.0,7,868300000.0,elecrowgw,,,,-118.0,-8.8,False,,,,,False,EU868,False
2026-05-28 14:51:12.627545+00:00,stratolink-3-eu,EU,STALE,40.6257961,-6.428663,10009.0,7,868300000.0,ext-sg50-015,,,,-118.0,-4.2,False,,,,,False,EU868,False
2026-05-28 14:51:12.627545+00:00,stratolink-3-eu,EU,STALE,40.6257961,-6.428663,10009.0,7,868300000.0,sg50-eui-c0ba1ffffe004945,,,,-118.0,-5.2,False,,,,,False,EU868,False
2026-05-28 14:51:12.627545+00:00,stratolink-3-eu,EU,STALE,40.6257961,-6.428663,10009.0,7,868300000.0,ext-sg50-028,,,,-119.0,-7.0,False,,,,,False,EU868,False
2026-05-28 14:51:12.627545+00:00,stratolink-3-eu,EU,STALE,40.6257961,-6.428663,10009.0,7,868300000.0,ext-sg50-011,,,,-119.0,-6.2,False,,,,,False,EU868,False
2026-05-28 14:51:12.627545+00:00,stratolink-3-eu,EU,STALE,40.6257961,-6.428663,10009.0,7,868300000.0,sg50-perte-malpica-07,,,,-119.0,-7.2,False,,,,,False,EU868,False
2026-05-28 14:51:12.627545+00:00,stratolink-3-eu,EU,STALE,40.6257961,-6.428663,10009.0,7,868300000.0,ext-sg50-023,,,,-119.0,-3.2,False,,,,,False,EU868,False
2026-05-28 14:51:12.627545+00:00,stratolink-3-eu,EU,STALE,40.6257961,-6.428663,10009.0,7,868300000.0,meceiot-013-dragout-a84041ffff29dc56,40.970672,-5.141641,820.0,-121.0,-6.0,False,114.92237375103964,115.38493084013898,4.0507994295778165,5.084319739196372,False,EU868,False
2026-05-28 14:51:12.627545+00:00,stratolink-3-eu,EU,STALE,40.6257961,-6.428663,10009.0,7,868300000.0,sg50-perte-malpica-06,,,,-117.0,-7.5,False,,,,,False,EU868,False
2026-05-28 14:51:12.627545+00:00,stratolink-3-eu,EU,STALE,40.6257961,-6.428663,10009.0,7,868300000.0,ext-sg50-024,,,,-119.0,-5.2,False,,,,,False,EU868,False
2026-05-28 14:51:12.627545+00:00,stratolink-3-eu,EU,STALE,40.6257961,-6.428663,10009.0,7,868300000.0,sg50-perte-malpica-01,,,,-117.0,-7.8,False,,,,,False,EU868,False
2026-05-28 14:51:12.627545+00:00,stratolink-3-eu,EU,STALE,40.6257961,-6.428663,10009.0,7,868300000.0,italr0005,40.954279046747715,-4.142631590366364,,-119.0,-6.0,False,195.88281833147107,196.28426214013473,2.0417625947977536,3.803376669090203,False,EU868,False
2026-05-28 14:51:12.627545+00:00,stratolink-3-eu,EU,STALE,40.6257961,-6.428663,10009.0,7,868300000.0,ext-sg50-029,,,,-114.0,-9.5,False,,,,,False,EU868,False
2026-05-28 14:51:12.627545+00:00,stratolink-3-eu,EU,STALE,40.6257961,-6.428663,10009.0,7,868300000.0,meceiot-004-5030354163554750,40.5481739449056,-5.16353885114368,1550.0,-107.0,5.0,False,107.17888454101507,107.60781816194415,4.026545352022279,4.990426886312135,False,EU868,False
2026-05-28 14:51:12.627545+00:00,stratolink-3-eu,EU,STALE,40.6257961,-6.428663,10009.0,7,868300000.0,niharramikrotik,40.589325292876616,-4.838257133960725,1131.0,-108.0,1.5,False,134.31778160937742,134.7255244786066,3.1741707174824296,4.382117879598918,False,EU868,False
2026-05-28 14:51:12.627545+00:00,stratolink-3-eu,EU,STALE,40.6257961,-6.428663,10009.0,7,868300000.0,mjv-casas,,,,-110.0,4.0,False,,,,,False,EU868,False
2026-05-28 14:51:12.627545+00:00,stratolink-3-eu,EU,STALE,40.6257961,-6.428663,10009.0,7,868300000.0,cicytex-icmc-002,,,,-110.0,-2.0,False,,,,,False,EU868,False
2026-05-28 14:51:12.627545+00:00,stratolink-3-eu,EU,STALE,40.6257961,-6.428663,10009.0,7,868300000.0,mitigasmart-cc,,,,-117.0,-5.2,False,,,,,False,EU868,False
2026-05-28 14:51:12.627545+00:00,stratolink-3-eu,EU,STALE,40.6257961,-6.428663,10009.0,7,868300000.0,packetbroker,40.962541751597406,-5.675446072867432,,-107.0,4.0,True,73.63739668553853,74.37139657481511,7.403161798178406,8.065397901887811,False,EU868,False
2026-05-28 14:51:12.627545+00:00,stratolink-3-eu,EU,STALE,40.6257961,-6.428663,10009.0,7,868300000.0,mtcdtip02-l4e1-1,,,,-110.0,-5.8,False,,,,,False,EU868,False
2026-05-28 14:51:12.627545+00:00,stratolink-3-eu,EU,STALE,40.6257961,-6.428663,10009.0,7,868300000.0,packetbroker,40.962758045083945,-5.675633842073217,,-111.0,-0.75,True,73.6359324656191,74.36994456081506,7.403320316988313,8.065543252669633,False,EU868,False
2026-05-28 14:51:12.627545+00:00,stratolink-3-eu,EU,STALE,40.6257961,-6.428663,10009.0,7,868300000.0,mvj-cabezuela,,,,-113.0,-8.0,False,,,,,False,EU868,False
2026-05-28 14:51:12.627545+00:00,stratolink-3-eu,EU,STALE,40.6257961,-6.428663,10009.0,7,868300000.0,dlps8-103,,,,-113.0,-6.0,False,,,,,False,EU868,False
2026-05-28 14:51:12.627545+00:00,stratolink-3-eu,EU,STALE,40.6257961,-6.428663,10009.0,7,868300000.0,sg50-perte-malpica-02,39.94336757279527,-4.661850929260255,405.0,-113.0,-4.8,False,167.97978027441147,168.38625991988505,2.5140470488603373,4.024723419807971,False,EU868,False
2026-05-28 14:51:12.627545+00:00,stratolink-3-eu,EU,STALE,40.6257961,-6.428663,10009.0,7,868300000.0,mtcdtip02-l4e1-9,,,,-110.0,-4.2,False,,,,,False,EU868,False
2026-05-28 14:56:20.629230+00:00,stratolink-3-eu,EU,STALE,40.6257961,-6.428663,10009.0,7,868500000.0,mitigasmart-cc,,,,-115.0,0.2,False,,,,,False,EU868,False
2026-05-28 14:56:20.629230+00:00,stratolink-3-eu,EU,STALE,40.6257961,-6.428663,10009.0,7,868500000.0,sg50-perte-malpica-06,,,,-115.0,-8.2,False,,,,,False,EU868,False
2026-05-28 14:56:20.629230+00:00,stratolink-3-eu,EU,STALE,40.6257961,-6.428663,10009.0,7,868500000.0,elecrowgw,,,,-117.0,-8.2,False,,,,,False,EU868,False
2026-05-28 14:56:20.629230+00:00,stratolink-3-eu,EU,STALE,40.6257961,-6.428663,10009.0,7,868500000.0,ext-sg50-029,,,,-117.0,-6.0,False,,,,,False,EU868,False
2026-05-28 14:56:20.629230+00:00,stratolink-3-eu,EU,STALE,40.6257961,-6.428663,10009.0,7,868500000.0,sg50-perte-malpica-01,,,,-117.0,-8.0,False,,,,,False,EU868,False
2026-05-28 14:56:20.629230+00:00,stratolink-3-eu,EU,STALE,40.6257961,-6.428663,10009.0,7,868500000.0,ext-sg50-024,,,,-118.0,-4.0,False,,,,,False,EU868,False
2026-05-28 14:56:20.629230+00:00,stratolink-3-eu,EU,STALE,40.6257961,-6.428663,10009.0,7,868500000.0,ext-sg50-028,,,,-118.0,-7.5,False,,,,,False,EU868,False
2026-05-28 14:56:20.629230+00:00,stratolink-3-eu,EU,STALE,40.6257961,-6.428663,10009.0,7,868500000.0,ext-sg50-011,,,,-119.0,-6.8,False,,,,,False,EU868,False
2026-05-28 14:56:20.629230+00:00,stratolink-3-eu,EU,STALE,40.6257961,-6.428663,10009.0,7,868500000.0,italr0005,40.954279046747715,-4.142631590366364,,-122.0,-8.5,False,195.88281833147107,196.28426214013473,2.0417625947977536,3.803376669090203,False,EU868,False
2026-05-28 14:56:20.629230+00:00,stratolink-3-eu,EU,STALE,40.6257961,-6.428663,10009.0,7,868500000.0,meceiot-013-dragout-a84041ffff29dc56,40.970672,-5.141641,820.0,-122.0,-7.0,False,114.92237375103964,115.38493084013898,4.0507994295778165,5.084319739196372,False,EU868,False
2026-05-28 14:56:20.629230+00:00,stratolink-3-eu,EU,STALE,40.6257961,-6.428663,10009.0,7,868500000.0,niharramikrotik,40.589325292876616,-4.838257133960725,1131.0,-115.0,-5.75,False,134.31778160937742,134.7255244786066,3.1741707174824296,4.382117879598918,False,EU868,False
2026-05-28 14:56:20.629230+00:00,stratolink-3-eu,EU,STALE,40.6257961,-6.428663,10009.0,7,868500000.0,sg50-eui-c0ba1ffffe004945,,,,-117.0,-8.8,False,,,,,False,EU868,False
2026-05-28 14:56:20.629230+00:00,stratolink-3-eu,EU,STALE,40.6257961,-6.428663,10009.0,7,868500000.0,ext-sg50-015,,,,-114.0,-4.5,False,,,,,False,EU868,False
2026-05-28 14:56:20.629230+00:00,stratolink-3-eu,EU,STALE,40.6257961,-6.428663,10009.0,7,868500000.0,sg50-perte-malpica-07,,,,-117.0,-8.0,False,,,,,False,EU868,False
2026-05-28 14:56:20.629230+00:00,stratolink-3-eu,EU,STALE,40.6257961,-6.428663,10009.0,7,868500000.0,sg50-perte-malpica-02,39.94336757279527,-4.661850929260255,405.0,-113.0,-6.5,False,167.97978027441147,168.38625991988505,2.5140470488603373,4.024723419807971,False,EU868,False
2026-05-28 14:56:20.629230+00:00,stratolink-3-eu,EU,STALE,40.6257961,-6.428663,10009.0,7,868500000.0,cicytex-ic003,,,,-106.0,-0.8,False,,,,,False,EU868,False
2026-05-28 14:56:20.629230+00:00,stratolink-3-eu,EU,STALE,40.6257961,-6.428663,10009.0,7,868500000.0,packetbroker,40.962541751597406,-5.675446072867432,,-106.0,3.25,True,73.63739668553853,74.37139657481511,7.403161798178406,8.065397901887811,False,EU868,False
2026-05-28 14:56:20.629230+00:00,stratolink-3-eu,EU,STALE,40.6257961,-6.428663,10009.0,7,868500000.0,cdtic-multitech-4,39.4920534590841,-6.57908320426941,391.0,-114.0,-0.2,False,126.71486734239434,127.1803668330496,3.767126097580384,4.906698703457173,False,EU868,False
2026-05-28 14:56:20.629230+00:00,stratolink-3-eu,EU,STALE,40.6257961,-6.428663,10009.0,7,868500000.0,mtcdtip02-l4e1-1,,,,-110.0,-4.5,False,,,,,False,EU868,False
2026-05-28 14:56:20.629230+00:00,stratolink-3-eu,EU,STALE,40.6257961,-6.428663,10009.0,7,868500000.0,packetbroker,40.962758045083945,-5.675633842073217,,-110.0,2.75,True,73.6359324656191,74.36994456081506,7.403320316988313,8.065543252669633,False,EU868,False
2026-05-28 14:56:20.629230+00:00,stratolink-3-eu,EU,STALE,40.6257961,-6.428663,10009.0,7,868500000.0,cicytex-icmc-002,,,,-111.0,-6.0,False,,,,,False,EU868,False
2026-05-28 14:56:20.629230+00:00,stratolink-3-eu,EU,STALE,40.6257961,-6.428663,10009.0,7,868500000.0,mtcdtip02-l4e1-9,,,,-109.0,-2.0,False,,,,,False,EU868,False
2026-05-28 14:56:20.629230+00:00,stratolink-3-eu,EU,STALE,40.6257961,-6.428663,10009.0,7,868500000.0,dlps8-103,,,,-112.0,-5.0,False,,,,,False,EU868,False
2026-05-28 14:56:20.629230+00:00,stratolink-3-eu,EU,STALE,40.6257961,-6.428663,10009.0,7,868500000.0,mtcdtip02-l4e1-7,,,,-112.0,-7.5,False,,,,,False,EU868,False
2026-05-28 14:56:20.629230+00:00,stratolink-3-eu,EU,STALE,40.6257961,-6.428663,10009.0,7,868500000.0,mtcdtip02-l4e1-5,,,,-112.0,-5.5,False,,,,,False,EU868,False
2026-05-28 14:56:20.629230+00:00,stratolink-3-eu,EU,STALE,40.6257961,-6.428663,10009.0,7,868500000.0,mjv-casas,,,,-113.0,0.5,False,,,,,False,EU868,False
2026-05-28 14:56:20.629230+00:00,stratolink-3-eu,EU,STALE,40.6257961,-6.428663,10009.0,7,868500000.0,meceiot-004-5030354163554750,40.5481739449056,-5.16353885114368,1550.0,-111.0,-1.5,False,107.17888454101507,107.60781816194415,4.026545352022279,4.990426886312135,False,EU868,False
2026-05-28 15:01:29.133492+00:00,stratolink-3-eu,EU,STALE,40.6257961,-6.428663,10009.0,7,868100000.0,ext-sg50-024,,,,-120.0,-7.0,False,,,,,False,EU868,False
2026-05-28 15:01:29.133492+00:00,stratolink-3-eu,EU,STALE,40.6257961,-6.428663,10009.0,7,868100000.0,ext-sg50-029,,,,-119.0,-9.0,False,,,,,False,EU868,False
2026-05-28 15:01:29.133492+00:00,stratolink-3-eu,EU,STALE,40.6257961,-6.428663,10009.0,7,868100000.0,sg50-perte-malpica-05,,,,-118.0,-2.8,False,,,,,False,EU868,False
2026-05-28 15:01:29.133492+00:00,stratolink-3-eu,EU,STALE,40.6257961,-6.428663,10009.0,7,868100000.0,mitigasmart-cc,,,,-118.0,-5.0,False,,,,,False,EU868,False
2026-05-28 15:01:29.133492+00:00,stratolink-3-eu,EU,STALE,40.6257961,-6.428663,10009.0,7,868100000.0,italr0005,40.954279046747715,-4.142631590366364,,-118.0,-4.5,False,195.88281833147107,196.28426214013473,2.0417625947977536,3.803376669090203,False,EU868,False
2026-05-28 15:01:29.133492+00:00,stratolink-3-eu,EU,STALE,40.6257961,-6.428663,10009.0,7,868100000.0,packetbroker,,,,-118.0,-6.75,True,,,,,False,EU868,False
2026-05-28 15:01:29.133492+00:00,stratolink-3-eu,EU,STALE,40.6257961,-6.428663,10009.0,7,868100000.0,ext-sg50-015,,,,-117.0,-4.8,False,,,,,False,EU868,False
2026-05-28 15:01:29.133492+00:00,stratolink-3-eu,EU,STALE,40.6257961,-6.428663,10009.0,7,868100000.0,italr0001,41.70253250763931,-4.708266556262971,765.0,-116.0,-8.5,False,187.27657100298967,187.65594481055086,1.9811402457960121,3.665356585310856,False,EU868,False
2026-05-28 15:01:29.133492+00:00,stratolink-3-eu,EU,STALE,40.6257961,-6.428663,10009.0,7,868100000.0,mtcdtip02-l4e1-9,,,,-113.0,-4.8,False,,,,,False,EU868,False
2026-05-28 15:01:29.133492+00:00,stratolink-3-eu,EU,STALE,40.6257961,-6.428663,10009.0,7,868100000.0,meceiot-004-5030354163554750,40.5481739449056,-5.16353885114368,1550.0,-111.0,2.75,False,107.17888454101507,107.60781816194415,4.026545352022279,4.990426886312135,False,EU868,False
2026-05-28 15:01:29.133492+00:00,stratolink-3-eu,EU,STALE,40.6257961,-6.428663,10009.0,7,868100000.0,ext-dlos8-011,,,,-111.0,-5.5,False,,,,,False,EU868,False
2026-05-28 15:01:29.133492+00:00,stratolink-3-eu,EU,STALE,40.6257961,-6.428663,10009.0,7,868100000.0,niharramikrotik,40.589325292876616,-4.838257133960725,1131.0,-111.0,1.5,False,134.31778160937742,134.7255244786066,3.1741707174824296,4.382117879598918,False,EU868,False
2026-05-28 15:01:29.133492+00:00,stratolink-3-eu,EU,STALE,40.6257961,-6.428663,10009.0,7,868100000.0,packetbroker,40.962758045083945,-5.675633842073217,,-109.0,3.25,True,73.6359324656191,74.36994456081506,7.403320316988313,8.065543252669633,False,EU868,False
2026-05-28 15:01:29.133492+00:00,stratolink-3-eu,EU,STALE,40.6257961,-6.428663,10009.0,7,868100000.0,packetbroker,40.962541751597406,-5.675446072867432,,-108.0,4.25,True,73.63739668553853,74.37139657481511,7.403161798178406,8.065397901887811,False,EU868,False
2026-05-28 15:01:29.133492+00:00,stratolink-3-eu,EU,STALE,40.6257961,-6.428663,10009.0,7,868100000.0,cicytex-ic003,,,,-108.0,-7.8,False,,,,,False,EU868,False
2026-05-28 15:01:29.133492+00:00,stratolink-3-eu,EU,STALE,40.6257961,-6.428663,10009.0,7,868100000.0,meceiot-013-dragout-a84041ffff29dc56,40.970672,-5.141641,820.0,-116.0,-0.75,False,114.92237375103964,115.38493084013898,4.0507994295778165,5.084319739196372,False,EU868,False
2026-05-28 15:06:37.316215+00:00,stratolink-3-eu,EU,STALE,40.6257961,-6.428663,10009.0,7,868300000.0,mitigasmart-cc,,,,-116.0,-1.2,False,,,,,False,EU868,False
2026-05-28 15:06:37.316215+00:00,stratolink-3-eu,EU,STALE,40.6257961,-6.428663,10009.0,7,868300000.0,rio-tormes-1b,40.968865323719,-5.64232170581818,940.0,-118.0,-7.0,False,76.39753112398147,76.99864524997983,6.42042050652061,7.107479061301338,False,EU868,False
2026-05-28 15:06:37.316215+00:00,stratolink-3-eu,EU,STALE,40.6257961,-6.428663,10009.0,7,868300000.0,sg50-perte-malpica-05,,,,-118.0,-4.5,False,,,,,False,EU868,False
2026-05-28 15:06:37.316215+00:00,stratolink-3-eu,EU,STALE,40.6257961,-6.428663,10009.0,7,868300000.0,packetbroker,,,,-119.0,-8.5,True,,,,,False,EU868,False
2026-05-28 15:06:37.316215+00:00,stratolink-3-eu,EU,STALE,40.6257961,-6.428663,10009.0,7,868300000.0,italr0005,40.954279046747715,-4.142631590366364,,-120.0,-6.75,False,195.88281833147107,196.28426214013473,2.0417625947977536,3.803376669090203,False,EU868,False
2026-05-28 15:06:37.316215+00:00,stratolink-3-eu,EU,STALE,40.6257961,-6.428663,10009.0,7,868300000.0,meceiot-013-dragout-a84041ffff29dc56,40.970672,-5.141641,820.0,-120.0,-5.0,False,114.92237375103964,115.38493084013898,4.0507994295778165,5.084319739196372,False,EU868,False
2026-05-28 15:06:37.316215+00:00,stratolink-3-eu,EU,STALE,40.6257961,-6.428663,10009.0,7,868300000.0,ext-sg50-011,,,,-120.0,-7.8,False,,,,,False,EU868,False
2026-05-28 15:06:37.316215+00:00,stratolink-3-eu,EU,STALE,40.6257961,-6.428663,10009.0,7,868300000.0,mjv-casas,,,,-116.0,-3.8,False,,,,,False,EU868,False
2026-05-28 15:06:37.316215+00:00,stratolink-3-eu,EU,STALE,40.6257961,-6.428663,10009.0,7,868300000.0,ext-sg50-024,,,,-119.0,-6.0,False,,,,,False,EU868,False
2026-05-28 15:06:37.316215+00:00,stratolink-3-eu,EU,STALE,40.6257961,-6.428663,10009.0,7,868300000.0,meceiot-004-5030354163554750,40.5481739449056,-5.16353885114368,1550.0,-115.0,-1.5,False,107.17888454101507,107.60781816194415,4.026545352022279,4.990426886312135,False,EU868,False
2026-05-28 15:06:37.316215+00:00,stratolink-3-eu,EU,STALE,40.6257961,-6.428663,10009.0,7,868300000.0,cicytex-ic003,,,,-106.0,-0.8,False,,,,,False,EU868,False
2026-05-28 15:06:37.316215+00:00,stratolink-3-eu,EU,STALE,40.6257961,-6.428663,10009.0,7,868300000.0,niharramikrotik,40.589325292876616,-4.838257133960725,1131.0,-115.0,-5.25,False,134.31778160937742,134.7255244786066,3.1741707174824296,4.382117879598918,False,EU868,False
2026-05-28 15:06:37.316215+00:00,stratolink-3-eu,EU,STALE,40.6257961,-6.428663,10009.0,7,868300000.0,ext-sg50-015,,,,-114.0,-4.2,False,,,,,False,EU868,False
2026-05-28 15:06:37.316215+00:00,stratolink-3-eu,EU,STALE,40.6257961,-6.428663,10009.0,7,868300000.0,dlps8-103,,,,-114.0,-7.5,False,,,,,False,EU868,False
2026-05-28 15:06:37.316215+00:00,stratolink-3-eu,EU,STALE,40.6257961,-6.428663,10009.0,7,868300000.0,mtcdtip02-l4e1-16,,,,-113.0,-6.2,False,,,,,False,EU868,False
2026-05-28 15:06:37.316215+00:00,stratolink-3-eu,EU,STALE,40.6257961,-6.428663,10009.0,7,868300000.0,mtcdtip02-l4e1-1,,,,-111.0,-6.0,False,,,,,False,EU868,False
2026-05-28 15:06:37.316215+00:00,stratolink-3-eu,EU,STALE,40.6257961,-6.428663,10009.0,7,868300000.0,cicytex-icmc-002,,,,-111.0,-6.8,False,,,,,False,EU868,False
2026-05-28 15:06:37.316215+00:00,stratolink-3-eu,EU,STALE,40.6257961,-6.428663,10009.0,7,868300000.0,mtcdtip02-l4e1-9,,,,-110.0,-1.0,False,,,,,False,EU868,False
2026-05-28 15:06:37.316215+00:00,stratolink-3-eu,EU,STALE,40.6257961,-6.428663,10009.0,7,868300000.0,packetbroker,40.962541751597406,-5.675446072867432,,-108.0,3.25,True,73.63739668553853,74.37139657481511,7.403161798178406,8.065397901887811,False,EU868,False
2026-05-28 15:06:37.316215+00:00,stratolink-3-eu,EU,STALE,40.6257961,-6.428663,10009.0,7,868300000.0,ext-sg50-027,,,,-115.0,-8.5,False,,,,,False,EU868,False
2026-05-28 15:11:45.252847+00:00,stratolink-3-eu,EU,STALE,40.6257961,-6.428663,10009.0,7,868500000.0,mitigasmart-cc,,,,-118.0,-7.8,False,,,,,False,EU868,False
2026-05-28 15:11:45.252847+00:00,stratolink-3-eu,EU,STALE,40.6257961,-6.428663,10009.0,7,868500000.0,sg50-perte-malpica-05,,,,-117.0,-7.0,False,,,,,False,EU868,False
2026-05-28 15:11:45.252847+00:00,stratolink-3-eu,EU,STALE,40.6257961,-6.428663,10009.0,7,868500000.0,italr0005,40.954279046747715,-4.142631590366364,,-117.0,-4.25,False,195.88281833147107,196.28426214013473,2.0417625947977536,3.803376669090203,False,EU868,False
2026-05-28 15:11:45.252847+00:00,stratolink-3-eu,EU,STALE,40.6257961,-6.428663,10009.0,7,868500000.0,mjv-casas,,,,-116.0,-5.0,False,,,,,False,EU868,False
2026-05-28 15:11:45.252847+00:00,stratolink-3-eu,EU,STALE,40.6257961,-6.428663,10009.0,7,868500000.0,italr0001,41.70253250763931,-4.708266556262971,765.0,-115.0,-2.5,False,187.27657100298967,187.65594481055086,1.9811402457960121,3.665356585310856,False,EU868,False
2026-05-28 15:11:45.252847+00:00,stratolink-3-eu,EU,STALE,40.6257961,-6.428663,10009.0,7,868500000.0,alarad-multitech,,,,-115.0,-9.5,False,,,,,False,EU868,False
2026-05-28 15:11:45.252847+00:00,stratolink-3-eu,EU,STALE,40.6257961,-6.428663,10009.0,7,868500000.0,meceiot-013-dragout-a84041ffff29dc56,40.970672,-5.141641,820.0,-115.0,-1.0,False,114.92237375103964,115.38493084013898,4.0507994295778165,5.084319739196372,False,EU868,False
2026-05-28 15:11:45.252847+00:00,stratolink-3-eu,EU,STALE,40.6257961,-6.428663,10009.0,7,868500000.0,niharramikrotik,40.589325292876616,-4.838257133960725,1131.0,-111.0,1.5,False,134.31778160937742,134.7255244786066,3.1741707174824296,4.382117879598918,False,EU868,False
2026-05-28 15:11:45.252847+00:00,stratolink-3-eu,EU,STALE,40.6257961,-6.428663,10009.0,7,868500000.0,mtcdtip02-l4e1-9,,,,-110.0,-7.8,False,,,,,False,EU868,False
2026-05-28 15:11:45.252847+00:00,stratolink-3-eu,EU,STALE,40.6257961,-6.428663,10009.0,7,868500000.0,ext-dlos8-011,,,,-110.0,-8.2,False,,,,,False,EU868,False
2026-05-28 15:11:45.252847+00:00,stratolink-3-eu,EU,STALE,40.6257961,-6.428663,10009.0,7,868500000.0,meceiot-004-5030354163554750,40.5481739449056,-5.16353885114368,1550.0,-109.0,3.5,False,107.17888454101507,107.60781816194415,4.026545352022279,4.990426886312135,False,EU868,False
2026-05-28 15:11:45.252847+00:00,stratolink-3-eu,EU,STALE,40.6257961,-6.428663,10009.0,7,868500000.0,packetbroker,40.962758045083945,-5.675633842073217,,-109.0,4.0,True,73.6359324656191,74.36994456081506,7.403320316988313,8.065543252669633,False,EU868,False
2026-05-28 15:11:45.252847+00:00,stratolink-3-eu,EU,STALE,40.6257961,-6.428663,10009.0,7,868500000.0,cicytex-ic003,,,,-108.0,-3.8,False,,,,,False,EU868,False
2026-05-28 15:11:45.252847+00:00,stratolink-3-eu,EU,STALE,40.6257961,-6.428663,10009.0,7,868500000.0,packetbroker,40.962541751597406,-5.675446072867432,,-104.0,3.75,True,73.63739668553853,74.37139657481511,7.403161798178406,8.065397901887811,False,EU868,False
2026-05-28 15:16:53.169426+00:00,stratolink-3-eu,EU,STALE,40.6257961,-6.428663,10009.0,7,868100000.0,sg50-perte-malpica-03,,,,-121.0,-8.0,False,,,,,False,EU868,False
2026-05-28 15:16:53.169426+00:00,stratolink-3-eu,EU,STALE,40.6257961,-6.428663,10009.0,7,868100000.0,mitigasmart-cc,,,,-119.0,-8.0,False,,,,,False,EU868,False
2026-05-28 15:16:53.169426+00:00,stratolink-3-eu,EU,STALE,40.6257961,-6.428663,10009.0,7,868100000.0,packetbroker,,,,-119.0,-7.75,True,,,,,False,EU868,False
2026-05-28 15:16:53.169426+00:00,stratolink-3-eu,EU,STALE,40.6257961,-6.428663,10009.0,7,868100000.0,sg50-perte-malpica-01,,,,-118.0,-7.5,False,,,,,False,EU868,False
2026-05-28 15:16:53.169426+00:00,stratolink-3-eu,EU,STALE,40.6257961,-6.428663,10009.0,7,868100000.0,sg50-perte-malpica-05,,,,-116.0,0.5,False,,,,,False,EU868,False
2026-05-28 15:16:53.169426+00:00,stratolink-3-eu,EU,STALE,40.6257961,-6.428663,10009.0,7,868100000.0,cdtic-multitech-4,39.4920534590841,-6.57908320426941,391.0,-116.0,-4.0,False,126.71486734239434,127.1803668330496,3.767126097580384,4.906698703457173,False,EU868,False
2026-05-28 15:16:53.169426+00:00,stratolink-3-eu,EU,STALE,40.6257961,-6.428663,10009.0,7,868100000.0,packetbroker,40.962541751597406,-5.675446072867432,,-116.0,-4.75,True,73.63739668553853,74.37139657481511,7.403161798178406,8.065397901887811,False,EU868,False
2026-05-28 15:16:53.169426+00:00,stratolink-3-eu,EU,STALE,40.6257961,-6.428663,10009.0,7,868100000.0,mvj-cabezuela,,,,-116.0,-8.0,False,,,,,False,EU868,False
2026-05-28 15:16:53.169426+00:00,stratolink-3-eu,EU,STALE,40.6257961,-6.428663,10009.0,7,868100000.0,italr0001,41.70253250763931,-4.708266556262971,765.0,-115.0,-4.75,False,187.27657100298967,187.65594481055086,1.9811402457960121,3.665356585310856,False,EU868,False
2026-05-28 15:16:53.169426+00:00,stratolink-3-eu,EU,STALE,40.6257961,-6.428663,10009.0,7,868100000.0,cicytex-ic003,,,,-108.0,-4.5,False,,,,,False,EU868,False
2026-05-28 15:16:53.169426+00:00,stratolink-3-eu,EU,STALE,40.6257961,-6.428663,10009.0,7,868100000.0,sg50-perte-malpica-02,39.94336757279527,-4.661850929260255,405.0,-113.0,-6.2,False,167.97978027441147,168.38625991988505,2.5140470488603373,4.024723419807971,False,EU868,False
2026-05-28 15:16:53.169426+00:00,stratolink-3-eu,EU,STALE,40.6257961,-6.428663,10009.0,7,868100000.0,sg50-perte-malpica-06,,,,-112.0,-8.5,False,,,,,False,EU868,False
2026-05-28 15:16:53.169426+00:00,stratolink-3-eu,EU,STALE,40.6257961,-6.428663,10009.0,7,868100000.0,cicytex-icmc-002,,,,-112.0,-10.3,False,,,,,False,EU868,False
2026-05-28 15:16:53.169426+00:00,stratolink-3-eu,EU,STALE,40.6257961,-6.428663,10009.0,7,868100000.0,mtcdtip02-l4e1-1,,,,-111.0,-6.8,False,,,,,False,EU868,False
2026-05-28 15:16:53.169426+00:00,stratolink-3-eu,EU,STALE,40.6257961,-6.428663,10009.0,7,868100000.0,niharramikrotik,40.589325292876616,-4.838257133960725,1131.0,-111.0,3.5,False,134.31778160937742,134.7255244786066,3.1741707174824296,4.382117879598918,False,EU868,False
2026-05-28 15:16:53.169426+00:00,stratolink-3-eu,EU,STALE,40.6257961,-6.428663,10009.0,7,868100000.0,mikrotikepsa,40.65110091852006,-4.679304063320161,1131.0,-111.0,-8.0,False,147.63293591777082,148.0251402560933,2.7743747262723524,4.102067782545035,False,EU868,False
2026-05-28 15:16:53.169426+00:00,stratolink-3-eu,EU,STALE,40.6257961,-6.428663,10009.0,7,868100000.0,meceiot-004-5030354163554750,40.5481739449056,-5.16353885114368,1550.0,-108.0,5.75,False,107.17888454101507,107.60781816194415,4.026545352022279,4.990426886312135,False,EU868,False
2026-05-28 15:16:53.169426+00:00,stratolink-3-eu,EU,STALE,40.6257961,-6.428663,10009.0,7,868100000.0,dlps8-103,,,,-114.0,-9.2,False,,,,,False,EU868,False
2026-05-28 15:22:01.184127+00:00,stratolink-3-eu,EU,STALE,40.6257961,-6.428663,10009.0,7,868300000.0,cdtic-multitech-4,39.4920534590841,-6.57908320426941,391.0,-115.0,-6.8,False,126.71486734239434,127.1803668330496,3.767126097580384,4.906698703457173,False,EU868,False
2026-05-28 15:22:01.184127+00:00,stratolink-3-eu,EU,STALE,40.6257961,-6.428663,10009.0,7,868300000.0,sg50-perte-malpica-01,,,,-117.0,-8.0,False,,,,,False,EU868,False
2026-05-28 15:22:01.184127+00:00,stratolink-3-eu,EU,STALE,40.6257961,-6.428663,10009.0,7,868300000.0,italr0005,40.954279046747715,-4.142631590366364,,-117.0,-2.75,False,195.88281833147107,196.28426214013473,2.0417625947977536,3.803376669090203,False,EU868,False
2026-05-28 15:22:01.184127+00:00,stratolink-3-eu,EU,STALE,40.6257961,-6.428663,10009.0,7,868300000.0,meceiot-013-dragout-a84041ffff29dc56,40.970672,-5.141641,820.0,-117.0,-2.75,False,114.92237375103964,115.38493084013898,4.0507994295778165,5.084319739196372,False,EU868,False
2026-05-28 15:22:01.184127+00:00,stratolink-3-eu,EU,STALE,40.6257961,-6.428663,10009.0,7,868300000.0,sg50-perte-malpica-05,,,,-116.0,-0.5,False,,,,,False,EU868,False
2026-05-28 15:22:01.184127+00:00,stratolink-3-eu,EU,STALE,40.6257961,-6.428663,10009.0,7,868300000.0,mjv-casas,,,,-115.0,-2.5,False,,,,,False,EU868,False
2026-05-28 15:22:01.184127+00:00,stratolink-3-eu,EU,STALE,40.6257961,-6.428663,10009.0,7,868300000.0,mtcdtip02-l4e1-9,,,,-110.0,-6.0,False,,,,,False,EU868,False
2026-05-28 15:22:01.184127+00:00,stratolink-3-eu,EU,STALE,40.6257961,-6.428663,10009.0,7,868300000.0,mvj-cabezuela,,,,-113.0,-3.5,False,,,,,False,EU868,False
2026-05-28 15:22:01.184127+00:00,stratolink-3-eu,EU,STALE,40.6257961,-6.428663,10009.0,7,868300000.0,alarad-multitech,,,,-114.0,-8.0,False,,,,,False,EU868,False
2026-05-28 15:22:01.184127+00:00,stratolink-3-eu,EU,STALE,40.6257961,-6.428663,10009.0,7,868300000.0,packetbroker,40.962541751597406,-5.675446072867432,,-109.0,-1.75,True,73.63739668553853,74.37139657481511,7.403161798178406,8.065397901887811,False,EU868,False
2026-05-28 15:22:01.184127+00:00,stratolink-3-eu,EU,STALE,40.6257961,-6.428663,10009.0,7,868300000.0,cicytex-ic003,,,,-108.0,-4.0,False,,,,,False,EU868,False
2026-05-28 15:22:01.184127+00:00,stratolink-3-eu,EU,STALE,40.6257961,-6.428663,10009.0,7,868300000.0,meceiot-004-5030354163554750,40.5481739449056,-5.16353885114368,1550.0,-106.0,5.25,False,107.17888454101507,107.60781816194415,4.026545352022279,4.990426886312135,False,EU868,False
2026-05-28 15:27:09.005908+00:00,stratolink-3-eu,EU,STALE,40.6257961,-6.428663,10009.0,7,868500000.0,italr0005,40.954279046747715,-4.142631590366364,,-121.0,-7.25,False,195.88281833147107,196.28426214013473,2.0417625947977536,3.803376669090203,False,EU868,False
2026-05-28 15:27:09.005908+00:00,stratolink-3-eu,EU,STALE,40.6257961,-6.428663,10009.0,7,868500000.0,ext-sg50-024,,,,-119.0,-7.5,False,,,,,False,EU868,False
2026-05-28 15:27:09.005908+00:00,stratolink-3-eu,EU,STALE,40.6257961,-6.428663,10009.0,7,868500000.0,packetbroker,,,,-119.0,-7.25,True,,,,,False,EU868,False
2026-05-28 15:27:09.005908+00:00,stratolink-3-eu,EU,STALE,40.6257961,-6.428663,10009.0,7,868500000.0,sg50-perte-malpica-05,,,,-118.0,-7.0,False,,,,,False,EU868,False
2026-05-28 15:27:09.005908+00:00,stratolink-3-eu,EU,STALE,40.6257961,-6.428663,10009.0,7,868500000.0,cicytex-unex-1,,,,-116.0,-7.8,False,,,,,False,EU868,False
2026-05-28 15:27:09.005908+00:00,stratolink-3-eu,EU,STALE,40.6257961,-6.428663,10009.0,7,868500000.0,rio-tormes-1b,40.968865323719,-5.64232170581818,940.0,-116.0,-8.75,False,76.39753112398147,76.99864524997983,6.42042050652061,7.107479061301338,False,EU868,False
2026-05-28 15:27:09.005908+00:00,stratolink-3-eu,EU,STALE,40.6257961,-6.428663,10009.0,7,868500000.0,sg50-perte-malpica-02,39.94336757279527,-4.661850929260255,405.0,-114.0,-9.8,False,167.97978027441147,168.38625991988505,2.5140470488603373,4.024723419807971,False,EU868,False
2026-05-28 15:27:09.005908+00:00,stratolink-3-eu,EU,STALE,40.6257961,-6.428663,10009.0,7,868500000.0,mikrotikepsa,40.65110091852006,-4.679304063320161,1131.0,-113.0,-7.8,False,147.63293591777082,148.0251402560933,2.7743747262723524,4.102067782545035,False,EU868,False
2026-05-28 15:27:09.005908+00:00,stratolink-3-eu,EU,STALE,40.6257961,-6.428663,10009.0,7,868500000.0,meceiot-013-dragout-a84041ffff29dc56,40.970672,-5.141641,820.0,-121.0,-6.75,False,114.92237375103964,115.38493084013898,4.0507994295778165,5.084319739196372,False,EU868,False
2026-05-28 15:27:09.005908+00:00,stratolink-3-eu,EU,STALE,40.6257961,-6.428663,10009.0,7,868500000.0,lora-more,41.81858911263017,-6.7508557295156235,674.0,-112.0,-3.5,False,135.34213528228818,135.7743123011122,3.3336103579590004,4.5507697412525046,False,EU868,False
2026-05-28 15:27:09.005908+00:00,stratolink-3-eu,EU,STALE,40.6257961,-6.428663,10009.0,7,868500000.0,mvj-cabezuela,,,,-111.0,0.2,False,,,,,False,EU868,False
2026-05-28 15:27:09.005908+00:00,stratolink-3-eu,EU,STALE,40.6257961,-6.428663,10009.0,7,868500000.0,packetbroker,40.962541751597406,-5.675446072867432,,-110.0,0.75,True,73.63739668553853,74.37139657481511,7.403161798178406,8.065397901887811,False,EU868,False
2026-05-28 15:27:09.005908+00:00,stratolink-3-eu,EU,STALE,40.6257961,-6.428663,10009.0,7,868500000.0,mtcdtip02-l4e1-9,,,,-110.0,-3.5,False,,,,,False,EU868,False
2026-05-28 15:27:09.005908+00:00,stratolink-3-eu,EU,STALE,40.6257961,-6.428663,10009.0,7,868500000.0,niharramikrotik,40.589325292876616,-4.838257133960725,1131.0,-110.0,2.0,False,134.31778160937742,134.7255244786066,3.1741707174824296,4.382117879598918,False,EU868,False
2026-05-28 15:27:09.005908+00:00,stratolink-3-eu,EU,STALE,40.6257961,-6.428663,10009.0,7,868500000.0,cicytex-ic003,,,,-107.0,-6.0,False,,,,,False,EU868,False
2026-05-28 15:27:09.005908+00:00,stratolink-3-eu,EU,STALE,40.6257961,-6.428663,10009.0,7,868500000.0,packetbroker,40.962758045083945,-5.675633842073217,,-107.0,3.0,True,73.6359324656191,74.36994456081506,7.403320316988313,8.065543252669633,False,EU868,False
2026-05-28 15:27:09.005908+00:00,stratolink-3-eu,EU,STALE,40.6257961,-6.428663,10009.0,7,868500000.0,mjv-casas,,,,-113.0,-1.2,False,,,,,False,EU868,False
2026-05-28 15:32:17.087608+00:00,stratolink-3-eu,EU,STALE,40.6257961,-6.428663,10009.0,7,868100000.0,sg50-perte-malpica-03,,,,-121.0,-8.2,False,,,,,False,EU868,False
2026-05-28 15:32:17.087608+00:00,stratolink-3-eu,EU,STALE,40.6257961,-6.428663,10009.0,7,868100000.0,sg50-perte-malpica-05,,,,-119.0,-6.0,False,,,,,False,EU868,False
2026-05-28 15:32:17.087608+00:00,stratolink-3-eu,EU,STALE,40.6257961,-6.428663,10009.0,7,868100000.0,packetbroker,,,,-119.0,-8.5,True,,,,,False,EU868,False
2026-05-28 15:32:17.087608+00:00,stratolink-3-eu,EU,STALE,40.6257961,-6.428663,10009.0,7,868100000.0,meceiot-013-dragout-a84041ffff29dc56,40.970672,-5.141641,820.0,-117.0,-1.75,False,114.92237375103964,115.38493084013898,4.0507994295778165,5.084319739196372,False,EU868,False
2026-05-28 15:32:17.087608+00:00,stratolink-3-eu,EU,STALE,40.6257961,-6.428663,10009.0,7,868100000.0,italr0001,41.70253250763931,-4.708266556262971,765.0,-117.0,-6.75,False,187.27657100298967,187.65594481055086,1.9811402457960121,3.665356585310856,False,EU868,False
2026-05-28 15:32:17.087608+00:00,stratolink-3-eu,EU,STALE,40.6257961,-6.428663,10009.0,7,868100000.0,italr0005,40.954279046747715,-4.142631590366364,,-117.0,-3.0,False,195.88281833147107,196.28426214013473,2.0417625947977536,3.803376669090203,False,EU868,False
2026-05-28 15:32:17.087608+00:00,stratolink-3-eu,EU,STALE,40.6257961,-6.428663,10009.0,7,868100000.0,packetbroker,40.962541751597406,-5.675446072867432,,-116.0,-1.75,True,73.63739668553853,74.37139657481511,7.403161798178406,8.065397901887811,False,EU868,False
2026-05-28 15:32:17.087608+00:00,stratolink-3-eu,EU,STALE,40.6257961,-6.428663,10009.0,7,868100000.0,alarad-multitech,,,,-116.0,-7.0,False,,,,,False,EU868,False
2026-05-28 15:32:17.087608+00:00,stratolink-3-eu,EU,STALE,40.6257961,-6.428663,10009.0,7,868100000.0,packetbroker,40.962758045083945,-5.675633842073217,,-114.0,1.5,True,73.6359324656191,74.36994456081506,7.403320316988313,8.065543252669633,False,EU868,False
2026-05-28 15:32:17.087608+00:00,stratolink-3-eu,EU,STALE,40.6257961,-6.428663,10009.0,7,868100000.0,mjv-casas,,,,-114.0,-1.2,False,,,,,False,EU868,False
2026-05-28 15:32:17.087608+00:00,stratolink-3-eu,EU,STALE,40.6257961,-6.428663,10009.0,7,868100000.0,rio-tormes-1b,40.968865323719,-5.64232170581818,940.0,-112.0,-5.0,False,76.39753112398147,76.99864524997983,6.42042050652061,7.107479061301338,False,EU868,False
2026-05-28 15:32:17.087608+00:00,stratolink-3-eu,EU,STALE,40.6257961,-6.428663,10009.0,7,868100000.0,mvj-cabezuela,,,,-111.0,-7.2,False,,,,,False,EU868,False
2026-05-28 15:32:17.087608+00:00,stratolink-3-eu,EU,STALE,40.6257961,-6.428663,10009.0,7,868100000.0,cicytex-ic003,,,,-109.0,-4.8,False,,,,,False,EU868,False
2026-05-28 15:32:17.087608+00:00,stratolink-3-eu,EU,STALE,40.6257961,-6.428663,10009.0,7,868100000.0,packetbroker,41.62916384851624,-4.713819387616739,,-115.0,-7.5,True,181.86594477074613,182.27757519201526,2.3296382533441506,3.9651957293472737,False,EU868,False
2026-05-28 15:37:24.955239+00:00,stratolink-3-eu,EU,STALE,40.6257961,-6.428663,10009.0,7,868300000.0,dlps8-103,,,,-114.0,-9.0,False,,,,,False,EU868,False
2026-05-28 15:37:24.955239+00:00,stratolink-3-eu,EU,STALE,40.6257961,-6.428663,10009.0,7,868300000.0,sg50-perte-malpica-03,,,,-119.0,-5.2,False,,,,,False,EU868,False
2026-05-28 15:37:24.955239+00:00,stratolink-3-eu,EU,STALE,40.6257961,-6.428663,10009.0,7,868300000.0,sg50-eui-c0ba1ffffe004945,,,,-118.0,-6.8,False,,,,,False,EU868,False
2026-05-28 15:37:24.955239+00:00,stratolink-3-eu,EU,STALE,40.6257961,-6.428663,10009.0,7,868300000.0,mitigasmart-cc,,,,-118.0,-7.0,False,,,,,False,EU868,False
2026-05-28 15:37:24.955239+00:00,stratolink-3-eu,EU,STALE,40.6257961,-6.428663,10009.0,7,868300000.0,italr0005,40.954279046747715,-4.142631590366364,,-117.0,-3.0,False,195.88281833147107,196.28426214013473,2.0417625947977536,3.803376669090203,False,EU868,False
2026-05-28 15:37:24.955239+00:00,stratolink-3-eu,EU,STALE,40.6257961,-6.428663,10009.0,7,868300000.0,sg50-perte-malpica-05,,,,-116.0,-0.5,False,,,,,False,EU868,False
2026-05-28 15:37:24.955239+00:00,stratolink-3-eu,EU,STALE,40.6257961,-6.428663,10009.0,7,868300000.0,sg50-perte-malpica-06,,,,-115.0,-6.2,False,,,,,False,EU868,False
2026-05-28 15:37:24.955239+00:00,stratolink-3-eu,EU,STALE,40.6257961,-6.428663,10009.0,7,868300000.0,cdtic-multitech-4,39.4920534590841,-6.57908320426941,391.0,-113.0,-4.0,False,126.71486734239434,127.1803668330496,3.767126097580384,4.906698703457173,False,EU868,False
2026-05-28 15:37:24.955239+00:00,stratolink-3-eu,EU,STALE,40.6257961,-6.428663,10009.0,7,868300000.0,meceiot-013-dragout-a84041ffff29dc56,40.970672,-5.141641,820.0,-120.0,-5.75,False,114.92237375103964,115.38493084013898,4.0507994295778165,5.084319739196372,False,EU868,False
2026-05-28 15:37:24.955239+00:00,stratolink-3-eu,EU,STALE,40.6257961,-6.428663,10009.0,7,868300000.0,sg50-perte-malpica-02,39.94336757279527,-4.661850929260255,405.0,-111.0,-2.2,False,167.97978027441147,168.38625991988505,2.5140470488603373,4.024723419807971,False,EU868,False
2026-05-28 15:37:24.955239+00:00,stratolink-3-eu,EU,STALE,40.6257961,-6.428663,10009.0,7,868300000.0,mvj-cabezuela,,,,-111.0,2.5,False,,,,,False,EU868,False
2026-05-28 15:37:24.955239+00:00,stratolink-3-eu,EU,STALE,40.6257961,-6.428663,10009.0,7,868300000.0,packetbroker,40.962541751597406,-5.675446072867432,,-110.0,-0.75,True,73.63739668553853,74.37139657481511,7.403161798178406,8.065397901887811,False,EU868,False
2026-05-28 15:37:24.955239+00:00,stratolink-3-eu,EU,STALE,40.6257961,-6.428663,10009.0,7,868300000.0,mjv-casas,,,,-110.0,-2.8,False,,,,,False,EU868,False
2026-05-28 15:37:24.955239+00:00,stratolink-3-eu,EU,STALE,40.6257961,-6.428663,10009.0,7,868300000.0,mtcdtip02-l4e1-9,,,,-109.0,-6.0,False,,,,,False,EU868,False
2026-05-28 15:37:24.955239+00:00,stratolink-3-eu,EU,STALE,40.6257961,-6.428663,10009.0,7,868300000.0,mtcdtip02-l4e1-1,,,,-109.0,-5.2,False,,,,,False,EU868,False
2026-05-28 15:37:24.955239+00:00,stratolink-3-eu,EU,STALE,40.6257961,-6.428663,10009.0,7,868300000.0,niharramikrotik,40.589325292876616,-4.838257133960725,1131.0,-109.0,3.25,False,134.31778160937742,134.7255244786066,3.1741707174824296,4.382117879598918,False,EU868,False
2026-05-28 15:37:24.955239+00:00,stratolink-3-eu,EU,STALE,40.6257961,-6.428663,10009.0,7,868300000.0,cicytex-ic003,,,,-107.0,-1.5,False,,,,,False,EU868,False
2026-05-28 15:37:24.955239+00:00,stratolink-3-eu,EU,STALE,40.6257961,-6.428663,10009.0,7,868300000.0,meceiot-004-5030354163554750,40.5481739449056,-5.16353885114368,1550.0,-112.0,-0.75,False,107.17888454101507,107.60781816194415,4.026545352022279,4.990426886312135,False,EU868,False
2026-05-28 15:42:32.939101+00:00,stratolink-3-eu,EU,STALE,40.6257961,-6.428663,10009.0,7,868500000.0,cicytex-unex-1,,,,-116.0,-7.2,False,,,,,False,EU868,False
2026-05-28 15:42:32.939101+00:00,stratolink-3-eu,EU,STALE,40.6257961,-6.428663,10009.0,7,868500000.0,upm-etsime-tellus-001,40.4433240038774,-3.70036411460872,725.0,-117.0,-6.5,False,231.44963053887213,231.81778726062748,1.2541193984456644,3.3355930576469754,False,EU868,False
2026-05-28 15:42:32.939101+00:00,stratolink-3-eu,EU,STALE,40.6257961,-6.428663,10009.0,7,868500000.0,sg50-perte-malpica-01,,,,-117.0,-9.0,False,,,,,False,EU868,False
2026-05-28 15:42:32.939101+00:00,stratolink-3-eu,EU,STALE,40.6257961,-6.428663,10009.0,7,868500000.0,rio-tormes-1b,40.968865323719,-5.64232170581818,940.0,-118.0,-7.0,False,76.39753112398147,76.99864524997983,6.42042050652061,7.107479061301338,False,EU868,False
2026-05-28 15:42:32.939101+00:00,stratolink-3-eu,EU,STALE,40.6257961,-6.428663,10009.0,7,868500000.0,mitigasmart-cc,,,,-118.0,-6.2,False,,,,,False,EU868,False
2026-05-28 15:42:32.939101+00:00,stratolink-3-eu,EU,STALE,40.6257961,-6.428663,10009.0,7,868500000.0,meceiot-013-dragout-a84041ffff29dc56,40.970672,-5.141641,820.0,-119.0,-4.5,False,114.92237375103964,115.38493084013898,4.0507994295778165,5.084319739196372,False,EU868,False
2026-05-28 15:42:32.939101+00:00,stratolink-3-eu,EU,STALE,40.6257961,-6.428663,10009.0,7,868500000.0,sg50-perte-malpica-03,,,,-118.0,-3.5,False,,,,,False,EU868,False
2026-05-28 15:42:32.939101+00:00,stratolink-3-eu,EU,STALE,40.6257961,-6.428663,10009.0,7,868500000.0,sg50-perte-malpica-07,,,,-118.0,-8.2,False,,,,,False,EU868,False
2026-05-28 15:42:32.939101+00:00,stratolink-3-eu,EU,STALE,40.6257961,-6.428663,10009.0,7,868500000.0,cdtic-multitech-4,39.4920534590841,-6.57908320426941,391.0,-116.0,-5.8,False,126.71486734239434,127.1803668330496,3.767126097580384,4.906698703457173,False,EU868,False
2026-05-28 15:42:32.939101+00:00,stratolink-3-eu,EU,STALE,40.6257961,-6.428663,10009.0,7,868500000.0,ext-sg50-022,,,,-119.0,-8.5,False,,,,,False,EU868,False
2026-05-28 15:42:32.939101+00:00,stratolink-3-eu,EU,STALE,40.6257961,-6.428663,10009.0,7,868500000.0,ext-sg50-011,,,,-119.0,-7.5,False,,,,,False,EU868,False
2026-05-28 15:42:32.939101+00:00,stratolink-3-eu,EU,STALE,40.6257961,-6.428663,10009.0,7,868500000.0,sg50-eui-c0ba1ffffe004945,,,,-118.0,-8.8,False,,,,,False,EU868,False
2026-05-28 15:42:32.939101+00:00,stratolink-3-eu,EU,STALE,40.6257961,-6.428663,10009.0,7,868500000.0,sg50-perte-malpica-06,,,,-114.0,-7.2,False,,,,,False,EU868,False
2026-05-28 15:42:32.939101+00:00,stratolink-3-eu,EU,STALE,40.6257961,-6.428663,10009.0,7,868500000.0,sg50-perte-malpica-05,,,,-118.0,-5.2,False,,,,,False,EU868,False
2026-05-28 15:42:32.939101+00:00,stratolink-3-eu,EU,STALE,40.6257961,-6.428663,10009.0,7,868500000.0,mtcdtip02-l4e1-16,,,,-114.0,-7.0,False,,,,,False,EU868,False
2026-05-28 15:42:32.939101+00:00,stratolink-3-eu,EU,STALE,40.6257961,-6.428663,10009.0,7,868500000.0,italr0005,40.954279046747715,-4.142631590366364,,-114.0,,False,195.88281833147107,196.28426214013473,2.0417625947977536,3.803376669090203,False,EU868,False
2026-05-28 15:42:32.939101+00:00,stratolink-3-eu,EU,STALE,40.6257961,-6.428663,10009.0,7,868500000.0,meceiot-004-5030354163554750,40.5481739449056,-5.16353885114368,1550.0,-105.0,5.0,False,107.17888454101507,107.60781816194415,4.026545352022279,4.990426886312135,False,EU868,False
2026-05-28 15:42:32.939101+00:00,stratolink-3-eu,EU,STALE,40.6257961,-6.428663,10009.0,7,868500000.0,niharramikrotik,40.589325292876616,-4.838257133960725,1131.0,-110.0,3.75,False,134.31778160937742,134.7255244786066,3.1741707174824296,4.382117879598918,False,EU868,False
2026-05-28 15:42:32.939101+00:00,stratolink-3-eu,EU,STALE,40.6257961,-6.428663,10009.0,7,868500000.0,mtcdtip02-l4e1-13,,,,-110.0,-7.5,False,,,,,False,EU868,False
2026-05-28 15:42:32.939101+00:00,stratolink-3-eu,EU,STALE,40.6257961,-6.428663,10009.0,7,868500000.0,mvj-cabezuela,,,,-111.0,1.8,False,,,,,False,EU868,False
2026-05-28 15:42:32.939101+00:00,stratolink-3-eu,EU,STALE,40.6257961,-6.428663,10009.0,7,868500000.0,cicytex-ic003,,,,-108.0,-6.2,False,,,,,False,EU868,False
2026-05-28 15:42:32.939101+00:00,stratolink-3-eu,EU,STALE,40.6257961,-6.428663,10009.0,7,868500000.0,mjv-casas,,,,-112.0,0.2,False,,,,,False,EU868,False
2026-05-28 15:42:32.939101+00:00,stratolink-3-eu,EU,STALE,40.6257961,-6.428663,10009.0,7,868500000.0,packetbroker,40.962541751597406,-5.675446072867432,,-112.0,-2.25,True,73.63739668553853,74.37139657481511,7.403161798178406,8.065397901887811,False,EU868,False
2026-05-28 15:42:32.939101+00:00,stratolink-3-eu,EU,STALE,40.6257961,-6.428663,10009.0,7,868500000.0,sg50-perte-malpica-02,39.94336757279527,-4.661850929260255,405.0,-112.0,-3.8,False,167.97978027441147,168.38625991988505,2.5140470488603373,4.024723419807971,False,EU868,False
2026-05-28 15:42:32.939101+00:00,stratolink-3-eu,EU,STALE,40.6257961,-6.428663,10009.0,7,868500000.0,uah-outdoor,40.513016253496716,-3.3499574594000614,,-113.0,-7.8,False,260.3343663648936,260.71285394234724,1.0290975758923302,3.3703375463850724,False,EU868,False
2026-05-28 15:42:32.939101+00:00,stratolink-3-eu,EU,STALE,40.6257961,-6.428663,10009.0,7,868500000.0,packetbroker,40.962758045083945,-5.675633842073217,,-114.0,,True,73.6359324656191,74.36994456081506,7.403320316988313,8.065543252669633,False,EU868,False
2026-05-28 15:42:32.939101+00:00,stratolink-3-eu,EU,STALE,40.6257961,-6.428663,10009.0,7,868500000.0,cicytex-icmc-002,,,,-111.0,-7.0,False,,,,,False,EU868,False
2026-05-28 15:47:41.253050+00:00,stratolink-3-eu,EU,STALE,40.6257961,-6.428663,10009.0,7,868100000.0,italr0002,42.0074540232199,-4.55747170209175,733.0,-115.0,-4.5,False,219.13430491423532,219.50425860998334,1.4362575404012596,3.4069769684011604,False,EU868,False
2026-05-28 15:47:41.253050+00:00,stratolink-3-eu,EU,STALE,40.6257961,-6.428663,10009.0,7,868100000.0,ext-sg50-024,,,,-120.0,-8.0,False,,,,,False,EU868,False
2026-05-28 15:47:41.253050+00:00,stratolink-3-eu,EU,STALE,40.6257961,-6.428663,10009.0,7,868100000.0,mitigasmart-cc,,,,-119.0,-7.2,False,,,,,False,EU868,False
2026-05-28 15:47:41.253050+00:00,stratolink-3-eu,EU,STALE,40.6257961,-6.428663,10009.0,7,868100000.0,italr0005,40.954279046747715,-4.142631590366364,,-119.0,-4.75,False,195.88281833147107,196.28426214013473,2.0417625947977536,3.803376669090203,False,EU868,False
2026-05-28 15:47:41.253050+00:00,stratolink-3-eu,EU,STALE,40.6257961,-6.428663,10009.0,7,868100000.0,italr0001,41.70253250763931,-4.708266556262971,765.0,-117.0,-2.25,False,187.27657100298967,187.65594481055086,1.9811402457960121,3.665356585310856,False,EU868,False
2026-05-28 15:47:41.253050+00:00,stratolink-3-eu,EU,STALE,40.6257961,-6.428663,10009.0,7,868100000.0,rio-tormes-1b,40.968865323719,-5.64232170581818,940.0,-117.0,-4.25,False,76.39753112398147,76.99864524997983,6.42042050652061,7.107479061301338,False,EU868,False
2026-05-28 15:47:41.253050+00:00,stratolink-3-eu,EU,STALE,40.6257961,-6.428663,10009.0,7,868100000.0,packetbroker,40.962541751597406,-5.675446072867432,,-116.0,-3.5,True,73.63739668553853,74.37139657481511,7.403161798178406,8.065397901887811,False,EU868,False
2026-05-28 15:47:41.253050+00:00,stratolink-3-eu,EU,STALE,40.6257961,-6.428663,10009.0,7,868100000.0,meceiot-013-dragout-a84041ffff29dc56,40.970672,-5.141641,820.0,-115.0,0.5,False,114.92237375103964,115.38493084013898,4.0507994295778165,5.084319739196372,False,EU868,False
2026-05-28 15:47:41.253050+00:00,stratolink-3-eu,EU,STALE,40.6257961,-6.428663,10009.0,7,868100000.0,sg50-perte-malpica-02,39.94336757279527,-4.661850929260255,405.0,-114.0,-10.2,False,167.97978027441147,168.38625991988505,2.5140470488603373,4.024723419807971,False,EU868,False
2026-05-28 15:47:41.253050+00:00,stratolink-3-eu,EU,STALE,40.6257961,-6.428663,10009.0,7,868100000.0,mvj-cabezuela,,,,-113.0,1.0,False,,,,,False,EU868,False
2026-05-28 15:47:41.253050+00:00,stratolink-3-eu,EU,STALE,40.6257961,-6.428663,10009.0,7,868100000.0,packetbroker,,,,-114.0,-8.5,True,,,,,False,EU868,False
2026-05-28 15:47:41.253050+00:00,stratolink-3-eu,EU,STALE,40.6257961,-6.428663,10009.0,7,868100000.0,lora-more,41.81858911263017,-6.7508557295156235,674.0,-113.0,-6.5,False,135.34213528228818,135.7743123011122,3.3336103579590004,4.5507697412525046,False,EU868,False
2026-05-28 15:47:41.253050+00:00,stratolink-3-eu,EU,STALE,40.6257961,-6.428663,10009.0,7,868100000.0,ext-dlos8-011,,,,-112.0,-7.5,False,,,,,False,EU868,False
2026-05-28 15:47:41.253050+00:00,stratolink-3-eu,EU,STALE,40.6257961,-6.428663,10009.0,7,868100000.0,niharramikrotik,40.589325292876616,-4.838257133960725,1131.0,-111.0,1.0,False,134.31778160937742,134.7255244786066,3.1741707174824296,4.382117879598918,False,EU868,False
2026-05-28 15:47:41.253050+00:00,stratolink-3-eu,EU,STALE,40.6257961,-6.428663,10009.0,7,868100000.0,packetbroker,40.962758045083945,-5.675633842073217,,-111.0,3.0,True,73.6359324656191,74.36994456081506,7.403320316988313,8.065543252669633,False,EU868,False
2026-05-28 15:47:41.253050+00:00,stratolink-3-eu,EU,STALE,40.6257961,-6.428663,10009.0,7,868100000.0,packetbroker,,,,-111.0,,True,,,,,False,EU868,False
2026-05-28 15:47:41.253050+00:00,stratolink-3-eu,EU,STALE,40.6257961,-6.428663,10009.0,7,868100000.0,meceiot-004-5030354163554750,40.5481739449056,-5.16353885114368,1550.0,-110.0,4.5,False,107.17888454101507,107.60781816194415,4.026545352022279,4.990426886312135,False,EU868,False
2026-05-28 15:47:41.253050+00:00,stratolink-3-eu,EU,STALE,40.6257961,-6.428663,10009.0,7,868100000.0,cicytex-ic003,,,,-109.0,-5.0,False,,,,,False,EU868,False
2026-05-28 15:47:41.253050+00:00,stratolink-3-eu,EU,STALE,40.6257961,-6.428663,10009.0,7,868100000.0,packetbroker,41.62916384851624,-4.713819387616739,,-114.0,-8.5,True,181.86594477074613,182.27757519201526,2.3296382533441506,3.9651957293472737,False,EU868,False
2026-05-28 15:52:49.131836+00:00,stratolink-3-eu,EU,STALE,40.6257961,-6.428663,10009.0,7,868300000.0,packetbroker,40.962541751597406,-5.675446072867432,,-114.0,-5.25,True,73.63739668553853,74.37139657481511,7.403161798178406,8.065397901887811,False,EU868,False
2026-05-28 15:52:49.131836+00:00,stratolink-3-eu,EU,STALE,40.6257961,-6.428663,10009.0,7,868300000.0,meceiot-013-dragout-a84041ffff29dc56,40.970672,-5.141641,820.0,-115.0,-1.25,False,114.92237375103964,115.38493084013898,4.0507994295778165,5.084319739196372,False,EU868,False
2026-05-28 15:52:49.131836+00:00,stratolink-3-eu,EU,STALE,40.6257961,-6.428663,10009.0,7,868300000.0,italr0001,41.70253250763931,-4.708266556262971,765.0,-116.0,-2.0,False,187.27657100298967,187.65594481055086,1.9811402457960121,3.665356585310856,False,EU868,False
2026-05-28 15:52:49.131836+00:00,stratolink-3-eu,EU,STALE,40.6257961,-6.428663,10009.0,7,868300000.0,5031395365454751,42.195765,-6.006521,8.0,-114.0,-7.25,False,178.0863879551528,178.50091836688733,2.410736343424119,4.0123034953262025,False,EU868,False
2026-05-28 15:52:49.131836+00:00,stratolink-3-eu,EU,STALE,40.6257961,-6.428663,10009.0,7,868300000.0,ext-sg50-022,,,,-119.0,-6.8,False,,,,,False,EU868,False
2026-05-28 15:52:49.131836+00:00,stratolink-3-eu,EU,STALE,40.6257961,-6.428663,10009.0,7,868300000.0,ext-sg50-023,,,,-119.0,-5.0,False,,,,,False,EU868,False
2026-05-28 15:52:49.131836+00:00,stratolink-3-eu,EU,STALE,40.6257961,-6.428663,10009.0,7,868300000.0,mitigasmart-cc,,,,-118.0,-7.8,False,,,,,False,EU868,False
2026-05-28 15:52:49.131836+00:00,stratolink-3-eu,EU,STALE,40.6257961,-6.428663,10009.0,7,868300000.0,lora-more,41.81858911263017,-6.7508557295156235,674.0,-113.0,-8.0,False,135.34213528228818,135.7743123011122,3.3336103579590004,4.5507697412525046,False,EU868,False
2026-05-28 15:52:49.131836+00:00,stratolink-3-eu,EU,STALE,40.6257961,-6.428663,10009.0,7,868300000.0,sg50-perte-malpica-03,,,,-120.0,-8.0,False,,,,,False,EU868,False
2026-05-28 15:52:49.131836+00:00,stratolink-3-eu,EU,STALE,40.6257961,-6.428663,10009.0,7,868300000.0,rio-tormes-1b,40.968865323719,-5.64232170581818,940.0,-112.0,-4.25,False,76.39753112398147,76.99864524997983,6.42042050652061,7.107479061301338,False,EU868,False
2026-05-28 15:52:49.131836+00:00,stratolink-3-eu,EU,STALE,40.6257961,-6.428663,10009.0,7,868300000.0,mvj-cabezuela,,,,-111.0,-1.2,False,,,,,False,EU868,False
2026-05-28 15:52:49.131836+00:00,stratolink-3-eu,EU,STALE,40.6257961,-6.428663,10009.0,7,868300000.0,niharramikrotik,40.589325292876616,-4.838257133960725,1131.0,-110.0,2.0,False,134.31778160937742,134.7255244786066,3.1741707174824296,4.382117879598918,False,EU868,False
2026-05-28 15:52:49.131836+00:00,stratolink-3-eu,EU,STALE,40.6257961,-6.428663,10009.0,7,868300000.0,mtcdtip02-l4e1-9,,,,-109.0,-6.2,False,,,,,False,EU868,False
2026-05-28 15:52:49.131836+00:00,stratolink-3-eu,EU,STALE,40.6257961,-6.428663,10009.0,7,868300000.0,packetbroker,40.962758045083945,-5.675633842073217,,-109.0,4.75,True,73.6359324656191,74.36994456081506,7.403320316988313,8.065543252669633,False,EU868,False
2026-05-28 15:52:49.131836+00:00,stratolink-3-eu,EU,STALE,40.6257961,-6.428663,10009.0,7,868300000.0,meceiot-004-5030354163554750,40.5481739449056,-5.16353885114368,1550.0,-108.0,4.75,False,107.17888454101507,107.60781816194415,4.026545352022279,4.990426886312135,False,EU868,False
2026-05-28 15:52:49.131836+00:00,stratolink-3-eu,EU,STALE,40.6257961,-6.428663,10009.0,7,868300000.0,cicytex-ic003,,,,-108.0,-4.0,False,,,,,False,EU868,False
2026-05-28 15:52:49.131836+00:00,stratolink-3-eu,EU,STALE,40.6257961,-6.428663,10009.0,7,868300000.0,ext-dlos8-011,,,,-112.0,-8.0,False,,,,,False,EU868,False
2026-05-28 15:57:56.979299+00:00,stratolink-3-eu,EU,STALE,40.6257961,-6.428663,10009.0,7,868500000.0,packetbroker,41.62916384851624,-4.713819387616739,,-115.0,-7.0,True,181.86594477074613,182.27757519201526,2.3296382533441506,3.9651957293472737,False,EU868,False
2026-05-28 15:57:56.979299+00:00,stratolink-3-eu,EU,STALE,40.6257961,-6.428663,10009.0,7,868500000.0,italr0001,41.70253250763931,-4.708266556262971,765.0,-115.0,-2.75,False,187.27657100298967,187.65594481055086,1.9811402457960121,3.665356585310856,False,EU868,False
2026-05-28 15:57:56.979299+00:00,stratolink-3-eu,EU,STALE,40.6257961,-6.428663,10009.0,7,868500000.0,meceiot-013-dragout-a84041ffff29dc56,40.970672,-5.141641,820.0,-115.0,-1.25,False,114.92237375103964,115.38493084013898,4.0507994295778165,5.084319739196372,False,EU868,False
2026-05-28 15:57:56.979299+00:00,stratolink-3-eu,EU,STALE,40.6257961,-6.428663,10009.0,7,868500000.0,mitigasmart-cc,,,,-117.0,-4.8,False,,,,,False,EU868,False
2026-05-28 15:57:56.979299+00:00,stratolink-3-eu,EU,STALE,40.6257961,-6.428663,10009.0,7,868500000.0,sg50-perte-malpica-06,,,,-116.0,-8.2,False,,,,,False,EU868,False
2026-05-28 15:57:56.979299+00:00,stratolink-3-eu,EU,STALE,40.6257961,-6.428663,10009.0,7,868500000.0,italr0005,40.954279046747715,-4.142631590366364,,-117.0,-3.0,False,195.88281833147107,196.28426214013473,2.0417625947977536,3.803376669090203,False,EU868,False
2026-05-28 15:57:56.979299+00:00,stratolink-3-eu,EU,STALE,40.6257961,-6.428663,10009.0,7,868500000.0,rio-tormes-1b,40.968865323719,-5.64232170581818,940.0,-115.0,-6.5,False,76.39753112398147,76.99864524997983,6.42042050652061,7.107479061301338,False,EU868,False
2026-05-28 15:57:56.979299+00:00,stratolink-3-eu,EU,STALE,40.6257961,-6.428663,10009.0,7,868500000.0,cdtic-multitech-4,39.4920534590841,-6.57908320426941,391.0,-116.0,-8.0,False,126.71486734239434,127.1803668330496,3.767126097580384,4.906698703457173,False,EU868,False
2026-05-28 15:57:56.979299+00:00,stratolink-3-eu,EU,STALE,40.6257961,-6.428663,10009.0,7,868500000.0,mjv-casas,,,,-115.0,-3.2,False,,,,,False,EU868,False
2026-05-28 15:57:56.979299+00:00,stratolink-3-eu,EU,STALE,40.6257961,-6.428663,10009.0,7,868500000.0,ext-sg50-024,,,,-119.0,-8.2,False,,,,,False,EU868,False
2026-05-28 15:57:56.979299+00:00,stratolink-3-eu,EU,STALE,40.6257961,-6.428663,10009.0,7,868500000.0,packetbroker,,,,-114.0,-3.0,True,,,,,False,EU868,False
2026-05-28 15:57:56.979299+00:00,stratolink-3-eu,EU,STALE,40.6257961,-6.428663,10009.0,7,868500000.0,niharramikrotik,40.589325292876616,-4.838257133960725,1131.0,-108.0,2.75,False,134.31778160937742,134.7255244786066,3.1741707174824296,4.382117879598918,False,EU868,False
2026-05-28 15:57:56.979299+00:00,stratolink-3-eu,EU,STALE,40.6257961,-6.428663,10009.0,7,868500000.0,mikrotikepsa,40.65110091852006,-4.679304063320161,1131.0,-109.0,-9.0,False,147.63293591777082,148.0251402560933,2.7743747262723524,4.102067782545035,False,EU868,False
2026-05-28 15:57:56.979299+00:00,stratolink-3-eu,EU,STALE,40.6257961,-6.428663,10009.0,7,868500000.0,cicytex-ic003,,,,-109.0,-6.8,False,,,,,False,EU868,False
2026-05-28 15:57:56.979299+00:00,stratolink-3-eu,EU,STALE,40.6257961,-6.428663,10009.0,7,868500000.0,meceiot-004-5030354163554750,40.5481739449056,-5.16353885114368,1550.0,-110.0,1.5,False,107.17888454101507,107.60781816194415,4.026545352022279,4.990426886312135,False,EU868,False
2026-05-28 15:57:56.979299+00:00,stratolink-3-eu,EU,STALE,40.6257961,-6.428663,10009.0,7,868500000.0,packetbroker,40.962758045083945,-5.675633842073217,,-114.0,,True,73.6359324656191,74.36994456081506,7.403320316988313,8.065543252669633,False,EU868,False
2026-05-28 15:57:56.979299+00:00,stratolink-3-eu,EU,STALE,40.6257961,-6.428663,10009.0,7,868500000.0,lora-more,41.81858911263017,-6.7508557295156235,674.0,-113.0,-6.8,False,135.34213528228818,135.7743123011122,3.3336103579590004,4.5507697412525046,False,EU868,False
2026-05-28 15:57:56.979299+00:00,stratolink-3-eu,EU,STALE,40.6257961,-6.428663,10009.0,7,868500000.0,uah-outdoor,40.513016253496716,-3.3499574594000614,,-113.0,-8.2,False,260.3343663648936,260.71285394234724,1.0290975758923302,3.3703375463850724,False,EU868,False
2026-05-28 15:57:56.979299+00:00,stratolink-3-eu,EU,STALE,40.6257961,-6.428663,10009.0,7,868500000.0,packetbroker,40.962541751597406,-5.675446072867432,,-113.0,-5.25,True,73.63739668553853,74.37139657481511,7.403161798178406,8.065397901887811,False,EU868,False
2026-05-28 15:57:56.979299+00:00,stratolink-3-eu,EU,STALE,40.6257961,-6.428663,10009.0,7,868500000.0,mvj-cabezuela,,,,-112.0,-0.2,False,,,,,False,EU868,False
2026-05-28 16:03:04.910236+00:00,stratolink-3-eu,EU,STALE,40.6257961,-6.428663,10009.0,7,868100000.0,cdtic-multitech-4,39.4920534590841,-6.57908320426941,391.0,-116.0,-3.0,False,126.71486734239434,127.1803668330496,3.767126097580384,4.906698703457173,False,EU868,False
2026-05-28 16:03:04.910236+00:00,stratolink-3-eu,EU,STALE,40.6257961,-6.428663,10009.0,7,868100000.0,v3-eui-b827ebfffebf1f02,40.13814,-7.50059,600.0,-120.0,-4.5,False,105.75302120153279,106.25722709233943,4.604448555082282,5.555507010001736,False,EU868,False
2026-05-28 16:03:04.910236+00:00,stratolink-3-eu,EU,STALE,40.6257961,-6.428663,10009.0,7,868100000.0,ext-sg50-012,,,,-119.0,-7.5,False,,,,,False,EU868,False
2026-05-28 16:03:04.910236+00:00,stratolink-3-eu,EU,STALE,40.6257961,-6.428663,10009.0,7,868100000.0,ext-sg50-024,,,,-119.0,-4.0,False,,,,,False,EU868,False
2026-05-28 16:03:04.910236+00:00,stratolink-3-eu,EU,STALE,40.6257961,-6.428663,10009.0,7,868100000.0,meceiot-013-dragout-a84041ffff29dc56,40.970672,-5.141641,820.0,-119.0,-3.75,False,114.92237375103964,115.38493084013898,4.0507994295778165,5.084319739196372,False,EU868,False
2026-05-28 16:03:04.910236+00:00,stratolink-3-eu,EU,STALE,40.6257961,-6.428663,10009.0,7,868100000.0,ext-sg50-029,,,,-118.0,-5.8,False,,,,,False,EU868,False
2026-05-28 16:03:04.910236+00:00,stratolink-3-eu,EU,STALE,40.6257961,-6.428663,10009.0,7,868100000.0,ext-sg50-022,,,,-118.0,-1.8,False,,,,,False,EU868,False
2026-05-28 16:03:04.910236+00:00,stratolink-3-eu,EU,STALE,40.6257961,-6.428663,10009.0,7,868100000.0,rio-tormes-1b,40.968865323719,-5.64232170581818,940.0,-118.0,-2.75,False,76.39753112398147,76.99864524997983,6.42042050652061,7.107479061301338,False,EU868,False
2026-05-28 16:03:04.910236+00:00,stratolink-3-eu,EU,STALE,40.6257961,-6.428663,10009.0,7,868100000.0,sg50-perte-malpica-03,,,,-120.0,-8.2,False,,,,,False,EU868,False
2026-05-28 16:03:04.910236+00:00,stratolink-3-eu,EU,STALE,40.6257961,-6.428663,10009.0,7,868100000.0,ext-sg50-018,,,,-115.0,-5.0,False,,,,,False,EU868,False
2026-05-28 16:03:04.910236+00:00,stratolink-3-eu,EU,STALE,40.6257961,-6.428663,10009.0,7,868100000.0,mitigasmart-cc,,,,-114.0,3.0,False,,,,,False,EU868,False
2026-05-28 16:03:04.910236+00:00,stratolink-3-eu,EU,STALE,40.6257961,-6.428663,10009.0,7,868100000.0,packetbroker,40.962541751597406,-5.675446072867432,,-114.0,-2.25,True,73.63739668553853,74.37139657481511,7.403161798178406,8.065397901887811,False,EU868,False
2026-05-28 16:03:04.910236+00:00,stratolink-3-eu,EU,STALE,40.6257961,-6.428663,10009.0,7,868100000.0,niharramikrotik,40.589325292876616,-4.838257133960725,1131.0,-113.0,-0.25,False,134.31778160937742,134.7255244786066,3.1741707174824296,4.382117879598918,False,EU868,False
2026-05-28 16:03:04.910236+00:00,stratolink-3-eu,EU,STALE,40.6257961,-6.428663,10009.0,7,868100000.0,packetbroker,,,,-112.0,-1.75,True,,,,,False,EU868,False
2026-05-28 16:03:04.910236+00:00,stratolink-3-eu,EU,STALE,40.6257961,-6.428663,10009.0,7,868100000.0,mtcdtip02-l4e1-9,,,,-110.0,-3.5,False,,,,,False,EU868,False
2026-05-28 16:03:04.910236+00:00,stratolink-3-eu,EU,STALE,40.6257961,-6.428663,10009.0,7,868100000.0,cicytex-ic003,,,,-108.0,-1.2,False,,,,,False,EU868,False
2026-05-28 16:03:04.910236+00:00,stratolink-3-eu,EU,STALE,40.6257961,-6.428663,10009.0,7,868100000.0,mvj-cabezuela,,,,-108.0,2.8,False,,,,,False,EU868,False
2026-05-28 16:03:04.910236+00:00,stratolink-3-eu,EU,STALE,40.6257961,-6.428663,10009.0,7,868100000.0,mjv-casas,,,,-115.0,1.5,False,,,,,False,EU868,False
2026-05-28 16:08:12.826148+00:00,stratolink-3-eu,EU,STALE,40.6257961,-6.428663,10009.0,7,868300000.0,ext-sg50-012,,,,-117.0,-4.5,False,,,,,False,EU868,False
2026-05-28 16:08:12.826148+00:00,stratolink-3-eu,EU,STALE,40.6257961,-6.428663,10009.0,7,868300000.0,italr0005,40.954279046747715,-4.142631590366364,,-122.0,-8.5,False,195.88281833147107,196.28426214013473,2.0417625947977536,3.803376669090203,False,EU868,False
2026-05-28 16:08:12.826148+00:00,stratolink-3-eu,EU,STALE,40.6257961,-6.428663,10009.0,7,868300000.0,ext-sg50-029,,,,-118.0,-6.5,False,,,,,False,EU868,False
2026-05-28 16:08:12.826148+00:00,stratolink-3-eu,EU,STALE,40.6257961,-6.428663,10009.0,7,868300000.0,ext-sg50-023,,,,-118.0,-2.2,False,,,,,False,EU868,False
2026-05-28 16:08:12.826148+00:00,stratolink-3-eu,EU,STALE,40.6257961,-6.428663,10009.0,7,868300000.0,meceiot-013-dragout-a84041ffff29dc56,40.970672,-5.141641,820.0,-121.0,-6.5,False,114.92237375103964,115.38493084013898,4.0507994295778165,5.084319739196372,False,EU868,False
2026-05-28 16:08:12.826148+00:00,stratolink-3-eu,EU,STALE,40.6257961,-6.428663,10009.0,7,868300000.0,v3-eui-b827ebfffebf1f02,40.13814,-7.50059,600.0,-120.0,-7.5,False,105.75302120153279,106.25722709233943,4.604448555082282,5.555507010001736,False,EU868,False
2026-05-28 16:08:12.826148+00:00,stratolink-3-eu,EU,STALE,40.6257961,-6.428663,10009.0,7,868300000.0,sg50-perte-malpica-03,,,,-120.0,-7.0,False,,,,,False,EU868,False
2026-05-28 16:08:12.826148+00:00,stratolink-3-eu,EU,STALE,40.6257961,-6.428663,10009.0,7,868300000.0,cdtic-multitech-4,39.4920534590841,-6.57908320426941,391.0,-115.0,-3.5,False,126.71486734239434,127.1803668330496,3.767126097580384,4.906698703457173,False,EU868,False
2026-05-28 16:08:12.826148+00:00,stratolink-3-eu,EU,STALE,40.6257961,-6.428663,10009.0,7,868300000.0,ext-sg50-022,,,,-119.0,-5.5,False,,,,,False,EU868,False
2026-05-28 16:08:12.826148+00:00,stratolink-3-eu,EU,STALE,40.6257961,-6.428663,10009.0,7,868300000.0,packetbroker,,,,-115.0,-4.25,True,,,,,False,EU868,False
2026-05-28 16:08:12.826148+00:00,stratolink-3-eu,EU,STALE,40.6257961,-6.428663,10009.0,7,868300000.0,ext-sg50-024,,,,-118.0,-4.0,False,,,,,False,EU868,False
2026-05-28 16:08:12.826148+00:00,stratolink-3-eu,EU,STALE,40.6257961,-6.428663,10009.0,7,868300000.0,ext-sg50-018,,,,-113.0,-5.0,False,,,,,False,EU868,False
2026-05-28 16:08:12.826148+00:00,stratolink-3-eu,EU,STALE,40.6257961,-6.428663,10009.0,7,868300000.0,mitigasmart-cc,,,,-114.0,2.5,False,,,,,False,EU868,False
2026-05-28 16:08:12.826148+00:00,stratolink-3-eu,EU,STALE,40.6257961,-6.428663,10009.0,7,868300000.0,meceiot-004-5030354163554750,40.5481739449056,-5.16353885114368,1550.0,-109.0,4.0,False,107.17888454101507,107.60781816194415,4.026545352022279,4.990426886312135,False,EU868,False
2026-05-28 16:08:12.826148+00:00,stratolink-3-eu,EU,STALE,40.6257961,-6.428663,10009.0,7,868300000.0,mvj-cabezuela,,,,-110.0,3.5,False,,,,,False,EU868,False
2026-05-28 16:08:12.826148+00:00,stratolink-3-eu,EU,STALE,40.6257961,-6.428663,10009.0,7,868300000.0,mtcdtip02-l4e1-9,,,,-110.0,-3.2,False,,,,,False,EU868,False
2026-05-28 16:08:12.826148+00:00,stratolink-3-eu,EU,STALE,40.6257961,-6.428663,10009.0,7,868300000.0,cicytex-ic003,,,,-108.0,-3.5,False,,,,,False,EU868,False
2026-05-28 16:08:12.826148+00:00,stratolink-3-eu,EU,STALE,40.6257961,-6.428663,10009.0,7,868300000.0,niharramikrotik,40.589325292876616,-4.838257133960725,1131.0,-112.0,-0.75,False,134.31778160937742,134.7255244786066,3.1741707174824296,4.382117879598918,False,EU868,False
2026-05-28 16:08:12.826148+00:00,stratolink-3-eu,EU,STALE,40.6257961,-6.428663,10009.0,7,868300000.0,mjv-casas,,,,-113.0,1.2,False,,,,,False,EU868,False
2026-05-28 16:08:12.826148+00:00,stratolink-3-eu,EU,STALE,40.6257961,-6.428663,10009.0,7,868300000.0,mtcdtip02-l4e1-16,,,,-113.0,-4.2,False,,,,,False,EU868,False
2026-05-28 16:08:12.826148+00:00,stratolink-3-eu,EU,STALE,40.6257961,-6.428663,10009.0,7,868300000.0,mtcdtip02-l4e1-5,,,,-113.0,-5.8,False,,,,,False,EU868,False
2026-05-28 16:08:12.826148+00:00,stratolink-3-eu,EU,STALE,40.6257961,-6.428663,10009.0,7,868300000.0,mtcdtip02-l4e1-1,,,,-110.0,-7.0,False,,,,,False,EU868,False
2026-05-28 16:13:20.669795+00:00,stratolink-3-eu,EU,STALE,40.6257961,-6.428663,10009.0,7,868500000.0,italr0001,41.70253250763931,-4.708266556262971,765.0,-115.0,-4.25,False,187.27657100298967,187.65594481055086,1.9811402457960121,3.665356585310856,False,EU868,False
2026-05-28 16:13:20.669795+00:00,stratolink-3-eu,EU,STALE,40.6257961,-6.428663,10009.0,7,868500000.0,italr0005,40.954279046747715,-4.142631590366364,,-122.0,-8.0,False,195.88281833147107,196.28426214013473,2.0417625947977536,3.803376669090203,False,EU868,False
2026-05-28 16:13:20.669795+00:00,stratolink-3-eu,EU,STALE,40.6257961,-6.428663,10009.0,7,868500000.0,ext-sg50-024,,,,-119.0,-9.2,False,,,,,False,EU868,False
2026-05-28 16:13:20.669795+00:00,stratolink-3-eu,EU,STALE,40.6257961,-6.428663,10009.0,7,868500000.0,mitigasmart-cc,,,,-117.0,-3.5,False,,,,,False,EU868,False
2026-05-28 16:13:20.669795+00:00,stratolink-3-eu,EU,STALE,40.6257961,-6.428663,10009.0,7,868500000.0,meceiot-013-dragout-a84041ffff29dc56,40.970672,-5.141641,820.0,-117.0,-3.25,False,114.92237375103964,115.38493084013898,4.0507994295778165,5.084319739196372,False,EU868,False
2026-05-28 16:13:20.669795+00:00,stratolink-3-eu,EU,STALE,40.6257961,-6.428663,10009.0,7,868500000.0,packetbroker,,,,-117.0,-4.5,True,,,,,False,EU868,False
2026-05-28 16:13:20.669795+00:00,stratolink-3-eu,EU,STALE,40.6257961,-6.428663,10009.0,7,868500000.0,sg50-perte-malpica-01,,,,-116.0,-7.0,False,,,,,False,EU868,False
2026-05-28 16:13:20.669795+00:00,stratolink-3-eu,EU,STALE,40.6257961,-6.428663,10009.0,7,868500000.0,mjv-casas,,,,-115.0,-5.0,False,,,,,False,EU868,False
2026-05-28 16:13:20.669795+00:00,stratolink-3-eu,EU,STALE,40.6257961,-6.428663,10009.0,7,868500000.0,packetbroker,41.62916384851624,-4.713819387616739,,-113.0,-4.25,True,181.86594477074613,182.27757519201526,2.3296382533441506,3.9651957293472737,False,EU868,False
2026-05-28 16:13:20.669795+00:00,stratolink-3-eu,EU,STALE,40.6257961,-6.428663,10009.0,7,868500000.0,mvj-cabezuela,,,,-113.0,-1.5,False,,,,,False,EU868,False
2026-05-28 16:13:20.669795+00:00,stratolink-3-eu,EU,STALE,40.6257961,-6.428663,10009.0,7,868500000.0,italr0002,42.0074540232199,-4.55747170209175,733.0,-112.0,-8.0,False,219.13430491423532,219.50425860998334,1.4362575404012596,3.4069769684011604,False,EU868,False
2026-05-28 16:13:20.669795+00:00,stratolink-3-eu,EU,STALE,40.6257961,-6.428663,10009.0,7,868500000.0,packetbroker,40.962541751597406,-5.675446072867432,,-111.0,0.5,True,73.63739668553853,74.37139657481511,7.403161798178406,8.065397901887811,False,EU868,False
2026-05-28 16:13:20.669795+00:00,stratolink-3-eu,EU,STALE,40.6257961,-6.428663,10009.0,7,868500000.0,packetbroker,40.962758045083945,-5.675633842073217,,-111.0,1.0,True,73.6359324656191,74.36994456081506,7.403320316988313,8.065543252669633,False,EU868,False
2026-05-28 16:13:20.669795+00:00,stratolink-3-eu,EU,STALE,40.6257961,-6.428663,10009.0,7,868500000.0,packetbroker,,,,-110.0,-8.25,True,,,,,False,EU868,False
2026-05-28 16:13:20.669795+00:00,stratolink-3-eu,EU,STALE,40.6257961,-6.428663,10009.0,7,868500000.0,niharramikrotik,40.589325292876616,-4.838257133960725,1131.0,-110.0,1.0,False,134.31778160937742,134.7255244786066,3.1741707174824296,4.382117879598918,False,EU868,False
2026-05-28 16:13:20.669795+00:00,stratolink-3-eu,EU,STALE,40.6257961,-6.428663,10009.0,7,868500000.0,cicytex-ic003,,,,-109.0,-9.0,False,,,,,False,EU868,False
2026-05-28 16:13:20.669795+00:00,stratolink-3-eu,EU,STALE,40.6257961,-6.428663,10009.0,7,868500000.0,meceiot-004-5030354163554750,40.5481739449056,-5.16353885114368,1550.0,-106.0,4.5,False,107.17888454101507,107.60781816194415,4.026545352022279,4.990426886312135,False,EU868,False
2026-05-28 16:13:20.669795+00:00,stratolink-3-eu,EU,STALE,40.6257961,-6.428663,10009.0,7,868500000.0,lora-more,41.81858911263017,-6.7508557295156235,674.0,-113.0,-4.0,False,135.34213528228818,135.7743123011122,3.3336103579590004,4.5507697412525046,False,EU868,False
2026-05-28 16:18:28.751955+00:00,stratolink-3-eu,EU,STALE,40.6257961,-6.428663,10009.0,7,868100000.0,packetbroker,40.962541751597406,-5.675446072867432,,-116.0,-1.75,True,73.63739668553853,74.37139657481511,7.403161798178406,8.065397901887811,False,EU868,False
2026-05-28 16:18:28.751955+00:00,stratolink-3-eu,EU,STALE,40.6257961,-6.428663,10009.0,7,868100000.0,sg50-perte-malpica-01,,,,-116.0,-2.5,False,,,,,False,EU868,False
2026-05-28 16:18:28.751955+00:00,stratolink-3-eu,EU,STALE,40.6257961,-6.428663,10009.0,7,868100000.0,cicytex-unex-1,,,,-117.0,-7.0,False,,,,,False,EU868,False
2026-05-28 16:18:28.751955+00:00,stratolink-3-eu,EU,STALE,40.6257961,-6.428663,10009.0,7,868100000.0,ext-sg50-012,,,,-117.0,-1.0,False,,,,,False,EU868,False
2026-05-28 16:18:28.751955+00:00,stratolink-3-eu,EU,STALE,40.6257961,-6.428663,10009.0,7,868100000.0,italr0005,40.954279046747715,-4.142631590366364,,-118.0,-4.0,False,195.88281833147107,196.28426214013473,2.0417625947977536,3.803376669090203,False,EU868,False
2026-05-28 16:18:28.751955+00:00,stratolink-3-eu,EU,STALE,40.6257961,-6.428663,10009.0,7,868100000.0,sg50-perte-malpica-07,,,,-119.0,-6.5,False,,,,,False,EU868,False
2026-05-28 16:18:28.751955+00:00,stratolink-3-eu,EU,STALE,40.6257961,-6.428663,10009.0,7,868100000.0,ext-sg50-011,,,,-120.0,-8.8,False,,,,,False,EU868,False
2026-05-28 16:18:28.751955+00:00,stratolink-3-eu,EU,STALE,40.6257961,-6.428663,10009.0,7,868100000.0,ext-sg50-024,,,,-120.0,-9.0,False,,,,,False,EU868,False
2026-05-28 16:18:28.751955+00:00,stratolink-3-eu,EU,STALE,40.6257961,-6.428663,10009.0,7,868100000.0,sg50-perte-malpica-05,,,,-120.0,-8.0,False,,,,,False,EU868,False
2026-05-28 16:18:28.751955+00:00,stratolink-3-eu,EU,STALE,40.6257961,-6.428663,10009.0,7,868100000.0,antena-granjas-rendondo-01,,,,-127.0,-7.5,False,,,,,False,EU868,False
2026-05-28 16:18:28.751955+00:00,stratolink-3-eu,EU,STALE,40.6257961,-6.428663,10009.0,7,868100000.0,meceiot-013-dragout-a84041ffff29dc56,40.970672,-5.141641,820.0,-122.0,-7.25,False,114.92237375103964,115.38493084013898,4.0507994295778165,5.084319739196372,False,EU868,False
2026-05-28 16:18:28.751955+00:00,stratolink-3-eu,EU,STALE,40.6257961,-6.428663,10009.0,7,868100000.0,sg50-perte-malpica-03,,,,-119.0,-2.8,False,,,,,False,EU868,False
2026-05-28 16:18:28.751955+00:00,stratolink-3-eu,EU,STALE,40.6257961,-6.428663,10009.0,7,868100000.0,mitigasmart-cc,,,,-115.0,2.5,False,,,,,False,EU868,False
2026-05-28 16:18:28.751955+00:00,stratolink-3-eu,EU,STALE,40.6257961,-6.428663,10009.0,7,868100000.0,cicytex-ic003,,,,-109.0,-6.5,False,,,,,False,EU868,False
2026-05-28 16:18:28.751955+00:00,stratolink-3-eu,EU,STALE,40.6257961,-6.428663,10009.0,7,868100000.0,mtcdtip02-l4e1-5,,,,-114.0,-7.8,False,,,,,False,EU868,False
2026-05-28 16:18:28.751955+00:00,stratolink-3-eu,EU,STALE,40.6257961,-6.428663,10009.0,7,868100000.0,ext-sg50-018,,,,-115.0,-6.8,False,,,,,False,EU868,False
2026-05-28 16:18:28.751955+00:00,stratolink-3-eu,EU,STALE,40.6257961,-6.428663,10009.0,7,868100000.0,sg50-perte-malpica-02,39.94336757279527,-4.661850929260255,405.0,-108.0,-9.0,False,167.97978027441147,168.38625991988505,2.5140470488603373,4.024723419807971,False,EU868,False
2026-05-28 16:18:28.751955+00:00,stratolink-3-eu,EU,STALE,40.6257961,-6.428663,10009.0,7,868100000.0,niharramikrotik,40.589325292876616,-4.838257133960725,1131.0,-110.0,4.25,False,134.31778160937742,134.7255244786066,3.1741707174824296,4.382117879598918,False,EU868,False
2026-05-28 16:18:28.751955+00:00,stratolink-3-eu,EU,STALE,40.6257961,-6.428663,10009.0,7,868100000.0,mtcdtip02-l4e1-1,,,,-110.0,-7.5,False,,,,,False,EU868,False
2026-05-28 16:18:28.751955+00:00,stratolink-3-eu,EU,STALE,40.6257961,-6.428663,10009.0,7,868100000.0,mvj-cabezuela,,,,-111.0,3.0,False,,,,,False,EU868,False
2026-05-28 16:18:28.751955+00:00,stratolink-3-eu,EU,STALE,40.6257961,-6.428663,10009.0,7,868100000.0,meceiot-004-5030354163554750,40.5481739449056,-5.16353885114368,1550.0,-104.0,8.0,False,107.17888454101507,107.60781816194415,4.026545352022279,4.990426886312135,False,EU868,False
2026-05-28 16:18:28.751955+00:00,stratolink-3-eu,EU,STALE,40.6257961,-6.428663,10009.0,7,868100000.0,packetbroker,,,,-113.0,-4.0,True,,,,,False,EU868,False
2026-05-28 16:18:28.751955+00:00,stratolink-3-eu,EU,STALE,40.6257961,-6.428663,10009.0,7,868100000.0,packetbroker,40.962758045083945,-5.675633842073217,,-113.0,-0.25,True,73.6359324656191,74.36994456081506,7.403320316988313,8.065543252669633,False,EU868,False
2026-05-28 16:18:28.751955+00:00,stratolink-3-eu,EU,STALE,40.6257961,-6.428663,10009.0,7,868100000.0,mtcdtip02-l4e1-13,,,,-114.0,-7.2,False,,,,,False,EU868,False
2026-05-28 16:18:28.751955+00:00,stratolink-3-eu,EU,STALE,40.6257961,-6.428663,10009.0,7,868100000.0,cdtic-multitech-4,39.4920534590841,-6.57908320426941,391.0,-114.0,-6.5,False,126.71486734239434,127.1803668330496,3.767126097580384,4.906698703457173,False,EU868,False
2026-05-28 16:18:28.751955+00:00,stratolink-3-eu,EU,STALE,40.6257961,-6.428663,10009.0,7,868100000.0,mjv-casas,,,,-113.0,0.5,False,,,,,False,EU868,False
2026-05-28 16:23:36.937299+00:00,stratolink-3-eu,EU,STALE,40.6257961,-6.428663,10009.0,7,868300000.0,ext-sg50-024,,,,-120.0,-10.0,False,,,,,False,EU868,False
2026-05-28 16:23:36.937299+00:00,stratolink-3-eu,EU,STALE,40.6257961,-6.428663,10009.0,7,868300000.0,sg50-perte-malpica-03,,,,-119.0,-4.0,False,,,,,False,EU868,False
2026-05-28 16:23:36.937299+00:00,stratolink-3-eu,EU,STALE,40.6257961,-6.428663,10009.0,7,868300000.0,packetbroker,,,,-119.0,-6.5,True,,,,,False,EU868,False
2026-05-28 16:23:36.937299+00:00,stratolink-3-eu,EU,STALE,40.6257961,-6.428663,10009.0,7,868300000.0,meceiot-dragino-lps8n-001,40.64962954290437,-4.690829015625737,1131.0,-119.0,-7.25,False,146.65926997484982,147.0524541001986,2.801525876853962,4.120462557027534,False,EU868,False
2026-05-28 16:23:36.937299+00:00,stratolink-3-eu,EU,STALE,40.6257961,-6.428663,10009.0,7,868300000.0,sg50-perte-malpica-07,,,,-118.0,-5.8,False,,,,,False,EU868,False
2026-05-28 16:23:36.937299+00:00,stratolink-3-eu,EU,STALE,40.6257961,-6.428663,10009.0,7,868300000.0,sg50-perte-malpica-05,,,,-118.0,-6.0,False,,,,,False,EU868,False
2026-05-28 16:23:36.937299+00:00,stratolink-3-eu,EU,STALE,40.6257961,-6.428663,10009.0,7,868300000.0,meceiot-013-dragout-a84041ffff29dc56,40.970672,-5.141641,820.0,-118.0,-3.5,False,114.92237375103964,115.38493084013898,4.0507994295778165,5.084319739196372,False,EU868,False
2026-05-28 16:23:36.937299+00:00,stratolink-3-eu,EU,STALE,40.6257961,-6.428663,10009.0,7,868300000.0,mitigasmart-cc,,,,-116.0,-1.2,False,,,,,False,EU868,False
2026-05-28 16:23:36.937299+00:00,stratolink-3-eu,EU,STALE,40.6257961,-6.428663,10009.0,7,868300000.0,mjv-casas,,,,-115.0,-3.0,False,,,,,False,EU868,False
2026-05-28 16:23:36.937299+00:00,stratolink-3-eu,EU,STALE,40.6257961,-6.428663,10009.0,7,868300000.0,packetbroker,40.962541751597406,-5.675446072867432,,-114.0,-2.5,True,73.63739668553853,74.37139657481511,7.403161798178406,8.065397901887811,False,EU868,False
2026-05-28 16:23:36.937299+00:00,stratolink-3-eu,EU,STALE,40.6257961,-6.428663,10009.0,7,868300000.0,sg50-perte-malpica-06,,,,-113.0,-4.5,False,,,,,False,EU868,False
2026-05-28 16:23:36.937299+00:00,stratolink-3-eu,EU,STALE,40.6257961,-6.428663,10009.0,7,868300000.0,italr0005,40.954279046747715,-4.142631590366364,,-113.0,0.5,False,195.88281833147107,196.28426214013473,2.0417625947977536,3.803376669090203,False,EU868,False
2026-05-28 16:23:36.937299+00:00,stratolink-3-eu,EU,STALE,40.6257961,-6.428663,10009.0,7,868300000.0,packetbroker,,,,-113.0,-2.25,True,,,,,False,EU868,False
2026-05-28 16:23:36.937299+00:00,stratolink-3-eu,EU,STALE,40.6257961,-6.428663,10009.0,7,868300000.0,sg50-perte-malpica-02,39.94336757279527,-4.661850929260255,405.0,-112.0,-5.8,False,167.97978027441147,168.38625991988505,2.5140470488603373,4.024723419807971,False,EU868,False
2026-05-28 16:23:36.937299+00:00,stratolink-3-eu,EU,STALE,40.6257961,-6.428663,10009.0,7,868300000.0,niharramikrotik,40.589325292876616,-4.838257133960725,1131.0,-111.0,0.75,False,134.31778160937742,134.7255244786066,3.1741707174824296,4.382117879598918,False,EU868,False
2026-05-28 16:23:36.937299+00:00,stratolink-3-eu,EU,STALE,40.6257961,-6.428663,10009.0,7,868300000.0,cicytex-ic003,,,,-109.0,-5.8,False,,,,,False,EU868,False
2026-05-28 16:23:36.937299+00:00,stratolink-3-eu,EU,STALE,40.6257961,-6.428663,10009.0,7,868300000.0,meceiot-004-5030354163554750,40.5481739449056,-5.16353885114368,1550.0,-102.0,8.0,False,107.17888454101507,107.60781816194415,4.026545352022279,4.990426886312135,False,EU868,False
2026-05-28 16:23:36.937299+00:00,stratolink-3-eu,EU,STALE,40.6257961,-6.428663,10009.0,7,868300000.0,mvj-cabezuela,,,,-115.0,-1.8,False,,,,,False,EU868,False
2026-05-28 16:28:37.153020+00:00,stratolink-3-eu,EU,FRESH,40.6167805,-5.3651522,10041.0,7,868500000.0,mitigasmart-cc,,,,-115.0,-0.8,False,,,,,True,EU868,False
2026-05-28 16:28:37.153020+00:00,stratolink-3-eu,EU,FRESH,40.6167805,-5.3651522,10041.0,7,868500000.0,sg50-perte-malpica-01,,,,-115.0,-4.0,False,,,,,True,EU868,False
2026-05-28 16:28:37.153020+00:00,stratolink-3-eu,EU,FRESH,40.6167805,-5.3651522,10041.0,7,868500000.0,cdtic-multitech-4,39.4920534590841,-6.57908320426941,391.0,-116.0,-4.2,False,162.2188422692926,162.63376769742686,2.671977788403793,4.130844870729713,True,EU868,False
2026-05-28 16:28:37.153020+00:00,stratolink-3-eu,EU,FRESH,40.6167805,-5.3651522,10041.0,7,868500000.0,sg50-perte-malpica-05,,,,-117.0,-2.8,False,,,,,True,EU868,False
2026-05-28 16:28:37.153020+00:00,stratolink-3-eu,EU,FRESH,40.6167805,-5.3651522,10041.0,7,868500000.0,sg50-eui-c0ba1ffffe004945,,,,-118.0,-8.5,False,,,,,True,EU868,False
2026-05-28 16:28:37.153020+00:00,stratolink-3-eu,EU,FRESH,40.6167805,-5.3651522,10041.0,7,868500000.0,tef-mls-01,40.108033,-6.632828,297.0,-119.0,-8.0,False,121.39096260391368,121.8777136149058,4.03957827199125,5.131271918409763,True,EU868,False
2026-05-28 16:28:37.153020+00:00,stratolink-3-eu,EU,FRESH,40.6167805,-5.3651522,10041.0,7,868500000.0,sg50-perte-malpica-03,,,,-118.0,-5.0,False,,,,,True,EU868,False
2026-05-28 16:28:37.153020+00:00,stratolink-3-eu,EU,FRESH,40.6167805,-5.3651522,10041.0,7,868500000.0,ext-sg50-024,,,,-119.0,-7.2,False,,,,,True,EU868,False
2026-05-28 16:28:37.153020+00:00,stratolink-3-eu,EU,FRESH,40.6167805,-5.3651522,10041.0,7,868500000.0,cicytex-unex-1,,,,-115.0,-4.5,False,,,,,True,EU868,False
2026-05-28 16:28:37.153020+00:00,stratolink-3-eu,EU,FRESH,40.6167805,-5.3651522,10041.0,7,868500000.0,meceiot-013-dragout-a84041ffff29dc56,40.970672,-5.141641,820.0,-123.0,-8.25,False,43.61794480872115,44.61824995234387,11.73074032252384,12.123005382426976,True,EU868,False
2026-05-28 16:28:37.153020+00:00,stratolink-3-eu,EU,FRESH,40.6167805,-5.3651522,10041.0,7,868500000.0,sg50-perte-malpica-07,,,,-118.0,-6.0,False,,,,,True,EU868,False
2026-05-28 16:28:37.153020+00:00,stratolink-3-eu,EU,FRESH,40.6167805,-5.3651522,10041.0,7,868500000.0,packetbroker,40.962758045083945,-5.675633842073217,,-115.0,-2.25,True,46.510581598612454,47.61780774727255,11.96391371461007,12.382192846213515,True,EU868,False
2026-05-28 16:28:37.153020+00:00,stratolink-3-eu,EU,FRESH,40.6167805,-5.3651522,10041.0,7,868500000.0,ext-sg50-011,,,,-119.0,-7.2,False,,,,,True,EU868,False
2026-05-28 16:28:37.153020+00:00,stratolink-3-eu,EU,FRESH,40.6167805,-5.3651522,10041.0,7,868500000.0,cicytex-lo-04,,,,-115.0,-6.5,False,,,,,True,EU868,False
2026-05-28 16:28:37.153020+00:00,stratolink-3-eu,EU,FRESH,40.6167805,-5.3651522,10041.0,7,868500000.0,meceiot-004-5030354163554750,40.5481739449056,-5.16353885114368,1550.0,-105.0,5.25,False,18.657055203620104,20.513799226219007,24.367180637970016,24.534967334689014,True,EU868,False
2026-05-28 16:28:37.153020+00:00,stratolink-3-eu,EU,FRESH,40.6167805,-5.3651522,10041.0,7,868500000.0,packetbroker,40.962541751597406,-5.675446072867432,,-115.0,-7.75,True,46.481828411749355,47.58967951373884,11.97134843162481,12.389368979963564,True,EU868,False
2026-05-28 16:28:37.153020+00:00,stratolink-3-eu,EU,FRESH,40.6167805,-5.3651522,10041.0,7,868500000.0,mvj-cabezuela,,,,-108.0,4.5,False,,,,,True,EU868,False
2026-05-28 16:28:37.153020+00:00,stratolink-3-eu,EU,FRESH,40.6167805,-5.3651522,10041.0,7,868500000.0,cicytex-ic003,,,,-108.0,-1.8,False,,,,,True,EU868,False
2026-05-28 16:28:37.153020+00:00,stratolink-3-eu,EU,FRESH,40.6167805,-5.3651522,10041.0,7,868500000.0,ext-sg50-018,,,,-109.0,-6.5,False,,,,,True,EU868,False
2026-05-28 16:28:37.153020+00:00,stratolink-3-eu,EU,FRESH,40.6167805,-5.3651522,10041.0,7,868500000.0,niharramikrotik,40.589325292876616,-4.838257133960725,1131.0,-109.0,0.25,False,44.586832700757554,45.506617620932495,11.090650577830829,11.491629043847636,True,EU868,False
2026-05-28 16:28:37.153020+00:00,stratolink-3-eu,EU,FRESH,40.6167805,-5.3651522,10041.0,7,868500000.0,sg50-perte-malpica-02,39.94336757279527,-4.661850929260255,405.0,-112.0,-6.5,False,95.74098027158145,96.3018441820691,5.311976242394095,6.172994374406072,True,EU868,False
2026-05-28 16:28:37.153020+00:00,stratolink-3-eu,EU,FRESH,40.6167805,-5.3651522,10041.0,7,868500000.0,packetbroker,,,,-113.0,-3.25,True,,,,,True,EU868,False
2026-05-28 16:28:37.153020+00:00,stratolink-3-eu,EU,FRESH,40.6167805,-5.3651522,10041.0,7,868500000.0,mtcdtip02-l4e1-7,,,,-113.0,-8.2,False,,,,,True,EU868,False
2026-05-28 16:28:37.153020+00:00,stratolink-3-eu,EU,FRESH,40.6167805,-5.3651522,10041.0,7,868500000.0,mtcdtip02-l4e1-5,,,,-113.0,-7.8,False,,,,,True,EU868,False
2026-05-28 16:28:37.153020+00:00,stratolink-3-eu,EU,FRESH,40.6167805,-5.3651522,10041.0,7,868500000.0,sg50-perte-malpica-06,,,,-114.0,-4.8,False,,,,,True,EU868,False
2026-05-28 16:28:37.153020+00:00,stratolink-3-eu,EU,FRESH,40.6167805,-5.3651522,10041.0,7,868500000.0,mjv-casas,,,,-110.0,2.2,False,,,,,True,EU868,False
2026-05-28 16:33:45.444434+00:00,stratolink-3-eu,EU,STALE,40.6167805,-5.3651522,10041.0,7,868100000.0,sg50-perte-malpica-05,,,,-119.0,-7.2,False,,,,,False,EU868,False
2026-05-28 16:33:45.444434+00:00,stratolink-3-eu,EU,STALE,40.6167805,-5.3651522,10041.0,7,868100000.0,sg50-perte-malpica-01,,,,-118.0,-7.8,False,,,,,False,EU868,False
2026-05-28 16:33:45.444434+00:00,stratolink-3-eu,EU,STALE,40.6167805,-5.3651522,10041.0,7,868100000.0,tef-mls-01,40.108033,-6.632828,297.0,-119.0,-6.2,False,121.39096260391368,121.8777136149058,4.03957827199125,5.131271918409763,False,EU868,False
2026-05-28 16:33:45.444434+00:00,stratolink-3-eu,EU,STALE,40.6167805,-5.3651522,10041.0,7,868100000.0,ext-sg50-024,,,,-120.0,-5.2,False,,,,,False,EU868,False
2026-05-28 16:33:45.444434+00:00,stratolink-3-eu,EU,STALE,40.6167805,-5.3651522,10041.0,7,868100000.0,antena-granjas-rendondo-01,,,,-126.0,-7.0,False,,,,,False,EU868,False
2026-05-28 16:33:45.444434+00:00,stratolink-3-eu,EU,STALE,40.6167805,-5.3651522,10041.0,7,868100000.0,sg50-perte-malpica-07,,,,-120.0,-7.2,False,,,,,False,EU868,False
2026-05-28 16:33:45.444434+00:00,stratolink-3-eu,EU,STALE,40.6167805,-5.3651522,10041.0,7,868100000.0,sg50-perte-malpica-03,,,,-120.0,-4.0,False,,,,,False,EU868,False
2026-05-28 16:33:45.444434+00:00,stratolink-3-eu,EU,STALE,40.6167805,-5.3651522,10041.0,7,868100000.0,italr0005,40.954279046747715,-4.142631590366364,,-123.0,-9.0,False,109.55394938087446,110.09772524998161,4.739877231772101,5.725118207819173,False,EU868,False
2026-05-28 16:33:45.444434+00:00,stratolink-3-eu,EU,STALE,40.6167805,-5.3651522,10041.0,7,868100000.0,niharramikrotik,40.589325292876616,-4.838257133960725,1131.0,-116.0,-2.5,False,44.586832700757554,45.506617620932495,11.090650577830829,11.491629043847636,False,EU868,False
2026-05-28 16:33:45.444434+00:00,stratolink-3-eu,EU,STALE,40.6167805,-5.3651522,10041.0,7,868100000.0,ext-sg50-022,,,,-120.0,-5.5,False,,,,,False,EU868,False
2026-05-28 16:33:45.444434+00:00,stratolink-3-eu,EU,STALE,40.6167805,-5.3651522,10041.0,7,868100000.0,mitigasmart-cc,,,,-115.0,1.0,False,,,,,False,EU868,False
2026-05-28 16:33:45.444434+00:00,stratolink-3-eu,EU,STALE,40.6167805,-5.3651522,10041.0,7,868100000.0,packetbroker,,,,-114.0,-0.5,True,,,,,False,EU868,False
2026-05-28 16:33:45.444434+00:00,stratolink-3-eu,EU,STALE,40.6167805,-5.3651522,10041.0,7,868100000.0,packetbroker,40.962541751597406,-5.675446072867432,,-115.0,-5.25,True,46.481828411749355,47.58967951373884,11.97134843162481,12.389368979963564,False,EU868,False
2026-05-28 16:33:45.444434+00:00,stratolink-3-eu,EU,STALE,40.6167805,-5.3651522,10041.0,7,868100000.0,ext-sg50-027,,,,-115.0,-6.2,False,,,,,False,EU868,False
2026-05-28 16:33:45.444434+00:00,stratolink-3-eu,EU,STALE,40.6167805,-5.3651522,10041.0,7,868100000.0,meceiot-004-5030354163554750,40.5481739449056,-5.16353885114368,1550.0,-109.0,2.25,False,18.657055203620104,20.513799226219007,24.367180637970016,24.534967334689014,False,EU868,False
2026-05-28 16:33:45.444434+00:00,stratolink-3-eu,EU,STALE,40.6167805,-5.3651522,10041.0,7,868100000.0,cicytex-ic003,,,,-110.0,-4.2,False,,,,,False,EU868,False
2026-05-28 16:33:45.444434+00:00,stratolink-3-eu,EU,STALE,40.6167805,-5.3651522,10041.0,7,868100000.0,mtcdtip02-l4e1-9,,,,-110.0,-4.5,False,,,,,False,EU868,False
2026-05-28 16:33:45.444434+00:00,stratolink-3-eu,EU,STALE,40.6167805,-5.3651522,10041.0,7,868100000.0,mvj-cabezuela,,,,-109.0,5.2,False,,,,,False,EU868,False
2026-05-28 16:33:45.444434+00:00,stratolink-3-eu,EU,STALE,40.6167805,-5.3651522,10041.0,7,868100000.0,mtcdtip02-l4e1-1,,,,-111.0,-5.8,False,,,,,False,EU868,False
2026-05-28 16:33:45.444434+00:00,stratolink-3-eu,EU,STALE,40.6167805,-5.3651522,10041.0,7,868100000.0,ext-sg50-018,,,,-113.0,-3.8,False,,,,,False,EU868,False
2026-05-28 16:33:45.444434+00:00,stratolink-3-eu,EU,STALE,40.6167805,-5.3651522,10041.0,7,868100000.0,mjv-casas,,,,-114.0,2.8,False,,,,,False,EU868,False
2026-05-28 16:33:45.444434+00:00,stratolink-3-eu,EU,STALE,40.6167805,-5.3651522,10041.0,7,868100000.0,mtcdtip02-l4e1-13,,,,-114.0,-8.2,False,,,,,False,EU868,False
2026-05-28 16:33:45.444434+00:00,stratolink-3-eu,EU,STALE,40.6167805,-5.3651522,10041.0,7,868100000.0,packetbroker,40.962758045083945,-5.675633842073217,,-111.0,-8.0,True,46.510581598612454,47.61780774727255,11.96391371461007,12.382192846213515,False,EU868,False
2026-05-28 16:38:53.749522+00:00,stratolink-3-eu,EU,STALE,40.6167805,-5.3651522,10041.0,7,868300000.0,niharramikrotik,40.589325292876616,-4.838257133960725,1131.0,-115.0,-6.5,False,44.586832700757554,45.506617620932495,11.090650577830829,11.491629043847636,False,EU868,False
2026-05-28 16:38:53.749522+00:00,stratolink-3-eu,EU,STALE,40.6167805,-5.3651522,10041.0,7,868300000.0,sg50-perte-malpica-03,,,,-119.0,-3.0,False,,,,,False,EU868,False
2026-05-28 16:38:53.749522+00:00,stratolink-3-eu,EU,STALE,40.6167805,-5.3651522,10041.0,7,868300000.0,meceiot-013-dragout-a84041ffff29dc56,40.970672,-5.141641,820.0,-121.0,-6.25,False,43.61794480872115,44.61824995234387,11.73074032252384,12.123005382426976,False,EU868,False
2026-05-28 16:38:53.749522+00:00,stratolink-3-eu,EU,STALE,40.6167805,-5.3651522,10041.0,7,868300000.0,sg50-perte-malpica-05,,,,-118.0,-7.0,False,,,,,False,EU868,False
2026-05-28 16:38:53.749522+00:00,stratolink-3-eu,EU,STALE,40.6167805,-5.3651522,10041.0,7,868300000.0,ext-sg50-024,,,,-118.0,-2.8,False,,,,,False,EU868,False
2026-05-28 16:38:53.749522+00:00,stratolink-3-eu,EU,STALE,40.6167805,-5.3651522,10041.0,7,868300000.0,cdtic-multitech-5,40.0702558044694,-6.65818959474564,300.0,-116.0,-7.0,False,125.30578379442937,125.7831722639822,3.8779269235268985,5.004827354115001,False,EU868,False
2026-05-28 16:38:53.749522+00:00,stratolink-3-eu,EU,STALE,40.6167805,-5.3651522,10041.0,7,868300000.0,cdtic-multitech-6,40.1338,-5.94651,300.0,-116.0,-7.0,False,72.86597304817914,73.57239619064259,7.2805384118292755,7.935836945677326,False,EU868,False
2026-05-28 16:38:53.749522+00:00,stratolink-3-eu,EU,STALE,40.6167805,-5.3651522,10041.0,7,868300000.0,mitigasmart-cc,,,,-114.0,2.8,False,,,,,False,EU868,False
2026-05-28 16:38:53.749522+00:00,stratolink-3-eu,EU,STALE,40.6167805,-5.3651522,10041.0,7,868300000.0,mtcdtip02-l4e1-9,,,,-109.0,-5.0,False,,,,,False,EU868,False
2026-05-28 16:38:53.749522+00:00,stratolink-3-eu,EU,STALE,40.6167805,-5.3651522,10041.0,7,868300000.0,cdtic-multitech-4,39.4920534590841,-6.57908320426941,391.0,-113.0,-5.5,False,162.2188422692926,162.63376769742686,2.671977788403793,4.130844870729713,False,EU868,False
2026-05-28 16:38:53.749522+00:00,stratolink-3-eu,EU,STALE,40.6167805,-5.3651522,10041.0,7,868300000.0,mtcdtip02-l4e1-16,,,,-112.0,-4.8,False,,,,,False,EU868,False
2026-05-28 16:38:53.749522+00:00,stratolink-3-eu,EU,STALE,40.6167805,-5.3651522,10041.0,7,868300000.0,jfmateos-rak7250-rioseco,39.9775352459947,-6.04510360141884,,-112.0,-5.25,False,91.5297972820783,92.14979539827222,5.843856627845854,6.667002733679519,False,EU868,False
2026-05-28 16:38:53.749522+00:00,stratolink-3-eu,EU,STALE,40.6167805,-5.3651522,10041.0,7,868300000.0,mjv-casas,,,,-112.0,-0.2,False,,,,,False,EU868,False
2026-05-28 16:38:53.749522+00:00,stratolink-3-eu,EU,STALE,40.6167805,-5.3651522,10041.0,7,868300000.0,packetbroker,40.962758045083945,-5.675633842073217,,-111.0,0.5,True,46.510581598612454,47.61780774727255,11.96391371461007,12.382192846213515,False,EU868,False
2026-05-28 16:38:53.749522+00:00,stratolink-3-eu,EU,STALE,40.6167805,-5.3651522,10041.0,7,868300000.0,cicytex-ic003,,,,-110.0,-4.5,False,,,,,False,EU868,False
2026-05-28 16:38:53.749522+00:00,stratolink-3-eu,EU,STALE,40.6167805,-5.3651522,10041.0,7,868300000.0,mvj-cabezuela,,,,-109.0,3.5,False,,,,,False,EU868,False
2026-05-28 16:38:53.749522+00:00,stratolink-3-eu,EU,STALE,40.6167805,-5.3651522,10041.0,7,868300000.0,packetbroker,,,,-114.0,-2.5,True,,,,,False,EU868,False
2026-05-28 16:44:01.250128+00:00,stratolink-3-eu,EU,STALE,40.6167805,-5.3651522,10041.0,7,868500000.0,antena-granjas-rendondo-01,,,,-125.0,-5.25,False,,,,,False,EU868,False
2026-05-28 16:44:01.250128+00:00,stratolink-3-eu,EU,STALE,40.6167805,-5.3651522,10041.0,7,868500000.0,meceiot-013-dragout-a84041ffff29dc56,40.970672,-5.141641,820.0,-122.0,-8.0,False,43.61794480872115,44.61824995234387,11.73074032252384,12.123005382426976,False,EU868,False
2026-05-28 16:44:01.250128+00:00,stratolink-3-eu,EU,STALE,40.6167805,-5.3651522,10041.0,7,868500000.0,ext-sg50-022,,,,-120.0,-7.8,False,,,,,False,EU868,False
2026-05-28 16:44:01.250128+00:00,stratolink-3-eu,EU,STALE,40.6167805,-5.3651522,10041.0,7,868500000.0,italr0005,40.954279046747715,-4.142631590366364,,-120.0,-6.25,False,109.55394938087446,110.09772524998161,4.739877231772101,5.725118207819173,False,EU868,False
2026-05-28 16:44:01.250128+00:00,stratolink-3-eu,EU,STALE,40.6167805,-5.3651522,10041.0,7,868500000.0,sg50-perte-malpica-05,,,,-118.0,-8.0,False,,,,,False,EU868,False
2026-05-28 16:44:01.250128+00:00,stratolink-3-eu,EU,STALE,40.6167805,-5.3651522,10041.0,7,868500000.0,sg50-perte-malpica-01,,,,-117.0,-7.5,False,,,,,False,EU868,False
2026-05-28 16:44:01.250128+00:00,stratolink-3-eu,EU,STALE,40.6167805,-5.3651522,10041.0,7,868500000.0,mitigasmart-cc,,,,-117.0,-4.0,False,,,,,False,EU868,False
2026-05-28 16:44:01.250128+00:00,stratolink-3-eu,EU,STALE,40.6167805,-5.3651522,10041.0,7,868500000.0,rio-tormes-1b,40.968865323719,-5.64232170581818,940.0,-117.0,-2.5,False,45.57580861167552,46.51402263216776,11.078355455697954,11.48822798347631,False,EU868,False
2026-05-28 16:44:01.250128+00:00,stratolink-3-eu,EU,STALE,40.6167805,-5.3651522,10041.0,7,868500000.0,mvj-cabezuela,,,,-115.0,-1.8,False,,,,,False,EU868,False
2026-05-28 16:44:01.250128+00:00,stratolink-3-eu,EU,STALE,40.6167805,-5.3651522,10041.0,7,868500000.0,mjv-casas,,,,-115.0,-1.5,False,,,,,False,EU868,False
2026-05-28 16:44:01.250128+00:00,stratolink-3-eu,EU,STALE,40.6167805,-5.3651522,10041.0,7,868500000.0,italr0001,41.70253250763931,-4.708266556262971,765.0,-113.0,-7.25,False,132.66355524849865,133.09725946497062,3.3996249535766814,4.592695321167165,False,EU868,False
2026-05-28 16:44:01.250128+00:00,stratolink-3-eu,EU,STALE,40.6167805,-5.3651522,10041.0,7,868500000.0,packetbroker,,,,-113.0,-1.5,True,,,,,False,EU868,False
2026-05-28 16:44:01.250128+00:00,stratolink-3-eu,EU,STALE,40.6167805,-5.3651522,10041.0,7,868500000.0,niharramikrotik,40.589325292876616,-4.838257133960725,1131.0,-113.0,-1.25,False,44.586832700757554,45.506617620932495,11.090650577830829,11.491629043847636,False,EU868,False
2026-05-28 16:44:01.250128+00:00,stratolink-3-eu,EU,STALE,40.6167805,-5.3651522,10041.0,7,868500000.0,packetbroker,40.962758045083945,-5.675633842073217,,-110.0,1.25,True,46.510581598612454,47.61780774727255,11.96391371461007,12.382192846213515,False,EU868,False
2026-05-28 16:44:01.250128+00:00,stratolink-3-eu,EU,STALE,40.6167805,-5.3651522,10041.0,7,868500000.0,cicytex-ic003,,,,-109.0,-8.5,False,,,,,False,EU868,False
2026-05-28 16:49:09.690791+00:00,stratolink-3-eu,EU,STALE,40.6167805,-5.3651522,10041.0,7,868100000.0,ext-sg50-011,,,,-120.0,-7.8,False,,,,,False,EU868,False
2026-05-28 16:49:09.690791+00:00,stratolink-3-eu,EU,STALE,40.6167805,-5.3651522,10041.0,7,868100000.0,ext-sg50-024,,,,-120.0,-9.0,False,,,,,False,EU868,False
2026-05-28 16:49:09.690791+00:00,stratolink-3-eu,EU,STALE,40.6167805,-5.3651522,10041.0,7,868100000.0,italr0005,40.954279046747715,-4.142631590366364,,-120.0,-5.5,False,109.55394938087446,110.09772524998161,4.739877231772101,5.725118207819173,False,EU868,False
2026-05-28 16:49:09.690791+00:00,stratolink-3-eu,EU,STALE,40.6167805,-5.3651522,10041.0,7,868100000.0,sg50-perte-malpica-07,,,,-118.0,-1.5,False,,,,,False,EU868,False
2026-05-28 16:49:09.690791+00:00,stratolink-3-eu,EU,STALE,40.6167805,-5.3651522,10041.0,7,868100000.0,sg50-perte-malpica-03,,,,-117.0,1.0,False,,,,,False,EU868,False
2026-05-28 16:49:09.690791+00:00,stratolink-3-eu,EU,STALE,40.6167805,-5.3651522,10041.0,7,868100000.0,mitigasmart-cc,,,,-117.0,-1.8,False,,,,,False,EU868,False
2026-05-28 16:49:09.690791+00:00,stratolink-3-eu,EU,STALE,40.6167805,-5.3651522,10041.0,7,868100000.0,cdtic-multitech-6,40.1338,-5.94651,300.0,-117.0,-4.2,False,72.86597304817914,73.57239619064259,7.2805384118292755,7.935836945677326,False,EU868,False
2026-05-28 16:49:09.690791+00:00,stratolink-3-eu,EU,STALE,40.6167805,-5.3651522,10041.0,7,868100000.0,cicytex-lo-04,,,,-117.0,-4.2,False,,,,,False,EU868,False
2026-05-28 16:49:09.690791+00:00,stratolink-3-eu,EU,STALE,40.6167805,-5.3651522,10041.0,7,868100000.0,ext-sg50-012,,,,-116.0,-1.5,False,,,,,False,EU868,False
2026-05-28 16:49:09.690791+00:00,stratolink-3-eu,EU,STALE,40.6167805,-5.3651522,10041.0,7,868100000.0,niharramikrotik,40.589325292876616,-4.838257133960725,1131.0,-111.0,1.75,False,44.586832700757554,45.506617620932495,11.090650577830829,11.491629043847636,False,EU868,False
2026-05-28 16:49:09.690791+00:00,stratolink-3-eu,EU,STALE,40.6167805,-5.3651522,10041.0,7,868100000.0,sg50-perte-malpica-05,,,,-116.0,0.2,False,,,,,False,EU868,False
2026-05-28 16:49:09.690791+00:00,stratolink-3-eu,EU,STALE,40.6167805,-5.3651522,10041.0,7,868100000.0,mtcdtip02-l4e1-5,,,,-115.0,-6.5,False,,,,,False,EU868,False
2026-05-28 16:49:09.690791+00:00,stratolink-3-eu,EU,STALE,40.6167805,-5.3651522,10041.0,7,868100000.0,mjv-casas,,,,-115.0,-1.2,False,,,,,False,EU868,False
2026-05-28 16:49:09.690791+00:00,stratolink-3-eu,EU,STALE,40.6167805,-5.3651522,10041.0,7,868100000.0,mtcdtip02-l4e1-13,,,,-113.0,-6.8,False,,,,,False,EU868,False
2026-05-28 16:49:09.690791+00:00,stratolink-3-eu,EU,STALE,40.6167805,-5.3651522,10041.0,7,868100000.0,mtcdtip02-l4e1-9,,,,-111.0,-7.0,False,,,,,False,EU868,False
2026-05-28 16:49:09.690791+00:00,stratolink-3-eu,EU,STALE,40.6167805,-5.3651522,10041.0,7,868100000.0,mvj-cabezuela,,,,-111.0,-0.8,False,,,,,False,EU868,False
2026-05-28 16:49:09.690791+00:00,stratolink-3-eu,EU,STALE,40.6167805,-5.3651522,10041.0,7,868100000.0,meceiot-004-5030354163554750,40.5481739449056,-5.16353885114368,1550.0,-101.0,9.0,False,18.657055203620104,20.513799226219007,24.367180637970016,24.534967334689014,False,EU868,False
2026-05-28 16:49:09.690791+00:00,stratolink-3-eu,EU,STALE,40.6167805,-5.3651522,10041.0,7,868100000.0,sg50-perte-malpica-01,,,,-116.0,-2.8,False,,,,,False,EU868,False
2026-05-28 16:54:17.602900+00:00,stratolink-3-eu,EU,STALE,40.6167805,-5.3651522,10041.0,7,868300000.0,ext-sg50-024,,,,-118.0,-4.0,False,,,,,False,EU868,False
2026-05-28 16:54:17.602900+00:00,stratolink-3-eu,EU,STALE,40.6167805,-5.3651522,10041.0,7,868300000.0,sg50-perte-malpica-07,,,,-118.0,-5.5,False,,,,,False,EU868,False
2026-05-28 16:54:17.602900+00:00,stratolink-3-eu,EU,STALE,40.6167805,-5.3651522,10041.0,7,868300000.0,sg50-perte-malpica-05,,,,-118.0,-6.2,False,,,,,False,EU868,False
2026-05-28 16:54:17.602900+00:00,stratolink-3-eu,EU,STALE,40.6167805,-5.3651522,10041.0,7,868300000.0,sg50-perte-malpica-03,,,,-118.0,-3.8,False,,,,,False,EU868,False
2026-05-28 16:54:17.602900+00:00,stratolink-3-eu,EU,STALE,40.6167805,-5.3651522,10041.0,7,868300000.0,packetbroker,,,,-120.0,-8.5,True,,,,,False,EU868,False
2026-05-28 16:54:17.602900+00:00,stratolink-3-eu,EU,STALE,40.6167805,-5.3651522,10041.0,7,868300000.0,ext-sg50-011,,,,-119.0,-8.0,False,,,,,False,EU868,False
2026-05-28 16:54:17.602900+00:00,stratolink-3-eu,EU,STALE,40.6167805,-5.3651522,10041.0,7,868300000.0,packetbroker,,,,-120.0,-9.25,True,,,,,False,EU868,False
2026-05-28 16:54:17.602900+00:00,stratolink-3-eu,EU,STALE,40.6167805,-5.3651522,10041.0,7,868300000.0,cdtic-multitech-6,40.1338,-5.94651,300.0,-115.0,0.2,False,72.86597304817914,73.57239619064259,7.2805384118292755,7.935836945677326,False,EU868,False
2026-05-28 16:54:17.602900+00:00,stratolink-3-eu,EU,STALE,40.6167805,-5.3651522,10041.0,7,868300000.0,ext-sg50-022,,,,-119.0,-4.5,False,,,,,False,EU868,False
2026-05-28 16:54:17.602900+00:00,stratolink-3-eu,EU,STALE,40.6167805,-5.3651522,10041.0,7,868300000.0,mtcdtip02-l4e1-5,,,,-115.0,-3.5,False,,,,,False,EU868,False
2026-05-28 16:54:17.602900+00:00,stratolink-3-eu,EU,STALE,40.6167805,-5.3651522,10041.0,7,868300000.0,antena-granjas-rendondo-01,,,,-126.0,-6.5,False,,,,,False,EU868,False
2026-05-28 16:54:17.602900+00:00,stratolink-3-eu,EU,STALE,40.6167805,-5.3651522,10041.0,7,868300000.0,cdtic-multitech-4,39.4920534590841,-6.57908320426941,391.0,-114.0,-5.8,False,162.2188422692926,162.63376769742686,2.671977788403793,4.130844870729713,False,EU868,False
2026-05-28 16:54:17.602900+00:00,stratolink-3-eu,EU,STALE,40.6167805,-5.3651522,10041.0,7,868300000.0,meceiot-004-5030354163554750,40.5481739449056,-5.16353885114368,1550.0,-103.0,7.75,False,18.657055203620104,20.513799226219007,24.367180637970016,24.534967334689014,False,EU868,False
2026-05-28 16:54:17.602900+00:00,stratolink-3-eu,EU,STALE,40.6167805,-5.3651522,10041.0,7,868300000.0,mvj-cabezuela,,,,-107.0,2.8,False,,,,,False,EU868,False
2026-05-28 16:54:17.602900+00:00,stratolink-3-eu,EU,STALE,40.6167805,-5.3651522,10041.0,7,868300000.0,cicytex-ic003,,,,-107.0,-3.0,False,,,,,False,EU868,False
2026-05-28 16:54:17.602900+00:00,stratolink-3-eu,EU,STALE,40.6167805,-5.3651522,10041.0,7,868300000.0,mtcdtip02-l4e1-9,,,,-110.0,-5.8,False,,,,,False,EU868,False
2026-05-28 16:54:17.602900+00:00,stratolink-3-eu,EU,STALE,40.6167805,-5.3651522,10041.0,7,868300000.0,packetbroker,40.962541751597406,-5.675446072867432,,-115.0,-4.25,True,46.481828411749355,47.58967951373884,11.97134843162481,12.389368979963564,False,EU868,False
2026-05-28 16:54:17.602900+00:00,stratolink-3-eu,EU,STALE,40.6167805,-5.3651522,10041.0,7,868300000.0,ext-sg50-018,,,,-113.0,-3.2,False,,,,,False,EU868,False
2026-05-28 16:54:17.602900+00:00,stratolink-3-eu,EU,STALE,40.6167805,-5.3651522,10041.0,7,868300000.0,mitigasmart-cc,,,,-113.0,3.2,False,,,,,False,EU868,False
2026-05-28 16:54:17.602900+00:00,stratolink-3-eu,EU,STALE,40.6167805,-5.3651522,10041.0,7,868300000.0,mjv-casas,,,,-114.0,1.0,False,,,,,False,EU868,False
2026-05-28 16:54:17.602900+00:00,stratolink-3-eu,EU,STALE,40.6167805,-5.3651522,10041.0,7,868300000.0,jfmateos-rak7250-rioseco,39.9775352459947,-6.04510360141884,,-112.0,-7.25,False,91.5297972820783,92.14979539827222,5.843856627845854,6.667002733679519,False,EU868,False
2026-05-28 16:59:25.685602+00:00,stratolink-3-eu,EU,STALE,40.6167805,-5.3651522,10041.0,7,868500000.0,mjv-casas,,,,-116.0,-6.2,False,,,,,False,EU868,False
2026-05-28 16:59:25.685602+00:00,stratolink-3-eu,EU,STALE,40.6167805,-5.3651522,10041.0,7,868500000.0,antena-granjas-rendondo-01,,,,-125.0,-5.25,False,,,,,False,EU868,False
2026-05-28 16:59:25.685602+00:00,stratolink-3-eu,EU,STALE,40.6167805,-5.3651522,10041.0,7,868500000.0,sg50-perte-malpica-03,,,,-119.0,-6.2,False,,,,,False,EU868,False
2026-05-28 16:59:25.685602+00:00,stratolink-3-eu,EU,STALE,40.6167805,-5.3651522,10041.0,7,868500000.0,ext-sg50-024,,,,-119.0,-7.5,False,,,,,False,EU868,False
2026-05-28 16:59:25.685602+00:00,stratolink-3-eu,EU,STALE,40.6167805,-5.3651522,10041.0,7,868500000.0,italr0005,40.954279046747715,-4.142631590366364,,-118.0,-4.75,False,109.55394938087446,110.09772524998161,4.739877231772101,5.725118207819173,False,EU868,False
2026-05-28 16:59:25.685602+00:00,stratolink-3-eu,EU,STALE,40.6167805,-5.3651522,10041.0,7,868500000.0,mitigasmart-cc,,,,-117.0,-4.0,False,,,,,False,EU868,False
2026-05-28 16:59:25.685602+00:00,stratolink-3-eu,EU,STALE,40.6167805,-5.3651522,10041.0,7,868500000.0,sg50-perte-malpica-07,,,,-117.0,-4.0,False,,,,,False,EU868,False
2026-05-28 16:59:25.685602+00:00,stratolink-3-eu,EU,STALE,40.6167805,-5.3651522,10041.0,7,868500000.0,sg50-perte-malpica-01,,,,-116.0,-5.5,False,,,,,False,EU868,False
2026-05-28 16:59:25.685602+00:00,stratolink-3-eu,EU,STALE,40.6167805,-5.3651522,10041.0,7,868500000.0,tidop-solar-milesight-001,40.6508109351282,-4.73721027374268,1115.0,-115.0,-0.2,False,53.123413710850265,53.91378870080428,9.290844824165632,9.768594501573,False,EU868,False
2026-05-28 16:59:25.685602+00:00,stratolink-3-eu,EU,STALE,40.6167805,-5.3651522,10041.0,7,868500000.0,mtcdtip-l4e1-868-dattera-2,40.31007631707678,-3.733453631302837,,-115.0,-6.5,False,142.18885910933892,142.651732551855,3.3966665657099857,4.6753999306278375,False,EU868,False
2026-05-28 16:59:25.685602+00:00,stratolink-3-eu,EU,STALE,40.6167805,-5.3651522,10041.0,7,868500000.0,cdtic-multitech-6,40.1338,-5.94651,300.0,-115.0,-5.8,False,72.86597304817914,73.57239619064259,7.2805384118292755,7.935836945677326,False,EU868,False
2026-05-28 16:59:25.685602+00:00,stratolink-3-eu,EU,STALE,40.6167805,-5.3651522,10041.0,7,868500000.0,packetbroker,41.62916384851624,-4.713819387616739,,-115.0,-7.5,True,125.09494139429428,125.59349358378952,4.022876693493797,5.147880975441951,False,EU868,False
2026-05-28 16:59:25.685602+00:00,stratolink-3-eu,EU,STALE,40.6167805,-5.3651522,10041.0,7,868500000.0,sg50-perte-malpica-06,,,,-114.0,-8.2,False,,,,,False,EU868,False
2026-05-28 16:59:25.685602+00:00,stratolink-3-eu,EU,STALE,40.6167805,-5.3651522,10041.0,7,868500000.0,italr0001,41.70253250763931,-4.708266556262971,765.0,-114.0,-4.75,False,132.66355524849865,133.09725946497062,3.3996249535766814,4.592695321167165,False,EU868,False
2026-05-28 16:59:25.685602+00:00,stratolink-3-eu,EU,STALE,40.6167805,-5.3651522,10041.0,7,868500000.0,packetbroker,40.962541751597406,-5.675446072867432,,-111.0,-4.5,True,46.481828411749355,47.58967951373884,11.97134843162481,12.389368979963564,False,EU868,False
2026-05-28 16:59:25.685602+00:00,stratolink-3-eu,EU,STALE,40.6167805,-5.3651522,10041.0,7,868500000.0,mvj-cabezuela,,,,-111.0,,False,,,,,False,EU868,False
2026-05-28 16:59:25.685602+00:00,stratolink-3-eu,EU,STALE,40.6167805,-5.3651522,10041.0,7,868500000.0,niharramikrotik,40.589325292876616,-4.838257133960725,1131.0,-109.0,1.25,False,44.586832700757554,45.506617620932495,11.090650577830829,11.491629043847636,False,EU868,False
2026-05-28 16:59:25.685602+00:00,stratolink-3-eu,EU,STALE,40.6167805,-5.3651522,10041.0,7,868500000.0,cicytex-ic003,,,,-108.0,-8.2,False,,,,,False,EU868,False
2026-05-28 16:59:25.685602+00:00,stratolink-3-eu,EU,STALE,40.6167805,-5.3651522,10041.0,7,868500000.0,meceiot-004-5030354163554750,40.5481739449056,-5.16353885114368,1550.0,-104.0,6.0,False,18.657055203620104,20.513799226219007,24.367180637970016,24.534967334689014,False,EU868,False
2026-05-28 17:04:33.698437+00:00,stratolink-3-eu,EU,STALE,40.6167805,-5.3651522,10041.0,7,868100000.0,ext-sg50-027,,,,-116.0,-8.8,False,,,,,False,EU868,False
2026-05-28 17:04:33.698437+00:00,stratolink-3-eu,EU,STALE,40.6167805,-5.3651522,10041.0,7,868100000.0,sg50-perte-malpica-01,,,,-116.0,-3.0,False,,,,,False,EU868,False
2026-05-28 17:04:33.698437+00:00,stratolink-3-eu,EU,STALE,40.6167805,-5.3651522,10041.0,7,868100000.0,rio-tormes-1b,40.968865323719,-5.64232170581818,940.0,-118.0,-7.5,False,45.57580861167552,46.51402263216776,11.078355455697954,11.48822798347631,False,EU868,False
2026-05-28 17:04:33.698437+00:00,stratolink-3-eu,EU,STALE,40.6167805,-5.3651522,10041.0,7,868100000.0,ext-sg50-024,,,,-118.0,-4.5,False,,,,,False,EU868,False
2026-05-28 17:04:33.698437+00:00,stratolink-3-eu,EU,STALE,40.6167805,-5.3651522,10041.0,7,868100000.0,antena-granjas-rendondo-01,,,,-129.0,-8.5,False,,,,,False,EU868,False
2026-05-28 17:04:33.698437+00:00,stratolink-3-eu,EU,STALE,40.6167805,-5.3651522,10041.0,7,868100000.0,ext-sg50-022,,,,-120.0,-4.5,False,,,,,False,EU868,False
2026-05-28 17:04:33.698437+00:00,stratolink-3-eu,EU,STALE,40.6167805,-5.3651522,10041.0,7,868100000.0,sg50-eui-c0ba1ffffe004945,,,,-120.0,-8.2,False,,,,,False,EU868,False
2026-05-28 17:04:33.698437+00:00,stratolink-3-eu,EU,STALE,40.6167805,-5.3651522,10041.0,7,868100000.0,ext-sg50-011,,,,-120.0,-7.2,False,,,,,False,EU868,False
2026-05-28 17:04:33.698437+00:00,stratolink-3-eu,EU,STALE,40.6167805,-5.3651522,10041.0,7,868100000.0,sg50-perte-malpica-07,,,,-115.0,1.2,False,,,,,False,EU868,False
2026-05-28 17:04:33.698437+00:00,stratolink-3-eu,EU,STALE,40.6167805,-5.3651522,10041.0,7,868100000.0,tef-mls-01,40.108033,-6.632828,297.0,-119.0,-5.8,False,121.39096260391368,121.8777136149058,4.03957827199125,5.131271918409763,False,EU868,False
2026-05-28 17:04:33.698437+00:00,stratolink-3-eu,EU,STALE,40.6167805,-5.3651522,10041.0,7,868100000.0,niharramikrotik,40.589325292876616,-4.838257133960725,1131.0,-115.0,1.0,False,44.586832700757554,45.506617620932495,11.090650577830829,11.491629043847636,False,EU868,False
2026-05-28 17:04:33.698437+00:00,stratolink-3-eu,EU,STALE,40.6167805,-5.3651522,10041.0,7,868100000.0,italr0005,40.954279046747715,-4.142631590366364,,-122.0,-8.5,False,109.55394938087446,110.09772524998161,4.739877231772101,5.725118207819173,False,EU868,False
2026-05-28 17:04:33.698437+00:00,stratolink-3-eu,EU,STALE,40.6167805,-5.3651522,10041.0,7,868100000.0,ext-sg50-018,,,,-114.0,-3.5,False,,,,,False,EU868,False
2026-05-28 17:04:33.698437+00:00,stratolink-3-eu,EU,STALE,40.6167805,-5.3651522,10041.0,7,868100000.0,meceiot-004-5030354163554750,40.5481739449056,-5.16353885114368,1550.0,-105.0,6.75,False,18.657055203620104,20.513799226219007,24.367180637970016,24.534967334689014,False,EU868,False
2026-05-28 17:04:33.698437+00:00,stratolink-3-eu,EU,STALE,40.6167805,-5.3651522,10041.0,7,868100000.0,mitigasmart-cc,,,,-114.0,2.8,False,,,,,False,EU868,False
2026-05-28 17:04:33.698437+00:00,stratolink-3-eu,EU,STALE,40.6167805,-5.3651522,10041.0,7,868100000.0,mvj-cabezuela,,,,-110.0,4.8,False,,,,,False,EU868,False
2026-05-28 17:04:33.698437+00:00,stratolink-3-eu,EU,STALE,40.6167805,-5.3651522,10041.0,7,868100000.0,mtcdtip02-l4e1-9,,,,-111.0,-7.2,False,,,,,False,EU868,False
2026-05-28 17:04:33.698437+00:00,stratolink-3-eu,EU,STALE,40.6167805,-5.3651522,10041.0,7,868100000.0,packetbroker,40.962541751597406,-5.675446072867432,,-112.0,0.75,True,46.481828411749355,47.58967951373884,11.97134843162481,12.389368979963564,False,EU868,False
2026-05-28 17:04:33.698437+00:00,stratolink-3-eu,EU,STALE,40.6167805,-5.3651522,10041.0,7,868100000.0,cicytex-ic003,,,,-108.0,-2.2,False,,,,,False,EU868,False
2026-05-28 17:04:33.698437+00:00,stratolink-3-eu,EU,STALE,40.6167805,-5.3651522,10041.0,7,868100000.0,mjv-casas,,,,-113.0,2.0,False,,,,,False,EU868,False
2026-05-28 17:04:33.698437+00:00,stratolink-3-eu,EU,STALE,40.6167805,-5.3651522,10041.0,7,868100000.0,cdtic-multitech-6,40.1338,-5.94651,300.0,-113.0,1.5,False,72.86597304817914,73.57239619064259,7.2805384118292755,7.935836945677326,False,EU868,False
2026-05-28 17:04:33.698437+00:00,stratolink-3-eu,EU,STALE,40.6167805,-5.3651522,10041.0,7,868100000.0,sg50-perte-malpica-04,,,,-113.0,-8.8,False,,,,,False,EU868,False
2026-05-28 17:04:33.698437+00:00,stratolink-3-eu,EU,STALE,40.6167805,-5.3651522,10041.0,7,868100000.0,mtcdtip02-l4e1-13,,,,-114.0,-6.0,False,,,,,False,EU868,False
2026-05-28 17:04:33.698437+00:00,stratolink-3-eu,EU,STALE,40.6167805,-5.3651522,10041.0,7,868100000.0,ext-sg50-012,,,,-112.0,4.8,False,,,,,False,EU868,False
2026-05-28 17:09:35.131401+00:00,stratolink-3-eu,EU,FRESH,40.6167805,-5.3064298,10020.0,7,868300000.0,mitigasmart-cc,,,,-117.0,-3.2,False,,,,,True,EU868,False
2026-05-28 17:09:35.131401+00:00,stratolink-3-eu,EU,FRESH,40.6167805,-5.3064298,10020.0,7,868300000.0,antena-granjas-rendondo-01,,,,-126.0,-6.25,False,,,,,True,EU868,False
2026-05-28 17:09:35.131401+00:00,stratolink-3-eu,EU,FRESH,40.6167805,-5.3064298,10020.0,7,868300000.0,sg50-perte-malpica-03,,,,-120.0,-8.8,False,,,,,True,EU868,False
2026-05-28 17:09:35.131401+00:00,stratolink-3-eu,EU,FRESH,40.6167805,-5.3064298,10020.0,7,868300000.0,packetbroker,,,,-119.0,-6.5,True,,,,,True,EU868,False
2026-05-28 17:09:35.131401+00:00,stratolink-3-eu,EU,FRESH,40.6167805,-5.3064298,10020.0,7,868300000.0,sg50-perte-malpica-07,,,,-118.0,-3.5,False,,,,,True,EU868,False
2026-05-28 17:09:35.131401+00:00,stratolink-3-eu,EU,FRESH,40.6167805,-5.3064298,10020.0,7,868300000.0,italr0005,40.954279046747715,-4.142631590366364,,-117.0,-3.0,False,104.92288364727054,105.48116801688116,4.978950085263864,5.922542944110421,True,EU868,False
2026-05-28 17:09:35.131401+00:00,stratolink-3-eu,EU,FRESH,40.6167805,-5.3064298,10020.0,7,868300000.0,italr0001,41.70253250763931,-4.708266556262971,765.0,-116.0,-6.25,False,130.70254908906736,131.1378405173221,3.4590601369101686,4.634494776774986,True,EU868,False
2026-05-28 17:09:35.131401+00:00,stratolink-3-eu,EU,FRESH,40.6167805,-5.3064298,10020.0,7,868300000.0,niharramikrotik,40.589325292876616,-4.838257133960725,1131.0,-113.0,,False,39.642397204368436,40.66054505132905,12.44937280360522,12.805884954332587,True,EU868,False
2026-05-28 17:09:35.131401+00:00,stratolink-3-eu,EU,FRESH,40.6167805,-5.3064298,10020.0,7,868300000.0,mvj-cabezuela,,,,-111.0,0.5,False,,,,,True,EU868,False
2026-05-28 17:09:35.131401+00:00,stratolink-3-eu,EU,FRESH,40.6167805,-5.3064298,10020.0,7,868300000.0,packetbroker,40.962541751597406,-5.675446072867432,,-110.0,2.0,True,49.42956609121295,50.47289172308707,11.228214359261331,11.672744512820563,True,EU868,False
2026-05-28 17:09:35.131401+00:00,stratolink-3-eu,EU,FRESH,40.6167805,-5.3064298,10020.0,7,868300000.0,ext-sg50-012,,,,-109.0,-9.5,False,,,,,True,EU868,False
2026-05-28 17:09:35.131401+00:00,stratolink-3-eu,EU,FRESH,40.6167805,-5.3064298,10020.0,7,868300000.0,packetbroker,40.962758045083945,-5.675633842073217,,-109.0,-0.5,True,49.45817628546291,50.50095462044331,11.221636675069771,11.666424125931085,True,EU868,False
2026-05-28 17:09:35.131401+00:00,stratolink-3-eu,EU,FRESH,40.6167805,-5.3064298,10020.0,7,868300000.0,cicytex-ic003,,,,-107.0,-5.2,False,,,,,True,EU868,False
2026-05-28 17:09:35.131401+00:00,stratolink-3-eu,EU,FRESH,40.6167805,-5.3064298,10020.0,7,868300000.0,meceiot-004-5030354163554750,40.5481739449056,-5.16353885114368,1550.0,-105.0,6.0,False,14.276232992618963,16.6108955026454,30.593371717904557,30.721760788380333,True,EU868,False
2026-05-28 17:09:35.131401+00:00,stratolink-3-eu,EU,FRESH,40.6167805,-5.3064298,10020.0,7,868300000.0,tidop-solar-milesight-001,40.6508109351282,-4.73721027374268,1115.0,-114.0,2.2,False,48.18205995399725,49.03934060762802,10.245591347385094,10.6789024242132,True,EU868,False
2026-05-28 17:14:41.657506+00:00,stratolink-3-eu,EU,FRESH,40.5472281,-5.3064298,10020.0,7,868500000.0,ext-sg50-012,,,,-114.0,-0.2,False,,,,,True,EU868,False
2026-05-28 17:14:41.657506+00:00,stratolink-3-eu,EU,FRESH,40.5472281,-5.3064298,10020.0,7,868500000.0,sg50-perte-malpica-07,,,,-115.0,,False,,,,,True,EU868,False
2026-05-28 17:14:41.657506+00:00,stratolink-3-eu,EU,FRESH,40.5472281,-5.3064298,10020.0,7,868500000.0,mitigasmart-cc,,,,-116.0,-2.2,False,,,,,True,EU868,False
2026-05-28 17:14:41.657506+00:00,stratolink-3-eu,EU,FRESH,40.5472281,-5.3064298,10020.0,7,868500000.0,cicytex-unex-1,,,,-116.0,-5.0,False,,,,,True,EU868,False
2026-05-28 17:14:41.657506+00:00,stratolink-3-eu,EU,FRESH,40.5472281,-5.3064298,10020.0,7,868500000.0,sg50-perte-malpica-01,,,,-116.0,-3.5,False,,,,,True,EU868,False
2026-05-28 17:14:41.657506+00:00,stratolink-3-eu,EU,FRESH,40.5472281,-5.3064298,10020.0,7,868500000.0,ext-sg50-022,,,,-119.0,-9.2,False,,,,,True,EU868,False
2026-05-28 17:14:41.657506+00:00,stratolink-3-eu,EU,FRESH,40.5472281,-5.3064298,10020.0,7,868500000.0,ext-sg50-023,,,,-118.0,-5.8,False,,,,,True,EU868,False
2026-05-28 17:14:41.657506+00:00,stratolink-3-eu,EU,FRESH,40.5472281,-5.3064298,10020.0,7,868500000.0,ext-sg50-024,,,,-119.0,-8.0,False,,,,,True,EU868,False
2026-05-28 17:14:41.657506+00:00,stratolink-3-eu,EU,FRESH,40.5472281,-5.3064298,10020.0,7,868500000.0,ext-sg50-011,,,,-119.0,-8.0,False,,,,,True,EU868,False
2026-05-28 17:14:41.657506+00:00,stratolink-3-eu,EU,FRESH,40.5472281,-5.3064298,10020.0,7,868500000.0,antena-granjas-rendondo-01,,,,-120.0,-0.5,False,,,,,True,EU868,False
2026-05-28 17:14:41.657506+00:00,stratolink-3-eu,EU,FRESH,40.5472281,-5.3064298,10020.0,7,868500000.0,sg50-perte-malpica-06,,,,-114.0,-6.2,False,,,,,True,EU868,False
2026-05-28 17:14:41.657506+00:00,stratolink-3-eu,EU,FRESH,40.5472281,-5.3064298,10020.0,7,868500000.0,niharramikrotik,40.589325292876616,-4.838257133960725,1131.0,-111.0,0.25,False,39.82130859823407,40.83529945332661,12.393641476644039,12.75176261396802,True,EU868,False
2026-05-28 17:14:41.657506+00:00,stratolink-3-eu,EU,FRESH,40.5472281,-5.3064298,10020.0,7,868500000.0,cicytex-lo-04,,,,-114.0,-6.5,False,,,,,True,EU868,False
2026-05-28 17:14:41.657506+00:00,stratolink-3-eu,EU,FRESH,40.5472281,-5.3064298,10020.0,7,868500000.0,mjv-casas,,,,-114.0,0.2,False,,,,,True,EU868,False
2026-05-28 17:14:41.657506+00:00,stratolink-3-eu,EU,FRESH,40.5472281,-5.3064298,10020.0,7,868500000.0,ext-sg50-018,,,,-113.0,-6.0,False,,,,,True,EU868,False
2026-05-28 17:14:41.657506+00:00,stratolink-3-eu,EU,FRESH,40.5472281,-5.3064298,10020.0,7,868500000.0,mtcdtip02-l4e1-13,,,,-113.0,-5.8,False,,,,,True,EU868,False
2026-05-28 17:14:41.657506+00:00,stratolink-3-eu,EU,FRESH,40.5472281,-5.3064298,10020.0,7,868500000.0,packetbroker,40.962541751597406,-5.675446072867432,,-111.0,-0.5,True,55.666778009165405,56.60427942014389,9.945729341319057,10.446352011784558,True,EU868,False
2026-05-28 17:14:41.657506+00:00,stratolink-3-eu,EU,FRESH,40.5472281,-5.3064298,10020.0,7,868500000.0,mtcdtip02-l4e1-9,,,,-110.0,-6.5,False,,,,,True,EU868,False
2026-05-28 17:14:41.657506+00:00,stratolink-3-eu,EU,FRESH,40.5472281,-5.3064298,10020.0,7,868500000.0,cicytex-ic003,,,,-107.0,-4.0,False,,,,,True,EU868,False
2026-05-28 17:14:41.657506+00:00,stratolink-3-eu,EU,FRESH,40.5472281,-5.3064298,10020.0,7,868500000.0,mvj-cabezuela,,,,-107.0,3.0,False,,,,,True,EU868,False
2026-05-28 17:14:41.657506+00:00,stratolink-3-eu,EU,FRESH,40.5472281,-5.3064298,10020.0,7,868500000.0,meceiot-004-5030354163554750,40.5481739449056,-5.16353885114368,1550.0,-104.0,6.0,False,12.073777545940104,14.757430378604898,34.971695374065966,35.08027731420747,True,EU868,False
2026-05-28 17:14:41.657506+00:00,stratolink-3-eu,EU,FRESH,40.5472281,-5.3064298,10020.0,7,868500000.0,cdtic-multitech-6,40.1338,-5.94651,300.0,-114.0,-6.2,False,71.10762504138638,71.82555893159963,7.457714989649325,8.097200341807799,True,EU868,False
2026-05-28 17:19:49.822819+00:00,stratolink-3-eu,EU,STALE,40.5472281,-5.3064298,10020.0,7,868100000.0,cicytex-unex-1,,,,-115.0,-1.8,False,,,,,False,EU868,False
2026-05-28 17:19:49.822819+00:00,stratolink-3-eu,EU,STALE,40.5472281,-5.3064298,10020.0,7,868100000.0,mtcdtip02-l4e1-13,,,,-115.0,-7.2,False,,,,,False,EU868,False
2026-05-28 17:19:49.822819+00:00,stratolink-3-eu,EU,STALE,40.5472281,-5.3064298,10020.0,7,868100000.0,ext-sg50-027,,,,-116.0,-9.0,False,,,,,False,EU868,False
2026-05-28 17:19:49.822819+00:00,stratolink-3-eu,EU,STALE,40.5472281,-5.3064298,10020.0,7,868100000.0,sg50-perte-malpica-07,,,,-116.0,0.5,False,,,,,False,EU868,False
2026-05-28 17:19:49.822819+00:00,stratolink-3-eu,EU,STALE,40.5472281,-5.3064298,10020.0,7,868100000.0,packetbroker,40.962758045083945,-5.675633842073217,,-117.0,-5.5,True,55.695533089317976,56.63260259193401,9.940446205889119,10.441327476645695,False,EU868,False
2026-05-28 17:19:49.822819+00:00,stratolink-3-eu,EU,STALE,40.5472281,-5.3064298,10020.0,7,868100000.0,cdtic-multitech-5,40.0702558044694,-6.65818959474564,300.0,-117.0,-9.0,False,126.29498961658342,126.76836320695537,3.8293714163096775,4.965167976295219,False,EU868,False
2026-05-28 17:19:49.822819+00:00,stratolink-3-eu,EU,STALE,40.5472281,-5.3064298,10020.0,7,868100000.0,ext-sg50-022,,,,-120.0,-4.5,False,,,,,False,EU868,False
2026-05-28 17:19:49.822819+00:00,stratolink-3-eu,EU,STALE,40.5472281,-5.3064298,10020.0,7,868100000.0,ext-sg50-026,,,,-118.0,-10.0,False,,,,,False,EU868,False
2026-05-28 17:19:49.822819+00:00,stratolink-3-eu,EU,STALE,40.5472281,-5.3064298,10020.0,7,868100000.0,sg50-perte-malpica-05,,,,-118.0,-4.0,False,,,,,False,EU868,False
2026-05-28 17:19:49.822819+00:00,stratolink-3-eu,EU,STALE,40.5472281,-5.3064298,10020.0,7,868100000.0,tef-mls-01,40.108033,-6.632828,297.0,-119.0,-6.2,False,122.58513406003775,123.06714824984985,3.9799860705772456,5.082419144078481,False,EU868,False
2026-05-28 17:19:49.822819+00:00,stratolink-3-eu,EU,STALE,40.5472281,-5.3064298,10020.0,7,868100000.0,italr0005,40.954279046747715,-4.142631590366364,,-123.0,-9.5,False,107.97738106666701,108.52452519151635,4.811905683303888,5.782968259452956,False,EU868,False
2026-05-28 17:19:49.822819+00:00,stratolink-3-eu,EU,STALE,40.5472281,-5.3064298,10020.0,7,868100000.0,cicytex-unex-2,,,,-115.0,-5.2,False,,,,,False,EU868,False
2026-05-28 17:19:49.822819+00:00,stratolink-3-eu,EU,STALE,40.5472281,-5.3064298,10020.0,7,868100000.0,sg50-perte-malpica-01,,,,-117.0,-5.0,False,,,,,False,EU868,False
2026-05-28 17:19:49.822819+00:00,stratolink-3-eu,EU,STALE,40.5472281,-5.3064298,10020.0,7,868100000.0,niharramikrotik,40.589325292876616,-4.838257133960725,1131.0,-115.0,-1.0,False,39.82130859823407,40.83529945332661,12.393641476644039,12.75176261396802,False,EU868,False
2026-05-28 17:19:49.822819+00:00,stratolink-3-eu,EU,STALE,40.5472281,-5.3064298,10020.0,7,868100000.0,ext-sg50-011,,,,-120.0,-6.8,False,,,,,False,EU868,False
2026-05-28 17:19:49.822819+00:00,stratolink-3-eu,EU,STALE,40.5472281,-5.3064298,10020.0,7,868100000.0,mitigasmart-cc,,,,-114.0,2.8,False,,,,,False,EU868,False
2026-05-28 17:19:49.822819+00:00,stratolink-3-eu,EU,STALE,40.5472281,-5.3064298,10020.0,7,868100000.0,meceiot-004-5030354163554750,40.5481739449056,-5.16353885114368,1550.0,-107.0,6.0,False,12.073777545940104,14.757430378604898,34.971695374065966,35.08027731420747,False,EU868,False
2026-05-28 17:19:49.822819+00:00,stratolink-3-eu,EU,STALE,40.5472281,-5.3064298,10020.0,7,868100000.0,sg50-perte-malpica-06,,,,-114.0,-6.8,False,,,,,False,EU868,False
2026-05-28 17:19:49.822819+00:00,stratolink-3-eu,EU,STALE,40.5472281,-5.3064298,10020.0,7,868100000.0,cicytex-ic003,,,,-108.0,-2.5,False,,,,,False,EU868,False
2026-05-28 17:19:49.822819+00:00,stratolink-3-eu,EU,STALE,40.5472281,-5.3064298,10020.0,7,868100000.0,mtcdtip02-l4e1-9,,,,-111.0,-2.5,False,,,,,False,EU868,False
2026-05-28 17:19:49.822819+00:00,stratolink-3-eu,EU,STALE,40.5472281,-5.3064298,10020.0,7,868100000.0,tidop-solar-milesight-001,40.6508109351282,-4.73721027374268,1115.0,-111.0,6.0,False,49.41918209700235,50.257451865421714,9.983695305347146,10.428132073532074,False,EU868,False
2026-05-28 17:19:49.822819+00:00,stratolink-3-eu,EU,STALE,40.5472281,-5.3064298,10020.0,7,868100000.0,cdtic-multitech-6,40.1338,-5.94651,300.0,-112.0,-0.5,False,71.10762504138638,71.82555893159963,7.457714989649325,8.097200341807799,False,EU868,False
2026-05-28 17:19:49.822819+00:00,stratolink-3-eu,EU,STALE,40.5472281,-5.3064298,10020.0,7,868100000.0,mvj-cabezuela,,,,-108.0,4.0,False,,,,,False,EU868,False
2026-05-28 17:19:49.822819+00:00,stratolink-3-eu,EU,STALE,40.5472281,-5.3064298,10020.0,7,868100000.0,jfmateos-rak7250-rioseco,39.9775352459947,-6.04510360141884,,-113.0,-6.5,False,89.11376965523327,89.74421587734176,6.009610470645406,6.811028748038283,False,EU868,False
2026-05-28 17:19:49.822819+00:00,stratolink-3-eu,EU,STALE,40.5472281,-5.3064298,10020.0,7,868100000.0,mjv-casas,,,,-114.0,2.0,False,,,,,False,EU868,False
2026-05-28 17:19:49.822819+00:00,stratolink-3-eu,EU,STALE,40.5472281,-5.3064298,10020.0,7,868100000.0,mtcdtip02-l4e1-7,,,,-114.0,-7.5,False,,,,,False,EU868,False
2026-05-28 17:19:49.822819+00:00,stratolink-3-eu,EU,STALE,40.5472281,-5.3064298,10020.0,7,868100000.0,packetbroker,40.962541751597406,-5.675446072867432,,-114.0,0.75,True,55.666778009165405,56.60427942014389,9.945729341319057,10.446352011784558,False,EU868,False
2026-05-28 17:19:49.822819+00:00,stratolink-3-eu,EU,STALE,40.5472281,-5.3064298,10020.0,7,868100000.0,ext-sg50-018,,,,-114.0,-4.2,False,,,,,False,EU868,False
2026-05-28 17:19:49.822819+00:00,stratolink-3-eu,EU,STALE,40.5472281,-5.3064298,10020.0,7,868100000.0,ext-sg50-012,,,,-112.0,3.0,False,,,,,False,EU868,False
2026-05-28 17:24:57.657446+00:00,stratolink-3-eu,EU,STALE,40.5472281,-5.3064298,10020.0,7,868300000.0,packetbroker,,,,-117.0,-7.75,True,,,,,False,EU868,False
2026-05-28 17:24:57.657446+00:00,stratolink-3-eu,EU,STALE,40.5472281,-5.3064298,10020.0,7,868300000.0,antena-granjas-rendondo-01,,,,-126.0,-7.25,False,,,,,False,EU868,False
2026-05-28 17:24:57.657446+00:00,stratolink-3-eu,EU,STALE,40.5472281,-5.3064298,10020.0,7,868300000.0,italr0005,40.954279046747715,-4.142631590366364,,-121.0,-7.75,False,107.97738106666701,108.52452519151635,4.811905683303888,5.782968259452956,False,EU868,False
2026-05-28 17:24:57.657446+00:00,stratolink-3-eu,EU,STALE,40.5472281,-5.3064298,10020.0,7,868300000.0,sg50-perte-malpica-03,,,,-120.0,-7.5,False,,,,,False,EU868,False
2026-05-28 17:24:57.657446+00:00,stratolink-3-eu,EU,STALE,40.5472281,-5.3064298,10020.0,7,868300000.0,ext-sg50-022,,,,-120.0,-5.8,False,,,,,False,EU868,False
2026-05-28 17:24:57.657446+00:00,stratolink-3-eu,EU,STALE,40.5472281,-5.3064298,10020.0,7,868300000.0,ext-sg50-024,,,,-119.0,-7.2,False,,,,,False,EU868,False
2026-05-28 17:24:57.657446+00:00,stratolink-3-eu,EU,STALE,40.5472281,-5.3064298,10020.0,7,868300000.0,sg50-perte-malpica-07,,,,-117.0,-3.2,False,,,,,False,EU868,False
2026-05-28 17:24:57.657446+00:00,stratolink-3-eu,EU,STALE,40.5472281,-5.3064298,10020.0,7,868300000.0,mitigasmart-cc,,,,-117.0,-3.0,False,,,,,False,EU868,False
2026-05-28 17:24:57.657446+00:00,stratolink-3-eu,EU,STALE,40.5472281,-5.3064298,10020.0,7,868300000.0,mjv-casas,,,,-115.0,,False,,,,,False,EU868,False
2026-05-28 17:24:57.657446+00:00,stratolink-3-eu,EU,STALE,40.5472281,-5.3064298,10020.0,7,868300000.0,sg50-perte-malpica-05,,,,-119.0,-9.5,False,,,,,False,EU868,False
2026-05-28 17:24:57.657446+00:00,stratolink-3-eu,EU,STALE,40.5472281,-5.3064298,10020.0,7,868300000.0,tidop-solar-milesight-001,40.6508109351282,-4.73721027374268,1115.0,-113.0,3.0,False,49.41918209700235,50.257451865421714,9.983695305347146,10.428132073532074,False,EU868,False
2026-05-28 17:24:57.657446+00:00,stratolink-3-eu,EU,STALE,40.5472281,-5.3064298,10020.0,7,868300000.0,cdtic-multitech-6,40.1338,-5.94651,300.0,-114.0,-3.0,False,71.10762504138638,71.82555893159963,7.457714989649325,8.097200341807799,False,EU868,False
2026-05-28 17:24:57.657446+00:00,stratolink-3-eu,EU,STALE,40.5472281,-5.3064298,10020.0,7,868300000.0,cicytex-ic003,,,,-108.0,-5.0,False,,,,,False,EU868,False
2026-05-28 17:24:57.657446+00:00,stratolink-3-eu,EU,STALE,40.5472281,-5.3064298,10020.0,7,868300000.0,mtcdtip02-l4e1-9,,,,-110.0,-3.8,False,,,,,False,EU868,False
2026-05-28 17:24:57.657446+00:00,stratolink-3-eu,EU,STALE,40.5472281,-5.3064298,10020.0,7,868300000.0,mvj-cabezuela,,,,-111.0,1.5,False,,,,,False,EU868,False
2026-05-28 17:24:57.657446+00:00,stratolink-3-eu,EU,STALE,40.5472281,-5.3064298,10020.0,7,868300000.0,meceiot-004-5030354163554750,40.5481739449056,-5.16353885114368,1550.0,-105.0,6.0,False,12.073777545940104,14.757430378604898,34.971695374065966,35.08027731420747,False,EU868,False
2026-05-28 17:24:57.657446+00:00,stratolink-3-eu,EU,STALE,40.5472281,-5.3064298,10020.0,7,868300000.0,lora-more,41.81858911263017,-6.7508557295156235,674.0,-113.0,-7.8,False,185.99648253273827,186.38039717600506,2.037629856027187,3.710334099255653,False,EU868,False
2026-05-28 17:24:57.657446+00:00,stratolink-3-eu,EU,STALE,40.5472281,-5.3064298,10020.0,7,868300000.0,niharramikrotik,40.589325292876616,-4.838257133960725,1131.0,-113.0,-2.5,False,39.82130859823407,40.83529945332661,12.393641476644039,12.75176261396802,False,EU868,False
2026-05-28 17:24:57.657446+00:00,stratolink-3-eu,EU,STALE,40.5472281,-5.3064298,10020.0,7,868300000.0,packetbroker,40.962541751597406,-5.675446072867432,,-113.0,-0.75,True,55.666778009165405,56.60427942014389,9.945729341319057,10.446352011784558,False,EU868,False
2026-05-28 17:30:05.556686+00:00,stratolink-3-eu,EU,STALE,40.5472281,-5.3064298,10020.0,7,868500000.0,sg50-perte-malpica-03,,,,-117.0,-0.5,False,,,,,False,EU868,False
2026-05-28 17:30:05.556686+00:00,stratolink-3-eu,EU,STALE,40.5472281,-5.3064298,10020.0,7,868500000.0,mitigasmart-cc,,,,-117.0,-6.0,False,,,,,False,EU868,False
2026-05-28 17:30:05.556686+00:00,stratolink-3-eu,EU,STALE,40.5472281,-5.3064298,10020.0,7,868500000.0,packetbroker,,,,-117.0,-8.0,True,,,,,False,EU868,False
2026-05-28 17:30:05.556686+00:00,stratolink-3-eu,EU,STALE,40.5472281,-5.3064298,10020.0,7,868500000.0,sg50-perte-malpica-05,,,,-116.0,-0.5,False,,,,,False,EU868,False
2026-05-28 17:30:05.556686+00:00,stratolink-3-eu,EU,STALE,40.5472281,-5.3064298,10020.0,7,868500000.0,italr0005,40.954279046747715,-4.142631590366364,,-116.0,-2.25,False,107.97738106666701,108.52452519151635,4.811905683303888,5.782968259452956,False,EU868,False
2026-05-28 17:30:05.556686+00:00,stratolink-3-eu,EU,STALE,40.5472281,-5.3064298,10020.0,7,868500000.0,sg50-perte-malpica-07,,,,-115.0,0.8,False,,,,,False,EU868,False
2026-05-28 17:30:05.556686+00:00,stratolink-3-eu,EU,STALE,40.5472281,-5.3064298,10020.0,7,868500000.0,cicytex-unex-1,,,,-115.0,-6.0,False,,,,,False,EU868,False
2026-05-28 17:30:05.556686+00:00,stratolink-3-eu,EU,STALE,40.5472281,-5.3064298,10020.0,7,868500000.0,antena-granjas-rendondo-01,,,,-122.0,-3.0,False,,,,,False,EU868,False
2026-05-28 17:30:05.556686+00:00,stratolink-3-eu,EU,STALE,40.5472281,-5.3064298,10020.0,7,868500000.0,cdtic-multitech-6,40.1338,-5.94651,300.0,-115.0,-5.8,False,71.10762504138638,71.82555893159963,7.457714989649325,8.097200341807799,False,EU868,False
2026-05-28 17:30:05.556686+00:00,stratolink-3-eu,EU,STALE,40.5472281,-5.3064298,10020.0,7,868500000.0,ext-sg50-012,,,,-114.0,1.0,False,,,,,False,EU868,False
2026-05-28 17:30:05.556686+00:00,stratolink-3-eu,EU,STALE,40.5472281,-5.3064298,10020.0,7,868500000.0,sg50-perte-malpica-04,,,,-114.0,-6.0,False,,,,,False,EU868,False
2026-05-28 17:30:05.556686+00:00,stratolink-3-eu,EU,STALE,40.5472281,-5.3064298,10020.0,7,868500000.0,tidop-solar-milesight-001,40.6508109351282,-4.73721027374268,1115.0,-114.0,2.0,False,49.41918209700235,50.257451865421714,9.983695305347146,10.428132073532074,False,EU868,False
2026-05-28 17:30:05.556686+00:00,stratolink-3-eu,EU,STALE,40.5472281,-5.3064298,10020.0,7,868500000.0,mvj-cabezuela,,,,-114.0,-1.2,False,,,,,False,EU868,False
2026-05-28 17:30:05.556686+00:00,stratolink-3-eu,EU,STALE,40.5472281,-5.3064298,10020.0,7,868500000.0,sg50-perte-malpica-02,39.94336757279527,-4.661850929260255,405.0,-111.0,-4.0,False,86.61098594978365,87.21279107435551,5.93998628077958,6.7188965146486375,False,EU868,False
2026-05-28 17:30:05.556686+00:00,stratolink-3-eu,EU,STALE,40.5472281,-5.3064298,10020.0,7,868500000.0,niharramikrotik,40.589325292876616,-4.838257133960725,1131.0,-110.0,0.75,False,39.82130859823407,40.83529945332661,12.393641476644039,12.75176261396802,False,EU868,False
2026-05-28 17:30:05.556686+00:00,stratolink-3-eu,EU,STALE,40.5472281,-5.3064298,10020.0,7,868500000.0,cicytex-ic003,,,,-108.0,-9.8,False,,,,,False,EU868,False
2026-05-28 17:30:05.556686+00:00,stratolink-3-eu,EU,STALE,40.5472281,-5.3064298,10020.0,7,868500000.0,meceiot-004-5030354163554750,40.5481739449056,-5.16353885114368,1550.0,-104.0,4.75,False,12.073777545940104,14.757430378604898,34.971695374065966,35.08027731420747,False,EU868,False
2026-05-28 17:30:05.556686+00:00,stratolink-3-eu,EU,STALE,40.5472281,-5.3064298,10020.0,7,868500000.0,mjv-casas,,,,-115.0,-1.2,False,,,,,False,EU868,False
2026-05-28 17:35:13.603915+00:00,stratolink-3-eu,EU,STALE,40.5472281,-5.3064298,10020.0,7,868100000.0,meceiot-014-dragout-a84041ffff29d5ba,41.11715,-4.78439,825.0,-117.0,-7.0,False,77.10425311621862,77.71526452415816,6.448122256850517,7.141536506422115,False,EU868,False
2026-05-28 17:35:13.603915+00:00,stratolink-3-eu,EU,STALE,40.5472281,-5.3064298,10020.0,7,868100000.0,meceiot-013-dragout-a84041ffff29dc56,40.970672,-5.141641,820.0,-122.0,-7.0,False,49.08792298235313,49.983523309409044,10.385562964570097,10.827020652079517,False,EU868,False
2026-05-28 17:35:13.603915+00:00,stratolink-3-eu,EU,STALE,40.5472281,-5.3064298,10020.0,7,868100000.0,antena-granjas-rendondo-01,,,,-124.0,-4.25,False,,,,,False,EU868,False
2026-05-28 17:35:13.603915+00:00,stratolink-3-eu,EU,STALE,40.5472281,-5.3064298,10020.0,7,868100000.0,ext-sg50-022,,,,-120.0,-7.8,False,,,,,False,EU868,False
2026-05-28 17:35:13.603915+00:00,stratolink-3-eu,EU,STALE,40.5472281,-5.3064298,10020.0,7,868100000.0,packetbroker,,,,-120.0,-7.5,True,,,,,False,EU868,False
2026-05-28 17:35:13.603915+00:00,stratolink-3-eu,EU,STALE,40.5472281,-5.3064298,10020.0,7,868100000.0,sg50-perte-malpica-05,,,,-118.0,-2.0,False,,,,,False,EU868,False
2026-05-28 17:35:13.603915+00:00,stratolink-3-eu,EU,STALE,40.5472281,-5.3064298,10020.0,7,868100000.0,ext-sg50-012,,,,-116.0,-0.2,False,,,,,False,EU868,False
2026-05-28 17:35:13.603915+00:00,stratolink-3-eu,EU,STALE,40.5472281,-5.3064298,10020.0,7,868100000.0,ext-sg50-023,,,,-120.0,-6.0,False,,,,,False,EU868,False
2026-05-28 17:35:13.603915+00:00,stratolink-3-eu,EU,STALE,40.5472281,-5.3064298,10020.0,7,868100000.0,cdtic-multitech-6,40.1338,-5.94651,300.0,-115.0,-5.0,False,71.10762504138638,71.82555893159963,7.457714989649325,8.097200341807799,False,EU868,False
2026-05-28 17:35:13.603915+00:00,stratolink-3-eu,EU,STALE,40.5472281,-5.3064298,10020.0,7,868100000.0,packetbroker,40.962541751597406,-5.675446072867432,,-115.0,-1.75,True,55.666778009165405,56.60427942014389,9.945729341319057,10.446352011784558,False,EU868,False
2026-05-28 17:35:13.603915+00:00,stratolink-3-eu,EU,STALE,40.5472281,-5.3064298,10020.0,7,868100000.0,mjv-casas,,,,-114.0,,False,,,,,False,EU868,False
2026-05-28 17:35:13.603915+00:00,stratolink-3-eu,EU,STALE,40.5472281,-5.3064298,10020.0,7,868100000.0,italr0005,40.954279046747715,-4.142631590366364,,-114.0,0.25,False,107.97738106666701,108.52452519151635,4.811905683303888,5.782968259452956,False,EU868,False
2026-05-28 17:35:13.603915+00:00,stratolink-3-eu,EU,STALE,40.5472281,-5.3064298,10020.0,7,868100000.0,packetbroker,40.962758045083945,-5.675633842073217,,-113.0,-2.25,True,55.695533089317976,56.63260259193401,9.940446205889119,10.441327476645695,False,EU868,False
2026-05-28 17:35:13.603915+00:00,stratolink-3-eu,EU,STALE,40.5472281,-5.3064298,10020.0,7,868100000.0,meceiot-004-5030354163554750,40.5481739449056,-5.16353885114368,1550.0,-111.0,4.0,False,12.073777545940104,14.757430378604898,34.971695374065966,35.08027731420747,False,EU868,False
2026-05-28 17:35:13.603915+00:00,stratolink-3-eu,EU,STALE,40.5472281,-5.3064298,10020.0,7,868100000.0,niharramikrotik,40.589325292876616,-4.838257133960725,1131.0,-111.0,3.0,False,39.82130859823407,40.83529945332661,12.393641476644039,12.75176261396802,False,EU868,False
2026-05-28 17:35:13.603915+00:00,stratolink-3-eu,EU,STALE,40.5472281,-5.3064298,10020.0,7,868100000.0,italr0001,41.70253250763931,-4.708266556262971,765.0,-116.0,-1.5,False,137.88772907362312,138.31170139904214,3.216509890045051,4.456562316681419,False,EU868,False
2026-05-28 17:40:21.528044+00:00,stratolink-3-eu,EU,STALE,40.5472281,-5.3064298,10020.0,7,868300000.0,packetbroker,40.962541751597406,-5.675446072867432,,-116.0,-3.5,True,55.666778009165405,56.60427942014389,9.945729341319057,10.446352011784558,False,EU868,False
2026-05-28 17:40:21.528044+00:00,stratolink-3-eu,EU,STALE,40.5472281,-5.3064298,10020.0,7,868300000.0,italr0005,40.954279046747715,-4.142631590366364,,-116.0,-2.5,False,107.97738106666701,108.52452519151635,4.811905683303888,5.782968259452956,False,EU868,False
2026-05-28 17:40:21.528044+00:00,stratolink-3-eu,EU,STALE,40.5472281,-5.3064298,10020.0,7,868300000.0,sg50-perte-malpica-03,,,,-117.0,1.0,False,,,,,False,EU868,False
2026-05-28 17:40:21.528044+00:00,stratolink-3-eu,EU,STALE,40.5472281,-5.3064298,10020.0,7,868300000.0,antena-granjas-rendondo-01,,,,-120.0,,False,,,,,False,EU868,False
2026-05-28 17:40:21.528044+00:00,stratolink-3-eu,EU,STALE,40.5472281,-5.3064298,10020.0,7,868300000.0,tidop-solar-milesight-001,40.6508109351282,-4.73721027374268,1115.0,-118.0,-6.5,False,49.41918209700235,50.257451865421714,9.983695305347146,10.428132073532074,False,EU868,False
2026-05-28 17:40:21.528044+00:00,stratolink-3-eu,EU,STALE,40.5472281,-5.3064298,10020.0,7,868300000.0,ext-sg50-011,,,,-119.0,-8.2,False,,,,,False,EU868,False
2026-05-28 17:40:21.528044+00:00,stratolink-3-eu,EU,STALE,40.5472281,-5.3064298,10020.0,7,868300000.0,210030,,,,-115.0,-1.2,False,,,,,False,EU868,False
2026-05-28 17:40:21.528044+00:00,stratolink-3-eu,EU,STALE,40.5472281,-5.3064298,10020.0,7,868300000.0,mitigasmart-cc,,,,-118.0,-7.8,False,,,,,False,EU868,False
2026-05-28 17:40:21.528044+00:00,stratolink-3-eu,EU,STALE,40.5472281,-5.3064298,10020.0,7,868300000.0,ext-sg50-012,,,,-114.0,-1.8,False,,,,,False,EU868,False
2026-05-28 17:40:21.528044+00:00,stratolink-3-eu,EU,STALE,40.5472281,-5.3064298,10020.0,7,868300000.0,sg50-perte-malpica-01,,,,-115.0,-3.2,False,,,,,False,EU868,False
2026-05-28 17:40:21.528044+00:00,stratolink-3-eu,EU,STALE,40.5472281,-5.3064298,10020.0,7,868300000.0,sg50-perte-malpica-06,,,,-113.0,-4.5,False,,,,,False,EU868,False
2026-05-28 17:40:21.528044+00:00,stratolink-3-eu,EU,STALE,40.5472281,-5.3064298,10020.0,7,868300000.0,sg50-perte-malpica-07,,,,-113.0,3.5,False,,,,,False,EU868,False
2026-05-28 17:40:21.528044+00:00,stratolink-3-eu,EU,STALE,40.5472281,-5.3064298,10020.0,7,868300000.0,sg50-perte-malpica-02,39.94336757279527,-4.661850929260255,405.0,-111.0,-1.0,False,86.61098594978365,87.21279107435551,5.93998628077958,6.7188965146486375,False,EU868,False
2026-05-28 17:40:21.528044+00:00,stratolink-3-eu,EU,STALE,40.5472281,-5.3064298,10020.0,7,868300000.0,mjv-casas,,,,-111.0,1.0,False,,,,,False,EU868,False
2026-05-28 17:40:21.528044+00:00,stratolink-3-eu,EU,STALE,40.5472281,-5.3064298,10020.0,7,868300000.0,mvj-cabezuela,,,,-111.0,-0.8,False,,,,,False,EU868,False
2026-05-28 17:40:21.528044+00:00,stratolink-3-eu,EU,STALE,40.5472281,-5.3064298,10020.0,7,868300000.0,meceiot-004-5030354163554750,40.5481739449056,-5.16353885114368,1550.0,-109.0,5.5,False,12.073777545940104,14.757430378604898,34.971695374065966,35.08027731420747,False,EU868,False
2026-05-28 17:40:21.528044+00:00,stratolink-3-eu,EU,STALE,40.5472281,-5.3064298,10020.0,7,868300000.0,cicytex-ic003,,,,-109.0,-8.5,False,,,,,False,EU868,False
2026-05-28 17:40:21.528044+00:00,stratolink-3-eu,EU,STALE,40.5472281,-5.3064298,10020.0,7,868300000.0,niharramikrotik,40.589325292876616,-4.838257133960725,1131.0,-107.0,3.75,False,39.82130859823407,40.83529945332661,12.393641476644039,12.75176261396802,False,EU868,False
2026-05-28 17:40:21.528044+00:00,stratolink-3-eu,EU,STALE,40.5472281,-5.3064298,10020.0,7,868300000.0,cdtic-multitech-6,40.1338,-5.94651,300.0,-105.0,-2.0,False,71.10762504138638,71.82555893159963,7.457714989649325,8.097200341807799,False,EU868,False
2026-05-28 17:40:21.528044+00:00,stratolink-3-eu,EU,STALE,40.5472281,-5.3064298,10020.0,7,868300000.0,sg50-perte-malpica-05,,,,-113.0,4.0,False,,,,,False,EU868,False
2026-05-28 17:45:29.806066+00:00,stratolink-3-eu,EU,STALE,40.5472281,-5.3064298,10020.0,7,868500000.0,sg50-perte-malpica-07,,,,-114.0,1.5,False,,,,,False,EU868,False
2026-05-28 17:45:29.806066+00:00,stratolink-3-eu,EU,STALE,40.5472281,-5.3064298,10020.0,7,868500000.0,tidop-solar-milesight-001,40.6508109351282,-4.73721027374268,1115.0,-115.0,,False,49.41918209700235,50.257451865421714,9.983695305347146,10.428132073532074,False,EU868,False
2026-05-28 17:45:29.806066+00:00,stratolink-3-eu,EU,STALE,40.5472281,-5.3064298,10020.0,7,868500000.0,cicytex-lo-04,,,,-116.0,-5.2,False,,,,,False,EU868,False
2026-05-28 17:45:29.806066+00:00,stratolink-3-eu,EU,STALE,40.5472281,-5.3064298,10020.0,7,868500000.0,sg50-perte-malpica-01,,,,-116.0,-6.2,False,,,,,False,EU868,False
2026-05-28 17:45:29.806066+00:00,stratolink-3-eu,EU,STALE,40.5472281,-5.3064298,10020.0,7,868500000.0,antena-granjas-rendondo-01,,,,-123.0,-3.25,False,,,,,False,EU868,False
2026-05-28 17:45:29.806066+00:00,stratolink-3-eu,EU,STALE,40.5472281,-5.3064298,10020.0,7,868500000.0,mitigasmart-cc,,,,-117.0,-2.8,False,,,,,False,EU868,False
2026-05-28 17:45:29.806066+00:00,stratolink-3-eu,EU,STALE,40.5472281,-5.3064298,10020.0,7,868500000.0,ext-sg50-011,,,,-118.0,-6.2,False,,,,,False,EU868,False
2026-05-28 17:45:29.806066+00:00,stratolink-3-eu,EU,STALE,40.5472281,-5.3064298,10020.0,7,868500000.0,ext-sg50-024,,,,-118.0,-6.5,False,,,,,False,EU868,False
2026-05-28 17:45:29.806066+00:00,stratolink-3-eu,EU,STALE,40.5472281,-5.3064298,10020.0,7,868500000.0,tef-mls-01,40.108033,-6.632828,297.0,-118.0,-6.2,False,122.58513406003775,123.06714824984985,3.9799860705772456,5.082419144078481,False,EU868,False
2026-05-28 17:45:29.806066+00:00,stratolink-3-eu,EU,STALE,40.5472281,-5.3064298,10020.0,7,868500000.0,sg50-eui-c0ba1ffffe004945,,,,-118.0,-9.0,False,,,,,False,EU868,False
2026-05-28 17:45:29.806066+00:00,stratolink-3-eu,EU,STALE,40.5472281,-5.3064298,10020.0,7,868500000.0,italr0005,40.954279046747715,-4.142631590366364,,-120.0,-6.5,False,107.97738106666701,108.52452519151635,4.811905683303888,5.782968259452956,False,EU868,False
2026-05-28 17:45:29.806066+00:00,stratolink-3-eu,EU,STALE,40.5472281,-5.3064298,10020.0,7,868500000.0,sg50-perte-malpica-06,,,,-114.0,-7.0,False,,,,,False,EU868,False
2026-05-28 17:45:29.806066+00:00,stratolink-3-eu,EU,STALE,40.5472281,-5.3064298,10020.0,7,868500000.0,sg50-perte-malpica-03,,,,-117.0,-1.8,False,,,,,False,EU868,False
2026-05-28 17:45:29.806066+00:00,stratolink-3-eu,EU,STALE,40.5472281,-5.3064298,10020.0,7,868500000.0,sg50-perte-malpica-05,,,,-114.0,0.5,False,,,,,False,EU868,False
2026-05-28 17:45:29.806066+00:00,stratolink-3-eu,EU,STALE,40.5472281,-5.3064298,10020.0,7,868500000.0,cdtic-multitech-6,40.1338,-5.94651,300.0,-111.0,1.8,False,71.10762504138638,71.82555893159963,7.457714989649325,8.097200341807799,False,EU868,False
2026-05-28 17:45:29.806066+00:00,stratolink-3-eu,EU,STALE,40.5472281,-5.3064298,10020.0,7,868500000.0,packetbroker,40.962541751597406,-5.675446072867432,,-113.0,,True,55.666778009165405,56.60427942014389,9.945729341319057,10.446352011784558,False,EU868,False
2026-05-28 17:45:29.806066+00:00,stratolink-3-eu,EU,STALE,40.5472281,-5.3064298,10020.0,7,868500000.0,mtcdtip-l4e1-868-dattera-2,40.31007631707678,-3.733453631302837,,-114.0,-6.5,False,135.72613093583203,136.1993309423371,3.60843824080703,4.82905097520863,False,EU868,False
2026-05-28 17:45:29.806066+00:00,stratolink-3-eu,EU,STALE,40.5472281,-5.3064298,10020.0,7,868500000.0,meceiot-004-5030354163554750,40.5481739449056,-5.16353885114368,1550.0,-98.0,6.25,False,12.073777545940104,14.757430378604898,34.971695374065966,35.08027731420747,False,EU868,False
2026-05-28 17:45:29.806066+00:00,stratolink-3-eu,EU,STALE,40.5472281,-5.3064298,10020.0,7,868500000.0,cicytex-ic003,,,,-107.0,-3.2,False,,,,,False,EU868,False
2026-05-28 17:45:29.806066+00:00,stratolink-3-eu,EU,STALE,40.5472281,-5.3064298,10020.0,7,868500000.0,ext-sg50-012,,,,-108.0,-7.2,False,,,,,False,EU868,False
2026-05-28 17:45:29.806066+00:00,stratolink-3-eu,EU,STALE,40.5472281,-5.3064298,10020.0,7,868500000.0,mjv-casas,,,,-109.0,4.2,False,,,,,False,EU868,False
2026-05-28 17:45:29.806066+00:00,stratolink-3-eu,EU,STALE,40.5472281,-5.3064298,10020.0,7,868500000.0,mvj-cabezuela,,,,-108.0,3.2,False,,,,,False,EU868,False
2026-05-28 17:45:29.806066+00:00,stratolink-3-eu,EU,STALE,40.5472281,-5.3064298,10020.0,7,868500000.0,niharramikrotik,40.589325292876616,-4.838257133960725,1131.0,-111.0,,False,39.82130859823407,40.83529945332661,12.393641476644039,12.75176261396802,False,EU868,False
2026-05-28 17:45:29.806066+00:00,stratolink-3-eu,EU,STALE,40.5472281,-5.3064298,10020.0,7,868500000.0,sg50-perte-malpica-02,39.94336757279527,-4.661850929260255,405.0,-111.0,-1.5,False,86.61098594978365,87.21279107435551,5.93998628077958,6.7188965146486375,False,EU868,False
2026-05-28 17:45:29.806066+00:00,stratolink-3-eu,EU,STALE,40.5472281,-5.3064298,10020.0,7,868500000.0,210030,,,,-112.0,,False,,,,,False,EU868,False
2026-05-28 17:45:29.806066+00:00,stratolink-3-eu,EU,STALE,40.5472281,-5.3064298,10020.0,7,868500000.0,mtcdtip02-l4e1-5,,,,-113.0,-3.8,False,,,,,False,EU868,False
2026-05-28 17:45:29.806066+00:00,stratolink-3-eu,EU,STALE,40.5472281,-5.3064298,10020.0,7,868500000.0,mtcdtip02-l4e1-13,,,,-113.0,-8.2,False,,,,,False,EU868,False
2026-05-28 17:45:29.806066+00:00,stratolink-3-eu,EU,STALE,40.5472281,-5.3064298,10020.0,7,868500000.0,mtcdtip02-l4e1-9,,,,-110.0,-7.5,False,,,,,False,EU868,False
2026-05-28 17:50:37.839139+00:00,stratolink-3-eu,EU,STALE,40.5472281,-5.3064298,10020.0,7,868100000.0,mitigasmart-cc,,,,-118.0,-5.8,False,,,,,False,EU868,False
2026-05-28 17:50:37.839139+00:00,stratolink-3-eu,EU,STALE,40.5472281,-5.3064298,10020.0,7,868100000.0,cdtic-multitech-6,40.1338,-5.94651,300.0,-116.0,-1.0,False,71.10762504138638,71.82555893159963,7.457714989649325,8.097200341807799,False,EU868,False
2026-05-28 17:50:37.839139+00:00,stratolink-3-eu,EU,STALE,40.5472281,-5.3064298,10020.0,7,868100000.0,sg50-perte-malpica-05,,,,-117.0,-0.2,False,,,,,False,EU868,False
2026-05-28 17:50:37.839139+00:00,stratolink-3-eu,EU,STALE,40.5472281,-5.3064298,10020.0,7,868100000.0,meceiot-014-dragout-a84041ffff29d5ba,41.11715,-4.78439,825.0,-118.0,-9.75,False,77.10425311621862,77.71526452415816,6.448122256850517,7.141536506422115,False,EU868,False
2026-05-28 17:50:37.839139+00:00,stratolink-3-eu,EU,STALE,40.5472281,-5.3064298,10020.0,7,868100000.0,sg50-perte-malpica-03,,,,-118.0,0.2,False,,,,,False,EU868,False
2026-05-28 17:50:37.839139+00:00,stratolink-3-eu,EU,STALE,40.5472281,-5.3064298,10020.0,7,868100000.0,v3-eui-b827ebfffebf1f02,40.13814,-7.50059,600.0,-119.0,-7.5,False,191.43505155506173,191.81878797336014,1.95373688064633,3.6753512825878505,False,EU868,False
2026-05-28 17:50:37.839139+00:00,stratolink-3-eu,EU,STALE,40.5472281,-5.3064298,10020.0,7,868100000.0,antena-granjas-rendondo-01,,,,-128.0,-6.5,False,,,,,False,EU868,False
2026-05-28 17:50:37.839139+00:00,stratolink-3-eu,EU,STALE,40.5472281,-5.3064298,10020.0,7,868100000.0,tef-mls-01,40.108033,-6.632828,297.0,-119.0,-6.2,False,122.58513406003775,123.06714824984985,3.9799860705772456,5.082419144078481,False,EU868,False
2026-05-28 17:50:37.839139+00:00,stratolink-3-eu,EU,STALE,40.5472281,-5.3064298,10020.0,7,868100000.0,sg50-eui-c0ba1ffffe004945,,,,-120.0,-8.5,False,,,,,False,EU868,False
2026-05-28 17:50:37.839139+00:00,stratolink-3-eu,EU,STALE,40.5472281,-5.3064298,10020.0,7,868100000.0,ext-sg50-011,,,,-120.0,-4.8,False,,,,,False,EU868,False
2026-05-28 17:50:37.839139+00:00,stratolink-3-eu,EU,STALE,40.5472281,-5.3064298,10020.0,7,868100000.0,italr0005,40.954279046747715,-4.142631590366364,,-122.0,-8.5,False,107.97738106666701,108.52452519151635,4.811905683303888,5.782968259452956,False,EU868,False
2026-05-28 17:50:37.839139+00:00,stratolink-3-eu,EU,STALE,40.5472281,-5.3064298,10020.0,7,868100000.0,meceiot-013-dragout-a84041ffff29dc56,40.970672,-5.141641,820.0,-124.0,-8.75,False,49.08792298235313,49.983523309409044,10.385562964570097,10.827020652079517,False,EU868,False
2026-05-28 17:50:37.839139+00:00,stratolink-3-eu,EU,STALE,40.5472281,-5.3064298,10020.0,7,868100000.0,cicytex-lo-04,,,,-116.0,-2.5,False,,,,,False,EU868,False
2026-05-28 17:50:37.839139+00:00,stratolink-3-eu,EU,STALE,40.5472281,-5.3064298,10020.0,7,868100000.0,ext-sg50-028,,,,-119.0,-8.8,False,,,,,False,EU868,False
2026-05-28 17:50:37.839139+00:00,stratolink-3-eu,EU,STALE,40.5472281,-5.3064298,10020.0,7,868100000.0,sg50-perte-malpica-01,,,,-115.0,-3.0,False,,,,,False,EU868,False
2026-05-28 17:50:37.839139+00:00,stratolink-3-eu,EU,STALE,40.5472281,-5.3064298,10020.0,7,868100000.0,ext-sg50-027,,,,-117.0,-7.2,False,,,,,False,EU868,False
2026-05-28 17:50:37.839139+00:00,stratolink-3-eu,EU,STALE,40.5472281,-5.3064298,10020.0,7,868100000.0,cicytex-unex-1,,,,-115.0,-5.8,False,,,,,False,EU868,False
2026-05-28 17:50:37.839139+00:00,stratolink-3-eu,EU,STALE,40.5472281,-5.3064298,10020.0,7,868100000.0,meceiot-004-5030354163554750,40.5481739449056,-5.16353885114368,1550.0,-101.0,9.0,False,12.073777545940104,14.757430378604898,34.971695374065966,35.08027731420747,False,EU868,False
2026-05-28 17:50:37.839139+00:00,stratolink-3-eu,EU,STALE,40.5472281,-5.3064298,10020.0,7,868100000.0,cicytex-ic003,,,,-108.0,-3.2,False,,,,,False,EU868,False
2026-05-28 17:50:37.839139+00:00,stratolink-3-eu,EU,STALE,40.5472281,-5.3064298,10020.0,7,868100000.0,sg50-perte-malpica-02,39.94336757279527,-4.661850929260255,405.0,-111.0,-0.5,False,86.61098594978365,87.21279107435551,5.93998628077958,6.7188965146486375,False,EU868,False
2026-05-28 17:50:37.839139+00:00,stratolink-3-eu,EU,STALE,40.5472281,-5.3064298,10020.0,7,868100000.0,210030,,,,-112.0,-1.2,False,,,,,False,EU868,False
2026-05-28 17:50:37.839139+00:00,stratolink-3-eu,EU,STALE,40.5472281,-5.3064298,10020.0,7,868100000.0,tidop-solar-milesight-001,40.6508109351282,-4.73721027374268,1115.0,-112.0,5.0,False,49.41918209700235,50.257451865421714,9.983695305347146,10.428132073532074,False,EU868,False
2026-05-28 17:50:37.839139+00:00,stratolink-3-eu,EU,STALE,40.5472281,-5.3064298,10020.0,7,868100000.0,mvj-cabezuela,,,,-113.0,1.0,False,,,,,False,EU868,False
2026-05-28 17:50:37.839139+00:00,stratolink-3-eu,EU,STALE,40.5472281,-5.3064298,10020.0,7,868100000.0,mtcdtip02-l4e1-9,,,,-111.0,-5.0,False,,,,,False,EU868,False
2026-05-28 17:50:37.839139+00:00,stratolink-3-eu,EU,STALE,40.5472281,-5.3064298,10020.0,7,868100000.0,packetbroker,40.962541751597406,-5.675446072867432,,-113.0,-1.75,True,55.666778009165405,56.60427942014389,9.945729341319057,10.446352011784558,False,EU868,False
2026-05-28 17:50:37.839139+00:00,stratolink-3-eu,EU,STALE,40.5472281,-5.3064298,10020.0,7,868100000.0,sg50-perte-malpica-06,,,,-114.0,-5.0,False,,,,,False,EU868,False
2026-05-28 17:50:37.839139+00:00,stratolink-3-eu,EU,STALE,40.5472281,-5.3064298,10020.0,7,868100000.0,ext-sg50-012,,,,-114.0,2.5,False,,,,,False,EU868,False
2026-05-28 17:50:37.839139+00:00,stratolink-3-eu,EU,STALE,40.5472281,-5.3064298,10020.0,7,868100000.0,niharramikrotik,40.589325292876616,-4.838257133960725,1131.0,-115.0,0.25,False,39.82130859823407,40.83529945332661,12.393641476644039,12.75176261396802,False,EU868,False
2026-05-28 17:50:37.839139+00:00,stratolink-3-eu,EU,STALE,40.5472281,-5.3064298,10020.0,7,868100000.0,sg50-perte-malpica-07,,,,-115.0,2.2,False,,,,,False,EU868,False
2026-05-28 17:50:37.839139+00:00,stratolink-3-eu,EU,STALE,40.5472281,-5.3064298,10020.0,7,868100000.0,packetbroker,40.962758045083945,-5.675633842073217,,-115.0,-6.25,True,55.695533089317976,56.63260259193401,9.940446205889119,10.441327476645695,False,EU868,False
2026-05-28 17:50:37.839139+00:00,stratolink-3-eu,EU,STALE,40.5472281,-5.3064298,10020.0,7,868100000.0,mjv-casas,,,,-113.0,3.5,False,,,,,False,EU868,False
2026-05-28 18:00:43.981379+00:00,stratolink-3-eu,EU,STALE,40.5472281,-5.3064298,10020.0,7,868300000.0,cdtic-multitech-6,40.1338,-5.94651,300.0,-115.0,-2.2,False,71.10762504138638,71.82555893159963,7.457714989649325,8.097200341807799,False,EU868,False
2026-05-28 18:00:43.981379+00:00,stratolink-3-eu,EU,STALE,40.5472281,-5.3064298,10020.0,7,868300000.0,210030,,,,-116.0,-5.2,False,,,,,False,EU868,False
2026-05-28 18:00:43.981379+00:00,stratolink-3-eu,EU,STALE,40.5472281,-5.3064298,10020.0,7,868300000.0,sg50-perte-malpica-05,,,,-116.0,-1.0,False,,,,,False,EU868,False
2026-05-28 18:00:43.981379+00:00,stratolink-3-eu,EU,STALE,40.5472281,-5.3064298,10020.0,7,868300000.0,italr0005,40.954279046747715,-4.142631590366364,,-117.0,-3.5,False,107.97738106666701,108.52452519151635,4.811905683303888,5.782968259452956,False,EU868,False
2026-05-28 18:00:43.981379+00:00,stratolink-3-eu,EU,STALE,40.5472281,-5.3064298,10020.0,7,868300000.0,sg50-perte-malpica-03,,,,-120.0,-6.0,False,,,,,False,EU868,False
2026-05-28 18:00:43.981379+00:00,stratolink-3-eu,EU,STALE,40.5472281,-5.3064298,10020.0,7,868300000.0,sg50-perte-malpica-07,,,,-118.0,-3.5,False,,,,,False,EU868,False
2026-05-28 18:00:43.981379+00:00,stratolink-3-eu,EU,STALE,40.5472281,-5.3064298,10020.0,7,868300000.0,meceiot-013-dragout-a84041ffff29dc56,40.970672,-5.141641,820.0,-118.0,-4.0,False,49.08792298235313,49.983523309409044,10.385562964570097,10.827020652079517,False,EU868,False
2026-05-28 18:00:43.981379+00:00,stratolink-3-eu,EU,STALE,40.5472281,-5.3064298,10020.0,7,868300000.0,antena-granjas-rendondo-01,,,,-123.0,-2.25,False,,,,,False,EU868,False
2026-05-28 18:00:43.981379+00:00,stratolink-3-eu,EU,STALE,40.5472281,-5.3064298,10020.0,7,868300000.0,packetbroker,40.962541751597406,-5.675446072867432,,-115.0,-4.75,True,55.666778009165405,56.60427942014389,9.945729341319057,10.446352011784558,False,EU868,False
2026-05-28 18:00:43.981379+00:00,stratolink-3-eu,EU,STALE,40.5472281,-5.3064298,10020.0,7,868300000.0,sg50-perte-malpica-01,,,,-117.0,-5.8,False,,,,,False,EU868,False
2026-05-28 18:00:43.981379+00:00,stratolink-3-eu,EU,STALE,40.5472281,-5.3064298,10020.0,7,868300000.0,packetbroker,,,,-115.0,-4.5,True,,,,,False,EU868,False
2026-05-28 18:00:43.981379+00:00,stratolink-3-eu,EU,STALE,40.5472281,-5.3064298,10020.0,7,868300000.0,mitigasmart-cc,,,,-118.0,-6.8,False,,,,,False,EU868,False
2026-05-28 18:00:43.981379+00:00,stratolink-3-eu,EU,STALE,40.5472281,-5.3064298,10020.0,7,868300000.0,meceiot-014-dragout-a84041ffff29d5ba,41.11715,-4.78439,825.0,-113.0,-5.75,False,77.10425311621862,77.71526452415816,6.448122256850517,7.141536506422115,False,EU868,False
2026-05-28 18:00:43.981379+00:00,stratolink-3-eu,EU,STALE,40.5472281,-5.3064298,10020.0,7,868300000.0,meceiot-004-5030354163554750,40.5481739449056,-5.16353885114368,1550.0,-105.0,6.5,False,12.073777545940104,14.757430378604898,34.971695374065966,35.08027731420747,False,EU868,False
2026-05-28 18:00:43.981379+00:00,stratolink-3-eu,EU,STALE,40.5472281,-5.3064298,10020.0,7,868300000.0,cicytex-ic003,,,,-108.0,-8.8,False,,,,,False,EU868,False
2026-05-28 18:00:43.981379+00:00,stratolink-3-eu,EU,STALE,40.5472281,-5.3064298,10020.0,7,868300000.0,mjv-casas,,,,-115.0,-1.0,False,,,,,False,EU868,False
2026-05-28 18:00:43.981379+00:00,stratolink-3-eu,EU,STALE,40.5472281,-5.3064298,10020.0,7,868300000.0,niharramikrotik,40.589325292876616,-4.838257133960725,1131.0,-111.0,1.25,False,39.82130859823407,40.83529945332661,12.393641476644039,12.75176261396802,False,EU868,False
2026-05-28 18:00:43.981379+00:00,stratolink-3-eu,EU,STALE,40.5472281,-5.3064298,10020.0,7,868300000.0,mvj-cabezuela,,,,-110.0,-4.8,False,,,,,False,EU868,False
2026-05-28 18:00:43.981379+00:00,stratolink-3-eu,EU,STALE,40.5472281,-5.3064298,10020.0,7,868300000.0,lora-more,41.81858911263017,-6.7508557295156235,674.0,-113.0,-6.5,False,185.99648253273827,186.38039717600506,2.037629856027187,3.710334099255653,False,EU868,False
2026-05-28 18:00:43.981379+00:00,stratolink-3-eu,EU,STALE,40.5472281,-5.3064298,10020.0,7,868300000.0,italr0001,41.70253250763931,-4.708266556262971,765.0,-113.0,-2.75,False,137.88772907362312,138.31170139904214,3.216509890045051,4.456562316681419,False,EU868,False
2026-05-28 18:00:43.981379+00:00,stratolink-3-eu,EU,STALE,40.5472281,-5.3064298,10020.0,7,868300000.0,sg50-perte-malpica-02,39.94336757279527,-4.661850929260255,405.0,-113.0,-5.8,False,86.61098594978365,87.21279107435551,5.93998628077958,6.7188965146486375,False,EU868,False
2026-05-28 18:00:43.981379+00:00,stratolink-3-eu,EU,STALE,40.5472281,-5.3064298,10020.0,7,868300000.0,tidop-solar-milesight-001,40.6508109351282,-4.73721027374268,1115.0,-113.0,3.5,False,49.41918209700235,50.257451865421714,9.983695305347146,10.428132073532074,False,EU868,False
2026-05-28 18:00:43.981379+00:00,stratolink-3-eu,EU,STALE,40.5472281,-5.3064298,10020.0,7,868300000.0,packetbroker,40.962758045083945,-5.675633842073217,,-111.0,-5.25,True,55.695533089317976,56.63260259193401,9.940446205889119,10.441327476645695,False,EU868,False
2026-05-28 18:05:51.842517+00:00,stratolink-3-eu,EU,STALE,40.5472281,-5.3064298,10020.0,7,868500000.0,antena-granjas-rendondo-01,,,,-119.0,0.5,False,,,,,False,EU868,False
2026-05-28 18:05:51.842517+00:00,stratolink-3-eu,EU,STALE,40.5472281,-5.3064298,10020.0,7,868500000.0,sg50-perte-malpica-07,,,,-118.0,-6.8,False,,,,,False,EU868,False
2026-05-28 18:05:51.842517+00:00,stratolink-3-eu,EU,STALE,40.5472281,-5.3064298,10020.0,7,868500000.0,mitigasmart-cc,,,,-118.0,-9.8,False,,,,,False,EU868,False
2026-05-28 18:05:51.842517+00:00,stratolink-3-eu,EU,STALE,40.5472281,-5.3064298,10020.0,7,868500000.0,210030,,,,-117.0,-1.5,False,,,,,False,EU868,False
2026-05-28 18:05:51.842517+00:00,stratolink-3-eu,EU,STALE,40.5472281,-5.3064298,10020.0,7,868500000.0,meceiot-014-dragout-a84041ffff29d5ba,41.11715,-4.78439,825.0,-116.0,-7.5,False,77.10425311621862,77.71526452415816,6.448122256850517,7.141536506422115,False,EU868,False
2026-05-28 18:05:51.842517+00:00,stratolink-3-eu,EU,STALE,40.5472281,-5.3064298,10020.0,7,868500000.0,cicytex-unex-1,,,,-115.0,-9.0,False,,,,,False,EU868,False
2026-05-28 18:05:51.842517+00:00,stratolink-3-eu,EU,STALE,40.5472281,-5.3064298,10020.0,7,868500000.0,mjv-casas,,,,-115.0,-3.0,False,,,,,False,EU868,False
2026-05-28 18:05:51.842517+00:00,stratolink-3-eu,EU,STALE,40.5472281,-5.3064298,10020.0,7,868500000.0,packetbroker,40.962758045083945,-5.675633842073217,,-115.0,-6.75,True,55.695533089317976,56.63260259193401,9.940446205889119,10.441327476645695,False,EU868,False
2026-05-28 18:05:51.842517+00:00,stratolink-3-eu,EU,STALE,40.5472281,-5.3064298,10020.0,7,868500000.0,sg50-perte-malpica-05,,,,-114.0,2.0,False,,,,,False,EU868,False
2026-05-28 18:05:51.842517+00:00,stratolink-3-eu,EU,STALE,40.5472281,-5.3064298,10020.0,7,868500000.0,mtcdtip-l4e1-868-dattera-2,40.31007631707678,-3.733453631302837,,-114.0,-4.8,False,135.72613093583203,136.1993309423371,3.60843824080703,4.82905097520863,False,EU868,False
2026-05-28 18:05:51.842517+00:00,stratolink-3-eu,EU,STALE,40.5472281,-5.3064298,10020.0,7,868500000.0,italr0005,40.954279046747715,-4.142631590366364,,-114.0,-0.5,False,107.97738106666701,108.52452519151635,4.811905683303888,5.782968259452956,False,EU868,False
2026-05-28 18:05:51.842517+00:00,stratolink-3-eu,EU,STALE,40.5472281,-5.3064298,10020.0,7,868500000.0,kenai-instalaciones-y-proyectos,40.6244743091053,-3.90243977308273,,-111.0,-4.75,False,118.86953215186202,119.38248792120771,4.2798892725998146,5.348907181505776,False,EU868,False
2026-05-28 18:05:51.842517+00:00,stratolink-3-eu,EU,STALE,40.5472281,-5.3064298,10020.0,7,868500000.0,sg50-perte-malpica-02,39.94336757279527,-4.661850929260255,405.0,-111.0,-1.0,False,86.61098594978365,87.21279107435551,5.93998628077958,6.7188965146486375,False,EU868,False
2026-05-28 18:05:51.842517+00:00,stratolink-3-eu,EU,STALE,40.5472281,-5.3064298,10020.0,7,868500000.0,tidop-solar-milesight-001,40.6508109351282,-4.73721027374268,1115.0,-110.0,5.8,False,49.41918209700235,50.257451865421714,9.983695305347146,10.428132073532074,False,EU868,False
2026-05-28 18:05:51.842517+00:00,stratolink-3-eu,EU,STALE,40.5472281,-5.3064298,10020.0,7,868500000.0,niharramikrotik,40.589325292876616,-4.838257133960725,1131.0,-109.0,3.75,False,39.82130859823407,40.83529945332661,12.393641476644039,12.75176261396802,False,EU868,False
2026-05-28 18:05:51.842517+00:00,stratolink-3-eu,EU,STALE,40.5472281,-5.3064298,10020.0,7,868500000.0,mvj-cabezuela,,,,-115.0,-3.8,False,,,,,False,EU868,False
2026-05-28 18:11:00.075121+00:00,stratolink-3-eu,EU,STALE,40.5472281,-5.3064298,10020.0,7,868100000.0,cicytex-unex-1,,,,-116.0,-2.2,False,,,,,False,EU868,False
2026-05-28 18:11:00.075121+00:00,stratolink-3-eu,EU,STALE,40.5472281,-5.3064298,10020.0,7,868100000.0,mitigasmart-cc,,,,-117.0,-2.0,False,,,,,False,EU868,False
2026-05-28 18:11:00.075121+00:00,stratolink-3-eu,EU,STALE,40.5472281,-5.3064298,10020.0,7,868100000.0,sg50-perte-malpica-01,,,,-117.0,-7.8,False,,,,,False,EU868,False
2026-05-28 18:11:00.075121+00:00,stratolink-3-eu,EU,STALE,40.5472281,-5.3064298,10020.0,7,868100000.0,ext-sg50-023,,,,-117.0,0.8,False,,,,,False,EU868,False
2026-05-28 18:11:00.075121+00:00,stratolink-3-eu,EU,STALE,40.5472281,-5.3064298,10020.0,7,868100000.0,sg50-perte-malpica-07,,,,-118.0,-4.5,False,,,,,False,EU868,False
2026-05-28 18:11:00.075121+00:00,stratolink-3-eu,EU,STALE,40.5472281,-5.3064298,10020.0,7,868100000.0,tef-mls-01,40.108033,-6.632828,297.0,-119.0,-6.2,False,122.58513406003775,123.06714824984985,3.9799860705772456,5.082419144078481,False,EU868,False
2026-05-28 18:11:00.075121+00:00,stratolink-3-eu,EU,STALE,40.5472281,-5.3064298,10020.0,7,868100000.0,ext-sg50-011,,,,-120.0,-8.2,False,,,,,False,EU868,False
2026-05-28 18:11:00.075121+00:00,stratolink-3-eu,EU,STALE,40.5472281,-5.3064298,10020.0,7,868100000.0,meceiot-014-dragout-a84041ffff29d5ba,41.11715,-4.78439,825.0,-119.0,-9.0,False,77.10425311621862,77.71526452415816,6.448122256850517,7.141536506422115,False,EU868,False
2026-05-28 18:11:00.075121+00:00,stratolink-3-eu,EU,STALE,40.5472281,-5.3064298,10020.0,7,868100000.0,ext-sg50-022,,,,-120.0,-6.5,False,,,,,False,EU868,False
2026-05-28 18:11:00.075121+00:00,stratolink-3-eu,EU,STALE,40.5472281,-5.3064298,10020.0,7,868100000.0,antena-granjas-rendondo-01,,,,-121.0,-1.25,False,,,,,False,EU868,False
2026-05-28 18:11:00.075121+00:00,stratolink-3-eu,EU,STALE,40.5472281,-5.3064298,10020.0,7,868100000.0,italr0005,40.954279046747715,-4.142631590366364,,-122.0,-8.25,False,107.97738106666701,108.52452519151635,4.811905683303888,5.782968259452956,False,EU868,False
2026-05-28 18:11:00.075121+00:00,stratolink-3-eu,EU,STALE,40.5472281,-5.3064298,10020.0,7,868100000.0,ext-sg50-027,,,,-116.0,-7.2,False,,,,,False,EU868,False
2026-05-28 18:11:00.075121+00:00,stratolink-3-eu,EU,STALE,40.5472281,-5.3064298,10020.0,7,868100000.0,sg50-eui-c0ba1ffffe004945,,,,-119.0,-5.8,False,,,,,False,EU868,False
2026-05-28 18:11:00.075121+00:00,stratolink-3-eu,EU,STALE,40.5472281,-5.3064298,10020.0,7,868100000.0,packetbroker,40.962758045083945,-5.675633842073217,,-116.0,-8.75,True,55.695533089317976,56.63260259193401,9.940446205889119,10.441327476645695,False,EU868,False
2026-05-28 18:11:00.075121+00:00,stratolink-3-eu,EU,STALE,40.5472281,-5.3064298,10020.0,7,868100000.0,tidop-solar-milesight-001,40.6508109351282,-4.73721027374268,1115.0,-111.0,5.8,False,49.41918209700235,50.257451865421714,9.983695305347146,10.428132073532074,False,EU868,False
2026-05-28 18:11:00.075121+00:00,stratolink-3-eu,EU,STALE,40.5472281,-5.3064298,10020.0,7,868100000.0,sg50-perte-malpica-06,,,,-113.0,-6.2,False,,,,,False,EU868,False
2026-05-28 18:11:00.075121+00:00,stratolink-3-eu,EU,STALE,40.5472281,-5.3064298,10020.0,7,868100000.0,meceiot-004-5030354163554750,40.5481739449056,-5.16353885114368,1550.0,-103.0,9.5,False,12.073777545940104,14.757430378604898,34.971695374065966,35.08027731420747,False,EU868,False
2026-05-28 18:11:00.075121+00:00,stratolink-3-eu,EU,STALE,40.5472281,-5.3064298,10020.0,7,868100000.0,mtcdtip02-l4e1-1,,,,-108.0,-6.2,False,,,,,False,EU868,False
2026-05-28 18:11:00.075121+00:00,stratolink-3-eu,EU,STALE,40.5472281,-5.3064298,10020.0,7,868100000.0,mjv-casas,,,,-110.0,2.8,False,,,,,False,EU868,False
2026-05-28 18:11:00.075121+00:00,stratolink-3-eu,EU,STALE,40.5472281,-5.3064298,10020.0,7,868100000.0,mvj-cabezuela,,,,-110.0,,False,,,,,False,EU868,False
2026-05-28 18:11:00.075121+00:00,stratolink-3-eu,EU,STALE,40.5472281,-5.3064298,10020.0,7,868100000.0,mtcdtip02-l4e1-9,,,,-111.0,-5.8,False,,,,,False,EU868,False
2026-05-28 18:11:00.075121+00:00,stratolink-3-eu,EU,STALE,40.5472281,-5.3064298,10020.0,7,868100000.0,sg50-perte-malpica-02,39.94336757279527,-4.661850929260255,405.0,-111.0,-5.2,False,86.61098594978365,87.21279107435551,5.93998628077958,6.7188965146486375,False,EU868,False
2026-05-28 18:11:00.075121+00:00,stratolink-3-eu,EU,STALE,40.5472281,-5.3064298,10020.0,7,868100000.0,cicytex-ic003,,,,-108.0,-3.2,False,,,,,False,EU868,False
2026-05-28 18:11:00.075121+00:00,stratolink-3-eu,EU,STALE,40.5472281,-5.3064298,10020.0,7,868100000.0,sg50-perte-malpica-05,,,,-112.0,4.5,False,,,,,False,EU868,False
2026-05-28 18:11:00.075121+00:00,stratolink-3-eu,EU,STALE,40.5472281,-5.3064298,10020.0,7,868100000.0,ext-dlos8-007,,,,-113.0,-9.0,False,,,,,False,EU868,False
2026-05-28 18:11:00.075121+00:00,stratolink-3-eu,EU,STALE,40.5472281,-5.3064298,10020.0,7,868100000.0,210030,,,,-113.0,2.2,False,,,,,False,EU868,False
2026-05-28 18:11:00.075121+00:00,stratolink-3-eu,EU,STALE,40.5472281,-5.3064298,10020.0,7,868100000.0,packetbroker,40.962541751597406,-5.675446072867432,,-114.0,-6.25,True,55.666778009165405,56.60427942014389,9.945729341319057,10.446352011784558,False,EU868,False
2026-05-28 18:11:00.075121+00:00,stratolink-3-eu,EU,STALE,40.5472281,-5.3064298,10020.0,7,868100000.0,cicytex-lo-04,,,,-113.0,-5.5,False,,,,,False,EU868,False
2026-05-28 18:11:00.075121+00:00,stratolink-3-eu,EU,STALE,40.5472281,-5.3064298,10020.0,7,868100000.0,cdtic-multitech-6,40.1338,-5.94651,300.0,-113.0,3.2,False,71.10762504138638,71.82555893159963,7.457714989649325,8.097200341807799,False,EU868,False
2026-05-28 18:16:08.243936+00:00,stratolink-3-eu,EU,STALE,40.5472281,-5.3064298,10020.0,7,868300000.0,cicytex-lo-04,,,,-115.0,-3.8,False,,,,,False,EU868,False
2026-05-28 18:16:08.243936+00:00,stratolink-3-eu,EU,STALE,40.5472281,-5.3064298,10020.0,7,868300000.0,italr0005,40.954279046747715,-4.142631590366364,,-120.0,-6.5,False,107.97738106666701,108.52452519151635,4.811905683303888,5.782968259452956,False,EU868,False
2026-05-28 18:16:08.243936+00:00,stratolink-3-eu,EU,STALE,40.5472281,-5.3064298,10020.0,7,868300000.0,ext-sg50-024,,,,-120.0,-8.2,False,,,,,False,EU868,False
2026-05-28 18:16:08.243936+00:00,stratolink-3-eu,EU,STALE,40.5472281,-5.3064298,10020.0,7,868300000.0,antena-granjas-rendondo-01,,,,-121.0,-0.75,False,,,,,False,EU868,False
2026-05-28 18:16:08.243936+00:00,stratolink-3-eu,EU,STALE,40.5472281,-5.3064298,10020.0,7,868300000.0,sg50-perte-malpica-03,,,,-119.0,-3.5,False,,,,,False,EU868,False
2026-05-28 18:16:08.243936+00:00,stratolink-3-eu,EU,STALE,40.5472281,-5.3064298,10020.0,7,868300000.0,tef-mls-01,40.108033,-6.632828,297.0,-119.0,-8.0,False,122.58513406003775,123.06714824984985,3.9799860705772456,5.082419144078481,False,EU868,False
2026-05-28 18:16:08.243936+00:00,stratolink-3-eu,EU,STALE,40.5472281,-5.3064298,10020.0,7,868300000.0,sg50-perte-malpica-07,,,,-118.0,-5.8,False,,,,,False,EU868,False
2026-05-28 18:16:08.243936+00:00,stratolink-3-eu,EU,STALE,40.5472281,-5.3064298,10020.0,7,868300000.0,sg50-eui-c0ba1ffffe004945,,,,-118.0,-7.5,False,,,,,False,EU868,False
2026-05-28 18:16:08.243936+00:00,stratolink-3-eu,EU,STALE,40.5472281,-5.3064298,10020.0,7,868300000.0,ext-sg50-028,,,,-118.0,-7.5,False,,,,,False,EU868,False
2026-05-28 18:16:08.243936+00:00,stratolink-3-eu,EU,STALE,40.5472281,-5.3064298,10020.0,7,868300000.0,mitigasmart-cc,,,,-117.0,-3.2,False,,,,,False,EU868,False
2026-05-28 18:16:08.243936+00:00,stratolink-3-eu,EU,STALE,40.5472281,-5.3064298,10020.0,7,868300000.0,packetbroker,40.962541751597406,-5.675446072867432,,-116.0,-6.75,True,55.666778009165405,56.60427942014389,9.945729341319057,10.446352011784558,False,EU868,False
2026-05-28 18:16:08.243936+00:00,stratolink-3-eu,EU,STALE,40.5472281,-5.3064298,10020.0,7,868300000.0,ext-sg50-011,,,,-119.0,-7.5,False,,,,,False,EU868,False
2026-05-28 18:16:08.243936+00:00,stratolink-3-eu,EU,STALE,40.5472281,-5.3064298,10020.0,7,868300000.0,tidop-solar-milesight-001,40.6508109351282,-4.73721027374268,1115.0,-114.0,3.2,False,49.41918209700235,50.257451865421714,9.983695305347146,10.428132073532074,False,EU868,False
2026-05-28 18:16:08.243936+00:00,stratolink-3-eu,EU,STALE,40.5472281,-5.3064298,10020.0,7,868300000.0,mtcdtip02-l4e1-5,,,,-114.0,-4.0,False,,,,,False,EU868,False
2026-05-28 18:16:08.243936+00:00,stratolink-3-eu,EU,STALE,40.5472281,-5.3064298,10020.0,7,868300000.0,cicytex-unex-1,,,,-114.0,,False,,,,,False,EU868,False
2026-05-28 18:16:08.243936+00:00,stratolink-3-eu,EU,STALE,40.5472281,-5.3064298,10020.0,7,868300000.0,meceiot-004-5030354163554750,40.5481739449056,-5.16353885114368,1550.0,-98.0,9.0,False,12.073777545940104,14.757430378604898,34.971695374065966,35.08027731420747,False,EU868,False
2026-05-28 18:16:08.243936+00:00,stratolink-3-eu,EU,STALE,40.5472281,-5.3064298,10020.0,7,868300000.0,cicytex-ic003,,,,-107.0,-3.8,False,,,,,False,EU868,False
2026-05-28 18:16:08.243936+00:00,stratolink-3-eu,EU,STALE,40.5472281,-5.3064298,10020.0,7,868300000.0,cdtic-multitech-6,40.1338,-5.94651,300.0,-111.0,2.2,False,71.10762504138638,71.82555893159963,7.457714989649325,8.097200341807799,False,EU868,False
2026-05-28 18:16:08.243936+00:00,stratolink-3-eu,EU,STALE,40.5472281,-5.3064298,10020.0,7,868300000.0,210030,,,,-111.0,1.8,False,,,,,False,EU868,False
2026-05-28 18:16:08.243936+00:00,stratolink-3-eu,EU,STALE,40.5472281,-5.3064298,10020.0,7,868300000.0,mvj-cabezuela,,,,-109.0,1.0,False,,,,,False,EU868,False
2026-05-28 18:16:08.243936+00:00,stratolink-3-eu,EU,STALE,40.5472281,-5.3064298,10020.0,7,868300000.0,sg50-perte-malpica-05,,,,-111.0,6.0,False,,,,,False,EU868,False
2026-05-28 18:16:08.243936+00:00,stratolink-3-eu,EU,STALE,40.5472281,-5.3064298,10020.0,7,868300000.0,sg50-perte-malpica-02,39.94336757279527,-4.661850929260255,405.0,-112.0,-3.0,False,86.61098594978365,87.21279107435551,5.93998628077958,6.7188965146486375,False,EU868,False
2026-05-28 18:16:08.243936+00:00,stratolink-3-eu,EU,STALE,40.5472281,-5.3064298,10020.0,7,868300000.0,ext-dlos8-007,,,,-113.0,-8.5,False,,,,,False,EU868,False
2026-05-28 18:16:08.243936+00:00,stratolink-3-eu,EU,STALE,40.5472281,-5.3064298,10020.0,7,868300000.0,dlps8-105,,,,-113.0,-9.5,False,,,,,False,EU868,False
2026-05-28 18:16:08.243936+00:00,stratolink-3-eu,EU,STALE,40.5472281,-5.3064298,10020.0,7,868300000.0,mtcdtip02-l4e1-9,,,,-111.0,-5.8,False,,,,,False,EU868,False
2026-05-28 18:21:16.226105+00:00,stratolink-3-eu,EU,STALE,40.5472281,-5.3064298,10020.0,7,868500000.0,sg50-perte-malpica-01,,,,-116.0,-5.2,False,,,,,False,EU868,False
2026-05-28 18:21:16.226105+00:00,stratolink-3-eu,EU,STALE,40.5472281,-5.3064298,10020.0,7,868500000.0,antena-granjas-rendondo-01,,,,-121.0,-2.75,False,,,,,False,EU868,False
2026-05-28 18:21:16.226105+00:00,stratolink-3-eu,EU,STALE,40.5472281,-5.3064298,10020.0,7,868500000.0,cdtic-multitech-6,40.1338,-5.94651,300.0,-115.0,-2.2,False,71.10762504138638,71.82555893159963,7.457714989649325,8.097200341807799,False,EU868,False
2026-05-28 18:21:16.226105+00:00,stratolink-3-eu,EU,STALE,40.5472281,-5.3064298,10020.0,7,868500000.0,cicytex-unex-2,,,,-116.0,-7.0,False,,,,,False,EU868,False
2026-05-28 18:21:16.226105+00:00,stratolink-3-eu,EU,STALE,40.5472281,-5.3064298,10020.0,7,868500000.0,meceiot-014-dragout-a84041ffff29d5ba,41.11715,-4.78439,825.0,-116.0,-8.5,False,77.10425311621862,77.71526452415816,6.448122256850517,7.141536506422115,False,EU868,False
2026-05-28 18:21:16.226105+00:00,stratolink-3-eu,EU,STALE,40.5472281,-5.3064298,10020.0,7,868500000.0,italr0005,40.954279046747715,-4.142631590366364,,-117.0,-3.25,False,107.97738106666701,108.52452519151635,4.811905683303888,5.782968259452956,False,EU868,False
2026-05-28 18:21:16.226105+00:00,stratolink-3-eu,EU,STALE,40.5472281,-5.3064298,10020.0,7,868500000.0,sg50-perte-malpica-03,,,,-118.0,-4.0,False,,,,,False,EU868,False
2026-05-28 18:21:16.226105+00:00,stratolink-3-eu,EU,STALE,40.5472281,-5.3064298,10020.0,7,868500000.0,sg50-perte-malpica-07,,,,-117.0,-7.0,False,,,,,False,EU868,False
2026-05-28 18:21:16.226105+00:00,stratolink-3-eu,EU,STALE,40.5472281,-5.3064298,10020.0,7,868500000.0,ext-sg50-028,,,,-118.0,-7.5,False,,,,,False,EU868,False
2026-05-28 18:21:16.226105+00:00,stratolink-3-eu,EU,STALE,40.5472281,-5.3064298,10020.0,7,868500000.0,sg50-eui-c0ba1ffffe004945,,,,-118.0,-7.5,False,,,,,False,EU868,False
2026-05-28 18:21:16.226105+00:00,stratolink-3-eu,EU,STALE,40.5472281,-5.3064298,10020.0,7,868500000.0,ifapa,,,,-118.0,-8.5,False,,,,,False,EU868,False
2026-05-28 18:21:16.226105+00:00,stratolink-3-eu,EU,STALE,40.5472281,-5.3064298,10020.0,7,868500000.0,ext-sg50-022,,,,-119.0,-9.2,False,,,,,False,EU868,False
2026-05-28 18:21:16.226105+00:00,stratolink-3-eu,EU,STALE,40.5472281,-5.3064298,10020.0,7,868500000.0,cicytex-unex-1,,,,-115.0,-0.8,False,,,,,False,EU868,False
2026-05-28 18:21:16.226105+00:00,stratolink-3-eu,EU,STALE,40.5472281,-5.3064298,10020.0,7,868500000.0,mitigasmart-cc,,,,-117.0,-5.2,False,,,,,False,EU868,False
2026-05-28 18:21:16.226105+00:00,stratolink-3-eu,EU,STALE,40.5472281,-5.3064298,10020.0,7,868500000.0,cicytex-lo-04,,,,-115.0,-5.2,False,,,,,False,EU868,False
2026-05-28 18:21:16.226105+00:00,stratolink-3-eu,EU,STALE,40.5472281,-5.3064298,10020.0,7,868500000.0,210030,,,,-113.0,2.8,False,,,,,False,EU868,False
2026-05-28 18:21:16.226105+00:00,stratolink-3-eu,EU,STALE,40.5472281,-5.3064298,10020.0,7,868500000.0,ext-sg50-012,,,,-113.0,-4.2,False,,,,,False,EU868,False
2026-05-28 18:21:16.226105+00:00,stratolink-3-eu,EU,STALE,40.5472281,-5.3064298,10020.0,7,868500000.0,meceiot-004-5030354163554750,40.5481739449056,-5.16353885114368,1550.0,-99.0,6.75,False,12.073777545940104,14.757430378604898,34.971695374065966,35.08027731420747,False,EU868,False
2026-05-28 18:21:16.226105+00:00,stratolink-3-eu,EU,STALE,40.5472281,-5.3064298,10020.0,7,868500000.0,cicytex-ic003,,,,-107.0,-5.0,False,,,,,False,EU868,False
2026-05-28 18:21:16.226105+00:00,stratolink-3-eu,EU,STALE,40.5472281,-5.3064298,10020.0,7,868500000.0,mvj-cabezuela,,,,-108.0,-1.2,False,,,,,False,EU868,False
2026-05-28 18:21:16.226105+00:00,stratolink-3-eu,EU,STALE,40.5472281,-5.3064298,10020.0,7,868500000.0,mtcdtip02-l4e1-1,,,,-109.0,-4.5,False,,,,,False,EU868,False
2026-05-28 18:21:16.226105+00:00,stratolink-3-eu,EU,STALE,40.5472281,-5.3064298,10020.0,7,868500000.0,sg50-perte-malpica-02,39.94336757279527,-4.661850929260255,405.0,-110.0,-2.8,False,86.61098594978365,87.21279107435551,5.93998628077958,6.7188965146486375,False,EU868,False
2026-05-28 18:21:16.226105+00:00,stratolink-3-eu,EU,STALE,40.5472281,-5.3064298,10020.0,7,868500000.0,niharramikrotik,40.589325292876616,-4.838257133960725,1131.0,-111.0,0.5,False,39.82130859823407,40.83529945332661,12.393641476644039,12.75176261396802,False,EU868,False
2026-05-28 18:21:16.226105+00:00,stratolink-3-eu,EU,STALE,40.5472281,-5.3064298,10020.0,7,868500000.0,packetbroker,40.962541751597406,-5.675446072867432,,-114.0,-6.75,True,55.666778009165405,56.60427942014389,9.945729341319057,10.446352011784558,False,EU868,False
2026-05-28 18:21:16.226105+00:00,stratolink-3-eu,EU,STALE,40.5472281,-5.3064298,10020.0,7,868500000.0,mtcdtip02-l4e1-9,,,,-111.0,-4.8,False,,,,,False,EU868,False
2026-05-28 18:21:16.226105+00:00,stratolink-3-eu,EU,STALE,40.5472281,-5.3064298,10020.0,7,868500000.0,sg50-perte-malpica-05,,,,-111.0,4.8,False,,,,,False,EU868,False
2026-05-28 18:21:16.226105+00:00,stratolink-3-eu,EU,STALE,40.5472281,-5.3064298,10020.0,7,868500000.0,kenai-instalaciones-y-proyectos,40.6244743091053,-3.90243977308273,,-112.0,-6.75,False,118.86953215186202,119.38248792120771,4.2798892725998146,5.348907181505776,False,EU868,False
2026-05-28 18:21:16.226105+00:00,stratolink-3-eu,EU,STALE,40.5472281,-5.3064298,10020.0,7,868500000.0,sg50-perte-malpica-06,,,,-112.0,-1.5,False,,,,,False,EU868,False
2026-05-28 18:21:16.226105+00:00,stratolink-3-eu,EU,STALE,40.5472281,-5.3064298,10020.0,7,868500000.0,mjv-casas,,,,-113.0,1.0,False,,,,,False,EU868,False
2026-05-28 18:21:16.226105+00:00,stratolink-3-eu,EU,STALE,40.5472281,-5.3064298,10020.0,7,868500000.0,mtcdtip02-l4e1-16,,,,-113.0,-8.5,False,,,,,False,EU868,False
2026-05-28 18:21:16.226105+00:00,stratolink-3-eu,EU,STALE,40.5472281,-5.3064298,10020.0,7,868500000.0,mtcdtip02-l4e1-13,,,,-111.0,-7.0,False,,,,,False,EU868,False
2026-05-28 18:26:24.191926+00:00,stratolink-3-eu,EU,STALE,40.5472281,-5.3064298,10020.0,7,868100000.0,ext-sg50-027,,,,-116.0,-5.5,False,,,,,False,EU868,False
2026-05-28 18:26:24.191926+00:00,stratolink-3-eu,EU,STALE,40.5472281,-5.3064298,10020.0,7,868100000.0,italr0001,41.70253250763931,-4.708266556262971,765.0,-117.0,-6.5,False,137.88772907362312,138.31170139904214,3.216509890045051,4.456562316681419,False,EU868,False
2026-05-28 18:26:24.191926+00:00,stratolink-3-eu,EU,STALE,40.5472281,-5.3064298,10020.0,7,868100000.0,meceiot-014-dragout-a84041ffff29d5ba,41.11715,-4.78439,825.0,-117.0,-6.5,False,77.10425311621862,77.71526452415816,6.448122256850517,7.141536506422115,False,EU868,False
2026-05-28 18:26:24.191926+00:00,stratolink-3-eu,EU,STALE,40.5472281,-5.3064298,10020.0,7,868100000.0,mitigasmart-cc,,,,-117.0,-2.2,False,,,,,False,EU868,False
2026-05-28 18:26:24.191926+00:00,stratolink-3-eu,EU,STALE,40.5472281,-5.3064298,10020.0,7,868100000.0,sg50-perte-malpica-05,,,,-117.0,-1.8,False,,,,,False,EU868,False
2026-05-28 18:26:24.191926+00:00,stratolink-3-eu,EU,STALE,40.5472281,-5.3064298,10020.0,7,868100000.0,ext-sg50-028,,,,-119.0,-7.2,False,,,,,False,EU868,False
2026-05-28 18:26:24.191926+00:00,stratolink-3-eu,EU,STALE,40.5472281,-5.3064298,10020.0,7,868100000.0,sg50-eui-c0ba1ffffe004945,,,,-119.0,-8.0,False,,,,,False,EU868,False
2026-05-28 18:26:24.191926+00:00,stratolink-3-eu,EU,STALE,40.5472281,-5.3064298,10020.0,7,868100000.0,tef-mls-01,40.108033,-6.632828,297.0,-119.0,-5.8,False,122.58513406003775,123.06714824984985,3.9799860705772456,5.082419144078481,False,EU868,False
2026-05-28 18:26:24.191926+00:00,stratolink-3-eu,EU,STALE,40.5472281,-5.3064298,10020.0,7,868100000.0,italr0005,40.954279046747715,-4.142631590366364,,-119.0,-5.0,False,107.97738106666701,108.52452519151635,4.811905683303888,5.782968259452956,False,EU868,False
2026-05-28 18:26:24.191926+00:00,stratolink-3-eu,EU,STALE,40.5472281,-5.3064298,10020.0,7,868100000.0,ext-sg50-011,,,,-120.0,-7.5,False,,,,,False,EU868,False
2026-05-28 18:26:24.191926+00:00,stratolink-3-eu,EU,STALE,40.5472281,-5.3064298,10020.0,7,868100000.0,antena-granjas-rendondo-01,,,,-126.0,-6.25,False,,,,,False,EU868,False
2026-05-28 18:26:24.191926+00:00,stratolink-3-eu,EU,STALE,40.5472281,-5.3064298,10020.0,7,868100000.0,cicytex-unex-1,,,,-116.0,-3.0,False,,,,,False,EU868,False
2026-05-28 18:26:24.191926+00:00,stratolink-3-eu,EU,STALE,40.5472281,-5.3064298,10020.0,7,868100000.0,ext-sg50-022,,,,-119.0,-4.5,False,,,,,False,EU868,False
2026-05-28 18:26:24.191926+00:00,stratolink-3-eu,EU,STALE,40.5472281,-5.3064298,10020.0,7,868100000.0,ctaex-lora-one,,,,-116.0,-8.8,False,,,,,False,EU868,False
2026-05-28 18:26:24.191926+00:00,stratolink-3-eu,EU,STALE,40.5472281,-5.3064298,10020.0,7,868100000.0,ext-sg50-012,,,,-114.0,2.8,False,,,,,False,EU868,False
2026-05-28 18:26:24.191926+00:00,stratolink-3-eu,EU,STALE,40.5472281,-5.3064298,10020.0,7,868100000.0,cdtic-multitech-6,40.1338,-5.94651,300.0,-115.0,1.2,False,71.10762504138638,71.82555893159963,7.457714989649325,8.097200341807799,False,EU868,False
2026-05-28 18:26:24.191926+00:00,stratolink-3-eu,EU,STALE,40.5472281,-5.3064298,10020.0,7,868100000.0,cicytex-ic003,,,,-107.0,-0.8,False,,,,,False,EU868,False
2026-05-28 18:26:24.191926+00:00,stratolink-3-eu,EU,STALE,40.5472281,-5.3064298,10020.0,7,868100000.0,mtcdtip02-l4e1-1,,,,-109.0,-5.0,False,,,,,False,EU868,False
2026-05-28 18:26:24.191926+00:00,stratolink-3-eu,EU,STALE,40.5472281,-5.3064298,10020.0,7,868100000.0,mvj-cabezuela,,,,-111.0,3.0,False,,,,,False,EU868,False
2026-05-28 18:26:24.191926+00:00,stratolink-3-eu,EU,STALE,40.5472281,-5.3064298,10020.0,7,868100000.0,tidop-solar-milesight-001,40.6508109351282,-4.73721027374268,1115.0,-115.0,0.8,False,49.41918209700235,50.257451865421714,9.983695305347146,10.428132073532074,False,EU868,False
2026-05-28 18:26:24.191926+00:00,stratolink-3-eu,EU,STALE,40.5472281,-5.3064298,10020.0,7,868100000.0,mtcdtip02-l4e1-9,,,,-111.0,-3.2,False,,,,,False,EU868,False
2026-05-28 18:26:24.191926+00:00,stratolink-3-eu,EU,STALE,40.5472281,-5.3064298,10020.0,7,868100000.0,sg50-perte-malpica-02,39.94336757279527,-4.661850929260255,405.0,-112.0,-9.0,False,86.61098594978365,87.21279107435551,5.93998628077958,6.7188965146486375,False,EU868,False
2026-05-28 18:26:24.191926+00:00,stratolink-3-eu,EU,STALE,40.5472281,-5.3064298,10020.0,7,868100000.0,niharramikrotik,40.589325292876616,-4.838257133960725,1131.0,-111.0,-1.75,False,39.82130859823407,40.83529945332661,12.393641476644039,12.75176261396802,False,EU868,False
2026-05-28 18:26:24.191926+00:00,stratolink-3-eu,EU,STALE,40.5472281,-5.3064298,10020.0,7,868100000.0,210030,,,,-113.0,5.8,False,,,,,False,EU868,False
2026-05-28 18:26:24.191926+00:00,stratolink-3-eu,EU,STALE,40.5472281,-5.3064298,10020.0,7,868100000.0,cicytex-lo-04,,,,-114.0,-7.5,False,,,,,False,EU868,False
2026-05-28 18:26:24.191926+00:00,stratolink-3-eu,EU,STALE,40.5472281,-5.3064298,10020.0,7,868100000.0,mtcdtip02-l4e1-16,,,,-114.0,-6.8,False,,,,,False,EU868,False
2026-05-28 18:26:24.191926+00:00,stratolink-3-eu,EU,STALE,40.5472281,-5.3064298,10020.0,7,868100000.0,mtcdtip02-l4e1-7,,,,-115.0,-7.5,False,,,,,False,EU868,False
2026-05-28 18:26:24.191926+00:00,stratolink-3-eu,EU,STALE,40.5472281,-5.3064298,10020.0,7,868100000.0,mtcdtip02-l4e1-5,,,,-115.0,-4.5,False,,,,,False,EU868,False
2026-05-28 18:26:24.191926+00:00,stratolink-3-eu,EU,STALE,40.5472281,-5.3064298,10020.0,7,868100000.0,mjv-casas,,,,-113.0,2.0,False,,,,,False,EU868,False
2026-05-28 18:31:32.249545+00:00,stratolink-3-eu,EU,STALE,40.5472281,-5.3064298,10020.0,7,868300000.0,alarad-multitech,,,,-115.0,-5.75,False,,,,,False,EU868,False
2026-05-28 18:31:32.249545+00:00,stratolink-3-eu,EU,STALE,40.5472281,-5.3064298,10020.0,7,868300000.0,antena-granjas-rendondo-01,,,,-122.0,-1.75,False,,,,,False,EU868,False
2026-05-28 18:31:32.249545+00:00,stratolink-3-eu,EU,STALE,40.5472281,-5.3064298,10020.0,7,868300000.0,meceiot-013-dragout-a84041ffff29dc56,40.970672,-5.141641,820.0,-122.0,-7.25,False,49.08792298235313,49.983523309409044,10.385562964570097,10.827020652079517,False,EU868,False
2026-05-28 18:31:32.249545+00:00,stratolink-3-eu,EU,STALE,40.5472281,-5.3064298,10020.0,7,868300000.0,ext-sg50-023,,,,-119.0,-5.2,False,,,,,False,EU868,False
2026-05-28 18:31:32.249545+00:00,stratolink-3-eu,EU,STALE,40.5472281,-5.3064298,10020.0,7,868300000.0,mitigasmart-cc,,,,-119.0,-9.2,False,,,,,False,EU868,False
2026-05-28 18:31:32.249545+00:00,stratolink-3-eu,EU,STALE,40.5472281,-5.3064298,10020.0,7,868300000.0,ext-sg50-012,,,,-117.0,-6.2,False,,,,,False,EU868,False
2026-05-28 18:31:32.249545+00:00,stratolink-3-eu,EU,STALE,40.5472281,-5.3064298,10020.0,7,868300000.0,210030,,,,-116.0,-1.2,False,,,,,False,EU868,False
2026-05-28 18:31:32.249545+00:00,stratolink-3-eu,EU,STALE,40.5472281,-5.3064298,10020.0,7,868300000.0,italr0001,41.70253250763931,-4.708266556262971,765.0,-115.0,-3.5,False,137.88772907362312,138.31170139904214,3.216509890045051,4.456562316681419,False,EU868,False
2026-05-28 18:31:32.249545+00:00,stratolink-3-eu,EU,STALE,40.5472281,-5.3064298,10020.0,7,868300000.0,sg50-perte-malpica-03,,,,-120.0,-8.5,False,,,,,False,EU868,False
2026-05-28 18:31:32.249545+00:00,stratolink-3-eu,EU,STALE,40.5472281,-5.3064298,10020.0,7,868300000.0,italr0005,40.954279046747715,-4.142631590366364,,-114.0,-0.75,False,107.97738106666701,108.52452519151635,4.811905683303888,5.782968259452956,False,EU868,False
2026-05-28 18:31:32.249545+00:00,stratolink-3-eu,EU,STALE,40.5472281,-5.3064298,10020.0,7,868300000.0,sg50-perte-malpica-06,,,,-113.0,-8.8,False,,,,,False,EU868,False
2026-05-28 18:31:32.249545+00:00,stratolink-3-eu,EU,STALE,40.5472281,-5.3064298,10020.0,7,868300000.0,mtcdtip-l4e1-868-dattera-2,40.31007631707678,-3.733453631302837,,-113.0,-6.0,False,135.72613093583203,136.1993309423371,3.60843824080703,4.82905097520863,False,EU868,False
2026-05-28 18:31:32.249545+00:00,stratolink-3-eu,EU,STALE,40.5472281,-5.3064298,10020.0,7,868300000.0,niharramikrotik,40.589325292876616,-4.838257133960725,1131.0,-113.0,-0.25,False,39.82130859823407,40.83529945332661,12.393641476644039,12.75176261396802,False,EU868,False
2026-05-28 18:31:32.249545+00:00,stratolink-3-eu,EU,STALE,40.5472281,-5.3064298,10020.0,7,868300000.0,tidop-solar-milesight-001,40.6508109351282,-4.73721027374268,1115.0,-112.0,4.0,False,49.41918209700235,50.257451865421714,9.983695305347146,10.428132073532074,False,EU868,False
2026-05-28 18:31:32.249545+00:00,stratolink-3-eu,EU,STALE,40.5472281,-5.3064298,10020.0,7,868300000.0,meceiot-014-dragout-a84041ffff29d5ba,41.11715,-4.78439,825.0,-111.0,-3.0,False,77.10425311621862,77.71526452415816,6.448122256850517,7.141536506422115,False,EU868,False
2026-05-28 18:31:32.249545+00:00,stratolink-3-eu,EU,STALE,40.5472281,-5.3064298,10020.0,7,868300000.0,meceiot-004-5030354163554750,40.5481739449056,-5.16353885114368,1550.0,-103.0,7.25,False,12.073777545940104,14.757430378604898,34.971695374065966,35.08027731420747,False,EU868,False
2026-05-28 18:31:32.249545+00:00,stratolink-3-eu,EU,STALE,40.5472281,-5.3064298,10020.0,7,868300000.0,sg50-perte-malpica-02,39.94336757279527,-4.661850929260255,405.0,-114.0,-8.8,False,86.61098594978365,87.21279107435551,5.93998628077958,6.7188965146486375,False,EU868,False
2026-05-28 18:36:39.766139+00:00,stratolink-3-eu,EU,STALE,40.5472281,-5.3064298,10020.0,7,868500000.0,sg50-perte-malpica-01,,,,-116.0,-8.0,False,,,,,False,EU868,False
2026-05-28 18:36:39.766139+00:00,stratolink-3-eu,EU,STALE,40.5472281,-5.3064298,10020.0,7,868500000.0,cicytex-unex-1,,,,-117.0,-8.2,False,,,,,False,EU868,False
2026-05-28 18:36:39.766139+00:00,stratolink-3-eu,EU,STALE,40.5472281,-5.3064298,10020.0,7,868500000.0,rio-tormes-1b,40.968865323719,-5.64232170581818,940.0,-118.0,-6.5,False,54.75848202696337,55.552481869041664,9.160833320519268,9.653287500254867,False,EU868,False
2026-05-28 18:36:39.766139+00:00,stratolink-3-eu,EU,STALE,40.5472281,-5.3064298,10020.0,7,868500000.0,ext-sg50-023,,,,-118.0,-3.5,False,,,,,False,EU868,False
2026-05-28 18:36:39.766139+00:00,stratolink-3-eu,EU,STALE,40.5472281,-5.3064298,10020.0,7,868500000.0,antena-granjas-rendondo-01,,,,-123.0,-3.5,False,,,,,False,EU868,False
2026-05-28 18:36:39.766139+00:00,stratolink-3-eu,EU,STALE,40.5472281,-5.3064298,10020.0,7,868500000.0,meceiot-013-dragout-a84041ffff29dc56,40.970672,-5.141641,820.0,-120.0,-5.5,False,49.08792298235313,49.983523309409044,10.385562964570097,10.827020652079517,False,EU868,False
2026-05-28 18:36:39.766139+00:00,stratolink-3-eu,EU,STALE,40.5472281,-5.3064298,10020.0,7,868500000.0,eui-7076ff0056081d63,,,,-121.0,-8.2,False,,,,,False,EU868,False
2026-05-28 18:36:39.766139+00:00,stratolink-3-eu,EU,STALE,40.5472281,-5.3064298,10020.0,7,868500000.0,luisdelucena,40.64196411603373,-3.1820132085638857,650.0,-116.0,-8.25,False,179.67776411932374,180.0661717535039,2.1745785758258362,3.790457297635788,False,EU868,False
2026-05-28 18:36:39.766139+00:00,stratolink-3-eu,EU,STALE,40.5472281,-5.3064298,10020.0,7,868500000.0,ext-sg50-022,,,,-119.0,-7.8,False,,,,,False,EU868,False
2026-05-28 18:36:39.766139+00:00,stratolink-3-eu,EU,STALE,40.5472281,-5.3064298,10020.0,7,868500000.0,italr0005,40.954279046747715,-4.142631590366364,,-115.0,-1.5,False,107.97738106666701,108.52452519151635,4.811905683303888,5.782968259452956,False,EU868,False
2026-05-28 18:36:39.766139+00:00,stratolink-3-eu,EU,STALE,40.5472281,-5.3064298,10020.0,7,868500000.0,alarad-multitech,,,,-115.0,-7.25,False,,,,,False,EU868,False
2026-05-28 18:36:39.766139+00:00,stratolink-3-eu,EU,STALE,40.5472281,-5.3064298,10020.0,7,868500000.0,mvj-cabezuela,,,,-114.0,-1.5,False,,,,,False,EU868,False
2026-05-28 18:36:39.766139+00:00,stratolink-3-eu,EU,STALE,40.5472281,-5.3064298,10020.0,7,868500000.0,tidop-solar-milesight-001,40.6508109351282,-4.73721027374268,1115.0,-114.0,2.2,False,49.41918209700235,50.257451865421714,9.983695305347146,10.428132073532074,False,EU868,False
2026-05-28 18:36:39.766139+00:00,stratolink-3-eu,EU,STALE,40.5472281,-5.3064298,10020.0,7,868500000.0,packetbroker,40.962758045083945,-5.675633842073217,,-107.0,-1.5,True,55.695533089317976,56.63260259193401,9.940446205889119,10.441327476645695,False,EU868,False
2026-05-28 18:36:39.766139+00:00,stratolink-3-eu,EU,STALE,40.5472281,-5.3064298,10020.0,7,868500000.0,cicytex-ic003,,,,-108.0,-7.2,False,,,,,False,EU868,False
2026-05-28 18:36:39.766139+00:00,stratolink-3-eu,EU,STALE,40.5472281,-5.3064298,10020.0,7,868500000.0,niharramikrotik,40.589325292876616,-4.838257133960725,1131.0,-110.0,2.25,False,39.82130859823407,40.83529945332661,12.393641476644039,12.75176261396802,False,EU868,False
2026-05-28 18:36:39.766139+00:00,stratolink-3-eu,EU,STALE,40.5472281,-5.3064298,10020.0,7,868500000.0,meceiot-014-dragout-a84041ffff29d5ba,41.11715,-4.78439,825.0,-111.0,-3.25,False,77.10425311621862,77.71526452415816,6.448122256850517,7.141536506422115,False,EU868,False
2026-05-28 18:36:39.766139+00:00,stratolink-3-eu,EU,STALE,40.5472281,-5.3064298,10020.0,7,868500000.0,meceiot-004-5030354163554750,40.5481739449056,-5.16353885114368,1550.0,-103.0,6.25,False,12.073777545940104,14.757430378604898,34.971695374065966,35.08027731420747,False,EU868,False
2026-05-28 18:36:39.766139+00:00,stratolink-3-eu,EU,STALE,40.5472281,-5.3064298,10020.0,7,868500000.0,210030,,,,-113.0,-3.2,False,,,,,False,EU868,False
2026-05-28 18:36:39.766139+00:00,stratolink-3-eu,EU,STALE,40.5472281,-5.3064298,10020.0,7,868500000.0,cdtic-multitech-6,40.1338,-5.94651,300.0,-113.0,-6.2,False,71.10762504138638,71.82555893159963,7.457714989649325,8.097200341807799,False,EU868,False
2026-05-28 18:36:39.766139+00:00,stratolink-3-eu,EU,STALE,40.5472281,-5.3064298,10020.0,7,868500000.0,mjv-casas,,,,-114.0,-0.8,False,,,,,False,EU868,False
2026-05-28 18:36:39.766139+00:00,stratolink-3-eu,EU,STALE,40.5472281,-5.3064298,10020.0,7,868500000.0,italr0001,41.70253250763931,-4.708266556262971,765.0,-113.0,-4.0,False,137.88772907362312,138.31170139904214,3.216509890045051,4.456562316681419,False,EU868,False
2026-05-28 18:41:47.316307+00:00,stratolink-3-eu,EU,STALE,40.5472281,-5.3064298,10020.0,7,868100000.0,210030,,,,-117.0,-0.2,False,,,,,False,EU868,False
2026-05-28 18:41:47.316307+00:00,stratolink-3-eu,EU,STALE,40.5472281,-5.3064298,10020.0,7,868100000.0,meceiot-013-dragout-a84041ffff29dc56,40.970672,-5.141641,820.0,-122.0,-7.25,False,49.08792298235313,49.983523309409044,10.385562964570097,10.827020652079517,False,EU868,False
2026-05-28 18:41:47.316307+00:00,stratolink-3-eu,EU,STALE,40.5472281,-5.3064298,10020.0,7,868100000.0,eui-7076ff0056081d63,,,,-123.0,-7.8,False,,,,,False,EU868,False
2026-05-28 18:41:47.316307+00:00,stratolink-3-eu,EU,STALE,40.5472281,-5.3064298,10020.0,7,868100000.0,antena-granjas-rendondo-01,,,,-121.0,-1.25,False,,,,,False,EU868,False
2026-05-28 18:41:47.316307+00:00,stratolink-3-eu,EU,STALE,40.5472281,-5.3064298,10020.0,7,868100000.0,sg50-perte-malpica-03,,,,-120.0,-5.8,False,,,,,False,EU868,False
2026-05-28 18:41:47.316307+00:00,stratolink-3-eu,EU,STALE,40.5472281,-5.3064298,10020.0,7,868100000.0,ext-sg50-022,,,,-120.0,-8.0,False,,,,,False,EU868,False
2026-05-28 18:41:47.316307+00:00,stratolink-3-eu,EU,STALE,40.5472281,-5.3064298,10020.0,7,868100000.0,tidop-solar-milesight-001,40.6508109351282,-4.73721027374268,1115.0,-119.0,-6.5,False,49.41918209700235,50.257451865421714,9.983695305347146,10.428132073532074,False,EU868,False
2026-05-28 18:41:47.316307+00:00,stratolink-3-eu,EU,STALE,40.5472281,-5.3064298,10020.0,7,868100000.0,sg50-perte-malpica-05,,,,-119.0,-5.0,False,,,,,False,EU868,False
2026-05-28 18:41:47.316307+00:00,stratolink-3-eu,EU,STALE,40.5472281,-5.3064298,10020.0,7,868100000.0,mitigasmart-cc,,,,-118.0,-5.5,False,,,,,False,EU868,False
2026-05-28 18:41:47.316307+00:00,stratolink-3-eu,EU,STALE,40.5472281,-5.3064298,10020.0,7,868100000.0,sg50-perte-malpica-01,,,,-117.0,-4.2,False,,,,,False,EU868,False
2026-05-28 18:41:47.316307+00:00,stratolink-3-eu,EU,STALE,40.5472281,-5.3064298,10020.0,7,868100000.0,mjv-casas,,,,-117.0,-2.5,False,,,,,False,EU868,False
2026-05-28 18:41:47.316307+00:00,stratolink-3-eu,EU,STALE,40.5472281,-5.3064298,10020.0,7,868100000.0,meceiot-014-dragout-a84041ffff29d5ba,41.11715,-4.78439,825.0,-108.0,1.5,False,77.10425311621862,77.71526452415816,6.448122256850517,7.141536506422115,False,EU868,False
2026-05-28 18:41:47.316307+00:00,stratolink-3-eu,EU,STALE,40.5472281,-5.3064298,10020.0,7,868100000.0,packetbroker,41.62916384851624,-4.713819387616739,,-116.0,-7.5,True,130.1533903719668,130.6382699819066,3.813448300855077,4.983944244547997,False,EU868,False
2026-05-28 18:41:47.316307+00:00,stratolink-3-eu,EU,STALE,40.5472281,-5.3064298,10020.0,7,868100000.0,luisdelucena,40.64196411603373,-3.1820132085638857,650.0,-116.0,-5.25,False,179.67776411932374,180.0661717535039,2.1745785758258362,3.790457297635788,False,EU868,False
2026-05-28 18:41:47.316307+00:00,stratolink-3-eu,EU,STALE,40.5472281,-5.3064298,10020.0,7,868100000.0,cdtic-multitech-6,40.1338,-5.94651,300.0,-115.0,-3.8,False,71.10762504138638,71.82555893159963,7.457714989649325,8.097200341807799,False,EU868,False
2026-05-28 18:41:47.316307+00:00,stratolink-3-eu,EU,STALE,40.5472281,-5.3064298,10020.0,7,868100000.0,packetbroker,40.962541751597406,-5.675446072867432,,-115.0,-4.5,True,55.666778009165405,56.60427942014389,9.945729341319057,10.446352011784558,False,EU868,False
2026-05-28 18:41:47.316307+00:00,stratolink-3-eu,EU,STALE,40.5472281,-5.3064298,10020.0,7,868100000.0,alarad-multitech,,,,-114.0,-6.5,False,,,,,False,EU868,False
2026-05-28 18:41:47.316307+00:00,stratolink-3-eu,EU,STALE,40.5472281,-5.3064298,10020.0,7,868100000.0,packetbroker,40.962758045083945,-5.675633842073217,,-114.0,-4.25,True,55.695533089317976,56.63260259193401,9.940446205889119,10.441327476645695,False,EU868,False
2026-05-28 18:41:47.316307+00:00,stratolink-3-eu,EU,STALE,40.5472281,-5.3064298,10020.0,7,868100000.0,mvj-cabezuela,,,,-114.0,-4.5,False,,,,,False,EU868,False
2026-05-28 18:41:47.316307+00:00,stratolink-3-eu,EU,STALE,40.5472281,-5.3064298,10020.0,7,868100000.0,niharramikrotik,40.589325292876616,-4.838257133960725,1131.0,-109.0,4.75,False,39.82130859823407,40.83529945332661,12.393641476644039,12.75176261396802,False,EU868,False
2026-05-28 18:41:47.316307+00:00,stratolink-3-eu,EU,STALE,40.5472281,-5.3064298,10020.0,7,868100000.0,meceiot-004-5030354163554750,40.5481739449056,-5.16353885114368,1550.0,-102.0,7.0,False,12.073777545940104,14.757430378604898,34.971695374065966,35.08027731420747,False,EU868,False
2026-05-28 18:41:47.316307+00:00,stratolink-3-eu,EU,STALE,40.5472281,-5.3064298,10020.0,7,868100000.0,italr0005,40.954279046747715,-4.142631590366364,,-116.0,-1.5,False,107.97738106666701,108.52452519151635,4.811905683303888,5.782968259452956,False,EU868,False
2026-05-28 18:46:55.408579+00:00,stratolink-3-eu,EU,STALE,40.5472281,-5.3064298,10020.0,7,868300000.0,sg50-perte-malpica-01,,,,-116.0,-4.0,False,,,,,False,EU868,False
2026-05-28 18:46:55.408579+00:00,stratolink-3-eu,EU,STALE,40.5472281,-5.3064298,10020.0,7,868300000.0,ext-sg50-012,,,,-116.0,-5.0,False,,,,,False,EU868,False
2026-05-28 18:46:55.408579+00:00,stratolink-3-eu,EU,STALE,40.5472281,-5.3064298,10020.0,7,868300000.0,mitigasmart-cc,,,,-118.0,-6.2,False,,,,,False,EU868,False
2026-05-28 18:46:55.408579+00:00,stratolink-3-eu,EU,STALE,40.5472281,-5.3064298,10020.0,7,868300000.0,sg50-perte-malpica-03,,,,-118.0,-3.8,False,,,,,False,EU868,False
2026-05-28 18:46:55.408579+00:00,stratolink-3-eu,EU,STALE,40.5472281,-5.3064298,10020.0,7,868300000.0,ext-sg50-023,,,,-119.0,-6.5,False,,,,,False,EU868,False
2026-05-28 18:46:55.408579+00:00,stratolink-3-eu,EU,STALE,40.5472281,-5.3064298,10020.0,7,868300000.0,meceiot-013-dragout-a84041ffff29dc56,40.970672,-5.141641,820.0,-125.0,-10.25,False,49.08792298235313,49.983523309409044,10.385562964570097,10.827020652079517,False,EU868,False
2026-05-28 18:46:55.408579+00:00,stratolink-3-eu,EU,STALE,40.5472281,-5.3064298,10020.0,7,868300000.0,antena-granjas-rendondo-01,,,,-120.0,0.25,False,,,,,False,EU868,False
2026-05-28 18:46:55.408579+00:00,stratolink-3-eu,EU,STALE,40.5472281,-5.3064298,10020.0,7,868300000.0,ext-sg50-022,,,,-120.0,-8.0,False,,,,,False,EU868,False
2026-05-28 18:46:55.408579+00:00,stratolink-3-eu,EU,STALE,40.5472281,-5.3064298,10020.0,7,868300000.0,eui-7076ff0056081d63,,,,-121.0,-6.8,False,,,,,False,EU868,False
2026-05-28 18:46:55.408579+00:00,stratolink-3-eu,EU,STALE,40.5472281,-5.3064298,10020.0,7,868300000.0,sg50-perte-malpica-05,,,,-115.0,2.0,False,,,,,False,EU868,False
2026-05-28 18:46:55.408579+00:00,stratolink-3-eu,EU,STALE,40.5472281,-5.3064298,10020.0,7,868300000.0,sg50-perte-malpica-07,,,,-119.0,-7.8,False,,,,,False,EU868,False
2026-05-28 18:46:55.408579+00:00,stratolink-3-eu,EU,STALE,40.5472281,-5.3064298,10020.0,7,868300000.0,tidop-solar-milesight-001,40.6508109351282,-4.73721027374268,1115.0,-114.0,2.8,False,49.41918209700235,50.257451865421714,9.983695305347146,10.428132073532074,False,EU868,False
2026-05-28 18:46:55.408579+00:00,stratolink-3-eu,EU,STALE,40.5472281,-5.3064298,10020.0,7,868300000.0,meceiot-004-5030354163554750,40.5481739449056,-5.16353885114368,1550.0,-105.0,6.5,False,12.073777545940104,14.757430378604898,34.971695374065966,35.08027731420747,False,EU868,False
2026-05-28 18:46:55.408579+00:00,stratolink-3-eu,EU,STALE,40.5472281,-5.3064298,10020.0,7,868300000.0,cdtic-multitech-6,40.1338,-5.94651,300.0,-114.0,-5.0,False,71.10762504138638,71.82555893159963,7.457714989649325,8.097200341807799,False,EU868,False
2026-05-28 18:46:55.408579+00:00,stratolink-3-eu,EU,STALE,40.5472281,-5.3064298,10020.0,7,868300000.0,mikrotikepsa,40.65110091852006,-4.679304063320161,1131.0,-107.0,-5.5,False,54.19218192347118,54.96298910228211,9.063386818796236,9.550748146379995,False,EU868,False
2026-05-28 18:46:55.408579+00:00,stratolink-3-eu,EU,STALE,40.5472281,-5.3064298,10020.0,7,868300000.0,cicytex-ic003,,,,-107.0,-9.8,False,,,,,False,EU868,False
2026-05-28 18:46:55.408579+00:00,stratolink-3-eu,EU,STALE,40.5472281,-5.3064298,10020.0,7,868300000.0,niharramikrotik,40.589325292876616,-4.838257133960725,1131.0,-109.0,4.0,False,39.82130859823407,40.83529945332661,12.393641476644039,12.75176261396802,False,EU868,False
2026-05-28 18:46:55.408579+00:00,stratolink-3-eu,EU,STALE,40.5472281,-5.3064298,10020.0,7,868300000.0,meceiot-014-dragout-a84041ffff29d5ba,41.11715,-4.78439,825.0,-111.0,-3.75,False,77.10425311621862,77.71526452415816,6.448122256850517,7.141536506422115,False,EU868,False
2026-05-28 18:46:55.408579+00:00,stratolink-3-eu,EU,STALE,40.5472281,-5.3064298,10020.0,7,868300000.0,sg50-perte-malpica-06,,,,-114.0,-5.5,False,,,,,False,EU868,False
2026-05-28 18:46:55.408579+00:00,stratolink-3-eu,EU,STALE,40.5472281,-5.3064298,10020.0,7,868300000.0,italr0005,40.954279046747715,-4.142631590366364,,-113.0,-0.25,False,107.97738106666701,108.52452519151635,4.811905683303888,5.782968259452956,False,EU868,False
2026-05-28 18:46:55.408579+00:00,stratolink-3-eu,EU,STALE,40.5472281,-5.3064298,10020.0,7,868300000.0,sg50-perte-malpica-02,39.94336757279527,-4.661850929260255,405.0,-113.0,-8.8,False,86.61098594978365,87.21279107435551,5.93998628077958,6.7188965146486375,False,EU868,False
2026-05-28 18:46:55.408579+00:00,stratolink-3-eu,EU,STALE,40.5472281,-5.3064298,10020.0,7,868300000.0,packetbroker,,,,-114.0,-7.25,True,,,,,False,EU868,False
2026-05-28 18:46:55.408579+00:00,stratolink-3-eu,EU,STALE,40.5472281,-5.3064298,10020.0,7,868300000.0,alarad-multitech,,,,-114.0,-6.25,False,,,,,False,EU868,False
2026-05-28 18:46:55.408579+00:00,stratolink-3-eu,EU,STALE,40.5472281,-5.3064298,10020.0,7,868300000.0,mjv-casas,,,,-113.0,-2.8,False,,,,,False,EU868,False
2026-05-28 18:52:03.355429+00:00,stratolink-3-eu,EU,STALE,40.5472281,-5.3064298,10020.0,7,868500000.0,ext-sg50-012,,,,-115.0,-7.2,False,,,,,False,EU868,False
2026-05-28 18:52:03.355429+00:00,stratolink-3-eu,EU,STALE,40.5472281,-5.3064298,10020.0,7,868500000.0,meceiot-013-dragout-a84041ffff29dc56,40.970672,-5.141641,820.0,-120.0,-6.5,False,49.08792298235313,49.983523309409044,10.385562964570097,10.827020652079517,False,EU868,False
2026-05-28 18:52:03.355429+00:00,stratolink-3-eu,EU,STALE,40.5472281,-5.3064298,10020.0,7,868500000.0,sg50-perte-malpica-03,,,,-119.0,-7.8,False,,,,,False,EU868,False
2026-05-28 18:52:03.355429+00:00,stratolink-3-eu,EU,STALE,40.5472281,-5.3064298,10020.0,7,868500000.0,sg50-perte-malpica-07,,,,-118.0,-6.0,False,,,,,False,EU868,False
2026-05-28 18:52:03.355429+00:00,stratolink-3-eu,EU,STALE,40.5472281,-5.3064298,10020.0,7,868500000.0,tef-mls-01,40.108033,-6.632828,297.0,-118.0,-7.2,False,122.58513406003775,123.06714824984985,3.9799860705772456,5.082419144078481,False,EU868,False
2026-05-28 18:52:03.355429+00:00,stratolink-3-eu,EU,STALE,40.5472281,-5.3064298,10020.0,7,868500000.0,mitigasmart-cc,,,,-118.0,-7.8,False,,,,,False,EU868,False
2026-05-28 18:52:03.355429+00:00,stratolink-3-eu,EU,STALE,40.5472281,-5.3064298,10020.0,7,868500000.0,italr0005,40.954279046747715,-4.142631590366364,,-118.0,-4.25,False,107.97738106666701,108.52452519151635,4.811905683303888,5.782968259452956,False,EU868,False
2026-05-28 18:52:03.355429+00:00,stratolink-3-eu,EU,STALE,40.5472281,-5.3064298,10020.0,7,868500000.0,sg50-perte-malpica-05,,,,-117.0,-3.8,False,,,,,False,EU868,False
2026-05-28 18:52:03.355429+00:00,stratolink-3-eu,EU,STALE,40.5472281,-5.3064298,10020.0,7,868500000.0,210030,,,,-117.0,-1.8,False,,,,,False,EU868,False
2026-05-28 18:52:03.355429+00:00,stratolink-3-eu,EU,STALE,40.5472281,-5.3064298,10020.0,7,868500000.0,niharramikrotik,40.589325292876616,-4.838257133960725,1131.0,-115.0,-2.25,False,39.82130859823407,40.83529945332661,12.393641476644039,12.75176261396802,False,EU868,False
2026-05-28 18:52:03.355429+00:00,stratolink-3-eu,EU,STALE,40.5472281,-5.3064298,10020.0,7,868500000.0,packetbroker,40.962758045083945,-5.675633842073217,,-115.0,-2.5,True,55.695533089317976,56.63260259193401,9.940446205889119,10.441327476645695,False,EU868,False
2026-05-28 18:52:03.355429+00:00,stratolink-3-eu,EU,STALE,40.5472281,-5.3064298,10020.0,7,868500000.0,mjv-casas,,,,-115.0,-2.2,False,,,,,False,EU868,False
2026-05-28 18:52:03.355429+00:00,stratolink-3-eu,EU,STALE,40.5472281,-5.3064298,10020.0,7,868500000.0,rio-tormes-1b,40.968865323719,-5.64232170581818,940.0,-115.0,-8.5,False,54.75848202696337,55.552481869041664,9.160833320519268,9.653287500254867,False,EU868,False
2026-05-28 18:52:03.355429+00:00,stratolink-3-eu,EU,STALE,40.5472281,-5.3064298,10020.0,7,868500000.0,meceiot-014-dragout-a84041ffff29d5ba,41.11715,-4.78439,825.0,-106.0,1.5,False,77.10425311621862,77.71526452415816,6.448122256850517,7.141536506422115,False,EU868,False
2026-05-28 18:52:03.355429+00:00,stratolink-3-eu,EU,STALE,40.5472281,-5.3064298,10020.0,7,868500000.0,cicytex-ic003,,,,-108.0,-6.5,False,,,,,False,EU868,False
2026-05-28 18:52:03.355429+00:00,stratolink-3-eu,EU,STALE,40.5472281,-5.3064298,10020.0,7,868500000.0,mtcdtip02-l4e1-9,,,,-109.0,-7.0,False,,,,,False,EU868,False
2026-05-28 18:52:03.355429+00:00,stratolink-3-eu,EU,STALE,40.5472281,-5.3064298,10020.0,7,868500000.0,mikrotikepsa,40.65110091852006,-4.679304063320161,1131.0,-112.0,-6.2,False,54.19218192347118,54.96298910228211,9.063386818796236,9.550748146379995,False,EU868,False
2026-05-28 18:52:03.355429+00:00,stratolink-3-eu,EU,STALE,40.5472281,-5.3064298,10020.0,7,868500000.0,meceiot-004-5030354163554750,40.5481739449056,-5.16353885114368,1550.0,-101.0,6.0,False,12.073777545940104,14.757430378604898,34.971695374065966,35.08027731420747,False,EU868,False
2026-05-28 18:52:03.355429+00:00,stratolink-3-eu,EU,STALE,40.5472281,-5.3064298,10020.0,7,868500000.0,packetbroker,40.962541751597406,-5.675446072867432,,-113.0,-3.25,True,55.666778009165405,56.60427942014389,9.945729341319057,10.446352011784558,False,EU868,False
2026-05-28 18:52:03.355429+00:00,stratolink-3-eu,EU,STALE,40.5472281,-5.3064298,10020.0,7,868500000.0,mvj-cabezuela,,,,-114.0,-2.8,False,,,,,False,EU868,False
2026-05-28 18:52:03.355429+00:00,stratolink-3-eu,EU,STALE,40.5472281,-5.3064298,10020.0,7,868500000.0,cdtic-multitech-6,40.1338,-5.94651,300.0,-114.0,-4.0,False,71.10762504138638,71.82555893159963,7.457714989649325,8.097200341807799,False,EU868,False
2026-05-28 18:52:03.355429+00:00,stratolink-3-eu,EU,STALE,40.5472281,-5.3064298,10020.0,7,868500000.0,sg50-perte-malpica-06,,,,-114.0,-8.5,False,,,,,False,EU868,False
2026-05-28 18:52:03.355429+00:00,stratolink-3-eu,EU,STALE,40.5472281,-5.3064298,10020.0,7,868500000.0,lora-more,41.81858911263017,-6.7508557295156235,674.0,-112.0,-3.0,False,185.99648253273827,186.38039717600506,2.037629856027187,3.710334099255653,False,EU868,False
2026-05-28 18:57:11.301998+00:00,stratolink-3-eu,EU,STALE,40.5472281,-5.3064298,10020.0,7,868100000.0,ext-sg50-012,,,,-116.0,-0.8,False,,,,,False,EU868,False
2026-05-28 18:57:11.301998+00:00,stratolink-3-eu,EU,STALE,40.5472281,-5.3064298,10020.0,7,868100000.0,antena-granjas-rendondo-01,,,,-125.0,-3.75,False,,,,,False,EU868,False
2026-05-28 18:57:11.301998+00:00,stratolink-3-eu,EU,STALE,40.5472281,-5.3064298,10020.0,7,868100000.0,meceiot-013-dragout-a84041ffff29dc56,40.970672,-5.141641,820.0,-123.0,-8.0,False,49.08792298235313,49.983523309409044,10.385562964570097,10.827020652079517,False,EU868,False
2026-05-28 18:57:11.301998+00:00,stratolink-3-eu,EU,STALE,40.5472281,-5.3064298,10020.0,7,868100000.0,eui-7076ff0056081d63,,,,-123.0,-5.8,False,,,,,False,EU868,False
2026-05-28 18:57:11.301998+00:00,stratolink-3-eu,EU,STALE,40.5472281,-5.3064298,10020.0,7,868100000.0,sg50-perte-malpica-03,,,,-120.0,-8.0,False,,,,,False,EU868,False
2026-05-28 18:57:11.301998+00:00,stratolink-3-eu,EU,STALE,40.5472281,-5.3064298,10020.0,7,868100000.0,ext-sg50-023,,,,-120.0,-8.0,False,,,,,False,EU868,False
2026-05-28 18:57:11.301998+00:00,stratolink-3-eu,EU,STALE,40.5472281,-5.3064298,10020.0,7,868100000.0,tef-mls-01,40.108033,-6.632828,297.0,-119.0,-8.5,False,122.58513406003775,123.06714824984985,3.9799860705772456,5.082419144078481,False,EU868,False
2026-05-28 18:57:11.301998+00:00,stratolink-3-eu,EU,STALE,40.5472281,-5.3064298,10020.0,7,868100000.0,210030,,,,-119.0,-1.8,False,,,,,False,EU868,False
2026-05-28 18:57:11.301998+00:00,stratolink-3-eu,EU,STALE,40.5472281,-5.3064298,10020.0,7,868100000.0,sg50-perte-malpica-07,,,,-117.0,-1.5,False,,,,,False,EU868,False
2026-05-28 18:57:11.301998+00:00,stratolink-3-eu,EU,STALE,40.5472281,-5.3064298,10020.0,7,868100000.0,mjv-casas,,,,-117.0,-6.0,False,,,,,False,EU868,False
2026-05-28 18:57:11.301998+00:00,stratolink-3-eu,EU,STALE,40.5472281,-5.3064298,10020.0,7,868100000.0,sg50-perte-malpica-01,,,,-116.0,-3.8,False,,,,,False,EU868,False
2026-05-28 18:57:11.301998+00:00,stratolink-3-eu,EU,STALE,40.5472281,-5.3064298,10020.0,7,868100000.0,tidop-solar-milesight-001,40.6508109351282,-4.73721027374268,1115.0,-118.0,-3.2,False,49.41918209700235,50.257451865421714,9.983695305347146,10.428132073532074,False,EU868,False
2026-05-28 18:57:11.301998+00:00,stratolink-3-eu,EU,STALE,40.5472281,-5.3064298,10020.0,7,868100000.0,cdtic-multitech-6,40.1338,-5.94651,300.0,-116.0,-4.5,False,71.10762504138638,71.82555893159963,7.457714989649325,8.097200341807799,False,EU868,False
2026-05-28 18:57:11.301998+00:00,stratolink-3-eu,EU,STALE,40.5472281,-5.3064298,10020.0,7,868100000.0,meceiot-004-5030354163554750,40.5481739449056,-5.16353885114368,1550.0,-107.0,5.75,False,12.073777545940104,14.757430378604898,34.971695374065966,35.08027731420747,False,EU868,False
2026-05-28 18:57:11.301998+00:00,stratolink-3-eu,EU,STALE,40.5472281,-5.3064298,10020.0,7,868100000.0,kenai-instalaciones-y-proyectos,40.6244743091053,-3.90243977308273,,-111.0,-2.25,False,118.86953215186202,119.38248792120771,4.2798892725998146,5.348907181505776,False,EU868,False
2026-05-28 18:57:11.301998+00:00,stratolink-3-eu,EU,STALE,40.5472281,-5.3064298,10020.0,7,868100000.0,italr0005,40.954279046747715,-4.142631590366364,,-112.0,1.75,False,107.97738106666701,108.52452519151635,4.811905683303888,5.782968259452956,False,EU868,False
2026-05-28 18:57:11.301998+00:00,stratolink-3-eu,EU,STALE,40.5472281,-5.3064298,10020.0,7,868100000.0,mvj-cabezuela,,,,-115.0,-3.8,False,,,,,False,EU868,False
2026-05-28 18:57:11.301998+00:00,stratolink-3-eu,EU,STALE,40.5472281,-5.3064298,10020.0,7,868100000.0,meceiot-014-dragout-a84041ffff29d5ba,41.11715,-4.78439,825.0,-111.0,-0.75,False,77.10425311621862,77.71526452415816,6.448122256850517,7.141536506422115,False,EU868,False
2026-05-28 18:57:11.301998+00:00,stratolink-3-eu,EU,STALE,40.5472281,-5.3064298,10020.0,7,868100000.0,sg50-perte-malpica-05,,,,-115.0,1.8,False,,,,,False,EU868,False
2026-05-28 18:57:11.301998+00:00,stratolink-3-eu,EU,STALE,40.5472281,-5.3064298,10020.0,7,868100000.0,alarad-multitech,,,,-116.0,-5.75,False,,,,,False,EU868,False
2026-05-28 18:57:11.301998+00:00,stratolink-3-eu,EU,STALE,40.5472281,-5.3064298,10020.0,7,868100000.0,sg50-perte-malpica-02,39.94336757279527,-4.661850929260255,405.0,-115.0,-5.8,False,86.61098594978365,87.21279107435551,5.93998628077958,6.7188965146486375,False,EU868,False
2026-05-28 18:57:11.301998+00:00,stratolink-3-eu,EU,STALE,40.5472281,-5.3064298,10020.0,7,868100000.0,sg50-perte-malpica-06,,,,-115.0,-2.5,False,,,,,False,EU868,False
2026-05-28 18:57:11.301998+00:00,stratolink-3-eu,EU,STALE,40.5472281,-5.3064298,10020.0,7,868100000.0,niharramikrotik,40.589325292876616,-4.838257133960725,1131.0,-115.0,1.0,False,39.82130859823407,40.83529945332661,12.393641476644039,12.75176261396802,False,EU868,False
2026-05-28 19:02:19.230180+00:00,stratolink-3-eu,EU,STALE,40.5472281,-5.3064298,10020.0,7,868300000.0,sg50-perte-malpica-07,,,,-118.0,-3.2,False,,,,,False,EU868,False
2026-05-28 19:02:19.230180+00:00,stratolink-3-eu,EU,STALE,40.5472281,-5.3064298,10020.0,7,868300000.0,antena-granjas-rendondo-01,,,,-124.0,-4.75,False,,,,,False,EU868,False
2026-05-28 19:02:19.230180+00:00,stratolink-3-eu,EU,STALE,40.5472281,-5.3064298,10020.0,7,868300000.0,sg50-perte-malpica-03,,,,-120.0,-6.0,False,,,,,False,EU868,False
2026-05-28 19:02:19.230180+00:00,stratolink-3-eu,EU,STALE,40.5472281,-5.3064298,10020.0,7,868300000.0,eui-7076ff0056081d63,,,,-120.0,-6.0,False,,,,,False,EU868,False
2026-05-28 19:02:19.230180+00:00,stratolink-3-eu,EU,STALE,40.5472281,-5.3064298,10020.0,7,868300000.0,ext-sg50-023,,,,-119.0,-8.8,False,,,,,False,EU868,False
2026-05-28 19:02:19.230180+00:00,stratolink-3-eu,EU,STALE,40.5472281,-5.3064298,10020.0,7,868300000.0,tidop-solar-milesight-001,40.6508109351282,-4.73721027374268,1115.0,-119.0,-8.8,False,49.41918209700235,50.257451865421714,9.983695305347146,10.428132073532074,False,EU868,False
2026-05-28 19:02:19.230180+00:00,stratolink-3-eu,EU,STALE,40.5472281,-5.3064298,10020.0,7,868300000.0,210030,,,,-118.0,-3.2,False,,,,,False,EU868,False
2026-05-28 19:02:19.230180+00:00,stratolink-3-eu,EU,STALE,40.5472281,-5.3064298,10020.0,7,868300000.0,sg50-perte-malpica-06,,,,-115.0,-5.8,False,,,,,False,EU868,False
2026-05-28 19:02:19.230180+00:00,stratolink-3-eu,EU,STALE,40.5472281,-5.3064298,10020.0,7,868300000.0,sg50-perte-malpica-02,39.94336757279527,-4.661850929260255,405.0,-114.0,-6.2,False,86.61098594978365,87.21279107435551,5.93998628077958,6.7188965146486375,False,EU868,False
2026-05-28 19:02:19.230180+00:00,stratolink-3-eu,EU,STALE,40.5472281,-5.3064298,10020.0,7,868300000.0,italr0005,40.954279046747715,-4.142631590366364,,-113.0,0.75,False,107.97738106666701,108.52452519151635,4.811905683303888,5.782968259452956,False,EU868,False
2026-05-28 19:02:19.230180+00:00,stratolink-3-eu,EU,STALE,40.5472281,-5.3064298,10020.0,7,868300000.0,alarad-multitech,,,,-113.0,-7.0,False,,,,,False,EU868,False
2026-05-28 19:02:19.230180+00:00,stratolink-3-eu,EU,STALE,40.5472281,-5.3064298,10020.0,7,868300000.0,niharramikrotik,40.589325292876616,-4.838257133960725,1131.0,-110.0,3.75,False,39.82130859823407,40.83529945332661,12.393641476644039,12.75176261396802,False,EU868,False
2026-05-28 19:02:19.230180+00:00,stratolink-3-eu,EU,STALE,40.5472281,-5.3064298,10020.0,7,868300000.0,mikrotikepsa,40.65110091852006,-4.679304063320161,1131.0,-109.0,-1.8,False,54.19218192347118,54.96298910228211,9.063386818796236,9.550748146379995,False,EU868,False
2026-05-28 19:02:19.230180+00:00,stratolink-3-eu,EU,STALE,40.5472281,-5.3064298,10020.0,7,868300000.0,meceiot-014-dragout-a84041ffff29d5ba,41.11715,-4.78439,825.0,-108.0,-1.25,False,77.10425311621862,77.71526452415816,6.448122256850517,7.141536506422115,False,EU868,False
2026-05-28 19:02:19.230180+00:00,stratolink-3-eu,EU,STALE,40.5472281,-5.3064298,10020.0,7,868300000.0,sg50-perte-malpica-01,,,,-117.0,-5.5,False,,,,,False,EU868,False
2026-05-28 19:07:27.498056+00:00,stratolink-3-eu,EU,STALE,40.5472281,-5.3064298,10020.0,7,868500000.0,mtcdtip-l4e1-868-dattera-2,40.31007631707678,-3.733453631302837,,-115.0,-8.8,False,135.72613093583203,136.1993309423371,3.60843824080703,4.82905097520863,False,EU868,False
2026-05-28 19:07:27.498056+00:00,stratolink-3-eu,EU,STALE,40.5472281,-5.3064298,10020.0,7,868500000.0,ext-sg50-012,,,,-115.0,-4.5,False,,,,,False,EU868,False
2026-05-28 19:07:27.498056+00:00,stratolink-3-eu,EU,STALE,40.5472281,-5.3064298,10020.0,7,868500000.0,sg50-perte-malpica-07,,,,-115.0,-0.2,False,,,,,False,EU868,False
2026-05-28 19:07:27.498056+00:00,stratolink-3-eu,EU,STALE,40.5472281,-5.3064298,10020.0,7,868500000.0,luisdelucena,40.64196411603373,-3.1820132085638857,650.0,-116.0,-5.75,False,179.67776411932374,180.0661717535039,2.1745785758258362,3.790457297635788,False,EU868,False
2026-05-28 19:07:27.498056+00:00,stratolink-3-eu,EU,STALE,40.5472281,-5.3064298,10020.0,7,868500000.0,eui-7076ff0056081d63,,,,-120.0,-6.5,False,,,,,False,EU868,False
2026-05-28 19:07:27.498056+00:00,stratolink-3-eu,EU,STALE,40.5472281,-5.3064298,10020.0,7,868500000.0,tidop-solar-milesight-001,40.6508109351282,-4.73721027374268,1115.0,-117.0,-5.0,False,49.41918209700235,50.257451865421714,9.983695305347146,10.428132073532074,False,EU868,False
2026-05-28 19:07:27.498056+00:00,stratolink-3-eu,EU,STALE,40.5472281,-5.3064298,10020.0,7,868500000.0,sg50-perte-malpica-03,,,,-119.0,-4.8,False,,,,,False,EU868,False
2026-05-28 19:07:27.498056+00:00,stratolink-3-eu,EU,STALE,40.5472281,-5.3064298,10020.0,7,868500000.0,antena-granjas-rendondo-01,,,,-121.0,-1.0,False,,,,,False,EU868,False
2026-05-28 19:07:27.498056+00:00,stratolink-3-eu,EU,STALE,40.5472281,-5.3064298,10020.0,7,868500000.0,cdtic-multitech-6,40.1338,-5.94651,300.0,-116.0,-4.0,False,71.10762504138638,71.82555893159963,7.457714989649325,8.097200341807799,False,EU868,False
2026-05-28 19:07:27.498056+00:00,stratolink-3-eu,EU,STALE,40.5472281,-5.3064298,10020.0,7,868500000.0,packetbroker,,,,-115.0,-7.0,True,,,,,False,EU868,False
2026-05-28 19:07:27.498056+00:00,stratolink-3-eu,EU,STALE,40.5472281,-5.3064298,10020.0,7,868500000.0,meceiot-004-5030354163554750,40.5481739449056,-5.16353885114368,1550.0,-105.0,6.0,False,12.073777545940104,14.757430378604898,34.971695374065966,35.08027731420747,False,EU868,False
2026-05-28 19:07:27.498056+00:00,stratolink-3-eu,EU,STALE,40.5472281,-5.3064298,10020.0,7,868500000.0,mjv-casas,,,,-115.0,-6.5,False,,,,,False,EU868,False
2026-05-28 19:07:27.498056+00:00,stratolink-3-eu,EU,STALE,40.5472281,-5.3064298,10020.0,7,868500000.0,mvj-cabezuela,,,,-115.0,-3.8,False,,,,,False,EU868,False
2026-05-28 19:07:27.498056+00:00,stratolink-3-eu,EU,STALE,40.5472281,-5.3064298,10020.0,7,868500000.0,packetbroker,40.962758045083945,-5.675633842073217,,-114.0,-6.75,True,55.695533089317976,56.63260259193401,9.940446205889119,10.441327476645695,False,EU868,False
2026-05-28 19:07:27.498056+00:00,stratolink-3-eu,EU,STALE,40.5472281,-5.3064298,10020.0,7,868500000.0,italr0005,40.954279046747715,-4.142631590366364,,-112.0,1.5,False,107.97738106666701,108.52452519151635,4.811905683303888,5.782968259452956,False,EU868,False
2026-05-28 19:07:27.498056+00:00,stratolink-3-eu,EU,STALE,40.5472281,-5.3064298,10020.0,7,868500000.0,sg50-perte-malpica-02,39.94336757279527,-4.661850929260255,405.0,-111.0,-5.2,False,86.61098594978365,87.21279107435551,5.93998628077958,6.7188965146486375,False,EU868,False
2026-05-28 19:07:27.498056+00:00,stratolink-3-eu,EU,STALE,40.5472281,-5.3064298,10020.0,7,868500000.0,sg50-perte-malpica-05,,,,-110.0,-5.2,False,,,,,False,EU868,False
2026-05-28 19:07:27.498056+00:00,stratolink-3-eu,EU,STALE,40.5472281,-5.3064298,10020.0,7,868500000.0,meceiot-014-dragout-a84041ffff29d5ba,41.11715,-4.78439,825.0,-110.0,-2.0,False,77.10425311621862,77.71526452415816,6.448122256850517,7.141536506422115,False,EU868,False
2026-05-28 19:07:27.498056+00:00,stratolink-3-eu,EU,STALE,40.5472281,-5.3064298,10020.0,7,868500000.0,kenai-instalaciones-y-proyectos,40.6244743091053,-3.90243977308273,,-110.0,-5.5,False,118.86953215186202,119.38248792120771,4.2798892725998146,5.348907181505776,False,EU868,False
2026-05-28 19:07:27.498056+00:00,stratolink-3-eu,EU,STALE,40.5472281,-5.3064298,10020.0,7,868500000.0,upm-etsime-tellus-001,40.4433240038774,-3.70036411460872,725.0,-115.0,-5.5,False,136.29651925739634,136.72513432032304,3.2850574429481716,4.5107997956776344,False,EU868,False
2026-05-28 19:12:36.308305+00:00,stratolink-3-eu,EU,STALE,40.5472281,-5.3064298,10020.0,7,868100000.0,mjv-casas,,,,-117.0,-8.5,False,,,,,False,EU868,False
2026-05-28 19:12:36.308305+00:00,stratolink-3-eu,EU,STALE,40.5472281,-5.3064298,10020.0,7,868100000.0,italr0001,41.70253250763931,-4.708266556262971,765.0,-117.0,-6.5,False,137.88772907362312,138.31170139904214,3.216509890045051,4.456562316681419,False,EU868,False
2026-05-28 19:12:36.308305+00:00,stratolink-3-eu,EU,STALE,40.5472281,-5.3064298,10020.0,7,868100000.0,ext-sg50-003,,,,-117.0,-8.0,False,,,,,False,EU868,False
2026-05-28 19:12:36.308305+00:00,stratolink-3-eu,EU,STALE,40.5472281,-5.3064298,10020.0,7,868100000.0,sg50-perte-malpica-07,,,,-116.0,-0.2,False,,,,,False,EU868,False
2026-05-28 19:12:36.308305+00:00,stratolink-3-eu,EU,STALE,40.5472281,-5.3064298,10020.0,7,868100000.0,210030,,,,-118.0,-1.8,False,,,,,False,EU868,False
2026-05-28 19:12:36.308305+00:00,stratolink-3-eu,EU,STALE,40.5472281,-5.3064298,10020.0,7,868100000.0,sg50-perte-malpica-05,,,,-118.0,-3.5,False,,,,,False,EU868,False
2026-05-28 19:12:36.308305+00:00,stratolink-3-eu,EU,STALE,40.5472281,-5.3064298,10020.0,7,868100000.0,sg50-perte-malpica-01,,,,-117.0,-4.8,False,,,,,False,EU868,False
2026-05-28 19:12:36.308305+00:00,stratolink-3-eu,EU,STALE,40.5472281,-5.3064298,10020.0,7,868100000.0,cdtic-multitech-6,40.1338,-5.94651,300.0,-116.0,-5.0,False,71.10762504138638,71.82555893159963,7.457714989649325,8.097200341807799,False,EU868,False
2026-05-28 19:12:36.308305+00:00,stratolink-3-eu,EU,STALE,40.5472281,-5.3064298,10020.0,7,868100000.0,sg50-perte-malpica-03,,,,-120.0,-5.5,False,,,,,False,EU868,False
2026-05-28 19:12:36.308305+00:00,stratolink-3-eu,EU,STALE,40.5472281,-5.3064298,10020.0,7,868100000.0,kenai-instalaciones-y-proyectos,40.6244743091053,-3.90243977308273,,-114.0,-5.5,False,118.86953215186202,119.38248792120771,4.2798892725998146,5.348907181505776,False,EU868,False
2026-05-28 19:12:36.308305+00:00,stratolink-3-eu,EU,STALE,40.5472281,-5.3064298,10020.0,7,868100000.0,sg50-perte-malpica-06,,,,-113.0,-3.8,False,,,,,False,EU868,False
2026-05-28 19:12:36.308305+00:00,stratolink-3-eu,EU,STALE,40.5472281,-5.3064298,10020.0,7,868100000.0,meceiot-014-dragout-a84041ffff29d5ba,41.11715,-4.78439,825.0,-112.0,-2.0,False,77.10425311621862,77.71526452415816,6.448122256850517,7.141536506422115,False,EU868,False
2026-05-28 19:12:36.308305+00:00,stratolink-3-eu,EU,STALE,40.5472281,-5.3064298,10020.0,7,868100000.0,sg50-perte-malpica-02,39.94336757279527,-4.661850929260255,405.0,-112.0,-4.5,False,86.61098594978365,87.21279107435551,5.93998628077958,6.7188965146486375,False,EU868,False
2026-05-28 19:12:36.308305+00:00,stratolink-3-eu,EU,STALE,40.5472281,-5.3064298,10020.0,7,868100000.0,tidop-solar-milesight-001,40.6508109351282,-4.73721027374268,1115.0,-111.0,5.2,False,49.41918209700235,50.257451865421714,9.983695305347146,10.428132073532074,False,EU868,False
2026-05-28 19:12:36.308305+00:00,stratolink-3-eu,EU,STALE,40.5472281,-5.3064298,10020.0,7,868100000.0,meceiot-004-5030354163554750,40.5481739449056,-5.16353885114368,1550.0,-110.0,3.25,False,12.073777545940104,14.757430378604898,34.971695374065966,35.08027731420747,False,EU868,False
2026-05-28 19:12:36.308305+00:00,stratolink-3-eu,EU,STALE,40.5472281,-5.3064298,10020.0,7,868100000.0,niharramikrotik,40.589325292876616,-4.838257133960725,1131.0,-109.0,4.0,False,39.82130859823407,40.83529945332661,12.393641476644039,12.75176261396802,False,EU868,False
2026-05-28 19:12:36.308305+00:00,stratolink-3-eu,EU,STALE,40.5472281,-5.3064298,10020.0,7,868100000.0,italr0005,40.954279046747715,-4.142631590366364,,-116.0,-2.0,False,107.97738106666701,108.52452519151635,4.811905683303888,5.782968259452956,False,EU868,False
2026-05-28 19:17:44.375610+00:00,stratolink-3-eu,EU,STALE,40.5472281,-5.3064298,10020.0,7,868300000.0,antena-granjas-rendondo-01,,,,-126.0,-7.75,False,,,,,False,EU868,False
2026-05-28 19:17:44.375610+00:00,stratolink-3-eu,EU,STALE,40.5472281,-5.3064298,10020.0,7,868300000.0,meceiot-dragino-lps8n-001,40.64962954290437,-4.690829015625737,1131.0,-119.0,-7.25,False,53.20722337488539,53.99039065688886,9.237010662800284,9.715514057583674,False,EU868,False
2026-05-28 19:17:44.375610+00:00,stratolink-3-eu,EU,STALE,40.5472281,-5.3064298,10020.0,7,868300000.0,sg50-eui-c0ba1ffffe004945,,,,-118.0,-8.5,False,,,,,False,EU868,False
2026-05-28 19:17:44.375610+00:00,stratolink-3-eu,EU,STALE,40.5472281,-5.3064298,10020.0,7,868300000.0,sg50-perte-malpica-05,,,,-118.0,-6.2,False,,,,,False,EU868,False
2026-05-28 19:17:44.375610+00:00,stratolink-3-eu,EU,STALE,40.5472281,-5.3064298,10020.0,7,868300000.0,tef-mls-01,40.108033,-6.632828,297.0,-118.0,-6.8,False,122.58513406003775,123.06714824984985,3.9799860705772456,5.082419144078481,False,EU868,False
2026-05-28 19:17:44.375610+00:00,stratolink-3-eu,EU,STALE,40.5472281,-5.3064298,10020.0,7,868300000.0,sg50-perte-malpica-03,,,,-118.0,-3.0,False,,,,,False,EU868,False
2026-05-28 19:17:44.375610+00:00,stratolink-3-eu,EU,STALE,40.5472281,-5.3064298,10020.0,7,868300000.0,sg50-perte-malpica-01,,,,-115.0,-2.0,False,,,,,False,EU868,False
2026-05-28 19:17:44.375610+00:00,stratolink-3-eu,EU,STALE,40.5472281,-5.3064298,10020.0,7,868300000.0,sg50-perte-malpica-07,,,,-115.0,1.2,False,,,,,False,EU868,False
2026-05-28 19:17:44.375610+00:00,stratolink-3-eu,EU,STALE,40.5472281,-5.3064298,10020.0,7,868300000.0,mvj-cabezuela,,,,-115.0,-5.5,False,,,,,False,EU868,False
2026-05-28 19:17:44.375610+00:00,stratolink-3-eu,EU,STALE,40.5472281,-5.3064298,10020.0,7,868300000.0,niharramikrotik,40.589325292876616,-4.838257133960725,1131.0,-105.0,4.5,False,39.82130859823407,40.83529945332661,12.393641476644039,12.75176261396802,False,EU868,False
2026-05-28 19:17:44.375610+00:00,stratolink-3-eu,EU,STALE,40.5472281,-5.3064298,10020.0,7,868300000.0,italr0005,40.954279046747715,-4.142631590366364,,-113.0,,False,107.97738106666701,108.52452519151635,4.811905683303888,5.782968259452956,False,EU868,False
2026-05-28 19:17:44.375610+00:00,stratolink-3-eu,EU,STALE,40.5472281,-5.3064298,10020.0,7,868300000.0,tidop-solar-milesight-001,40.6508109351282,-4.73721027374268,1115.0,-112.0,4.2,False,49.41918209700235,50.257451865421714,9.983695305347146,10.428132073532074,False,EU868,False
2026-05-28 19:17:44.375610+00:00,stratolink-3-eu,EU,STALE,40.5472281,-5.3064298,10020.0,7,868300000.0,packetbroker,,,,-112.0,-4.75,True,,,,,False,EU868,False
2026-05-28 19:17:44.375610+00:00,stratolink-3-eu,EU,STALE,40.5472281,-5.3064298,10020.0,7,868300000.0,sg50-perte-malpica-02,39.94336757279527,-4.661850929260255,405.0,-110.0,-6.5,False,86.61098594978365,87.21279107435551,5.93998628077958,6.7188965146486375,False,EU868,False
2026-05-28 19:17:44.375610+00:00,stratolink-3-eu,EU,STALE,40.5472281,-5.3064298,10020.0,7,868300000.0,meceiot-014-dragout-a84041ffff29d5ba,41.11715,-4.78439,825.0,-110.0,-2.5,False,77.10425311621862,77.71526452415816,6.448122256850517,7.141536506422115,False,EU868,False
2026-05-28 19:17:44.375610+00:00,stratolink-3-eu,EU,STALE,40.5472281,-5.3064298,10020.0,7,868300000.0,cicytex-ic003,,,,-109.0,-9.8,False,,,,,False,EU868,False
2026-05-28 19:17:44.375610+00:00,stratolink-3-eu,EU,STALE,40.5472281,-5.3064298,10020.0,7,868300000.0,meceiot-004-5030354163554750,40.5481739449056,-5.16353885114368,1550.0,-105.0,6.25,False,12.073777545940104,14.757430378604898,34.971695374065966,35.08027731420747,False,EU868,False
2026-05-28 19:17:44.375610+00:00,stratolink-3-eu,EU,STALE,40.5472281,-5.3064298,10020.0,7,868300000.0,mjv-casas,,,,-114.0,-5.8,False,,,,,False,EU868,False
2026-05-28 19:22:52.483996+00:00,stratolink-3-eu,EU,STALE,40.5472281,-5.3064298,10020.0,7,868500000.0,sg50-perte-malpica-05,,,,-115.0,-1.0,False,,,,,False,EU868,False
2026-05-28 19:22:52.483996+00:00,stratolink-3-eu,EU,STALE,40.5472281,-5.3064298,10020.0,7,868500000.0,sg50-perte-malpica-07,,,,-115.0,,False,,,,,False,EU868,False
2026-05-28 19:22:52.483996+00:00,stratolink-3-eu,EU,STALE,40.5472281,-5.3064298,10020.0,7,868500000.0,luisdelucena,40.64196411603373,-3.1820132085638857,650.0,-116.0,-5.25,False,179.67776411932374,180.0661717535039,2.1745785758258362,3.790457297635788,False,EU868,False
2026-05-28 19:22:52.483996+00:00,stratolink-3-eu,EU,STALE,40.5472281,-5.3064298,10020.0,7,868500000.0,alarad-multitech,,,,-115.0,-7.25,False,,,,,False,EU868,False
2026-05-28 19:22:52.483996+00:00,stratolink-3-eu,EU,STALE,40.5472281,-5.3064298,10020.0,7,868500000.0,210030,,,,-118.0,-2.8,False,,,,,False,EU868,False
2026-05-28 19:22:52.483996+00:00,stratolink-3-eu,EU,STALE,40.5472281,-5.3064298,10020.0,7,868500000.0,eui-7076ff0056081d63,,,,-120.0,-7.2,False,,,,,False,EU868,False
2026-05-28 19:22:52.483996+00:00,stratolink-3-eu,EU,STALE,40.5472281,-5.3064298,10020.0,7,868500000.0,antena-granjas-rendondo-01,,,,-119.0,0.25,False,,,,,False,EU868,False
2026-05-28 19:22:52.483996+00:00,stratolink-3-eu,EU,STALE,40.5472281,-5.3064298,10020.0,7,868500000.0,ttn-cercedilla,40.73906,-4.05709,1178.0,-118.0,-5.0,False,107.54576288246913,108.0015252079323,4.212258222493165,5.179439168417517,False,EU868,False
2026-05-28 19:22:52.483996+00:00,stratolink-3-eu,EU,STALE,40.5472281,-5.3064298,10020.0,7,868500000.0,cdtic-multitech-6,40.1338,-5.94651,300.0,-115.0,-4.8,False,71.10762504138638,71.82555893159963,7.457714989649325,8.097200341807799,False,EU868,False
2026-05-28 19:22:52.483996+00:00,stratolink-3-eu,EU,STALE,40.5472281,-5.3064298,10020.0,7,868500000.0,cicytex-ic003,,,,-109.0,-8.0,False,,,,,False,EU868,False
2026-05-28 19:22:52.483996+00:00,stratolink-3-eu,EU,STALE,40.5472281,-5.3064298,10020.0,7,868500000.0,mvj-cabezuela,,,,-115.0,-1.8,False,,,,,False,EU868,False
2026-05-28 19:22:52.483996+00:00,stratolink-3-eu,EU,STALE,40.5472281,-5.3064298,10020.0,7,868500000.0,tidop-solar-milesight-001,40.6508109351282,-4.73721027374268,1115.0,-114.0,1.8,False,49.41918209700235,50.257451865421714,9.983695305347146,10.428132073532074,False,EU868,False
2026-05-28 19:22:52.483996+00:00,stratolink-3-eu,EU,STALE,40.5472281,-5.3064298,10020.0,7,868500000.0,meceiot-004-5030354163554750,40.5481739449056,-5.16353885114368,1550.0,-114.0,-1.5,False,12.073777545940104,14.757430378604898,34.971695374065966,35.08027731420747,False,EU868,False
2026-05-28 19:22:52.483996+00:00,stratolink-3-eu,EU,STALE,40.5472281,-5.3064298,10020.0,7,868500000.0,meceiot-014-dragout-a84041ffff29d5ba,41.11715,-4.78439,825.0,-114.0,-5.75,False,77.10425311621862,77.71526452415816,6.448122256850517,7.141536506422115,False,EU868,False
2026-05-28 19:22:52.483996+00:00,stratolink-3-eu,EU,STALE,40.5472281,-5.3064298,10020.0,7,868500000.0,italr0005,40.954279046747715,-4.142631590366364,,-112.0,1.75,False,107.97738106666701,108.52452519151635,4.811905683303888,5.782968259452956,False,EU868,False
2026-05-28 19:22:52.483996+00:00,stratolink-3-eu,EU,STALE,40.5472281,-5.3064298,10020.0,7,868500000.0,sg50-perte-malpica-06,,,,-111.0,-4.5,False,,,,,False,EU868,False
2026-05-28 19:22:52.483996+00:00,stratolink-3-eu,EU,STALE,40.5472281,-5.3064298,10020.0,7,868500000.0,sg50-perte-malpica-02,39.94336757279527,-4.661850929260255,405.0,-110.0,-3.5,False,86.61098594978365,87.21279107435551,5.93998628077958,6.7188965146486375,False,EU868,False
2026-05-28 19:22:52.483996+00:00,stratolink-3-eu,EU,STALE,40.5472281,-5.3064298,10020.0,7,868500000.0,niharramikrotik,40.589325292876616,-4.838257133960725,1131.0,-109.0,2.75,False,39.82130859823407,40.83529945332661,12.393641476644039,12.75176261396802,False,EU868,False
2026-05-28 19:22:52.483996+00:00,stratolink-3-eu,EU,STALE,40.5472281,-5.3064298,10020.0,7,868500000.0,mjv-casas,,,,-115.0,-2.8,False,,,,,False,EU868,False
2026-05-28 19:28:00.735272+00:00,stratolink-3-eu,EU,STALE,40.5472281,-5.3064298,10020.0,7,868100000.0,tidop-solar-milesight-001,40.6508109351282,-4.73721027374268,1115.0,-116.0,-0.2,False,49.41918209700235,50.257451865421714,9.983695305347146,10.428132073532074,False,EU868,False
2026-05-28 19:28:00.735272+00:00,stratolink-3-eu,EU,STALE,40.5472281,-5.3064298,10020.0,7,868100000.0,italr0001,41.70253250763931,-4.708266556262971,765.0,-117.0,-7.5,False,137.88772907362312,138.31170139904214,3.216509890045051,4.456562316681419,False,EU868,False
2026-05-28 19:28:00.735272+00:00,stratolink-3-eu,EU,STALE,40.5472281,-5.3064298,10020.0,7,868100000.0,ext-sg50-012,,,,-117.0,-5.5,False,,,,,False,EU868,False
2026-05-28 19:28:00.735272+00:00,stratolink-3-eu,EU,STALE,40.5472281,-5.3064298,10020.0,7,868100000.0,sg50-perte-malpica-01,,,,-117.0,-8.2,False,,,,,False,EU868,False
2026-05-28 19:28:00.735272+00:00,stratolink-3-eu,EU,STALE,40.5472281,-5.3064298,10020.0,7,868100000.0,ttn-cercedilla,40.73906,-4.05709,1178.0,-121.0,-7.2,False,107.54576288246913,108.0015252079323,4.212258222493165,5.179439168417517,False,EU868,False
2026-05-28 19:28:00.735272+00:00,stratolink-3-eu,EU,STALE,40.5472281,-5.3064298,10020.0,7,868100000.0,sg50-perte-malpica-05,,,,-118.0,-2.8,False,,,,,False,EU868,False
2026-05-28 19:28:00.735272+00:00,stratolink-3-eu,EU,STALE,40.5472281,-5.3064298,10020.0,7,868100000.0,tef-mls-01,40.108033,-6.632828,297.0,-119.0,-8.0,False,122.58513406003775,123.06714824984985,3.9799860705772456,5.082419144078481,False,EU868,False
2026-05-28 19:28:00.735272+00:00,stratolink-3-eu,EU,STALE,40.5472281,-5.3064298,10020.0,7,868100000.0,ext-sg50-022,,,,-120.0,-6.8,False,,,,,False,EU868,False
2026-05-28 19:28:00.735272+00:00,stratolink-3-eu,EU,STALE,40.5472281,-5.3064298,10020.0,7,868100000.0,antena-granjas-rendondo-01,,,,-121.0,-0.5,False,,,,,False,EU868,False
2026-05-28 19:28:00.735272+00:00,stratolink-3-eu,EU,STALE,40.5472281,-5.3064298,10020.0,7,868100000.0,sg50-perte-malpica-07,,,,-118.0,-2.8,False,,,,,False,EU868,False
2026-05-28 19:28:00.735272+00:00,stratolink-3-eu,EU,STALE,40.5472281,-5.3064298,10020.0,7,868100000.0,210030,,,,-116.0,-0.5,False,,,,,False,EU868,False
2026-05-28 19:28:00.735272+00:00,stratolink-3-eu,EU,STALE,40.5472281,-5.3064298,10020.0,7,868100000.0,cicytex-unex-1,,,,-116.0,-5.5,False,,,,,False,EU868,False
2026-05-28 19:28:00.735272+00:00,stratolink-3-eu,EU,STALE,40.5472281,-5.3064298,10020.0,7,868100000.0,mjv-casas,,,,-116.0,-3.5,False,,,,,False,EU868,False
2026-05-28 19:28:00.735272+00:00,stratolink-3-eu,EU,STALE,40.5472281,-5.3064298,10020.0,7,868100000.0,packetbroker,41.62916384851624,-4.713819387616739,,-116.0,-5.75,True,130.1533903719668,130.6382699819066,3.813448300855077,4.983944244547997,False,EU868,False
2026-05-28 19:28:00.735272+00:00,stratolink-3-eu,EU,STALE,40.5472281,-5.3064298,10020.0,7,868100000.0,mvj-cabezuela,,,,-109.0,-1.0,False,,,,,False,EU868,False
2026-05-28 19:28:00.735272+00:00,stratolink-3-eu,EU,STALE,40.5472281,-5.3064298,10020.0,7,868100000.0,cicytex-ic003,,,,-110.0,-8.2,False,,,,,False,EU868,False
2026-05-28 19:28:00.735272+00:00,stratolink-3-eu,EU,STALE,40.5472281,-5.3064298,10020.0,7,868100000.0,mtcdtip02-l4e1-1,,,,-111.0,-7.8,False,,,,,False,EU868,False
2026-05-28 19:28:00.735272+00:00,stratolink-3-eu,EU,STALE,40.5472281,-5.3064298,10020.0,7,868100000.0,meceiot-004-5030354163554750,40.5481739449056,-5.16353885114368,1550.0,-105.0,7.0,False,12.073777545940104,14.757430378604898,34.971695374065966,35.08027731420747,False,EU868,False
2026-05-28 19:28:00.735272+00:00,stratolink-3-eu,EU,STALE,40.5472281,-5.3064298,10020.0,7,868100000.0,niharramikrotik,40.589325292876616,-4.838257133960725,1131.0,-114.0,-3.5,False,39.82130859823407,40.83529945332661,12.393641476644039,12.75176261396802,False,EU868,False
2026-05-28 19:28:00.735272+00:00,stratolink-3-eu,EU,STALE,40.5472281,-5.3064298,10020.0,7,868100000.0,italr0005,40.954279046747715,-4.142631590366364,,-114.0,-0.25,False,107.97738106666701,108.52452519151635,4.811905683303888,5.782968259452956,False,EU868,False
2026-05-28 19:28:00.735272+00:00,stratolink-3-eu,EU,STALE,40.5472281,-5.3064298,10020.0,7,868100000.0,cdtic-multitech-6,40.1338,-5.94651,300.0,-114.0,-2.8,False,71.10762504138638,71.82555893159963,7.457714989649325,8.097200341807799,False,EU868,False
2026-05-28 19:28:00.735272+00:00,stratolink-3-eu,EU,STALE,40.5472281,-5.3064298,10020.0,7,868100000.0,lora-more,41.81858911263017,-6.7508557295156235,674.0,-115.0,-6.8,False,185.99648253273827,186.38039717600506,2.037629856027187,3.710334099255653,False,EU868,False
2026-05-28 19:28:00.735272+00:00,stratolink-3-eu,EU,STALE,40.5472281,-5.3064298,10020.0,7,868100000.0,meceiot-014-dragout-a84041ffff29d5ba,41.11715,-4.78439,825.0,-112.0,-2.0,False,77.10425311621862,77.71526452415816,6.448122256850517,7.141536506422115,False,EU868,False
2026-05-28 19:33:09.971164+00:00,stratolink-3-eu,EU,STALE,40.5472281,-5.3064298,10020.0,7,868300000.0,sg50-perte-malpica-05,,,,-116.0,-0.5,False,,,,,False,EU868,False
2026-05-28 19:33:09.971164+00:00,stratolink-3-eu,EU,STALE,40.5472281,-5.3064298,10020.0,7,868300000.0,sg50-perte-malpica-03,,,,-120.0,-8.5,False,,,,,False,EU868,False
2026-05-28 19:33:09.971164+00:00,stratolink-3-eu,EU,STALE,40.5472281,-5.3064298,10020.0,7,868300000.0,sg50-eui-c0ba1ffffe004945,,,,-119.0,-9.2,False,,,,,False,EU868,False
2026-05-28 19:33:09.971164+00:00,stratolink-3-eu,EU,STALE,40.5472281,-5.3064298,10020.0,7,868300000.0,antena-granjas-rendondo-01,,,,-118.0,-1.0,False,,,,,False,EU868,False
2026-05-28 19:33:09.971164+00:00,stratolink-3-eu,EU,STALE,40.5472281,-5.3064298,10020.0,7,868300000.0,210030,,,,-117.0,-4.0,False,,,,,False,EU868,False
2026-05-28 19:33:09.971164+00:00,stratolink-3-eu,EU,STALE,40.5472281,-5.3064298,10020.0,7,868300000.0,sg50-perte-malpica-01,,,,-116.0,-4.0,False,,,,,False,EU868,False
2026-05-28 19:33:09.971164+00:00,stratolink-3-eu,EU,STALE,40.5472281,-5.3064298,10020.0,7,868300000.0,sg50-perte-malpica-07,,,,-116.0,0.2,False,,,,,False,EU868,False
2026-05-28 19:33:09.971164+00:00,stratolink-3-eu,EU,STALE,40.5472281,-5.3064298,10020.0,7,868300000.0,italr0005,40.954279046747715,-4.142631590366364,,-114.0,-0.75,False,107.97738106666701,108.52452519151635,4.811905683303888,5.782968259452956,False,EU868,False
2026-05-28 19:33:09.971164+00:00,stratolink-3-eu,EU,STALE,40.5472281,-5.3064298,10020.0,7,868300000.0,ttn-cercedilla,40.73906,-4.05709,1178.0,-114.0,-7.0,False,107.54576288246913,108.0015252079323,4.212258222493165,5.179439168417517,False,EU868,False
2026-05-28 19:33:09.971164+00:00,stratolink-3-eu,EU,STALE,40.5472281,-5.3064298,10020.0,7,868300000.0,sg50-perte-malpica-06,,,,-111.0,-6.2,False,,,,,False,EU868,False
2026-05-28 19:33:09.971164+00:00,stratolink-3-eu,EU,STALE,40.5472281,-5.3064298,10020.0,7,868300000.0,sg50-perte-malpica-02,39.94336757279527,-4.661850929260255,405.0,-111.0,-7.2,False,86.61098594978365,87.21279107435551,5.93998628077958,6.7188965146486375,False,EU868,False
2026-05-28 19:33:09.971164+00:00,stratolink-3-eu,EU,STALE,40.5472281,-5.3064298,10020.0,7,868300000.0,cicytex-ic003,,,,-110.0,-8.0,False,,,,,False,EU868,False
2026-05-28 19:33:09.971164+00:00,stratolink-3-eu,EU,STALE,40.5472281,-5.3064298,10020.0,7,868300000.0,kenai-instalaciones-y-proyectos,40.6244743091053,-3.90243977308273,,-108.0,-3.75,False,118.86953215186202,119.38248792120771,4.2798892725998146,5.348907181505776,False,EU868,False
2026-05-28 19:33:09.971164+00:00,stratolink-3-eu,EU,STALE,40.5472281,-5.3064298,10020.0,7,868300000.0,tidop-solar-milesight-001,40.6508109351282,-4.73721027374268,1115.0,-107.0,8.0,False,49.41918209700235,50.257451865421714,9.983695305347146,10.428132073532074,False,EU868,False
2026-05-28 19:33:09.971164+00:00,stratolink-3-eu,EU,STALE,40.5472281,-5.3064298,10020.0,7,868300000.0,niharramikrotik,40.589325292876616,-4.838257133960725,1131.0,-107.0,,False,39.82130859823407,40.83529945332661,12.393641476644039,12.75176261396802,False,EU868,False
2026-05-28 19:33:09.971164+00:00,stratolink-3-eu,EU,STALE,40.5472281,-5.3064298,10020.0,7,868300000.0,meceiot-004-5030354163554750,40.5481739449056,-5.16353885114368,1550.0,-105.0,6.0,False,12.073777545940104,14.757430378604898,34.971695374065966,35.08027731420747,False,EU868,False
2026-05-28 19:33:09.971164+00:00,stratolink-3-eu,EU,STALE,40.5472281,-5.3064298,10020.0,7,868300000.0,mvj-cabezuela,,,,-114.0,-3.5,False,,,,,False,EU868,False
2026-05-28 19:43:13.302496+00:00,stratolink-3-eu,EU,NOGPS,,,,7,868500000.0,sg50-perte-malpica-06,,,,-113.0,-0.5,False,,,,,False,EU868,False
2026-05-28 19:43:13.302496+00:00,stratolink-3-eu,EU,NOGPS,,,,7,868500000.0,packetbroker,40.514590326251714,-3.915930162472315,,-114.0,-6.25,True,,,,,False,EU868,False
2026-05-28 19:43:13.302496+00:00,stratolink-3-eu,EU,NOGPS,,,,7,868500000.0,sg50-perte-malpica-04,,,,-114.0,-8.2,False,,,,,False,EU868,False
2026-05-28 19:43:13.302496+00:00,stratolink-3-eu,EU,NOGPS,,,,7,868500000.0,ext-sg50-012,,,,-116.0,-7.2,False,,,,,False,EU868,False
2026-05-28 19:43:13.302496+00:00,stratolink-3-eu,EU,NOGPS,,,,7,868500000.0,sg50-perte-malpica-03,,,,-118.0,-2.0,False,,,,,False,EU868,False
2026-05-28 19:43:13.302496+00:00,stratolink-3-eu,EU,NOGPS,,,,7,868500000.0,210030,,,,-118.0,-2.2,False,,,,,False,EU868,False
2026-05-28 19:43:13.302496+00:00,stratolink-3-eu,EU,NOGPS,,,,7,868500000.0,tef-mls-01,40.108033,-6.632828,297.0,-118.0,-9.0,False,,,,,False,EU868,False
2026-05-28 19:43:13.302496+00:00,stratolink-3-eu,EU,NOGPS,,,,7,868500000.0,upm-etsime-tellus-001,40.4433240038774,-3.70036411460872,725.0,-119.0,-6.0,False,,,,,False,EU868,False
2026-05-28 19:43:13.302496+00:00,stratolink-3-eu,EU,NOGPS,,,,7,868500000.0,sg50-perte-malpica-07,,,,-117.0,-5.2,False,,,,,False,EU868,False
2026-05-28 19:43:13.302496+00:00,stratolink-3-eu,EU,NOGPS,,,,7,868500000.0,meceiot-014-dragout-a84041ffff29d5ba,41.11715,-4.78439,825.0,-113.0,-6.0,False,,,,,False,EU868,False
2026-05-28 19:43:13.302496+00:00,stratolink-3-eu,EU,NOGPS,,,,7,868500000.0,cicytex-ic003,,,,-109.0,-7.0,False,,,,,False,EU868,False
2026-05-28 19:43:13.302496+00:00,stratolink-3-eu,EU,NOGPS,,,,7,868500000.0,uah-outdoor,40.513016253496716,-3.3499574594000614,,-113.0,-5.8,False,,,,,False,EU868,False
2026-05-28 19:43:13.302496+00:00,stratolink-3-eu,EU,NOGPS,,,,7,868500000.0,mvj-cabezuela,,,,-113.0,-5.8,False,,,,,False,EU868,False
2026-05-28 19:43:13.302496+00:00,stratolink-3-eu,EU,NOGPS,,,,7,868500000.0,niharramikrotik,40.589325292876616,-4.838257133960725,1131.0,-112.0,-4.5,False,,,,,False,EU868,False
2026-05-28 19:43:13.302496+00:00,stratolink-3-eu,EU,NOGPS,,,,7,868500000.0,italr0005,40.954279046747715,-4.142631590366364,,-112.0,2.0,False,,,,,False,EU868,False
2026-05-28 19:43:13.302496+00:00,stratolink-3-eu,EU,NOGPS,,,,7,868500000.0,sg50-perte-malpica-02,39.94336757279527,-4.661850929260255,405.0,-111.0,-1.8,False,,,,,False,EU868,False
2026-05-28 19:43:13.302496+00:00,stratolink-3-eu,EU,NOGPS,,,,7,868500000.0,tidop-solar-milesight-001,40.6508109351282,-4.73721027374268,1115.0,-110.0,5.5,False,,,,,False,EU868,False
2026-05-28 19:43:13.302496+00:00,stratolink-3-eu,EU,NOGPS,,,,7,868500000.0,kenai-instalaciones-y-proyectos,40.6244743091053,-3.90243977308273,,-110.0,-3.0,False,,,,,False,EU868,False
2026-05-28 19:43:13.302496+00:00,stratolink-3-eu,EU,NOGPS,,,,7,868500000.0,mikrotikepsa,40.65110091852006,-4.679304063320161,1131.0,-110.0,-0.5,False,,,,,False,EU868,False
2026-05-28 19:43:13.302496+00:00,stratolink-3-eu,EU,NOGPS,,,,7,868500000.0,meceiot-004-5030354163554750,40.5481739449056,-5.16353885114368,1550.0,-107.0,4.5,False,,,,,False,EU868,False
2026-05-28 19:43:13.302496+00:00,stratolink-3-eu,EU,NOGPS,,,,7,868500000.0,antena-granjas-rendondo-01,,,,-113.0,6.0,False,,,,,False,EU868,False
2026-05-28 19:58:20.366112+00:00,stratolink-3-eu,EU,NOGPS,,,,7,868100000.0,lora-more,41.81858911263017,-6.7508557295156235,674.0,-117.0,-5.3,False,,,,,False,EU868,False
2026-05-28 19:58:20.366112+00:00,stratolink-3-eu,EU,NOGPS,,,,7,868100000.0,cdtic-multitech-5,40.0702558044694,-6.65818959474564,300.0,-117.0,-5.2,False,,,,,False,EU868,False
2026-05-28 19:58:20.366112+00:00,stratolink-3-eu,EU,NOGPS,,,,7,868100000.0,ext-sg50-028,,,,-118.0,-9.0,False,,,,,False,EU868,False
2026-05-28 19:58:20.366112+00:00,stratolink-3-eu,EU,NOGPS,,,,7,868100000.0,tef-mls-01,40.108033,-6.632828,297.0,-118.0,-3.5,False,,,,,False,EU868,False
2026-05-28 19:58:20.366112+00:00,stratolink-3-eu,EU,NOGPS,,,,7,868100000.0,sg50-perte-malpica-05,,,,-116.0,-0.5,False,,,,,False,EU868,False
2026-05-28 19:58:20.366112+00:00,stratolink-3-eu,EU,NOGPS,,,,7,868100000.0,mitigasmart-cc,,,,-119.0,-7.2,False,,,,,False,EU868,False
2026-05-28 19:58:20.366112+00:00,stratolink-3-eu,EU,NOGPS,,,,7,868100000.0,ext-sg50-022,,,,-120.0,-7.5,False,,,,,False,EU868,False
2026-05-28 19:58:20.366112+00:00,stratolink-3-eu,EU,NOGPS,,,,7,868100000.0,meceiot-013-dragout-a84041ffff29dc56,40.970672,-5.141641,820.0,-123.0,-7.75,False,,,,,False,EU868,False
2026-05-28 19:58:20.366112+00:00,stratolink-3-eu,EU,NOGPS,,,,7,868100000.0,antena-granjas-rendondo-01,,,,-119.0,1.75,False,,,,,False,EU868,False
2026-05-28 19:58:20.366112+00:00,stratolink-3-eu,EU,NOGPS,,,,7,868100000.0,sg50-perte-malpica-06,,,,-115.0,-8.0,False,,,,,False,EU868,False
2026-05-28 19:58:20.366112+00:00,stratolink-3-eu,EU,NOGPS,,,,7,868100000.0,italr0005,40.954279046747715,-4.142631590366364,,-121.0,-6.75,False,,,,,False,EU868,False
2026-05-28 19:58:20.366112+00:00,stratolink-3-eu,EU,NOGPS,,,,7,868100000.0,210030,,,,-115.0,0.8,False,,,,,False,EU868,False
2026-05-28 19:58:20.366112+00:00,stratolink-3-eu,EU,NOGPS,,,,7,868100000.0,cicytex-ic003,,,,-107.0,-2.5,False,,,,,False,EU868,False
2026-05-28 19:58:20.366112+00:00,stratolink-3-eu,EU,NOGPS,,,,7,868100000.0,meceiot-004-5030354163554750,40.5481739449056,-5.16353885114368,1550.0,-109.0,5.5,False,,,,,False,EU868,False
2026-05-28 19:58:20.366112+00:00,stratolink-3-eu,EU,NOGPS,,,,7,868100000.0,meceiot-014-dragout-a84041ffff29d5ba,41.11715,-4.78439,825.0,-110.0,0.25,False,,,,,False,EU868,False
2026-05-28 19:58:20.366112+00:00,stratolink-3-eu,EU,NOGPS,,,,7,868100000.0,mtcdtip02-l4e1-9,,,,-113.0,-6.5,False,,,,,False,EU868,False
2026-05-28 19:58:20.366112+00:00,stratolink-3-eu,EU,NOGPS,,,,7,868100000.0,cdtic-multitech-6,40.1338,-5.94651,300.0,-115.0,-1.8,False,,,,,False,EU868,False
2026-05-28 19:58:20.366112+00:00,stratolink-3-eu,EU,NOGPS,,,,7,868100000.0,tidop-solar-milesight-001,40.6508109351282,-4.73721027374268,1115.0,-114.0,3.5,False,,,,,False,EU868,False
2026-05-28 19:58:20.366112+00:00,stratolink-3-eu,EU,NOGPS,,,,7,868100000.0,mvj-cabezuela,,,,-115.0,-1.2,False,,,,,False,EU868,False
2026-05-28 19:58:20.366112+00:00,stratolink-3-eu,EU,NOGPS,,,,7,868100000.0,cicytex-lo-04,,,,-115.0,-6.5,False,,,,,False,EU868,False
2026-05-28 19:58:20.366112+00:00,stratolink-3-eu,EU,NOGPS,,,,7,868100000.0,packetbroker,40.962758045083945,-5.675633842073217,,-114.0,-4.5,True,,,,,False,EU868,False
2026-05-29 17:46:03.175749+00:00,stratolink-3,US,FRESH,36.889307,-4.5321937,10034.0,7,868100000.0,ifapa-d583,,,,-118.0,-4.8,False,,,,,True,EU868,False
2026-05-29 17:46:03.175749+00:00,stratolink-3,US,FRESH,36.889307,-4.5321937,10034.0,7,868100000.0,a840411f51ac4150,,,,-128.0,-7.5,False,,,,,True,EU868,False
2026-05-29 17:46:03.175749+00:00,stratolink-3,US,FRESH,36.889307,-4.5321937,10034.0,7,868100000.0,router-000008-lg308,36.8615275221493,-4.15498316287994,450.0,-127.0,-8.0,False,33.69460503355225,35.05774107956075,15.713782968957837,16.01680541350153,True,EU868,False
2026-05-29 17:46:03.175749+00:00,stratolink-3,US,FRESH,36.889307,-4.5321937,10034.0,7,868100000.0,crev01,,,,-120.0,-4.5,False,,,,,True,EU868,False
2026-05-29 17:46:03.175749+00:00,stratolink-3,US,FRESH,36.889307,-4.5321937,10034.0,7,868100000.0,anguillas-smartalmond,,,,-119.0,-9.2,False,,,,,True,EU868,False
2026-05-29 17:46:03.175749+00:00,stratolink-3,US,FRESH,36.889307,-4.5321937,10034.0,7,868100000.0,packetbroker,,,,-119.0,-4.25,True,,,,,True,EU868,False
2026-05-29 17:46:03.175749+00:00,stratolink-3,US,FRESH,36.889307,-4.5321937,10034.0,7,868100000.0,atd-mls-006,37.2688,-7.19147,58.0,-119.0,-9.2,False,239.64508520949892,240.0280778229478,1.303992045611524,3.4591690975654275,True,EU868,False
2026-05-29 17:46:03.175749+00:00,stratolink-3,US,FRESH,36.889307,-4.5321937,10034.0,7,868100000.0,atd-mls-004,37.45954,-7.27598,221.0,-119.0,-8.5,False,251.22228731948812,251.59955062482334,1.1051617322612188,3.364454920339825,True,EU868,False
2026-05-29 17:46:03.175749+00:00,stratolink-3,US,FRESH,36.889307,-4.5321937,10034.0,7,868100000.0,lareina-smartalmond-sg50,,,,-117.0,-4.2,False,,,,,True,EU868,False
2026-05-29 17:46:03.175749+00:00,stratolink-3,US,FRESH,36.889307,-4.5321937,10034.0,7,868100000.0,ies-antonio-gala-palma-del-rio,37.69985544958225,-5.274265758019731,70.0,-120.0,-4.3,False,111.49899305803068,112.02993138107888,4.60109629123015,5.603829441148811,True,EU868,False
2026-05-29 17:46:03.175749+00:00,stratolink-3,US,FRESH,36.889307,-4.5321937,10034.0,7,868100000.0,ext-sg50-002,,,,-115.0,-2.0,False,,,,,True,EU868,False
2026-05-29 17:46:03.175749+00:00,stratolink-3,US,FRESH,36.889307,-4.5321937,10034.0,7,868100000.0,fuenreal-smartalmond,,,,-115.0,-6.2,False,,,,,True,EU868,False
2026-05-29 17:46:03.175749+00:00,stratolink-3,US,FRESH,36.889307,-4.5321937,10034.0,7,868100000.0,ifapa-d686,37.40081,-4.85583,236.0,-114.0,-3.0,False,63.70074730113724,64.50033717508586,8.450861886181297,9.023735678504202,True,EU868,False
2026-05-29 17:46:03.175749+00:00,stratolink-3,US,FRESH,36.889307,-4.5321937,10034.0,7,868100000.0,packetbroker,36.7357156,-4.55457939,,-111.0,2.0,True,17.19448308852274,19.919760499822885,30.169133492942784,30.32376698079457,True,EU868,False
2026-05-29 17:46:03.175749+00:00,stratolink-3,US,FRESH,36.889307,-4.5321937,10034.0,7,868100000.0,ext-dlos8-025,,,,-111.0,-3.8,False,,,,,True,EU868,False
2026-05-29 17:46:03.175749+00:00,stratolink-3,US,FRESH,36.889307,-4.5321937,10034.0,7,868100000.0,eui-5030354148104750,36.965073280321086,-4.130834992613251,950.0,-111.0,-3.25,False,36.657713511501925,37.79709497425618,13.741474260283987,14.071144542768057,True,EU868,False
2026-05-29 17:46:03.175749+00:00,stratolink-3,US,FRESH,36.889307,-4.5321937,10034.0,7,868100000.0,eui-hdfenergy,,,,-109.0,-1.0,False,,,,,True,EU868,False
2026-05-29 17:46:03.175749+00:00,stratolink-3,US,FRESH,36.889307,-4.5321937,10034.0,7,868100000.0,etsiit-rak,36.71460012615546,-4.477698504924775,30.0,-107.0,-10.0,False,20.023295552181292,22.397441556135018,26.439404058212624,26.61947763260391,True,EU868,False
2026-05-29 17:46:03.175749+00:00,stratolink-3,US,FRESH,36.889307,-4.5321937,10034.0,7,868100000.0,etsarquitectura,36.72812749835394,-4.4196555018425,30.0,-103.0,-3.0,False,20.532675581501284,22.85467979198651,25.866273123824367,26.050927656546094,True,EU868,False
2026-05-29 17:46:03.175749+00:00,stratolink-3,US,FRESH,36.889307,-4.5321937,10034.0,7,868100000.0,finca,,,,-116.0,2.5,False,,,,,True,EU868,False
2026-05-29 17:51:02.145360+00:00,stratolink-3,US,NOGPS,,,,7,868300000.0,iag-agrotech,37.7574787684571,-5.40559535662634,426.0,-119.0,-6.8,False,,,,,False,EU868,False
2026-05-29 17:51:02.145360+00:00,stratolink-3,US,NOGPS,,,,7,868300000.0,packetbroker,,,,-119.0,-3.5,True,,,,,False,EU868,False
2026-05-29 17:51:02.145360+00:00,stratolink-3,US,NOGPS,,,,7,868300000.0,finca,,,,-118.0,0.8,False,,,,,False,EU868,False
2026-05-29 17:51:02.145360+00:00,stratolink-3,US,NOGPS,,,,7,868300000.0,lareina-smartalmond-sg50,,,,-117.0,-5.5,False,,,,,False,EU868,False
2026-05-29 17:51:02.145360+00:00,stratolink-3,US,NOGPS,,,,7,868300000.0,atd-mls-004,37.45954,-7.27598,221.0,-117.0,-8.8,False,,,,,False,EU868,False
2026-05-29 17:51:02.145360+00:00,stratolink-3,US,NOGPS,,,,7,868300000.0,eui-a84041ffff228b44,36.8248571561759,-6.32017478958428,5.0,-117.0,-8.2,False,,,,,False,EU868,False
2026-05-29 17:51:02.145360+00:00,stratolink-3,US,NOGPS,,,,7,868300000.0,atd-mls-003,36.75348,-4.02812,140.0,-116.0,,False,,,,,False,EU868,False
2026-05-29 17:51:02.145360+00:00,stratolink-3,US,NOGPS,,,,7,868300000.0,crev01,,,,-114.0,-2.3,False,,,,,False,EU868,False
2026-05-29 17:51:02.145360+00:00,stratolink-3,US,NOGPS,,,,7,868300000.0,ifapa-d686,37.40081,-4.85583,236.0,-113.0,-1.2,False,,,,,False,EU868,False
2026-05-29 17:51:02.145360+00:00,stratolink-3,US,NOGPS,,,,7,868300000.0,rabanales-prolive,,,,-113.0,-4.8,False,,,,,False,EU868,False
2026-05-29 17:51:02.145360+00:00,stratolink-3,US,NOGPS,,,,7,868300000.0,fuenreal-smartalmond,,,,-113.0,-5.0,False,,,,,False,EU868,False
2026-05-29 17:51:02.145360+00:00,stratolink-3,US,NOGPS,,,,7,868300000.0,packetbroker,36.7357156,-4.55457939,,-106.0,,True,,,,,False,EU868,False
2026-05-29 17:51:02.145360+00:00,stratolink-3,US,NOGPS,,,,7,868300000.0,etsiit-rak,36.71460012615546,-4.477698504924775,30.0,-99.0,2.8,False,,,,,False,EU868,False
2026-05-29 17:51:02.145360+00:00,stratolink-3,US,NOGPS,,,,7,868300000.0,ext-sg50-002,,,,-114.0,-1.8,False,,,,,False,EU868,False
2026-05-29 17:58:47.143355+00:00,stratolink-3,US,STALE,36.889307,-4.5321937,10034.0,7,868100000.0,ifapa,,,,-118.0,-3.8,False,,,,,False,EU868,False
2026-05-29 17:58:47.143355+00:00,stratolink-3,US,STALE,36.889307,-4.5321937,10034.0,7,868100000.0,ifapa-d583,,,,-118.0,-7.5,False,,,,,False,EU868,False
2026-05-29 17:58:47.143355+00:00,stratolink-3,US,STALE,36.889307,-4.5321937,10034.0,7,868100000.0,atd-mls-006,37.2688,-7.19147,58.0,-119.0,-7.2,False,239.64508520949892,240.0280778229478,1.303992045611524,3.4591690975654275,False,EU868,False
2026-05-29 17:58:47.143355+00:00,stratolink-3,US,STALE,36.889307,-4.5321937,10034.0,7,868100000.0,delacalceta-smartalmond,,,,-119.0,-8.0,False,,,,,False,EU868,False
2026-05-29 17:58:47.143355+00:00,stratolink-3,US,STALE,36.889307,-4.5321937,10034.0,7,868100000.0,atd-mls-004,37.45954,-7.27598,221.0,-119.0,-6.0,False,251.22228731948812,251.59955062482334,1.1051617322612188,3.364454920339825,False,EU868,False
2026-05-29 17:58:47.143355+00:00,stratolink-3,US,STALE,36.889307,-4.5321937,10034.0,7,868100000.0,finca,,,,-121.0,-6.8,False,,,,,False,EU868,False
2026-05-29 17:58:47.143355+00:00,stratolink-3,US,STALE,36.889307,-4.5321937,10034.0,7,868100000.0,atd-mls-012,37.9531158415138,-3.30860261429002,398.0,-120.0,-9.0,False,160.21067360328783,160.6268611352985,2.7185610608605835,4.159368273435169,False,EU868,False
2026-05-29 17:58:47.143355+00:00,stratolink-3,US,STALE,36.889307,-4.5321937,10034.0,7,868100000.0,d4cbe3b8d0d04ecab529bb5fe0713a7e,,,,-122.0,-8.2,False,,,,,False,EU868,False
2026-05-29 17:58:47.143355+00:00,stratolink-3,US,STALE,36.889307,-4.5321937,10034.0,7,868100000.0,atd-mls-000,,,,-122.0,-8.0,False,,,,,False,EU868,False
2026-05-29 17:58:47.143355+00:00,stratolink-3,US,STALE,36.889307,-4.5321937,10034.0,7,868100000.0,eui-a84041ffff228b44,36.8248571561759,-6.32017478958428,5.0,-118.0,-9.0,False,159.23743997478093,159.6739685066189,2.8847655762889928,4.316820300655918,False,EU868,False
2026-05-29 17:58:47.143355+00:00,stratolink-3,US,STALE,36.889307,-4.5321937,10034.0,7,868100000.0,atd-mls-001,36.763839,-4.128103,100.0,-120.0,-6.2,False,38.577739557838306,39.8658887932702,14.255781091674073,14.602718559383135,False,EU868,False
2026-05-29 17:58:47.143355+00:00,stratolink-3,US,STALE,36.889307,-4.5321937,10034.0,7,868100000.0,ext-sg50-002,,,,-116.0,-4.8,False,,,,,False,EU868,False
2026-05-29 17:58:47.143355+00:00,stratolink-3,US,STALE,36.889307,-4.5321937,10034.0,7,868100000.0,crev01,,,,-115.0,-3.3,False,,,,,False,EU868,False
2026-05-29 17:58:47.143355+00:00,stratolink-3,US,STALE,36.889307,-4.5321937,10034.0,7,868100000.0,etsiit-rak,36.71460012615546,-4.477698504924775,30.0,-99.0,-6.0,False,20.023295552181292,22.397441556135018,26.439404058212624,26.61947763260391,False,EU868,False
2026-05-29 17:58:47.143355+00:00,stratolink-3,US,STALE,36.889307,-4.5321937,10034.0,7,868100000.0,wisgate-los-cerros-e3,38.01586250073645,-3.383658022157903,750.0,-114.0,-6.8,False,161.1512868449637,161.55032001990975,2.5696013097541495,4.018867648755397,False,EU868,False
2026-05-29 17:58:47.143355+00:00,stratolink-3,US,STALE,36.889307,-4.5321937,10034.0,7,868100000.0,packetbroker,36.7357156,-4.55457939,,-113.0,0.2,True,17.19448308852274,19.919760499822885,30.169133492942784,30.32376698079457,False,EU868,False
2026-05-29 17:58:47.143355+00:00,stratolink-3,US,STALE,36.889307,-4.5321937,10034.0,7,868100000.0,cet-cm-001,,,,-113.0,-8.2,False,,,,,False,EU868,False
2026-05-29 17:58:47.143355+00:00,stratolink-3,US,STALE,36.889307,-4.5321937,10034.0,7,868100000.0,eui-5030354148104750,36.965073280321086,-4.130834992613251,950.0,-113.0,-4.5,False,36.657713511501925,37.79709497425618,13.741474260283987,14.071144542768057,False,EU868,False
2026-05-29 17:58:47.143355+00:00,stratolink-3,US,STALE,36.889307,-4.5321937,10034.0,7,868100000.0,fuenreal-smartalmond,,,,-113.0,-2.8,False,,,,,False,EU868,False
2026-05-29 17:58:47.143355+00:00,stratolink-3,US,STALE,36.889307,-4.5321937,10034.0,7,868100000.0,ext-dlos8-025,,,,-112.0,-5.2,False,,,,,False,EU868,False
2026-05-29 17:58:47.143355+00:00,stratolink-3,US,STALE,36.889307,-4.5321937,10034.0,7,868100000.0,rabanales-prolive,,,,-111.0,-0.5,False,,,,,False,EU868,False
2026-05-29 17:58:47.143355+00:00,stratolink-3,US,STALE,36.889307,-4.5321937,10034.0,7,868100000.0,ifapa-d686,37.40081,-4.85583,236.0,-110.0,1.5,False,63.70074730113724,64.50033717508586,8.450861886181297,9.023735678504202,False,EU868,False
2026-05-29 17:58:47.143355+00:00,stratolink-3,US,STALE,36.889307,-4.5321937,10034.0,7,868100000.0,eui-hdfenergy,,,,-109.0,1.0,False,,,,,False,EU868,False
2026-05-29 17:58:47.143355+00:00,stratolink-3,US,STALE,36.889307,-4.5321937,10034.0,7,868100000.0,atd-mls-003,36.75348,-4.02812,140.0,-116.0,-2.0,False,47.342554500600315,48.40224848006632,11.582116556795649,12.007877790127496,False,EU868,False
2026-05-29 18:03:55.424526+00:00,stratolink-3,US,STALE,36.889307,-4.5321937,10034.0,7,868300000.0,ext-sg50-002,,,,-116.0,-7.8,False,,,,,False,EU868,False
2026-05-29 18:03:55.424526+00:00,stratolink-3,US,STALE,36.889307,-4.5321937,10034.0,7,868300000.0,ifapa,,,,-116.0,-2.2,False,,,,,False,EU868,False
2026-05-29 18:03:55.424526+00:00,stratolink-3,US,STALE,36.889307,-4.5321937,10034.0,7,868300000.0,delacalceta-smartalmond,,,,-118.0,-8.5,False,,,,,False,EU868,False
2026-05-29 18:03:55.424526+00:00,stratolink-3,US,STALE,36.889307,-4.5321937,10034.0,7,868300000.0,lareina-smartalmond-sg50,,,,-117.0,-4.5,False,,,,,False,EU868,False
2026-05-29 18:03:55.424526+00:00,stratolink-3,US,STALE,36.889307,-4.5321937,10034.0,7,868300000.0,sg50-eui-c0ba1ffffe004945,,,,-118.0,-8.2,False,,,,,False,EU868,False
2026-05-29 18:03:55.424526+00:00,stratolink-3,US,STALE,36.889307,-4.5321937,10034.0,7,868300000.0,packetbroker,,,,-119.0,-4.25,True,,,,,False,EU868,False
2026-05-29 18:03:55.424526+00:00,stratolink-3,US,STALE,36.889307,-4.5321937,10034.0,7,868300000.0,router-000008-lg308,36.8615275221493,-4.15498316287994,450.0,-120.0,-2.8,False,33.69460503355225,35.05774107956075,15.713782968957837,16.01680541350153,False,EU868,False
2026-05-29 18:03:55.424526+00:00,stratolink-3,US,STALE,36.889307,-4.5321937,10034.0,7,868300000.0,cet-cm-001,,,,-114.0,-5.0,False,,,,,False,EU868,False
2026-05-29 18:03:55.424526+00:00,stratolink-3,US,STALE,36.889307,-4.5321937,10034.0,7,868300000.0,ext-sg50-006,,,,-118.0,-8.2,False,,,,,False,EU868,False
2026-05-29 18:03:55.424526+00:00,stratolink-3,US,STALE,36.889307,-4.5321937,10034.0,7,868300000.0,crev01,,,,-114.0,-1.8,False,,,,,False,EU868,False
2026-05-29 18:03:55.424526+00:00,stratolink-3,US,STALE,36.889307,-4.5321937,10034.0,7,868300000.0,grhs-inhabit-gw-mtcdt-l4e1-868-002,37.88107243390527,-4.779678200482805,120.0,-115.0,-7.8,False,112.42614038140002,112.95017096968856,4.5297827430736,5.540853917673426,False,EU868,False
2026-05-29 18:03:55.424526+00:00,stratolink-3,US,STALE,36.889307,-4.5321937,10034.0,7,868300000.0,eui-a84041ffff251210,37.1943547230777,-6.875614556957453,32.0,-112.0,-9.5,False,210.73326294733312,211.1271120238421,1.7674088226856253,3.6625759695121647,False,EU868,False
2026-05-29 18:03:55.424526+00:00,stratolink-3,US,STALE,36.889307,-4.5321937,10034.0,7,868300000.0,fuenreal-smartalmond,,,,-113.0,-3.5,False,,,,,False,EU868,False
2026-05-29 18:03:55.424526+00:00,stratolink-3,US,STALE,36.889307,-4.5321937,10034.0,7,868300000.0,ext-dlos8-025,,,,-105.0,3.8,False,,,,,False,EU868,False
2026-05-29 18:03:55.424526+00:00,stratolink-3,US,STALE,36.889307,-4.5321937,10034.0,7,868300000.0,atd-mls-003,36.75348,-4.02812,140.0,-107.0,-7.2,False,47.342554500600315,48.40224848006632,11.582116556795649,12.007877790127496,False,EU868,False
2026-05-29 18:03:55.424526+00:00,stratolink-3,US,STALE,36.889307,-4.5321937,10034.0,7,868300000.0,ifapa-d686,37.40081,-4.85583,236.0,-110.0,1.2,False,63.70074730113724,64.50033717508586,8.450861886181297,9.023735678504202,False,EU868,False
2026-05-29 18:03:55.424526+00:00,stratolink-3,US,STALE,36.889307,-4.5321937,10034.0,7,868300000.0,eui-hdfenergy,,,,-107.0,1.25,False,,,,,False,EU868,False
2026-05-29 18:03:55.424526+00:00,stratolink-3,US,STALE,36.889307,-4.5321937,10034.0,7,868300000.0,eui-5030354148104750,36.965073280321086,-4.130834992613251,950.0,-111.0,-1.5,False,36.657713511501925,37.79709497425618,13.741474260283987,14.071144542768057,False,EU868,False
2026-05-29 18:03:55.424526+00:00,stratolink-3,US,STALE,36.889307,-4.5321937,10034.0,7,868300000.0,rabanales-prolive,,,,-111.0,1.0,False,,,,,False,EU868,False
2026-05-29 18:03:55.424526+00:00,stratolink-3,US,STALE,36.889307,-4.5321937,10034.0,7,868300000.0,ies-antonio-gala-palma-del-rio,37.69985544958225,-5.274265758019731,70.0,-112.0,-5.3,False,111.49899305803068,112.02993138107888,4.60109629123015,5.603829441148811,False,EU868,False
2026-05-29 18:03:55.424526+00:00,stratolink-3,US,STALE,36.889307,-4.5321937,10034.0,7,868300000.0,eui-3133303733004000,36.770203,-4.099151,45.0,-111.0,0.75,False,40.753895249758315,41.99145120108278,13.578227517448747,13.94473559644195,False,EU868,False
2026-05-29 18:09:03.375724+00:00,stratolink-3,US,STALE,36.889307,-4.5321937,10034.0,7,868500000.0,ifapa-d583,,,,-117.0,-7.8,False,,,,,False,EU868,False
2026-05-29 18:09:03.375724+00:00,stratolink-3,US,STALE,36.889307,-4.5321937,10034.0,7,868500000.0,etsia-d54b,36.189429816587435,-5.491463541984559,30.0,-120.0,-6.8,False,115.76140370062039,116.2823371476292,4.414633393127587,5.455699269940374,False,EU868,False
2026-05-29 18:09:03.375724+00:00,stratolink-3,US,STALE,36.889307,-4.5321937,10034.0,7,868500000.0,finca,,,,-118.0,-1.5,False,,,,,False,EU868,False
2026-05-29 18:09:03.375724+00:00,stratolink-3,US,STALE,36.889307,-4.5321937,10034.0,7,868500000.0,crev01,,,,-120.0,-6.8,False,,,,,False,EU868,False
2026-05-29 18:09:03.375724+00:00,stratolink-3,US,STALE,36.889307,-4.5321937,10034.0,7,868500000.0,lareina-smartalmond-sg50,,,,-117.0,-9.5,False,,,,,False,EU868,False
2026-05-29 18:09:03.375724+00:00,stratolink-3,US,STALE,36.889307,-4.5321937,10034.0,7,868500000.0,atd-mls-003,36.75348,-4.02812,140.0,-117.0,-0.5,False,47.342554500600315,48.40224848006632,11.582116556795649,12.007877790127496,False,EU868,False
2026-05-29 18:09:03.375724+00:00,stratolink-3,US,STALE,36.889307,-4.5321937,10034.0,7,868500000.0,ext-sg50-002,,,,-115.0,-5.5,False,,,,,False,EU868,False
2026-05-29 18:09:03.375724+00:00,stratolink-3,US,STALE,36.889307,-4.5321937,10034.0,7,868500000.0,eui-hdfenergy,,,,-110.0,-1.0,False,,,,,False,EU868,False
2026-05-29 18:09:03.375724+00:00,stratolink-3,US,STALE,36.889307,-4.5321937,10034.0,7,868500000.0,eui-a84041ffff251210,37.1943547230777,-6.875614556957453,32.0,-112.0,-8.2,False,210.73326294733312,211.1271120238421,1.7674088226856253,3.6625759695121647,False,EU868,False
2026-05-29 18:09:03.375724+00:00,stratolink-3,US,STALE,36.889307,-4.5321937,10034.0,7,868500000.0,eco-kerlink,36.72737938425612,-4.417445361614228,30.0,-111.0,4.0,False,20.701737420886342,23.006924045034083,25.681074311095063,25.86724925136581,False,EU868,False
2026-05-29 18:09:03.375724+00:00,stratolink-3,US,STALE,36.889307,-4.5321937,10034.0,7,868500000.0,etsarquitectura,36.72812749835394,-4.4196555018425,30.0,-110.0,7.0,False,20.532675581501284,22.85467979198651,25.866273123824367,26.050927656546094,False,EU868,False
2026-05-29 18:09:03.375724+00:00,stratolink-3,US,STALE,36.889307,-4.5321937,10034.0,7,868500000.0,packetbroker,36.7357156,-4.55457939,,-106.0,5.0,True,17.19448308852274,19.919760499822885,30.169133492942784,30.32376698079457,False,EU868,False
2026-05-29 18:09:03.375724+00:00,stratolink-3,US,STALE,36.889307,-4.5321937,10034.0,7,868500000.0,etsiit-rak,36.71460012615546,-4.477698504924775,30.0,-100.0,4.3,False,20.023295552181292,22.397441556135018,26.439404058212624,26.61947763260391,False,EU868,False
2026-05-29 18:09:03.375724+00:00,stratolink-3,US,STALE,36.889307,-4.5321937,10034.0,7,868500000.0,ifapa-d686,37.40081,-4.85583,236.0,-114.0,-7.2,False,63.70074730113724,64.50033717508586,8.450861886181297,9.023735678504202,False,EU868,False
2026-05-29 18:14:11.577048+00:00,stratolink-3,US,STALE,36.889307,-4.5321937,10034.0,7,868100000.0,finca,,,,-117.0,1.2,False,,,,,False,EU868,False
2026-05-29 18:14:11.577048+00:00,stratolink-3,US,STALE,36.889307,-4.5321937,10034.0,7,868100000.0,ifapa,,,,-118.0,-6.8,False,,,,,False,EU868,False
2026-05-29 18:14:11.577048+00:00,stratolink-3,US,STALE,36.889307,-4.5321937,10034.0,7,868100000.0,ifapa-d686,37.40081,-4.85583,236.0,-114.0,-1.5,False,63.70074730113724,64.50033717508586,8.450861886181297,9.023735678504202,False,EU868,False
2026-05-29 18:14:11.577048+00:00,stratolink-3,US,STALE,36.889307,-4.5321937,10034.0,7,868100000.0,delacalceta-smartalmond,,,,-119.0,-7.8,False,,,,,False,EU868,False
2026-05-29 18:14:11.577048+00:00,stratolink-3,US,STALE,36.889307,-4.5321937,10034.0,7,868100000.0,packetbroker,,,,-119.0,-2.75,True,,,,,False,EU868,False
2026-05-29 18:14:11.577048+00:00,stratolink-3,US,STALE,36.889307,-4.5321937,10034.0,7,868100000.0,router-000008-lg308,36.8615275221493,-4.15498316287994,450.0,-119.0,-5.2,False,33.69460503355225,35.05774107956075,15.713782968957837,16.01680541350153,False,EU868,False
2026-05-29 18:14:11.577048+00:00,stratolink-3,US,STALE,36.889307,-4.5321937,10034.0,7,868100000.0,fuenreal-smartalmond,,,,-114.0,-6.2,False,,,,,False,EU868,False
2026-05-29 18:14:11.577048+00:00,stratolink-3,US,STALE,36.889307,-4.5321937,10034.0,7,868100000.0,ifapa-d583,,,,-119.0,-9.2,False,,,,,False,EU868,False
2026-05-29 18:14:11.577048+00:00,stratolink-3,US,STALE,36.889307,-4.5321937,10034.0,7,868100000.0,atd-mls-003,36.75348,-4.02812,140.0,-111.0,,False,47.342554500600315,48.40224848006632,11.582116556795649,12.007877790127496,False,EU868,False
2026-05-29 18:14:11.577048+00:00,stratolink-3,US,STALE,36.889307,-4.5321937,10034.0,7,868100000.0,wisgate-los-cerros-e3,38.01586250073645,-3.383658022157903,750.0,-111.0,-8.5,False,161.1512868449637,161.55032001990975,2.5696013097541495,4.018867648755397,False,EU868,False
2026-05-29 18:14:11.577048+00:00,stratolink-3,US,STALE,36.889307,-4.5321937,10034.0,7,868100000.0,eui-hdfenergy,,,,-108.0,2.25,False,,,,,False,EU868,False
2026-05-29 18:14:11.577048+00:00,stratolink-3,US,STALE,36.889307,-4.5321937,10034.0,7,868100000.0,fest-kerlink,36.71525376025787,-4.495701491832734,35.0,-107.0,3.0,False,19.6246913689521,22.038985533175914,26.892786123190152,27.06927496898634,False,EU868,False
2026-05-29 18:14:11.577048+00:00,stratolink-3,US,STALE,36.889307,-4.5321937,10034.0,7,868100000.0,ext-dlos8-025,,,,-106.0,2.5,False,,,,,False,EU868,False
2026-05-29 18:14:11.577048+00:00,stratolink-3,US,STALE,36.889307,-4.5321937,10034.0,7,868100000.0,etsiit-rak,36.71460012615546,-4.477698504924775,30.0,-100.0,-6.5,False,20.023295552181292,22.397441556135018,26.439404058212624,26.61947763260391,False,EU868,False
2026-05-29 18:14:11.577048+00:00,stratolink-3,US,STALE,36.889307,-4.5321937,10034.0,7,868100000.0,rabanales-prolive,,,,-112.0,-6.8,False,,,,,False,EU868,False
2026-05-29 18:19:20.031349+00:00,stratolink-3,US,STALE,36.889307,-4.5321937,10034.0,7,868300000.0,finca,,,,-120.0,-6.2,False,,,,,False,EU868,False
2026-05-29 18:19:20.031349+00:00,stratolink-3,US,STALE,36.889307,-4.5321937,10034.0,7,868300000.0,atd-mls-001,36.763839,-4.128103,100.0,-117.0,-3.2,False,38.577739557838306,39.8658887932702,14.255781091674073,14.602718559383135,False,EU868,False
2026-05-29 18:19:20.031349+00:00,stratolink-3,US,STALE,36.889307,-4.5321937,10034.0,7,868300000.0,ext-sg50-002,,,,-115.0,-4.0,False,,,,,False,EU868,False
2026-05-29 18:19:20.031349+00:00,stratolink-3,US,STALE,36.889307,-4.5321937,10034.0,7,868300000.0,atd-mls-003,36.75348,-4.02812,140.0,-115.0,-1.5,False,47.342554500600315,48.40224848006632,11.582116556795649,12.007877790127496,False,EU868,False
2026-05-29 18:19:20.031349+00:00,stratolink-3,US,STALE,36.889307,-4.5321937,10034.0,7,868300000.0,ifapa-d686,37.40081,-4.85583,236.0,-114.0,-7.5,False,63.70074730113724,64.50033717508586,8.450861886181297,9.023735678504202,False,EU868,False
2026-05-29 18:19:20.031349+00:00,stratolink-3,US,STALE,36.889307,-4.5321937,10034.0,7,868300000.0,eui-hdfenergy,,,,-110.0,-2.0,False,,,,,False,EU868,False
2026-05-29 18:19:20.031349+00:00,stratolink-3,US,STALE,36.889307,-4.5321937,10034.0,7,868300000.0,packetbroker,36.7357156,-4.55457939,,-103.0,-7.0,True,17.19448308852274,19.919760499822885,30.169133492942784,30.32376698079457,False,EU868,False
2026-05-29 18:19:20.031349+00:00,stratolink-3,US,STALE,36.889307,-4.5321937,10034.0,7,868300000.0,fest-kerlink,36.71525376025787,-4.495701491832734,35.0,-103.0,-1.0,False,19.6246913689521,22.038985533175914,26.892786123190152,27.06927496898634,False,EU868,False
2026-05-29 18:19:20.031349+00:00,stratolink-3,US,STALE,36.889307,-4.5321937,10034.0,7,868300000.0,etsiit-rak,36.71460012615546,-4.477698504924775,30.0,-98.0,4.0,False,20.023295552181292,22.397441556135018,26.439404058212624,26.61947763260391,False,EU868,False
2026-05-29 18:29:26.097416+00:00,stratolink-3,US,STALE,36.889307,-4.5321937,10034.0,7,868500000.0,router-000008-lg308,36.8615275221493,-4.15498316287994,450.0,-123.0,-4.2,False,33.69460503355225,35.05774107956075,15.713782968957837,16.01680541350153,False,EU868,False
2026-05-29 18:29:26.097416+00:00,stratolink-3,US,STALE,36.889307,-4.5321937,10034.0,7,868500000.0,atd-mls-001,36.763839,-4.128103,100.0,-119.0,-9.5,False,38.577739557838306,39.8658887932702,14.255781091674073,14.602718559383135,False,EU868,False
2026-05-29 18:29:26.097416+00:00,stratolink-3,US,STALE,36.889307,-4.5321937,10034.0,7,868500000.0,packetbroker,,,,-118.0,-6.5,True,,,,,False,EU868,False
2026-05-29 18:29:26.097416+00:00,stratolink-3,US,STALE,36.889307,-4.5321937,10034.0,7,868500000.0,finca,,,,-118.0,-1.8,False,,,,,False,EU868,False
2026-05-29 18:29:26.097416+00:00,stratolink-3,US,STALE,36.889307,-4.5321937,10034.0,7,868500000.0,ext-sg50-002,,,,-115.0,-5.0,False,,,,,False,EU868,False
2026-05-29 18:29:26.097416+00:00,stratolink-3,US,STALE,36.889307,-4.5321937,10034.0,7,868500000.0,ifapa-d686,37.40081,-4.85583,236.0,-114.0,-5.5,False,63.70074730113724,64.50033717508586,8.450861886181297,9.023735678504202,False,EU868,False
2026-05-29 18:29:26.097416+00:00,stratolink-3,US,STALE,36.889307,-4.5321937,10034.0,7,868500000.0,atd-mls-003,36.75348,-4.02812,140.0,-114.0,3.5,False,47.342554500600315,48.40224848006632,11.582116556795649,12.007877790127496,False,EU868,False
2026-05-29 18:29:26.097416+00:00,stratolink-3,US,STALE,36.889307,-4.5321937,10034.0,7,868500000.0,eui-hdfenergy,,,,-107.0,-1.5,False,,,,,False,EU868,False
2026-05-29 18:29:26.097416+00:00,stratolink-3,US,STALE,36.889307,-4.5321937,10034.0,7,868500000.0,rabanales-prolive,,,,-113.0,-9.0,False,,,,,False,EU868,False
2026-05-29 18:29:26.097416+00:00,stratolink-3,US,STALE,36.889307,-4.5321937,10034.0,7,868500000.0,etsarquitectura,36.72812749835394,-4.4196555018425,30.0,-112.0,3.0,False,20.532675581501284,22.85467979198651,25.866273123824367,26.050927656546094,False,EU868,False
2026-05-29 18:29:26.097416+00:00,stratolink-3,US,STALE,36.889307,-4.5321937,10034.0,7,868500000.0,packetbroker,36.7357156,-4.55457939,,-108.0,9.0,True,17.19448308852274,19.919760499822885,30.169133492942784,30.32376698079457,False,EU868,False
2026-05-29 18:29:26.097416+00:00,stratolink-3,US,STALE,36.889307,-4.5321937,10034.0,7,868500000.0,fest-kerlink,36.71525376025787,-4.495701491832734,35.0,-107.0,7.0,False,19.6246913689521,22.038985533175914,26.892786123190152,27.06927496898634,False,EU868,False
2026-05-29 18:29:26.097416+00:00,stratolink-3,US,STALE,36.889307,-4.5321937,10034.0,7,868500000.0,eui-3133303733004000,36.770203,-4.099151,45.0,-107.0,1.0,False,40.753895249758315,41.99145120108278,13.578227517448747,13.94473559644195,False,EU868,False
2026-05-29 18:29:26.097416+00:00,stratolink-3,US,STALE,36.889307,-4.5321937,10034.0,7,868500000.0,etsiit-rak,36.71460012615546,-4.477698504924775,30.0,-105.0,1.8,False,20.023295552181292,22.397441556135018,26.439404058212624,26.61947763260391,False,EU868,False
2026-05-29 18:29:26.097416+00:00,stratolink-3,US,STALE,36.889307,-4.5321937,10034.0,7,868500000.0,eco-kerlink,36.72737938425612,-4.417445361614228,30.0,-113.0,1.0,False,20.701737420886342,23.006924045034083,25.681074311095063,25.86724925136581,False,EU868,False
2026-05-29 18:34:34.195030+00:00,stratolink-3,US,STALE,36.889307,-4.5321937,10034.0,7,868100000.0,atd-mls-006,37.2688,-7.19147,58.0,-117.0,-3.8,False,239.64508520949892,240.0280778229478,1.303992045611524,3.4591690975654275,False,EU868,False
2026-05-29 18:34:34.195030+00:00,stratolink-3,US,STALE,36.889307,-4.5321937,10034.0,7,868100000.0,crev01,,,,-124.0,-8.5,False,,,,,False,EU868,False
2026-05-29 18:34:34.195030+00:00,stratolink-3,US,STALE,36.889307,-4.5321937,10034.0,7,868100000.0,finca,,,,-120.0,-4.8,False,,,,,False,EU868,False
2026-05-29 18:34:34.195030+00:00,stratolink-3,US,STALE,36.889307,-4.5321937,10034.0,7,868100000.0,atd-mls-001,36.763839,-4.128103,100.0,-119.0,-5.5,False,38.577739557838306,39.8658887932702,14.255781091674073,14.602718559383135,False,EU868,False
2026-05-29 18:34:34.195030+00:00,stratolink-3,US,STALE,36.889307,-4.5321937,10034.0,7,868100000.0,ifapa-d583,,,,-118.0,-8.5,False,,,,,False,EU868,False
2026-05-29 18:34:34.195030+00:00,stratolink-3,US,STALE,36.889307,-4.5321937,10034.0,7,868100000.0,eui-a84041ffff228b44,36.8248571561759,-6.32017478958428,5.0,-118.0,-8.5,False,159.23743997478093,159.6739685066189,2.8847655762889928,4.316820300655918,False,EU868,False
2026-05-29 18:34:34.195030+00:00,stratolink-3,US,STALE,36.889307,-4.5321937,10034.0,7,868100000.0,ifapa-d686,37.40081,-4.85583,236.0,-115.0,-8.2,False,63.70074730113724,64.50033717508586,8.450861886181297,9.023735678504202,False,EU868,False
2026-05-29 18:34:34.195030+00:00,stratolink-3,US,STALE,36.889307,-4.5321937,10034.0,7,868100000.0,eui-hdfenergy,,,,-109.0,-4.75,False,,,,,False,EU868,False
2026-05-29 18:34:34.195030+00:00,stratolink-3,US,STALE,36.889307,-4.5321937,10034.0,7,868100000.0,ext-dlos8-003,,,,-113.0,-5.5,False,,,,,False,EU868,False
2026-05-29 18:34:34.195030+00:00,stratolink-3,US,STALE,36.889307,-4.5321937,10034.0,7,868100000.0,ext-sg50-002,,,,-113.0,2.2,False,,,,,False,EU868,False
2026-05-29 18:34:34.195030+00:00,stratolink-3,US,STALE,36.889307,-4.5321937,10034.0,7,868100000.0,eui-a84041ffff251210,37.1943547230777,-6.875614556957453,32.0,-111.0,-5.2,False,210.73326294733312,211.1271120238421,1.7674088226856253,3.6625759695121647,False,EU868,False
2026-05-29 18:34:34.195030+00:00,stratolink-3,US,STALE,36.889307,-4.5321937,10034.0,7,868100000.0,packetbroker,36.7357156,-4.55457939,,-106.0,2.0,True,17.19448308852274,19.919760499822885,30.169133492942784,30.32376698079457,False,EU868,False
2026-05-29 18:34:34.195030+00:00,stratolink-3,US,STALE,36.889307,-4.5321937,10034.0,7,868100000.0,eui-3133303733004000,36.770203,-4.099151,45.0,-103.0,-0.25,False,40.753895249758315,41.99145120108278,13.578227517448747,13.94473559644195,False,EU868,False
2026-05-29 18:34:34.195030+00:00,stratolink-3,US,STALE,36.889307,-4.5321937,10034.0,7,868100000.0,etsiit-rak,36.71460012615546,-4.477698504924775,30.0,-99.0,0.3,False,20.023295552181292,22.397441556135018,26.439404058212624,26.61947763260391,False,EU868,False
2026-05-29 18:34:34.195030+00:00,stratolink-3,US,STALE,36.889307,-4.5321937,10034.0,7,868100000.0,rabanales-prolive,,,,-114.0,-7.8,False,,,,,False,EU868,False
2026-05-29 18:39:42.053919+00:00,stratolink-3,US,STALE,36.889307,-4.5321937,10034.0,7,868300000.0,packetbroker,,,,-120.0,-7.75,True,,,,,False,EU868,False
2026-05-29 18:39:42.053919+00:00,stratolink-3,US,STALE,36.889307,-4.5321937,10034.0,7,868300000.0,crev01,,,,-119.0,-6.8,False,,,,,False,EU868,False
2026-05-29 18:39:42.053919+00:00,stratolink-3,US,STALE,36.889307,-4.5321937,10034.0,7,868300000.0,finca,,,,-119.0,-2.5,False,,,,,False,EU868,False
2026-05-29 18:39:42.053919+00:00,stratolink-3,US,STALE,36.889307,-4.5321937,10034.0,7,868300000.0,router-000008-lg308,36.8615275221493,-4.15498316287994,450.0,-119.0,-0.8,False,33.69460503355225,35.05774107956075,15.713782968957837,16.01680541350153,False,EU868,False
2026-05-29 18:39:42.053919+00:00,stratolink-3,US,STALE,36.889307,-4.5321937,10034.0,7,868300000.0,atd-mls-003,36.75348,-4.02812,140.0,-116.0,-3.2,False,47.342554500600315,48.40224848006632,11.582116556795649,12.007877790127496,False,EU868,False
2026-05-29 18:39:42.053919+00:00,stratolink-3,US,STALE,36.889307,-4.5321937,10034.0,7,868300000.0,delacalceta-smartalmond,,,,-116.0,-8.0,False,,,,,False,EU868,False
2026-05-29 18:39:42.053919+00:00,stratolink-3,US,STALE,36.889307,-4.5321937,10034.0,7,868300000.0,anguillas-smartalmond,,,,-118.0,-8.5,False,,,,,False,EU868,False
2026-05-29 18:39:42.053919+00:00,stratolink-3,US,STALE,36.889307,-4.5321937,10034.0,7,868300000.0,ext-dlos8-003,,,,-113.0,-8.2,False,,,,,False,EU868,False
2026-05-29 18:39:42.053919+00:00,stratolink-3,US,STALE,36.889307,-4.5321937,10034.0,7,868300000.0,ifapa-d686,37.40081,-4.85583,236.0,-112.0,-4.0,False,63.70074730113724,64.50033717508586,8.450861886181297,9.023735678504202,False,EU868,False
2026-05-29 18:39:42.053919+00:00,stratolink-3,US,STALE,36.889307,-4.5321937,10034.0,7,868300000.0,eui-hdfenergy,,,,-109.0,-4.0,False,,,,,False,EU868,False
2026-05-29 18:39:42.053919+00:00,stratolink-3,US,STALE,36.889307,-4.5321937,10034.0,7,868300000.0,etsiit-rak,36.71460012615546,-4.477698504924775,30.0,-99.0,3.0,False,20.023295552181292,22.397441556135018,26.439404058212624,26.61947763260391,False,EU868,False
2026-05-29 18:39:42.053919+00:00,stratolink-3,US,STALE,36.889307,-4.5321937,10034.0,7,868300000.0,packetbroker,36.7357156,-4.55457939,,-95.0,-7.0,True,17.19448308852274,19.919760499822885,30.169133492942784,30.32376698079457,False,EU868,False
2026-05-29 18:39:42.053919+00:00,stratolink-3,US,STALE,36.889307,-4.5321937,10034.0,7,868300000.0,rabanales-prolive,,,,-113.0,-5.2,False,,,,,False,EU868,False
2026-05-29 18:44:50.293898+00:00,stratolink-3,US,STALE,36.889307,-4.5321937,10034.0,7,868500000.0,eco-kerlink,36.72737938425612,-4.417445361614228,30.0,-114.0,-8.0,False,20.701737420886342,23.006924045034083,25.681074311095063,25.86724925136581,False,EU868,False
2026-05-29 18:44:50.293898+00:00,stratolink-3,US,STALE,36.889307,-4.5321937,10034.0,7,868500000.0,atd-mls-004,37.45954,-7.27598,221.0,-117.0,-8.2,False,251.22228731948812,251.59955062482334,1.1051617322612188,3.364454920339825,False,EU868,False
2026-05-29 18:44:50.293898+00:00,stratolink-3,US,STALE,36.889307,-4.5321937,10034.0,7,868500000.0,ext-sg50-006,,,,-117.0,-7.2,False,,,,,False,EU868,False
2026-05-29 18:44:50.293898+00:00,stratolink-3,US,STALE,36.889307,-4.5321937,10034.0,7,868500000.0,anguillas-smartalmond,,,,-117.0,-4.5,False,,,,,False,EU868,False
2026-05-29 18:44:50.293898+00:00,stratolink-3,US,STALE,36.889307,-4.5321937,10034.0,7,868500000.0,ies-antonio-gala-palma-del-rio,37.69985544958225,-5.274265758019731,70.0,-120.0,-7.5,False,111.49899305803068,112.02993138107888,4.60109629123015,5.603829441148811,False,EU868,False
2026-05-29 18:44:50.293898+00:00,stratolink-3,US,STALE,36.889307,-4.5321937,10034.0,7,868500000.0,ext-sg50-009,,,,-118.0,-8.0,False,,,,,False,EU868,False
2026-05-29 18:44:50.293898+00:00,stratolink-3,US,STALE,36.889307,-4.5321937,10034.0,7,868500000.0,atd-mls-006,37.2688,-7.19147,58.0,-119.0,-8.8,False,239.64508520949892,240.0280778229478,1.303992045611524,3.4591690975654275,False,EU868,False
2026-05-29 18:44:50.293898+00:00,stratolink-3,US,STALE,36.889307,-4.5321937,10034.0,7,868500000.0,finca,,,,-120.0,-6.2,False,,,,,False,EU868,False
2026-05-29 18:44:50.293898+00:00,stratolink-3,US,STALE,36.889307,-4.5321937,10034.0,7,868500000.0,atd-mls-003,36.75348,-4.02812,140.0,-114.0,2.2,False,47.342554500600315,48.40224848006632,11.582116556795649,12.007877790127496,False,EU868,False
2026-05-29 18:44:50.293898+00:00,stratolink-3,US,STALE,36.889307,-4.5321937,10034.0,7,868500000.0,ifapa,,,,-117.0,-4.5,False,,,,,False,EU868,False
2026-05-29 18:44:50.293898+00:00,stratolink-3,US,STALE,36.889307,-4.5321937,10034.0,7,868500000.0,rabanales-prolive,,,,-114.0,-4.8,False,,,,,False,EU868,False
2026-05-29 18:44:50.293898+00:00,stratolink-3,US,STALE,36.889307,-4.5321937,10034.0,7,868500000.0,eui-a84041ffff251210,37.1943547230777,-6.875614556957453,32.0,-110.0,-4.5,False,210.73326294733312,211.1271120238421,1.7674088226856253,3.6625759695121647,False,EU868,False
2026-05-29 18:44:50.293898+00:00,stratolink-3,US,STALE,36.889307,-4.5321937,10034.0,7,868500000.0,fuenreal-smartalmond,,,,-114.0,-9.8,False,,,,,False,EU868,False
2026-05-29 18:44:50.293898+00:00,stratolink-3,US,STALE,36.889307,-4.5321937,10034.0,7,868500000.0,503139536f424750,37.3568290227487,-6.05310315850327,110.0,-114.0,-6.75,False,144.51615302475793,144.96813837009944,3.2752495338999146,4.574912726923138,False,EU868,False
2026-05-29 18:44:50.293898+00:00,stratolink-3,US,STALE,36.889307,-4.5321937,10034.0,7,868500000.0,etsarquitectura,36.72812749835394,-4.4196555018425,30.0,-113.0,2.0,False,20.532675581501284,22.85467979198651,25.866273123824367,26.050927656546094,False,EU868,False
2026-05-29 18:44:50.293898+00:00,stratolink-3,US,STALE,36.889307,-4.5321937,10034.0,7,868500000.0,ext-dlos8-003,,,,-113.0,-8.5,False,,,,,False,EU868,False
2026-05-29 18:44:50.293898+00:00,stratolink-3,US,STALE,36.889307,-4.5321937,10034.0,7,868500000.0,wisgate-los-cerros-e3,38.01586250073645,-3.383658022157903,750.0,-113.0,-8.8,False,161.1512868449637,161.55032001990975,2.5696013097541495,4.018867648755397,False,EU868,False
2026-05-29 18:44:50.293898+00:00,stratolink-3,US,STALE,36.889307,-4.5321937,10034.0,7,868500000.0,ifapa-d686,37.40081,-4.85583,236.0,-112.0,-2.2,False,63.70074730113724,64.50033717508586,8.450861886181297,9.023735678504202,False,EU868,False
2026-05-29 18:44:50.293898+00:00,stratolink-3,US,STALE,36.889307,-4.5321937,10034.0,7,868500000.0,ifapa-d6bf,37.56199,-4.82682,225.0,-111.0,-7.0,False,79.21721151362819,79.88496379846833,6.696749669213023,7.409166183929738,False,EU868,False
2026-05-29 18:44:50.293898+00:00,stratolink-3,US,STALE,36.889307,-4.5321937,10034.0,7,868500000.0,packetbroker,36.7357156,-4.55457939,,-110.0,1.0,True,17.19448308852274,19.919760499822885,30.169133492942784,30.32376698079457,False,EU868,False
2026-05-29 18:44:50.293898+00:00,stratolink-3,US,STALE,36.889307,-4.5321937,10034.0,7,868500000.0,fest-kerlink,36.71525376025787,-4.495701491832734,35.0,-107.0,5.0,False,19.6246913689521,22.038985533175914,26.892786123190152,27.06927496898634,False,EU868,False
2026-05-29 18:44:50.293898+00:00,stratolink-3,US,STALE,36.889307,-4.5321937,10034.0,7,868500000.0,etsiit-rak,36.71460012615546,-4.477698504924775,30.0,-105.0,5.0,False,20.023295552181292,22.397441556135018,26.439404058212624,26.61947763260391,False,EU868,False
2026-05-29 18:44:50.293898+00:00,stratolink-3,US,STALE,36.889307,-4.5321937,10034.0,7,868500000.0,ext-sg50-002,,,,-114.0,-1.0,False,,,,,False,EU868,False
2026-05-29 18:49:58.540228+00:00,stratolink-3,US,STALE,36.889307,-4.5321937,10034.0,7,868100000.0,atd-mls-001,36.763839,-4.128103,100.0,-119.0,-9.8,False,38.577739557838306,39.8658887932702,14.255781091674073,14.602718559383135,False,EU868,False
2026-05-29 18:49:58.540228+00:00,stratolink-3,US,STALE,36.889307,-4.5321937,10034.0,7,868100000.0,ifapa-d583,,,,-118.0,-8.2,False,,,,,False,EU868,False
2026-05-29 18:49:58.540228+00:00,stratolink-3,US,STALE,36.889307,-4.5321937,10034.0,7,868100000.0,atd-mls-006,37.2688,-7.19147,58.0,-118.0,-7.5,False,239.64508520949892,240.0280778229478,1.303992045611524,3.4591690975654275,False,EU868,False
2026-05-29 18:49:58.540228+00:00,stratolink-3,US,STALE,36.889307,-4.5321937,10034.0,7,868100000.0,atd-mls-004,37.45954,-7.27598,221.0,-117.0,-7.5,False,251.22228731948812,251.59955062482334,1.1051617322612188,3.364454920339825,False,EU868,False
2026-05-29 18:49:58.540228+00:00,stratolink-3,US,STALE,36.889307,-4.5321937,10034.0,7,868100000.0,ifapa-d686,37.40081,-4.85583,236.0,-114.0,-7.5,False,63.70074730113724,64.50033717508586,8.450861886181297,9.023735678504202,False,EU868,False
2026-05-29 18:49:58.540228+00:00,stratolink-3,US,STALE,36.889307,-4.5321937,10034.0,7,868100000.0,ext-dlos8-003,,,,-114.0,-8.2,False,,,,,False,EU868,False
2026-05-29 18:49:58.540228+00:00,stratolink-3,US,STALE,36.889307,-4.5321937,10034.0,7,868100000.0,ext-sg50-002,,,,-112.0,-0.5,False,,,,,False,EU868,False
2026-05-29 18:49:58.540228+00:00,stratolink-3,US,STALE,36.889307,-4.5321937,10034.0,7,868100000.0,eui-a84041ffff251210,37.1943547230777,-6.875614556957453,32.0,-111.0,-4.0,False,210.73326294733312,211.1271120238421,1.7674088226856253,3.6625759695121647,False,EU868,False
2026-05-29 18:49:58.540228+00:00,stratolink-3,US,STALE,36.889307,-4.5321937,10034.0,7,868100000.0,atd-mls-003,36.75348,-4.02812,140.0,-116.0,-2.5,False,47.342554500600315,48.40224848006632,11.582116556795649,12.007877790127496,False,EU868,False
2026-05-29 18:55:06.731565+00:00,stratolink-3,US,STALE,36.889307,-4.5321937,10034.0,7,868300000.0,fest-kerlink,36.71525376025787,-4.495701491832734,35.0,-107.0,-5.0,False,19.6246913689521,22.038985533175914,26.892786123190152,27.06927496898634,False,EU868,False
2026-05-29 18:55:06.731565+00:00,stratolink-3,US,STALE,36.889307,-4.5321937,10034.0,7,868300000.0,ext-sg50-002,,,,-114.0,-1.5,False,,,,,False,EU868,False
2026-05-29 18:55:06.731565+00:00,stratolink-3,US,STALE,36.889307,-4.5321937,10034.0,7,868300000.0,finca,,,,-116.0,2.8,False,,,,,False,EU868,False
2026-05-29 18:55:06.731565+00:00,stratolink-3,US,STALE,36.889307,-4.5321937,10034.0,7,868300000.0,atd-mls-003,36.75348,-4.02812,140.0,-117.0,-2.2,False,47.342554500600315,48.40224848006632,11.582116556795649,12.007877790127496,False,EU868,False
2026-05-29 18:55:06.731565+00:00,stratolink-3,US,STALE,36.889307,-4.5321937,10034.0,7,868300000.0,router-000008-lg308,36.8615275221493,-4.15498316287994,450.0,-125.0,-6.8,False,33.69460503355225,35.05774107956075,15.713782968957837,16.01680541350153,False,EU868,False
2026-05-29 19:00:05.970190+00:00,stratolink-3,US,NOGPS,,,,7,868500000.0,crev01,,,,-121.0,-9.3,False,,,,,False,EU868,False
2026-05-29 19:00:05.970190+00:00,stratolink-3,US,NOGPS,,,,7,868500000.0,atd-mls-001,36.763839,-4.128103,100.0,-118.0,-3.5,False,,,,,False,EU868,False
2026-05-29 19:00:05.970190+00:00,stratolink-3,US,NOGPS,,,,7,868500000.0,ifapa-d583,,,,-117.0,-8.8,False,,,,,False,EU868,False
2026-05-29 19:00:05.970190+00:00,stratolink-3,US,NOGPS,,,,7,868500000.0,ext-sg50-002,,,,-114.0,-2.0,False,,,,,False,EU868,False
2026-05-29 19:00:05.970190+00:00,stratolink-3,US,NOGPS,,,,7,868500000.0,etsiit-rak,36.71460012615546,-4.477698504924775,30.0,-104.0,1.0,False,,,,,False,EU868,False
2026-05-29 19:00:05.970190+00:00,stratolink-3,US,NOGPS,,,,7,868500000.0,finca,,,,-115.0,2.8,False,,,,,False,EU868,False
2026-05-29 19:15:03.066889+00:00,stratolink-3,US,NOGPS,,,,7,868100000.0,eui-a84041ffff251210,37.1943547230777,-6.875614556957453,32.0,-112.0,-6.2,False,,,,,False,EU868,False
2026-05-29 19:15:03.066889+00:00,stratolink-3,US,NOGPS,,,,7,868100000.0,ext-dlos8-003,,,,-113.0,-8.2,False,,,,,False,EU868,False
2026-05-29 19:15:03.066889+00:00,stratolink-3,US,NOGPS,,,,7,868100000.0,ext-sg50-002,,,,-115.0,-2.2,False,,,,,False,EU868,False
2026-05-29 19:15:03.066889+00:00,stratolink-3,US,NOGPS,,,,7,868100000.0,atd-mls-006,37.2688,-7.19147,58.0,-117.0,-7.8,False,,,,,False,EU868,False
2026-05-29 19:15:03.066889+00:00,stratolink-3,US,NOGPS,,,,7,868100000.0,finca,,,,-118.0,0.5,False,,,,,False,EU868,False
2026-05-29 19:15:03.066889+00:00,stratolink-3,US,NOGPS,,,,7,868100000.0,ifapa-d583,,,,-118.0,-5.2,False,,,,,False,EU868,False
2026-05-29 19:15:03.066889+00:00,stratolink-3,US,NOGPS,,,,7,868100000.0,atd-mls-004,37.45954,-7.27598,221.0,-119.0,-7.2,False,,,,,False,EU868,False
2026-05-29 19:30:00.338280+00:00,stratolink-3,US,NOGPS,,,,7,868300000.0,ifapa-d583,,,,-118.0,-6.8,False,,,,,False,EU868,False
2026-05-29 19:30:00.338280+00:00,stratolink-3,US,NOGPS,,,,7,868300000.0,finca,,,,-118.0,-1.2,False,,,,,False,EU868,False
2026-05-29 19:30:00.338280+00:00,stratolink-3,US,NOGPS,,,,7,868300000.0,atd-mls-001,36.763839,-4.128103,100.0,-117.0,-8.5,False,,,,,False,EU868,False
2026-05-29 19:30:00.338280+00:00,stratolink-3,US,NOGPS,,,,7,868300000.0,atd-mls-003,36.75348,-4.02812,140.0,-111.0,-6.8,False,,,,,False,EU868,False
2026-05-29 19:30:00.338280+00:00,stratolink-3,US,NOGPS,,,,7,868300000.0,ext-sg50-002,,,,-117.0,-7.2,False,,,,,False,EU868,False
2026-05-29 19:45:04.098429+00:00,stratolink-3,US,NOGPS,,,,7,868500000.0,iag-agrotech,37.7574787684571,-5.40559535662634,426.0,-119.0,-7.0,False,,,,,False,EU868,False
2026-05-29 19:45:04.098429+00:00,stratolink-3,US,NOGPS,,,,7,868500000.0,etsarquitectura,36.72812749835394,-4.4196555018425,30.0,-112.0,3.0,False,,,,,False,EU868,False
2026-05-29 19:45:04.098429+00:00,stratolink-3,US,NOGPS,,,,7,868500000.0,atd-mls-003,36.75348,-4.02812,140.0,-113.0,-0.5,False,,,,,False,EU868,False
2026-05-29 19:45:04.098429+00:00,stratolink-3,US,NOGPS,,,,7,868500000.0,ext-dlos8-003,,,,-113.0,-9.0,False,,,,,False,EU868,False
2026-05-29 19:45:04.098429+00:00,stratolink-3,US,NOGPS,,,,7,868500000.0,finca,,,,-114.0,4.0,False,,,,,False,EU868,False
2026-05-29 19:45:04.098429+00:00,stratolink-3,US,NOGPS,,,,7,868500000.0,iesromerovargas2,,,,-115.0,-8.0,False,,,,,False,EU868,False
2026-05-29 19:45:04.098429+00:00,stratolink-3,US,NOGPS,,,,7,868500000.0,ies-antonio-gala-palma-del-rio,37.69985544958225,-5.274265758019731,70.0,-116.0,-3.5,False,,,,,False,EU868,False
2026-05-29 19:45:04.098429+00:00,stratolink-3,US,NOGPS,,,,7,868500000.0,ifapa-d583,,,,-117.0,-5.8,False,,,,,False,EU868,False
2026-05-29 19:45:04.098429+00:00,stratolink-3,US,NOGPS,,,,7,868500000.0,sg50-eui-c0ba1ffffe004945,,,,-118.0,-8.8,False,,,,,False,EU868,False
2026-05-29 19:45:04.098429+00:00,stratolink-3,US,NOGPS,,,,7,868500000.0,milesight-d499,36.74992,-6.40049,5.0,-121.0,-9.5,False,,,,,False,EU868,False
