time,device_id,region,gps_class,balloon_lat,balloon_lon,balloon_alt,lora_sf,gateway_id,gw_lat,gw_lon,rssi,snr,anonymized,has_coords,gc_km,slant_km,elev_gw_deg,depr_balloon_deg,azimuth_deg,phase
2026-05-17 18:09:55.067969+00:00,stratolink-3,US,NOGPS,,,,7.0,packetbroker,,,-105,-2.5,True,False,,,,,,ascent
2026-05-17 18:09:55.067969+00:00,stratolink-3,US,NOGPS,,,,7.0,packetbroker,,,-106,-0.8,True,False,,,,,,ascent
2026-05-17 18:09:55.067969+00:00,stratolink-3,US,NOGPS,,,,7.0,packetbroker,,,-109,-3.5,True,False,,,,,,ascent
2026-05-17 18:09:55.067969+00:00,stratolink-3,US,NOGPS,,,,7.0,packetbroker,,,-110,-9.5,True,False,,,,,,ascent
2026-05-17 18:09:55.067969+00:00,stratolink-3,US,NOGPS,,,,7.0,packetbroker,,,-110,-1.5,True,False,,,,,,ascent
2026-05-17 18:15:03.296891+00:00,stratolink-3,US,FRESH,36.6960622,-121.638681,6699.0,7.0,packetbroker,,,-110,-2.8,True,False,,,,,,ascent
2026-05-17 18:15:03.296891+00:00,stratolink-3,US,FRESH,36.6960622,-121.638681,6699.0,7.0,packetbroker,36.930773,-121.684841,-115,3.5,True,True,26.42020553026447,27.269705221170106,14.101844401088751,14.339446689560559,351.06604373550437,ascent
2026-05-17 18:15:03.296891+00:00,stratolink-3,US,FRESH,36.6960622,-121.638681,6699.0,7.0,packetbroker,,,-116,1.0,True,False,,,,,,ascent
2026-05-17 18:15:03.296891+00:00,stratolink-3,US,FRESH,36.6960622,-121.638681,6699.0,7.0,packetbroker,,,-117,-1.8,True,False,,,,,,ascent
2026-05-17 18:20:04.712632+00:00,stratolink-3,US,FRESH,36.6159551,-121.5718565,6924.0,7.0,packetbroker,,,-107,4.0,True,False,,,,,,ascent
2026-05-17 18:20:04.712632+00:00,stratolink-3,US,FRESH,36.6159551,-121.5718565,6924.0,7.0,packetbroker,,,-108,-0.8,True,False,,,,,,ascent
2026-05-17 18:20:04.712632+00:00,stratolink-3,US,FRESH,36.6159551,-121.5718565,6924.0,7.0,packetbroker,,,-114,-4.5,True,False,,,,,,ascent
2026-05-17 18:20:04.712632+00:00,stratolink-3,US,FRESH,36.6159551,-121.5718565,6924.0,7.0,packetbroker,36.930773,-121.684841,-118,-4.5,True,True,36.4239525658899,37.09561077277747,10.593681626717286,10.921249649416563,343.9952738775853,ascent
2026-05-17 18:20:04.712632+00:00,stratolink-3,US,FRESH,36.6159551,-121.5718565,6924.0,7.0,packetbroker,,,-120,-8.0,True,False,,,,,,ascent
2026-05-17 18:25:12.831742+00:00,stratolink-3,US,STALE,36.6159551,-121.5718565,6924.0,7.0,packetbroker,,,-105,2.2,True,False,,,,,,ascent
2026-05-17 18:25:12.831742+00:00,stratolink-3,US,STALE,36.6159551,-121.5718565,6924.0,7.0,packetbroker,36.930773,-121.684841,-117,-4.0,True,True,36.4239525658899,37.09561077277747,10.593681626717286,10.921249649416563,343.9952738775853,ascent
2026-05-17 18:25:12.831742+00:00,stratolink-3,US,STALE,36.6159551,-121.5718565,6924.0,7.0,packetbroker,,,-118,-3.2,True,False,,,,,,ascent
2026-05-17 18:30:20.866336+00:00,stratolink-3,US,STALE,36.6159551,-121.5718565,6924.0,7.0,packetbroker,,,-106,-2.8,True,False,,,,,,ascent
2026-05-17 18:30:20.866336+00:00,stratolink-3,US,STALE,36.6159551,-121.5718565,6924.0,7.0,packetbroker,,,-116,-6.5,True,False,,,,,,ascent
2026-05-17 18:30:20.866336+00:00,stratolink-3,US,STALE,36.6159551,-121.5718565,6924.0,7.0,packetbroker,,,-119,-7.5,True,False,,,,,,ascent
2026-05-17 18:30:20.866336+00:00,stratolink-3,US,STALE,36.6159551,-121.5718565,6924.0,7.0,packetbroker,36.930773,-121.684841,-119,-4.5,True,True,36.4239525658899,37.09561077277747,10.593681626717286,10.921249649416563,343.9952738775853,ascent
2026-05-17 18:35:28.874540+00:00,stratolink-3,US,STALE,36.6159551,-121.5718565,6924.0,7.0,packetbroker,,,-104,1.2,True,False,,,,,,ascent
2026-05-17 18:35:28.874540+00:00,stratolink-3,US,STALE,36.6159551,-121.5718565,6924.0,7.0,packetbroker,,,-105,1.2,True,False,,,,,,ascent
2026-05-17 18:35:28.874540+00:00,stratolink-3,US,STALE,36.6159551,-121.5718565,6924.0,7.0,packetbroker,,,-107,3.5,True,False,,,,,,ascent
2026-05-17 18:35:28.874540+00:00,stratolink-3,US,STALE,36.6159551,-121.5718565,6924.0,7.0,packetbroker,,,-110,-4.0,True,False,,,,,,ascent
2026-05-17 18:35:28.874540+00:00,stratolink-3,US,STALE,36.6159551,-121.5718565,6924.0,7.0,ac1f09fffe1058c5,,,-115,-5.5,False,False,,,,,,ascent
2026-05-17 18:40:36.873607+00:00,stratolink-3,US,STALE,36.6159551,-121.5718565,6924.0,7.0,packetbroker,,,-106,-7.8,True,False,,,,,,ascent
2026-05-17 18:40:36.873607+00:00,stratolink-3,US,STALE,36.6159551,-121.5718565,6924.0,7.0,packetbroker,,,-109,-4.8,True,False,,,,,,ascent
2026-05-17 18:40:36.873607+00:00,stratolink-3,US,STALE,36.6159551,-121.5718565,6924.0,7.0,packetbroker,,,-110,-2.0,True,False,,,,,,ascent
2026-05-17 18:40:36.873607+00:00,stratolink-3,US,STALE,36.6159551,-121.5718565,6924.0,7.0,packetbroker,,,-111,-7.0,True,False,,,,,,ascent
2026-05-17 18:40:36.873607+00:00,stratolink-3,US,STALE,36.6159551,-121.5718565,6924.0,7.0,ac1f09fffe1058c5,,,-114,-2.2,False,False,,,,,,ascent
2026-05-17 18:45:44.987777+00:00,stratolink-3,US,STALE,36.6159551,-121.5718565,6924.0,7.0,packetbroker,,,-104,3.2,True,False,,,,,,ascent
2026-05-17 18:45:44.987777+00:00,stratolink-3,US,STALE,36.6159551,-121.5718565,6924.0,7.0,packetbroker,,,-109,-0.8,True,False,,,,,,ascent
2026-05-17 18:45:44.987777+00:00,stratolink-3,US,STALE,36.6159551,-121.5718565,6924.0,7.0,packetbroker,36.930773,-121.684841,-110,-10.5,True,True,36.4239525658899,37.09561077277747,10.593681626717286,10.921249649416563,343.9952738775853,ascent
2026-05-17 18:50:53.139350+00:00,stratolink-3,US,STALE,36.6159551,-121.5718565,6924.0,7.0,packetbroker,,,-104,2.5,True,False,,,,,,ascent
2026-05-17 18:50:53.139350+00:00,stratolink-3,US,STALE,36.6159551,-121.5718565,6924.0,7.0,packetbroker,,,-108,2.2,True,False,,,,,,ascent
2026-05-17 18:50:53.139350+00:00,stratolink-3,US,STALE,36.6159551,-121.5718565,6924.0,7.0,packetbroker,,,-109,-4.0,True,False,,,,,,ascent
2026-05-17 18:50:53.139350+00:00,stratolink-3,US,STALE,36.6159551,-121.5718565,6924.0,7.0,packetbroker,36.930773,-121.684841,-111,-8.2,True,True,36.4239525658899,37.09561077277747,10.593681626717286,10.921249649416563,343.9952738775853,ascent
2026-05-17 18:50:53.139350+00:00,stratolink-3,US,STALE,36.6159551,-121.5718565,6924.0,7.0,packetbroker,,,-111,-6.2,True,False,,,,,,ascent
2026-05-17 18:50:53.139350+00:00,stratolink-3,US,STALE,36.6159551,-121.5718565,6924.0,7.0,ac1f09fffe1058c5,,,-113,-0.8,False,False,,,,,,ascent
2026-05-17 18:56:01.507157+00:00,stratolink-3,US,STALE,36.6159551,-121.5718565,6924.0,7.0,packetbroker,,,-106,-0.8,True,False,,,,,,ascent
2026-05-17 18:56:01.507157+00:00,stratolink-3,US,STALE,36.6159551,-121.5718565,6924.0,7.0,ac1f09fffe1058c5,,,-113,-4.2,False,False,,,,,,ascent
2026-05-17 18:56:01.507157+00:00,stratolink-3,US,STALE,36.6159551,-121.5718565,6924.0,7.0,packetbroker,,,-114,-1.8,True,False,,,,,,ascent
2026-05-17 18:56:01.507157+00:00,stratolink-3,US,STALE,36.6159551,-121.5718565,6924.0,7.0,packetbroker,,,-119,-5.5,True,False,,,,,,ascent
2026-05-17 19:01:10.000016+00:00,stratolink-3,US,STALE,36.6159551,-121.5718565,6924.0,7.0,packetbroker,,,-107,2.5,True,False,,,,,,ascent
2026-05-17 19:01:10.000016+00:00,stratolink-3,US,STALE,36.6159551,-121.5718565,6924.0,7.0,packetbroker,,,-110,-5.0,True,False,,,,,,ascent
2026-05-17 19:01:10.000016+00:00,stratolink-3,US,STALE,36.6159551,-121.5718565,6924.0,7.0,ac1f09fffe1058c5,,,-113,-6.5,False,False,,,,,,ascent
2026-05-17 19:01:10.000016+00:00,stratolink-3,US,STALE,36.6159551,-121.5718565,6924.0,7.0,packetbroker,,,-115,0.2,True,False,,,,,,ascent
2026-05-17 19:01:10.000016+00:00,stratolink-3,US,STALE,36.6159551,-121.5718565,6924.0,7.0,packetbroker,,,-117,-2.8,True,False,,,,,,ascent
2026-05-17 19:06:18.388474+00:00,stratolink-3,US,STALE,36.6159551,-121.5718565,6924.0,7.0,packetbroker,,,-109,-5.5,True,False,,,,,,ascent
2026-05-17 19:11:26.393134+00:00,stratolink-3,US,STALE,36.6159551,-121.5718565,6924.0,7.0,packetbroker,36.692693,-119.751509,-118,-1.5,True,True,162.60831628450336,162.83950965004834,1.7055903843372047,3.1679600857933874,86.44892851458854,ascent
2026-05-17 19:11:26.393134+00:00,stratolink-3,US,STALE,36.6159551,-121.5718565,6924.0,7.0,packetbroker,,,-119,-8.2,True,False,,,,,,ascent
2026-05-17 19:16:34.605414+00:00,stratolink-3,US,STALE,36.6159551,-121.5718565,6924.0,7.0,packetbroker,36.692693,-119.751509,-108,-0.2,True,True,162.60831628450336,162.83950965004834,1.7055903843372047,3.1679600857933874,86.44892851458854,ascent
2026-05-17 19:16:34.605414+00:00,stratolink-3,US,STALE,36.6159551,-121.5718565,6924.0,7.0,packetbroker,,,-113,-9.2,True,False,,,,,,ascent
2026-05-17 19:21:43.035391+00:00,stratolink-3,US,STALE,36.6159551,-121.5718565,6924.0,7.0,packetbroker,36.692693,-119.751509,-107,0.2,True,True,162.60831628450336,162.83950965004834,1.7055903843372047,3.1679600857933874,86.44892851458854,ascent
2026-05-17 19:26:52.269777+00:00,stratolink-3,US,STALE,36.6159551,-121.5718565,6924.0,7.0,packetbroker,,,-118,-7.25,True,False,,,,,,ascent
2026-05-17 19:32:00.320987+00:00,stratolink-3,US,STALE,36.6159551,-121.5718565,6924.0,7.0,packetbroker,36.692693,-119.751509,-108,-1.0,True,True,162.60831628450336,162.83950965004834,1.7055903843372047,3.1679600857933874,86.44892851458854,ascent
2026-05-17 19:37:08.748533+00:00,stratolink-3,US,STALE,36.6159551,-121.5718565,6924.0,7.0,packetbroker,36.692693,-119.751509,-112,-8.2,True,True,162.60831628450336,162.83950965004834,1.7055903843372047,3.1679600857933874,86.44892851458854,ascent
2026-05-17 19:42:17.095183+00:00,stratolink-3,US,STALE,36.6159551,-121.5718565,6924.0,7.0,packetbroker,34.459499,-120.446017,-112,-5.0,True,True,260.52279288712685,260.7381123647094,0.3499047657970208,2.6928392943746804,156.65349898801924,ascent
2026-05-17 19:42:17.095183+00:00,stratolink-3,US,STALE,36.6159551,-121.5718565,6924.0,7.0,packetbroker,36.692693,-119.751509,-115,-1.0,True,True,162.60831628450336,162.83950965004834,1.7055903843372047,3.1679600857933874,86.44892851458854,ascent
2026-05-17 19:47:26.075543+00:00,stratolink-3,US,STALE,36.6159551,-121.5718565,6924.0,7.0,packetbroker,,,-110,-6.2,True,False,,,,,,ascent
2026-05-17 19:47:26.075543+00:00,stratolink-3,US,STALE,36.6159551,-121.5718565,6924.0,7.0,packetbroker,34.459499,-120.446017,-113,-8.0,True,True,260.52279288712685,260.7381123647094,0.3499047657970208,2.6928392943746804,156.65349898801924,ascent
2026-05-17 19:47:26.075543+00:00,stratolink-3,US,STALE,36.6159551,-121.5718565,6924.0,7.0,ac1f09fffe1058c5,,,-113,-7.0,False,False,,,,,,ascent
2026-05-17 19:52:35.580751+00:00,stratolink-3,US,STALE,36.6159551,-121.5718565,6924.0,7.0,packetbroker,,,-117,-3.0,True,False,,,,,,ascent
2026-05-17 19:57:43.862984+00:00,stratolink-3,US,STALE,36.6159551,-121.5718565,6924.0,7.0,packetbroker,34.459499,-120.446017,-114,-8.0,True,True,260.52279288712685,260.7381123647094,0.3499047657970208,2.6928392943746804,156.65349898801924,ascent
2026-05-17 20:02:52.521911+00:00,stratolink-3,US,STALE,36.6159551,-121.5718565,6924.0,7.0,packetbroker,,,-109,-8.8,True,False,,,,,,ascent
2026-05-17 20:02:52.521911+00:00,stratolink-3,US,STALE,36.6159551,-121.5718565,6924.0,7.0,packetbroker,36.692693,-119.751509,-110,-7.5,True,True,162.60831628450336,162.83950965004834,1.7055903843372047,3.1679600857933874,86.44892851458854,ascent
2026-05-17 20:02:52.521911+00:00,stratolink-3,US,STALE,36.6159551,-121.5718565,6924.0,7.0,packetbroker,34.459499,-120.446017,-112,-5.8,True,True,260.52279288712685,260.7381123647094,0.3499047657970208,2.6928392943746804,156.65349898801924,ascent
2026-05-17 20:08:01.039572+00:00,stratolink-3,US,STALE,36.6159551,-121.5718565,6924.0,7.0,packetbroker,34.459499,-120.446017,-111,-1.2,True,True,260.52279288712685,260.7381123647094,0.3499047657970208,2.6928392943746804,156.65349898801924,ascent
2026-05-17 20:13:09.654294+00:00,stratolink-3,US,STALE,36.6159551,-121.5718565,6924.0,7.0,packetbroker,34.459499,-120.446017,-109,,True,True,260.52279288712685,260.7381123647094,0.3499047657970208,2.6928392943746804,156.65349898801924,ascent
2026-05-17 20:13:09.654294+00:00,stratolink-3,US,STALE,36.6159551,-121.5718565,6924.0,7.0,packetbroker,34.490621,-120.463011,-111,-2.8,True,True,256.7291163767595,256.9445148680826,0.3894400929174566,2.6982573161038306,156.67623500848333,ascent
2026-05-17 20:18:18.262429+00:00,stratolink-3,US,STALE,36.6159551,-121.5718565,6924.0,7.0,packetbroker,34.490621,-120.463011,-111,-3.2,True,True,256.7291163767595,256.9445148680826,0.3894400929174566,2.6982573161038306,156.67623500848333,ascent
2026-05-17 20:18:18.262429+00:00,stratolink-3,US,STALE,36.6159551,-121.5718565,6924.0,7.0,packetbroker,34.459499,-120.446017,-112,-0.2,True,True,260.52279288712685,260.7381123647094,0.3499047657970208,2.6928392943746804,156.65349898801924,ascent
2026-05-17 20:23:26.802537+00:00,stratolink-3,US,STALE,36.6159551,-121.5718565,6924.0,7.0,packetbroker,34.490621,-120.463011,-108,-0.2,True,True,256.7291163767595,256.9445148680826,0.3894400929174566,2.6982573161038306,156.67623500848333,ascent
2026-05-17 20:23:26.802537+00:00,stratolink-3,US,STALE,36.6159551,-121.5718565,6924.0,7.0,packetbroker,34.459499,-120.446017,-110,1.2,True,True,260.52279288712685,260.7381123647094,0.3499047657970208,2.6928392943746804,156.65349898801924,ascent
2026-05-17 20:28:35.829349+00:00,stratolink-3,US,STALE,36.6159551,-121.5718565,6924.0,7.0,packetbroker,34.459499,-120.446017,-110,2.0,True,True,260.52279288712685,260.7381123647094,0.3499047657970208,2.6928392943746804,156.65349898801924,ascent
2026-05-17 20:28:35.829349+00:00,stratolink-3,US,STALE,36.6159551,-121.5718565,6924.0,7.0,packetbroker,34.490621,-120.463011,-111,-1.5,True,True,256.7291163767595,256.9445148680826,0.3894400929174566,2.6982573161038306,156.67623500848333,ascent
2026-05-17 20:28:35.829349+00:00,stratolink-3,US,STALE,36.6159551,-121.5718565,6924.0,7.0,ac1f09fffe1058c5,,,-113,-8.0,False,False,,,,,,ascent
2026-05-17 20:28:35.829349+00:00,stratolink-3,US,STALE,36.6159551,-121.5718565,6924.0,7.0,packetbroker,34.51642256207313,-120.45803904533388,-116,-7.2,True,True,254.2621487314827,254.47760810115506,0.4155088683268276,2.7021401491127874,156.33215611956325,ascent
2026-05-17 20:33:44.700921+00:00,stratolink-3,US,STALE,36.6159551,-121.5718565,6924.0,7.0,packetbroker,34.459499,-120.446017,-111,-0.2,True,True,260.52279288712685,260.7381123647094,0.3499047657970208,2.6928392943746804,156.65349898801924,ascent
2026-05-17 20:33:44.700921+00:00,stratolink-3,US,STALE,36.6159551,-121.5718565,6924.0,7.0,packetbroker,34.490621,-120.463011,-111,-5.8,True,True,256.7291163767595,256.9445148680826,0.3894400929174566,2.6982573161038306,156.67623500848333,ascent
2026-05-17 20:33:44.700921+00:00,stratolink-3,US,STALE,36.6159551,-121.5718565,6924.0,7.0,ac1f09fffe1058c5,,,-112,-5.5,False,False,,,,,,ascent
2026-05-17 20:33:44.700921+00:00,stratolink-3,US,STALE,36.6159551,-121.5718565,6924.0,7.0,packetbroker,34.51642256207313,-120.45803904533388,-115,-6.0,True,True,254.2621487314827,254.47760810115506,0.4155088683268276,2.7021401491127874,156.33215611956325,ascent
2026-05-17 20:38:53.880352+00:00,stratolink-3,US,STALE,36.6159551,-121.5718565,6924.0,7.0,packetbroker,34.490621,-120.463011,-110,1.8,True,True,256.7291163767595,256.9445148680826,0.3894400929174566,2.6982573161038306,156.67623500848333,ascent
2026-05-17 20:38:53.880352+00:00,stratolink-3,US,STALE,36.6159551,-121.5718565,6924.0,7.0,packetbroker,34.459499,-120.446017,-110,1.8,True,True,260.52279288712685,260.7381123647094,0.3499047657970208,2.6928392943746804,156.65349898801924,ascent
2026-05-17 20:38:53.880352+00:00,stratolink-3,US,STALE,36.6159551,-121.5718565,6924.0,7.0,packetbroker,34.51642256207313,-120.45803904533388,-112,1.2,True,True,254.2621487314827,254.47760810115506,0.4155088683268276,2.7021401491127874,156.33215611956325,ascent
2026-05-17 20:44:02.655571+00:00,stratolink-3,US,STALE,36.6159551,-121.5718565,6924.0,7.0,packetbroker,34.490621,-120.463011,-105,4.5,True,True,256.7291163767595,256.9445148680826,0.3894400929174566,2.6982573161038306,156.67623500848333,ascent
2026-05-17 20:44:02.655571+00:00,stratolink-3,US,STALE,36.6159551,-121.5718565,6924.0,7.0,packetbroker,34.51642256207313,-120.45803904533388,-109,4.2,True,True,254.2621487314827,254.47760810115506,0.4155088683268276,2.7021401491127874,156.33215611956325,ascent
2026-05-17 20:44:02.655571+00:00,stratolink-3,US,STALE,36.6159551,-121.5718565,6924.0,7.0,packetbroker,34.459499,-120.446017,-110,1.0,True,True,260.52279288712685,260.7381123647094,0.3499047657970208,2.6928392943746804,156.65349898801924,ascent
2026-05-17 20:44:02.655571+00:00,stratolink-3,US,STALE,36.6159551,-121.5718565,6924.0,7.0,ac1f09fffe1058c5,,,-114,-6.5,False,False,,,,,,ascent
2026-05-17 20:49:11.130426+00:00,stratolink-3,US,STALE,36.6159551,-121.5718565,6924.0,7.0,packetbroker,34.459499,-120.446017,-106,2.2,True,True,260.52279288712685,260.7381123647094,0.3499047657970208,2.6928392943746804,156.65349898801924,ascent
2026-05-17 20:49:11.130426+00:00,stratolink-3,US,STALE,36.6159551,-121.5718565,6924.0,7.0,packetbroker,34.490621,-120.463011,-106,2.5,True,True,256.7291163767595,256.9445148680826,0.3894400929174566,2.6982573161038306,156.67623500848333,ascent
2026-05-17 20:49:11.130426+00:00,stratolink-3,US,STALE,36.6159551,-121.5718565,6924.0,7.0,packetbroker,34.51642256207313,-120.45803904533388,-109,2.8,True,True,254.2621487314827,254.47760810115506,0.4155088683268276,2.7021401491127874,156.33215611956325,ascent
2026-05-17 20:54:19.952306+00:00,stratolink-3,US,STALE,36.6159551,-121.5718565,6924.0,7.0,packetbroker,34.51642256207313,-120.45803904533388,-110,3.5,True,True,254.2621487314827,254.47760810115506,0.4155088683268276,2.7021401491127874,156.33215611956325,ascent
2026-05-17 20:54:19.952306+00:00,stratolink-3,US,STALE,36.6159551,-121.5718565,6924.0,7.0,packetbroker,34.490621,-120.463011,-110,-2.0,True,True,256.7291163767595,256.9445148680826,0.3894400929174566,2.6982573161038306,156.67623500848333,ascent
2026-05-17 20:54:19.952306+00:00,stratolink-3,US,STALE,36.6159551,-121.5718565,6924.0,7.0,packetbroker,34.459499,-120.446017,-112,-1.5,True,True,260.52279288712685,260.7381123647094,0.3499047657970208,2.6928392943746804,156.65349898801924,ascent
2026-05-17 20:59:28.253829+00:00,stratolink-3,US,STALE,36.6159551,-121.5718565,6924.0,7.0,packetbroker,34.490621,-120.463011,-109,,True,True,256.7291163767595,256.9445148680826,0.3894400929174566,2.6982573161038306,156.67623500848333,ascent
2026-05-17 20:59:28.253829+00:00,stratolink-3,US,STALE,36.6159551,-121.5718565,6924.0,7.0,packetbroker,34.51642256207313,-120.45803904533388,-110,2.2,True,True,254.2621487314827,254.47760810115506,0.4155088683268276,2.7021401491127874,156.33215611956325,ascent
2026-05-17 20:59:28.253829+00:00,stratolink-3,US,STALE,36.6159551,-121.5718565,6924.0,7.0,packetbroker,34.459499,-120.446017,-113,-4.2,True,True,260.52279288712685,260.7381123647094,0.3499047657970208,2.6928392943746804,156.65349898801924,ascent
2026-05-17 21:04:36.472483+00:00,stratolink-3,US,STALE,36.6159551,-121.5718565,6924.0,7.0,packetbroker,34.51642256207313,-120.45803904533388,-106,5.8,True,True,254.2621487314827,254.47760810115506,0.4155088683268276,2.7021401491127874,156.33215611956325,ascent
2026-05-17 21:04:36.472483+00:00,stratolink-3,US,STALE,36.6159551,-121.5718565,6924.0,7.0,eui-ac1f09fffe1058af,,,-109,-5.2,False,False,,,,,,ascent
2026-05-17 21:04:36.472483+00:00,stratolink-3,US,STALE,36.6159551,-121.5718565,6924.0,7.0,packetbroker,34.459499,-120.446017,-110,-0.5,True,True,260.52279288712685,260.7381123647094,0.3499047657970208,2.6928392943746804,156.65349898801924,ascent
2026-05-17 21:04:36.472483+00:00,stratolink-3,US,STALE,36.6159551,-121.5718565,6924.0,7.0,packetbroker,34.022353000714745,-119.87009102350135,-117,-3.8,True,True,327.10937627032877,327.3243720901643,-0.2591932020173076,2.6825680304340813,151.3407217091501,ascent
2026-05-17 21:09:44.467554+00:00,stratolink-3,US,STALE,36.6159551,-121.5718565,6924.0,7.0,packetbroker,34.51642256207313,-120.45803904533388,-109,2.5,True,True,254.2621487314827,254.47760810115506,0.4155088683268276,2.7021401491127874,156.33215611956325,ascent
2026-05-17 21:09:44.467554+00:00,stratolink-3,US,STALE,36.6159551,-121.5718565,6924.0,7.0,packetbroker,34.459499,-120.446017,-111,-2.0,True,True,260.52279288712685,260.7381123647094,0.3499047657970208,2.6928392943746804,156.65349898801924,ascent
2026-05-17 21:09:44.467554+00:00,stratolink-3,US,STALE,36.6159551,-121.5718565,6924.0,7.0,packetbroker,34.490621,-120.463011,-111,-2.5,True,True,256.7291163767595,256.9445148680826,0.3894400929174566,2.6982573161038306,156.67623500848333,ascent
2026-05-17 21:14:52.612448+00:00,stratolink-3,US,STALE,36.6159551,-121.5718565,6924.0,7.0,packetbroker,34.51642256207313,-120.45803904533388,-111,0.2,True,True,254.2621487314827,254.47760810115506,0.4155088683268276,2.7021401491127874,156.33215611956325,ascent
2026-05-17 21:14:52.612448+00:00,stratolink-3,US,STALE,36.6159551,-121.5718565,6924.0,7.0,packetbroker,34.490621,-120.463011,-112,-4.5,True,True,256.7291163767595,256.9445148680826,0.3894400929174566,2.6982573161038306,156.67623500848333,ascent
2026-05-17 21:14:52.612448+00:00,stratolink-3,US,STALE,36.6159551,-121.5718565,6924.0,7.0,packetbroker,34.459499,-120.446017,-113,-3.0,True,True,260.52279288712685,260.7381123647094,0.3499047657970208,2.6928392943746804,156.65349898801924,ascent
2026-05-17 21:14:52.612448+00:00,stratolink-3,US,STALE,36.6159551,-121.5718565,6924.0,7.0,packetbroker,34.022353000714745,-119.87009102350135,-115,-2.0,True,True,327.10937627032877,327.3243720901643,-0.2591932020173076,2.6825680304340813,151.3407217091501,ascent
2026-05-17 21:20:00.764822+00:00,stratolink-3,US,STALE,36.6159551,-121.5718565,6924.0,7.0,packetbroker,34.490621,-120.463011,-107,1.5,True,True,256.7291163767595,256.9445148680826,0.3894400929174566,2.6982573161038306,156.67623500848333,ascent
2026-05-17 21:20:00.764822+00:00,stratolink-3,US,STALE,36.6159551,-121.5718565,6924.0,7.0,packetbroker,34.51642256207313,-120.45803904533388,-110,3.5,True,True,254.2621487314827,254.47760810115506,0.4155088683268276,2.7021401491127874,156.33215611956325,ascent
2026-05-17 21:20:00.764822+00:00,stratolink-3,US,STALE,36.6159551,-121.5718565,6924.0,7.0,packetbroker,34.459499,-120.446017,-112,-0.2,True,True,260.52279288712685,260.7381123647094,0.3499047657970208,2.6928392943746804,156.65349898801924,ascent
2026-05-17 21:20:00.764822+00:00,stratolink-3,US,STALE,36.6159551,-121.5718565,6924.0,7.0,packetbroker,33.99601774009769,-119.7169715166092,-117,-4.0,True,True,336.43415049355804,336.6490202676922,-0.3347120885675683,2.690908737344601,149.44132263479798,ascent
2026-05-17 21:20:00.764822+00:00,stratolink-3,US,STALE,36.6159551,-121.5718565,6924.0,7.0,packetbroker,34.022353000714745,-119.87009102350135,-117,-1.8,True,True,327.10937627032877,327.3243720901643,-0.2591932020173076,2.6825680304340813,151.3407217091501,ascent
2026-05-17 21:25:08.807886+00:00,stratolink-3,US,STALE,36.6159551,-121.5718565,6924.0,7.0,packetbroker,34.490621,-120.463011,-111,-4.5,True,True,256.7291163767595,256.9445148680826,0.3894400929174566,2.6982573161038306,156.67623500848333,ascent
2026-05-17 21:25:08.807886+00:00,stratolink-3,US,STALE,36.6159551,-121.5718565,6924.0,7.0,packetbroker,34.51642256207313,-120.45803904533388,-112,-1.8,True,True,254.2621487314827,254.47760810115506,0.4155088683268276,2.7021401491127874,156.33215611956325,ascent
2026-05-17 21:25:08.807886+00:00,stratolink-3,US,STALE,36.6159551,-121.5718565,6924.0,7.0,packetbroker,34.459499,-120.446017,-113,-5.5,True,True,260.52279288712685,260.7381123647094,0.3499047657970208,2.6928392943746804,156.65349898801924,ascent
2026-05-17 21:30:17.007547+00:00,stratolink-3,US,STALE,36.6159551,-121.5718565,6924.0,7.0,packetbroker,33.99601774009769,-119.7169715166092,-108,3.0,True,True,336.43415049355804,336.6490202676922,-0.3347120885675683,2.690908737344601,149.44132263479798,ascent
2026-05-17 21:30:17.007547+00:00,stratolink-3,US,STALE,36.6159551,-121.5718565,6924.0,7.0,packetbroker,34.490621,-120.463011,-111,-8.0,True,True,256.7291163767595,256.9445148680826,0.3894400929174566,2.6982573161038306,156.67623500848333,ascent
2026-05-17 21:30:17.007547+00:00,stratolink-3,US,STALE,36.6159551,-121.5718565,6924.0,7.0,packetbroker,34.51642256207313,-120.45803904533388,-112,-1.2,True,True,254.2621487314827,254.47760810115506,0.4155088683268276,2.7021401491127874,156.33215611956325,ascent
2026-05-17 21:30:17.007547+00:00,stratolink-3,US,STALE,36.6159551,-121.5718565,6924.0,7.0,packetbroker,,,-114,-5.0,True,False,,,,,,ascent
2026-05-17 21:35:25.510978+00:00,stratolink-3,US,STALE,36.6159551,-121.5718565,6924.0,7.0,packetbroker,34.490621,-120.463011,-109,-4.5,True,True,256.7291163767595,256.9445148680826,0.3894400929174566,2.6982573161038306,156.67623500848333,ascent
2026-05-17 21:35:25.510978+00:00,stratolink-3,US,STALE,36.6159551,-121.5718565,6924.0,7.0,packetbroker,34.022353000714745,-119.87009102350135,-110,4.0,True,True,327.10937627032877,327.3243720901643,-0.2591932020173076,2.6825680304340813,151.3407217091501,ascent
2026-05-17 21:35:25.510978+00:00,stratolink-3,US,STALE,36.6159551,-121.5718565,6924.0,7.0,packetbroker,34.51642256207313,-120.45803904533388,-111,-0.8,True,True,254.2621487314827,254.47760810115506,0.4155088683268276,2.7021401491127874,156.33215611956325,ascent
2026-05-17 21:35:25.510978+00:00,stratolink-3,US,STALE,36.6159551,-121.5718565,6924.0,7.0,packetbroker,34.459499,-120.446017,-112,-1.8,True,True,260.52279288712685,260.7381123647094,0.3499047657970208,2.6928392943746804,156.65349898801924,ascent
2026-05-17 21:35:25.510978+00:00,stratolink-3,US,STALE,36.6159551,-121.5718565,6924.0,7.0,packetbroker,33.99601774009769,-119.7169715166092,-113,1.2,True,True,336.43415049355804,336.6490202676922,-0.3347120885675683,2.690908737344601,149.44132263479798,ascent
2026-05-17 21:38:52.599679+00:00,stratolink-3,US,STALE,36.6159551,-121.5718565,6924.0,7.0,packetbroker,34.51642256207313,-120.45803904533388,-111,1.8,True,True,254.2621487314827,254.47760810115506,0.4155088683268276,2.7021401491127874,156.33215611956325,ascent
2026-05-17 21:38:52.599679+00:00,stratolink-3,US,STALE,36.6159551,-121.5718565,6924.0,7.0,packetbroker,34.490621,-120.463011,-111,-0.5,True,True,256.7291163767595,256.9445148680826,0.3894400929174566,2.6982573161038306,156.67623500848333,ascent
2026-05-17 21:38:52.599679+00:00,stratolink-3,US,STALE,36.6159551,-121.5718565,6924.0,7.0,packetbroker,34.022353000714745,-119.87009102350135,-112,3.8,True,True,327.10937627032877,327.3243720901643,-0.2591932020173076,2.6825680304340813,151.3407217091501,ascent
2026-05-17 21:38:52.599679+00:00,stratolink-3,US,STALE,36.6159551,-121.5718565,6924.0,7.0,packetbroker,33.99601774009769,-119.7169715166092,-113,0.8,True,True,336.43415049355804,336.6490202676922,-0.3347120885675683,2.690908737344601,149.44132263479798,ascent
2026-05-17 21:44:00.162309+00:00,stratolink-3,US,STALE,36.6159551,-121.5718565,6924.0,7.0,packetbroker,34.490621,-120.463011,-111,-1.8,True,True,256.7291163767595,256.9445148680826,0.3894400929174566,2.6982573161038306,156.67623500848333,ascent
2026-05-17 21:44:00.162309+00:00,stratolink-3,US,STALE,36.6159551,-121.5718565,6924.0,7.0,packetbroker,34.459499,-120.446017,-111,-1.2,True,True,260.52279288712685,260.7381123647094,0.3499047657970208,2.6928392943746804,156.65349898801924,ascent
2026-05-17 21:44:00.162309+00:00,stratolink-3,US,STALE,36.6159551,-121.5718565,6924.0,7.0,packetbroker,34.022353000714745,-119.87009102350135,-112,,True,True,327.10937627032877,327.3243720901643,-0.2591932020173076,2.6825680304340813,151.3407217091501,ascent
2026-05-17 21:44:00.162309+00:00,stratolink-3,US,STALE,36.6159551,-121.5718565,6924.0,7.0,packetbroker,34.51642256207313,-120.45803904533388,-112,0.8,True,True,254.2621487314827,254.47760810115506,0.4155088683268276,2.7021401491127874,156.33215611956325,ascent
2026-05-17 21:44:00.162309+00:00,stratolink-3,US,STALE,36.6159551,-121.5718565,6924.0,7.0,packetbroker,33.99601774009769,-119.7169715166092,-115,-5.0,True,True,336.43415049355804,336.6490202676922,-0.3347120885675683,2.690908737344601,149.44132263479798,ascent
2026-05-17 21:44:00.162309+00:00,stratolink-3,US,STALE,36.6159551,-121.5718565,6924.0,7.0,packetbroker,,,-117,-2.0,True,False,,,,,,ascent
2026-05-17 21:49:08.373150+00:00,stratolink-3,US,STALE,36.6159551,-121.5718565,6924.0,7.0,packetbroker,34.022353000714745,-119.87009102350135,-109,2.0,True,True,327.10937627032877,327.3243720901643,-0.2591932020173076,2.6825680304340813,151.3407217091501,ascent
2026-05-17 21:49:08.373150+00:00,stratolink-3,US,STALE,36.6159551,-121.5718565,6924.0,7.0,packetbroker,34.459499,-120.446017,-112,-5.0,True,True,260.52279288712685,260.7381123647094,0.3499047657970208,2.6928392943746804,156.65349898801924,ascent
2026-05-17 21:49:08.373150+00:00,stratolink-3,US,STALE,36.6159551,-121.5718565,6924.0,7.0,packetbroker,34.490621,-120.463011,-112,-7.8,True,True,256.7291163767595,256.9445148680826,0.3894400929174566,2.6982573161038306,156.67623500848333,ascent
2026-05-17 21:49:08.373150+00:00,stratolink-3,US,STALE,36.6159551,-121.5718565,6924.0,7.0,packetbroker,34.51642256207313,-120.45803904533388,-112,-4.5,True,True,254.2621487314827,254.47760810115506,0.4155088683268276,2.7021401491127874,156.33215611956325,ascent
2026-05-17 21:49:08.373150+00:00,stratolink-3,US,STALE,36.6159551,-121.5718565,6924.0,7.0,packetbroker,,,-113,-1.0,True,False,,,,,,ascent
2026-05-17 21:51:22.895569+00:00,stratolink-3,US,STALE,36.6159551,-121.5718565,6924.0,7.0,packetbroker,34.022353000714745,-119.87009102350135,-107,-2.2,True,True,327.10937627032877,327.3243720901643,-0.2591932020173076,2.6825680304340813,151.3407217091501,ascent
2026-05-17 21:51:22.895569+00:00,stratolink-3,US,STALE,36.6159551,-121.5718565,6924.0,7.0,packetbroker,34.459499,-120.446017,-114,-5.5,True,True,260.52279288712685,260.7381123647094,0.3499047657970208,2.6928392943746804,156.65349898801924,ascent
2026-05-17 21:51:22.895569+00:00,stratolink-3,US,STALE,36.6159551,-121.5718565,6924.0,7.0,packetbroker,34.51642256207313,-120.45803904533388,-115,-7.0,True,True,254.2621487314827,254.47760810115506,0.4155088683268276,2.7021401491127874,156.33215611956325,ascent
2026-05-17 21:51:22.895569+00:00,stratolink-3,US,STALE,36.6159551,-121.5718565,6924.0,7.0,packetbroker,,,-117,-2.0,True,False,,,,,,ascent
2026-05-17 21:51:22.895569+00:00,stratolink-3,US,STALE,36.6159551,-121.5718565,6924.0,7.0,packetbroker,33.99601774009769,-119.7169715166092,-118,-2.8,True,True,336.43415049355804,336.6490202676922,-0.3347120885675683,2.690908737344601,149.44132263479798,ascent
2026-05-17 21:55:24.008252+00:00,stratolink-3,US,STALE,36.6159551,-121.5718565,6924.0,7.0,packetbroker,34.022353000714745,-119.87009102350135,-106,6.0,True,True,327.10937627032877,327.3243720901643,-0.2591932020173076,2.6825680304340813,151.3407217091501,ascent
2026-05-17 21:55:24.008252+00:00,stratolink-3,US,STALE,36.6159551,-121.5718565,6924.0,7.0,packetbroker,34.459499,-120.446017,-113,-2.5,True,True,260.52279288712685,260.7381123647094,0.3499047657970208,2.6928392943746804,156.65349898801924,ascent
2026-05-17 22:00:31.966891+00:00,stratolink-3,US,STALE,36.6159551,-121.5718565,6924.0,7.0,packetbroker,34.022353000714745,-119.87009102350135,-110,4.0,True,True,327.10937627032877,327.3243720901643,-0.2591932020173076,2.6825680304340813,151.3407217091501,ascent
2026-05-17 22:00:31.966891+00:00,stratolink-3,US,STALE,36.6159551,-121.5718565,6924.0,7.0,packetbroker,34.459499,-120.446017,-112,-7.0,True,True,260.52279288712685,260.7381123647094,0.3499047657970208,2.6928392943746804,156.65349898801924,ascent
2026-05-17 22:00:31.966891+00:00,stratolink-3,US,STALE,36.6159551,-121.5718565,6924.0,7.0,packetbroker,34.51642256207313,-120.45803904533388,-114,-5.5,True,True,254.2621487314827,254.47760810115506,0.4155088683268276,2.7021401491127874,156.33215611956325,ascent
2026-05-17 22:00:31.966891+00:00,stratolink-3,US,STALE,36.6159551,-121.5718565,6924.0,7.0,packetbroker,,,-115,-8.2,True,False,,,,,,ascent
2026-05-17 22:00:31.966891+00:00,stratolink-3,US,STALE,36.6159551,-121.5718565,6924.0,7.0,packetbroker,33.99601774009769,-119.7169715166092,-115,-6.5,True,True,336.43415049355804,336.6490202676922,-0.3347120885675683,2.690908737344601,149.44132263479798,ascent
2026-05-17 22:05:39.980187+00:00,stratolink-3,US,STALE,36.6159551,-121.5718565,6924.0,7.0,packetbroker,34.51642256207313,-120.45803904533388,-116,-6.8,True,True,254.2621487314827,254.47760810115506,0.4155088683268276,2.7021401491127874,156.33215611956325,ascent
2026-05-17 22:05:39.980187+00:00,stratolink-3,US,STALE,36.6159551,-121.5718565,6924.0,7.0,packetbroker,,,-118,-6.0,True,False,,,,,,ascent
2026-05-17 22:10:48.180366+00:00,stratolink-3,US,STALE,36.6159551,-121.5718565,6924.0,7.0,packetbroker,34.022353000714745,-119.87009102350135,-105,5.5,True,True,327.10937627032877,327.3243720901643,-0.2591932020173076,2.6825680304340813,151.3407217091501,ascent
2026-05-17 22:10:48.180366+00:00,stratolink-3,US,STALE,36.6159551,-121.5718565,6924.0,7.0,packetbroker,33.99601774009769,-119.7169715166092,-108,4.2,True,True,336.43415049355804,336.6490202676922,-0.3347120885675683,2.690908737344601,149.44132263479798,ascent
2026-05-17 22:10:48.180366+00:00,stratolink-3,US,STALE,36.6159551,-121.5718565,6924.0,7.0,packetbroker,,,-114,-2.5,True,False,,,,,,ascent
2026-05-17 22:10:48.180366+00:00,stratolink-3,US,STALE,36.6159551,-121.5718565,6924.0,7.0,packetbroker,34.51642256207313,-120.45803904533388,-116,-3.8,True,True,254.2621487314827,254.47760810115506,0.4155088683268276,2.7021401491127874,156.33215611956325,ascent
2026-05-17 22:15:56.208859+00:00,stratolink-3,US,STALE,36.6159551,-121.5718565,6924.0,7.0,packetbroker,33.99601774009769,-119.7169715166092,-112,1.2,True,True,336.43415049355804,336.6490202676922,-0.3347120885675683,2.690908737344601,149.44132263479798,ascent
2026-05-17 22:21:04.183698+00:00,stratolink-3,US,STALE,36.6159551,-121.5718565,6924.0,7.0,packetbroker,33.99601774009769,-119.7169715166092,-114,-2.0,True,True,336.43415049355804,336.6490202676922,-0.3347120885675683,2.690908737344601,149.44132263479798,ascent
2026-05-17 22:21:04.183698+00:00,stratolink-3,US,STALE,36.6159551,-121.5718565,6924.0,7.0,packetbroker,34.022353000714745,-119.87009102350135,-115,-4.5,True,True,327.10937627032877,327.3243720901643,-0.2591932020173076,2.6825680304340813,151.3407217091501,ascent
2026-05-17 22:26:12.293307+00:00,stratolink-3,US,STALE,36.6159551,-121.5718565,6924.0,7.0,packetbroker,33.99601774009769,-119.7169715166092,-112,,True,True,336.43415049355804,336.6490202676922,-0.3347120885675683,2.690908737344601,149.44132263479798,ascent
2026-05-17 22:26:12.293307+00:00,stratolink-3,US,STALE,36.6159551,-121.5718565,6924.0,7.0,packetbroker,34.022353000714745,-119.87009102350135,-113,2.0,True,True,327.10937627032877,327.3243720901643,-0.2591932020173076,2.6825680304340813,151.3407217091501,ascent
2026-05-17 22:26:12.293307+00:00,stratolink-3,US,STALE,36.6159551,-121.5718565,6924.0,7.0,packetbroker,34.459499,-120.446017,-113,-7.5,True,True,260.52279288712685,260.7381123647094,0.3499047657970208,2.6928392943746804,156.65349898801924,ascent
2026-05-17 22:26:12.293307+00:00,stratolink-3,US,STALE,36.6159551,-121.5718565,6924.0,7.0,packetbroker,34.51642256207313,-120.45803904533388,-115,-8.8,True,True,254.2621487314827,254.47760810115506,0.4155088683268276,2.7021401491127874,156.33215611956325,ascent
2026-05-17 22:31:20.238227+00:00,stratolink-3,US,STALE,36.6159551,-121.5718565,6924.0,7.0,packetbroker,33.99601774009769,-119.7169715166092,-113,1.5,True,True,336.43415049355804,336.6490202676922,-0.3347120885675683,2.690908737344601,149.44132263479798,ascent
2026-05-17 22:36:28.290700+00:00,stratolink-3,US,STALE,36.6159551,-121.5718565,6924.0,7.0,packetbroker,33.99601774009769,-119.7169715166092,-113,-0.5,True,True,336.43415049355804,336.6490202676922,-0.3347120885675683,2.690908737344601,149.44132263479798,ascent
2026-05-17 22:41:36.546770+00:00,stratolink-3,US,STALE,36.6159551,-121.5718565,6924.0,7.0,packetbroker,33.814075,-118.257278,-113,-5.25,True,True,433.22459876914576,433.4317501560652,-1.0332380968799344,2.8628389405150245,135.0092711813205,ascent
2026-05-17 22:41:36.546770+00:00,stratolink-3,US,STALE,36.6159551,-121.5718565,6924.0,7.0,packetbroker,33.99601774009769,-119.7169715166092,-118,-8.5,True,True,336.43415049355804,336.6490202676922,-0.3347120885675683,2.690908737344601,149.44132263479798,ascent
2026-05-17 22:41:36.546770+00:00,stratolink-3,US,STALE,36.6159551,-121.5718565,6924.0,7.0,621793161295,,,-122,-7.5,False,False,,,,,,ascent
2026-05-17 22:46:44.700502+00:00,stratolink-3,US,STALE,36.6159551,-121.5718565,6924.0,7.0,packetbroker,33.814075,-118.257278,-114,-3.75,True,True,433.22459876914576,433.4317501560652,-1.0332380968799344,2.8628389405150245,135.0092711813205,ascent
2026-05-17 22:56:52.518379+00:00,stratolink-3,US,FRESH,33.5444616,-119.0023054,9744.0,7.0,packetbroker,33.814075,-118.257278,-117,-6.75,True,True,75.17486242787918,75.86028608438967,7.041679095036483,7.717741941252664,66.29068817946097,float
2026-05-17 23:22:32.790467+00:00,stratolink-3,US,STALE,33.5444616,-119.0023054,9744.0,7.0,packetbroker,33.814075,-118.257278,-115,-2.75,True,True,75.17486242787918,75.86028608438967,7.041679095036483,7.717741941252664,66.29068817946097,float
2026-05-17 23:37:56.547067+00:00,stratolink-3,US,STALE,33.5444616,-119.0023054,9744.0,7.0,2202-dev1,33.46823311421213,-117.62623786926271,-115,-9.0,False,True,127.86542918210145,128.33148238816798,3.7793863791212305,4.9293062219200925,93.4209009540997,float
2026-05-18 00:08:45.527149+00:00,stratolink-3,US,STALE,33.5444616,-119.0023054,9744.0,7.0,2202-dev1,33.46823311421213,-117.62623786926271,-114,-8.8,False,True,127.86542918210145,128.33148238816798,3.7793863791212305,4.9293062219200925,93.4209009540997,float
2026-05-18 00:29:11.830424+00:00,stratolink-3,US,FRESH,32.8720291,-118.3905433,9621.0,7.0,agritek-a5fa,31.94268856,-116.29838075,-120,-6.2,False,True,221.9264156392284,222.2909932861628,1.4823083796084455,3.4781378279360307,117.18720573722044,float
2026-05-18 00:34:19.784495+00:00,stratolink-3,US,STALE,32.8720291,-118.3905433,9621.0,7.0,agritek-a5fa,31.94268856,-116.29838075,-119,-6.5,False,True,221.9264156392284,222.2909932861628,1.4823083796084455,3.4781378279360307,117.18720573722044,float
2026-05-18 00:44:36.525583+00:00,stratolink-3,US,STALE,32.8720291,-118.3905433,9621.0,7.0,gt-10,32.53891276951074,-116.94288298908596,-115,-7.5,False,True,140.42386359857335,140.85596721967946,3.284901383558492,4.54776178442943,104.90235441200002,float
2026-05-18 00:49:46.703387+00:00,stratolink-3,US,STALE,32.8720291,-118.3905433,9621.0,7.0,agritek-a5fa,31.94268856,-116.29838075,-119,-3.8,False,True,221.9264156392284,222.2909932861628,1.4823083796084455,3.4781378279360307,117.18720573722044,float
2026-05-18 01:00:03.491212+00:00,stratolink-3,US,STALE,32.8720291,-118.3905433,9621.0,7.0,agritek-a5fa,31.94268856,-116.29838075,-118,-2.8,False,True,221.9264156392284,222.2909932861628,1.4823083796084455,3.4781378279360307,117.18720573722044,float
2026-05-18 01:05:11.573582+00:00,stratolink-3,US,STALE,32.8720291,-118.3905433,9621.0,7.0,gt-10,32.53891276951074,-116.94288298908596,-117,-5.8,False,True,140.42386359857335,140.85596721967946,3.284901383558492,4.54776178442943,104.90235441200002,float
2026-05-18 01:10:20.468092+00:00,stratolink-3,US,STALE,32.8720291,-118.3905433,9621.0,7.0,citedi-rak01,,,-109,-8.5,False,False,,,,,,float
2026-05-18 01:10:20.468092+00:00,stratolink-3,US,STALE,32.8720291,-118.3905433,9621.0,7.0,gt-10,32.53891276951074,-116.94288298908596,-115,-1.2,False,True,140.42386359857335,140.85596721967946,3.284901383558492,4.54776178442943,104.90235441200002,float
2026-05-18 01:15:29.705310+00:00,stratolink-3,US,STALE,32.8720291,-118.3905433,9621.0,7.0,agritek-a5fa,31.94268856,-116.29838075,-118,-5.0,False,True,221.9264156392284,222.2909932861628,1.4823083796084455,3.4781378279360307,117.18720573722044,float
2026-05-18 01:20:37.465908+00:00,stratolink-3,US,STALE,32.8720291,-118.3905433,9621.0,7.0,agritek-a5fa,31.94268856,-116.29838075,-118,-4.0,False,True,221.9264156392284,222.2909932861628,1.4823083796084455,3.4781378279360307,117.18720573722044,float
2026-05-18 01:25:45.265547+00:00,stratolink-3,US,STALE,32.8720291,-118.3905433,9621.0,7.0,gt-10,32.53891276951074,-116.94288298908596,-117,-7.5,False,True,140.42386359857335,140.85596721967946,3.284901383558492,4.54776178442943,104.90235441200002,float
2026-05-18 01:30:54.269827+00:00,stratolink-3,US,STALE,32.8720291,-118.3905433,9621.0,7.0,citedi-rak01,,,-110,-9.3,False,False,,,,,,float
2026-05-18 01:36:03.725847+00:00,stratolink-3,US,STALE,32.8720291,-118.3905433,9621.0,7.0,citedi-rak01,,,-107,-5.8,False,False,,,,,,float
2026-05-18 01:36:03.725847+00:00,stratolink-3,US,STALE,32.8720291,-118.3905433,9621.0,7.0,gt-10,32.53891276951074,-116.94288298908596,-114,0.8,False,True,140.42386359857335,140.85596721967946,3.284901383558492,4.54776178442943,104.90235441200002,float
2026-05-18 01:41:37.822621+00:00,stratolink-3,US,NOGPS,,,,7.0,agritek-a5fa,31.94268856,-116.29838075,-113,3.2,False,False,,,,,,ascent
2026-05-18 01:46:57.861875+00:00,stratolink-3,US,FRESH,32.2186566,-117.8586064,9648.0,7.0,agritek-a5fa,31.94268856,-116.29838075,-114,1.5,False,True,150.16500059270288,150.58457391307053,2.9979867691070914,4.348451198624437,101.37628794501416,float
2026-05-18 01:52:35.624699+00:00,stratolink-3,US,NOGPS,,,,7.0,gt-10,32.53891276951074,-116.94288298908596,-114,1.5,False,False,,,,,,ascent
2026-05-18 01:58:08.403854+00:00,stratolink-3,US,NOGPS,,,,7.0,citedi-rak01,,,-108,-3.0,False,False,,,,,,ascent
2026-05-18 01:58:08.403854+00:00,stratolink-3,US,NOGPS,,,,7.0,gt-10,32.53891276951074,-116.94288298908596,-113,0.2,False,False,,,,,,ascent
2026-05-18 02:03:07.181669+00:00,stratolink-3,US,FRESH,32.0126413,-117.7218973,9682.0,7.0,citedi-rak01,,,-109,-5.3,False,False,,,,,,float
2026-05-18 02:03:07.181669+00:00,stratolink-3,US,FRESH,32.0126413,-117.7218973,9682.0,7.0,gt-10,32.53891276951074,-116.94288298908596,-115,-9.5,False,True,93.7453608415095,94.31399888983054,5.4705021964336975,6.3135733165281795,51.167009665989895,float
2026-05-18 02:08:15.693863+00:00,stratolink-3,US,STALE,32.0126413,-117.7218973,9682.0,7.0,citedi-rak01,,,-109,-6.0,False,False,,,,,,float
2026-05-18 02:13:23.871590+00:00,stratolink-3,US,STALE,32.0126413,-117.7218973,9682.0,7.0,citedi-rak01,,,-109,-4.3,False,False,,,,,,float
2026-05-18 02:18:31.809138+00:00,stratolink-3,US,STALE,32.0126413,-117.7218973,9682.0,7.0,citedi-rak01,,,-107,-7.0,False,False,,,,,,float
2026-05-18 02:18:31.809138+00:00,stratolink-3,US,STALE,32.0126413,-117.7218973,9682.0,7.0,gt-10,32.53891276951074,-116.94288298908596,-115,-1.5,False,True,93.7453608415095,94.31399888983054,5.4705021964336975,6.3135733165281795,51.167009665989895,float
2026-05-18 02:23:40.256089+00:00,stratolink-3,US,STALE,32.0126413,-117.7218973,9682.0,7.0,agritek-a5fa,31.94268856,-116.29838075,-119,-2.0,False,True,134.49269039771426,134.9401380322263,3.5095371639785666,4.719057316446073,92.93841045325553,float
2026-05-18 02:28:39.170536+00:00,stratolink-3,US,NOGPS,,,,7.0,gt-10,32.53891276951074,-116.94288298908596,-114,-2.8,False,False,,,,,,ascent
2026-05-18 02:43:39.781789+00:00,stratolink-3,US,NOGPS,,,,7.0,agritek-a5fa,31.94268856,-116.29838075,-119,-7.0,False,False,,,,,,ascent
2026-05-18 02:58:41.626864+00:00,stratolink-3,US,NOGPS,,,,7.0,agritek-a5fa,31.94268856,-116.29838075,-118,-1.0,False,False,,,,,,ascent
2026-05-19 13:58:18.576073+00:00,stratolink-3,US,FRESH,31.0028812,-111.7093083,9736.0,7.0,mmaker-xerocraft,32.22747589612853,-110.97387677703236,-120,-3.0,False,True,152.94200554634082,153.36449263167071,2.951759427451241,4.327198028018015,26.894191056405475,float
2026-05-19 14:08:34.129495+00:00,stratolink-3,US,STALE,31.0028812,-111.7093083,9736.0,7.0,mmaker-xerocraft,32.22747589612853,-110.97387677703236,-124,-7.8,False,True,152.94200554634082,153.36449263167071,2.951759427451241,4.327198028018015,26.894191056405475,float
2026-05-19 16:15:11.280776+00:00,stratolink-3,US,NOGPS,,,,7.0,mmaker-xerocraft,32.22747589612853,-110.97387677703236,-119,-4.2,False,False,,,,,,ascent
2026-05-19 22:28:54.341760+00:00,stratolink-3,US,FRESH,34.7793016,-106.1268084,9814.0,7.0,unm-gateway-2,,,-119,-3.5,False,False,,,,,,float
2026-05-19 22:39:27.489014+00:00,stratolink-3,US,NOGPS,,,,7.0,unm-gateway-2,,,-117,0.8,False,False,,,,,,ascent
2026-05-19 22:45:00.950390+00:00,stratolink-3,US,NOGPS,,,,7.0,unm-gateway-2,,,-116,-1.8,False,False,,,,,,ascent
2026-05-19 22:50:32.910237+00:00,stratolink-3,US,NOGPS,,,,7.0,unm-gateway-2,,,-115,1.2,False,False,,,,,,ascent
2026-05-19 22:56:06.188202+00:00,stratolink-3,US,NOGPS,,,,7.0,unm-gateway-2,,,-118,-3.2,False,False,,,,,,ascent
2026-05-19 23:01:39.159171+00:00,stratolink-3,US,NOGPS,,,,7.0,unm-gateway-2,,,-119,-5.2,False,False,,,,,,ascent
2026-05-19 23:07:11.655324+00:00,stratolink-3,US,NOGPS,,,,7.0,unm-gateway-2,,,-118,-3.5,False,False,,,,,,ascent
2026-05-19 23:12:43.954244+00:00,stratolink-3,US,NOGPS,,,,7.0,unm-gateway-2,,,-119,-6.5,False,False,,,,,,ascent
2026-05-19 23:18:16.795767+00:00,stratolink-3,US,NOGPS,,,,7.0,unm-gateway-2,,,-119,-5.2,False,False,,,,,,ascent
2026-05-19 23:19:12.480382+00:00,stratolink-3,US,NOGPS,,,,7.0,unm-gateway-2,,,-119,-5.0,False,False,,,,,,ascent
2026-05-19 23:24:45.237735+00:00,stratolink-3,US,NOGPS,,,,7.0,unm-gateway-2,,,-117,-5.5,False,False,,,,,,ascent
2026-05-19 23:30:18.381326+00:00,stratolink-3,US,NOGPS,,,,7.0,unm-gateway-2,,,-118,-2.0,False,False,,,,,,ascent
2026-05-28 07:38:01.361177+00:00,stratolink-3-eu,EU,FRESH,40.3360686,-6.9306294,9966.0,7.0,mtcdtip02-l4e1-3,,,-104,5.0,False,False,,,,,,float
2026-05-28 07:38:01.361177+00:00,stratolink-3-eu,EU,FRESH,40.3360686,-6.9306294,9966.0,7.0,cicytex-ic007,,,-107,-8.2,False,False,,,,,,float
2026-05-28 07:38:01.361177+00:00,stratolink-3-eu,EU,FRESH,40.3360686,-6.9306294,9966.0,7.0,mtcdtip02-l4e1-15,,,-107,4.8,False,False,,,,,,float
2026-05-28 07:38:01.361177+00:00,stratolink-3-eu,EU,FRESH,40.3360686,-6.9306294,9966.0,7.0,cicytex-ic003,,,-108,-3.5,False,False,,,,,,float
2026-05-28 07:38:01.361177+00:00,stratolink-3-eu,EU,FRESH,40.3360686,-6.9306294,9966.0,7.0,ext-sg50-015,,,-108,8.2,False,False,,,,,,float
2026-05-28 07:38:01.361177+00:00,stratolink-3-eu,EU,FRESH,40.3360686,-6.9306294,9966.0,7.0,mtcdtip02-l4e1-9,,,-108,,False,False,,,,,,float
2026-05-28 07:38:01.361177+00:00,stratolink-3-eu,EU,FRESH,40.3360686,-6.9306294,9966.0,7.0,mtcdtip02-l4e1-1,,,-110,-5.8,False,False,,,,,,float
2026-05-28 07:38:01.361177+00:00,stratolink-3-eu,EU,FRESH,40.3360686,-6.9306294,9966.0,7.0,mtcdtip02-l4e1-7,,,-111,-1.2,False,False,,,,,,float
2026-05-28 07:38:01.361177+00:00,stratolink-3-eu,EU,FRESH,40.3360686,-6.9306294,9966.0,7.0,mtcdtip02-l4e1-11,,,-112,-7.5,False,False,,,,,,float
2026-05-28 07:38:01.361177+00:00,stratolink-3-eu,EU,FRESH,40.3360686,-6.9306294,9966.0,7.0,ext-dlos8-007,,,-112,-4.5,False,False,,,,,,float
2026-05-28 07:38:01.361177+00:00,stratolink-3-eu,EU,FRESH,40.3360686,-6.9306294,9966.0,7.0,ext-sg50-018,,,-112,-2.8,False,False,,,,,,float
2026-05-28 07:38:01.361177+00:00,stratolink-3-eu,EU,FRESH,40.3360686,-6.9306294,9966.0,7.0,cdtic-multitech-5,40.0702558044694,-6.65818959474564,-113,1.2,False,True,37.536027640288886,38.864822569548465,14.689323011448117,15.02689215174913,141.8580888512481,float
2026-05-28 07:38:01.361177+00:00,stratolink-3-eu,EU,FRESH,40.3360686,-6.9306294,9966.0,7.0,ext-sg50-021,,,-113,4.0,False,False,,,,,,float
2026-05-28 07:38:01.361177+00:00,stratolink-3-eu,EU,FRESH,40.3360686,-6.9306294,9966.0,7.0,mtcdtip02-l4e1-12,,,-113,-7.2,False,False,,,,,,float
2026-05-28 07:38:01.361177+00:00,stratolink-3-eu,EU,FRESH,40.3360686,-6.9306294,9966.0,7.0,ext-sg50-029,,,-113,3.8,False,False,,,,,,float
2026-05-28 07:38:01.361177+00:00,stratolink-3-eu,EU,FRESH,40.3360686,-6.9306294,9966.0,7.0,ext-sg50-023,,,-113,4.5,False,False,,,,,,float
2026-05-28 07:38:01.361177+00:00,stratolink-3-eu,EU,FRESH,40.3360686,-6.9306294,9966.0,7.0,cicytex-lo-santa-amalia,,,-114,-8.2,False,False,,,,,,float
2026-05-28 07:38:01.361177+00:00,stratolink-3-eu,EU,FRESH,40.3360686,-6.9306294,9966.0,7.0,ctaex-lora-one,,,-115,-4.0,False,False,,,,,,float
2026-05-28 07:38:01.361177+00:00,stratolink-3-eu,EU,FRESH,40.3360686,-6.9306294,9966.0,7.0,ext-sg50-024,,,-115,2.2,False,False,,,,,,float
2026-05-28 07:38:01.361177+00:00,stratolink-3-eu,EU,FRESH,40.3360686,-6.9306294,9966.0,7.0,ext-sg50-028,,,-115,1.5,False,False,,,,,,float
2026-05-28 07:38:01.361177+00:00,stratolink-3-eu,EU,FRESH,40.3360686,-6.9306294,9966.0,7.0,ext-sg50-016,,,-116,-5.0,False,False,,,,,,float
2026-05-28 07:38:01.361177+00:00,stratolink-3-eu,EU,FRESH,40.3360686,-6.9306294,9966.0,7.0,niharramikrotik,40.589325292876616,-4.838257133960725,-117,-6.5,False,True,179.2370108968522,179.64787436001166,2.373854416723144,3.9857693550496145,80.28275119777953,float
2026-05-28 07:38:01.361177+00:00,stratolink-3-eu,EU,FRESH,40.3360686,-6.9306294,9966.0,7.0,cicytex-unex-2,,,-117,-5.2,False,False,,,,,,float
2026-05-28 07:38:01.361177+00:00,stratolink-3-eu,EU,FRESH,40.3360686,-6.9306294,9966.0,7.0,eui-fcc23dfffe2de1ed,,,-118,-3.0,False,False,,,,,,float
2026-05-28 07:38:01.361177+00:00,stratolink-3-eu,EU,FRESH,40.3360686,-6.9306294,9966.0,7.0,ext-sg50-022,,,-118,-1.8,False,False,,,,,,float
2026-05-28 07:38:01.361177+00:00,stratolink-3-eu,EU,FRESH,40.3360686,-6.9306294,9966.0,7.0,mitigasmart-cc,,,-118,-5.8,False,False,,,,,,float
2026-05-28 07:38:01.361177+00:00,stratolink-3-eu,EU,FRESH,40.3360686,-6.9306294,9966.0,7.0,sg50-eui-c0ba1ffffe004945,,,-118,-4.5,False,False,,,,,,float
2026-05-28 07:38:01.361177+00:00,stratolink-3-eu,EU,FRESH,40.3360686,-6.9306294,9966.0,7.0,m2-vicente,38.689984,-6.646836,-122,-8.5,False,True,184.64811321534685,185.05456054636602,2.2565091039275194,3.91708718730623,172.33315886902062,float
2026-05-28 07:43:09.241405+00:00,stratolink-3-eu,EU,STALE,40.3360686,-6.9306294,9966.0,7.0,ext-sg50-020,,,-103,-3.8,False,False,,,,,,float
2026-05-28 07:43:09.241405+00:00,stratolink-3-eu,EU,STALE,40.3360686,-6.9306294,9966.0,7.0,mtcdtip02-l4e1-3,,,-105,1.8,False,False,,,,,,float
2026-05-28 07:43:09.241405+00:00,stratolink-3-eu,EU,STALE,40.3360686,-6.9306294,9966.0,7.0,mtcdtip02-l4e1-9,,,-107,1.0,False,False,,,,,,float
2026-05-28 07:43:09.241405+00:00,stratolink-3-eu,EU,STALE,40.3360686,-6.9306294,9966.0,7.0,mtcdtip02-l4e1-7,,,-107,3.8,False,False,,,,,,float
2026-05-28 07:43:09.241405+00:00,stratolink-3-eu,EU,STALE,40.3360686,-6.9306294,9966.0,7.0,cicytex-ic003,,,-108,-5.8,False,False,,,,,,float
2026-05-28 07:43:09.241405+00:00,stratolink-3-eu,EU,STALE,40.3360686,-6.9306294,9966.0,7.0,ext-sg50-017,,,-108,7.8,False,False,,,,,,float
2026-05-28 07:43:09.241405+00:00,stratolink-3-eu,EU,STALE,40.3360686,-6.9306294,9966.0,7.0,cicytex-uex-agroecologia,,,-109,-8.2,False,False,,,,,,float
2026-05-28 07:43:09.241405+00:00,stratolink-3-eu,EU,STALE,40.3360686,-6.9306294,9966.0,7.0,mtcdtip02-l4e1-15,,,-109,5.2,False,False,,,,,,float
2026-05-28 07:43:09.241405+00:00,stratolink-3-eu,EU,STALE,40.3360686,-6.9306294,9966.0,7.0,cdtic-multitech-5,40.0702558044694,-6.65818959474564,-109,4.8,False,True,37.536027640288886,38.864822569548465,14.689323011448117,15.02689215174913,141.8580888512481,float
2026-05-28 07:43:09.241405+00:00,stratolink-3-eu,EU,STALE,40.3360686,-6.9306294,9966.0,7.0,cicytex-icmc-002,,,-110,-5.8,False,False,,,,,,float
2026-05-28 07:43:09.241405+00:00,stratolink-3-eu,EU,STALE,40.3360686,-6.9306294,9966.0,7.0,mtcdtip02-l4e1-16,,,-111,-3.0,False,False,,,,,,float
2026-05-28 07:43:09.241405+00:00,stratolink-3-eu,EU,STALE,40.3360686,-6.9306294,9966.0,7.0,mtcdtip02-l4e1-5,,,-111,-3.0,False,False,,,,,,float
2026-05-28 07:43:09.241405+00:00,stratolink-3-eu,EU,STALE,40.3360686,-6.9306294,9966.0,7.0,mtcdtip02-l4e1-12,,,-111,-5.8,False,False,,,,,,float
2026-05-28 07:43:09.241405+00:00,stratolink-3-eu,EU,STALE,40.3360686,-6.9306294,9966.0,7.0,ext-sg50-015,,,-111,5.5,False,False,,,,,,float
2026-05-28 07:43:09.241405+00:00,stratolink-3-eu,EU,STALE,40.3360686,-6.9306294,9966.0,7.0,ext-sg50-021,,,-111,5.2,False,False,,,,,,float
2026-05-28 07:43:09.241405+00:00,stratolink-3-eu,EU,STALE,40.3360686,-6.9306294,9966.0,7.0,mjv-casas,,,-112,,False,False,,,,,,float
2026-05-28 07:43:09.241405+00:00,stratolink-3-eu,EU,STALE,40.3360686,-6.9306294,9966.0,7.0,ext-sg50-018,,,-112,-3.5,False,False,,,,,,float
2026-05-28 07:43:09.241405+00:00,stratolink-3-eu,EU,STALE,40.3360686,-6.9306294,9966.0,7.0,ext-dlos8-007,,,-112,-5.0,False,False,,,,,,float
2026-05-28 07:43:09.241405+00:00,stratolink-3-eu,EU,STALE,40.3360686,-6.9306294,9966.0,7.0,ext-sg50-028,,,-113,3.2,False,False,,,,,,float
2026-05-28 07:43:09.241405+00:00,stratolink-3-eu,EU,STALE,40.3360686,-6.9306294,9966.0,7.0,ext-sg50-022,,,-113,4.0,False,False,,,,,,float
2026-05-28 07:43:09.241405+00:00,stratolink-3-eu,EU,STALE,40.3360686,-6.9306294,9966.0,7.0,ctaex-lora-one,,,-114,-5.5,False,False,,,,,,float
2026-05-28 07:43:09.241405+00:00,stratolink-3-eu,EU,STALE,40.3360686,-6.9306294,9966.0,7.0,ext-sg50-024,,,-114,3.0,False,False,,,,,,float
2026-05-28 07:43:09.241405+00:00,stratolink-3-eu,EU,STALE,40.3360686,-6.9306294,9966.0,7.0,ext-sg50-016,,,-115,-1.8,False,False,,,,,,float
2026-05-28 07:43:09.241405+00:00,stratolink-3-eu,EU,STALE,40.3360686,-6.9306294,9966.0,7.0,ext-sg50-029,,,-115,-0.2,False,False,,,,,,float
2026-05-28 07:43:09.241405+00:00,stratolink-3-eu,EU,STALE,40.3360686,-6.9306294,9966.0,7.0,ext-sg50-013,,,-115,-7.2,False,False,,,,,,float
2026-05-28 07:43:09.241405+00:00,stratolink-3-eu,EU,STALE,40.3360686,-6.9306294,9966.0,7.0,ext-sg50-026,,,-116,-6.8,False,False,,,,,,float
2026-05-28 07:43:09.241405+00:00,stratolink-3-eu,EU,STALE,40.3360686,-6.9306294,9966.0,7.0,mitigasmart-cc,,,-117,-5.0,False,False,,,,,,float
2026-05-28 07:43:09.241405+00:00,stratolink-3-eu,EU,STALE,40.3360686,-6.9306294,9966.0,7.0,sg50-eui-c0ba1ffffe004945,,,-117,-5.8,False,False,,,,,,float
2026-05-28 07:43:09.241405+00:00,stratolink-3-eu,EU,STALE,40.3360686,-6.9306294,9966.0,7.0,tef-mls-01,40.108033,-6.632828,-118,-7.0,False,True,35.80829520776795,37.19620337538116,15.380082222422748,15.702113513129127,134.98554723102086,float
2026-05-28 07:48:17.432859+00:00,stratolink-3-eu,EU,STALE,40.3360686,-6.9306294,9966.0,7.0,mtcdtip02-l4e1-3,,,-101,-0.2,False,False,,,,,,float
2026-05-28 07:48:17.432859+00:00,stratolink-3-eu,EU,STALE,40.3360686,-6.9306294,9966.0,7.0,mtcdtip02-l4e1-7,,,-107,0.8,False,False,,,,,,float
2026-05-28 07:48:17.432859+00:00,stratolink-3-eu,EU,STALE,40.3360686,-6.9306294,9966.0,7.0,mtcdtip02-l4e1-9,,,-109,1.0,False,False,,,,,,float
2026-05-28 07:48:17.432859+00:00,stratolink-3-eu,EU,STALE,40.3360686,-6.9306294,9966.0,7.0,mtcdtip02-l4e1-1,,,-109,-7.8,False,False,,,,,,float
2026-05-28 07:48:17.432859+00:00,stratolink-3-eu,EU,STALE,40.3360686,-6.9306294,9966.0,7.0,mjv-casas,,,-110,1.2,False,False,,,,,,float
2026-05-28 07:48:17.432859+00:00,stratolink-3-eu,EU,STALE,40.3360686,-6.9306294,9966.0,7.0,mtcdtip02-l4e1-5,,,-110,-1.5,False,False,,,,,,float
2026-05-28 07:48:17.432859+00:00,stratolink-3-eu,EU,STALE,40.3360686,-6.9306294,9966.0,7.0,cdtic-multitech-5,40.0702558044694,-6.65818959474564,-111,2.8,False,True,37.536027640288886,38.864822569548465,14.689323011448117,15.02689215174913,141.8580888512481,float
2026-05-28 07:48:17.432859+00:00,stratolink-3-eu,EU,STALE,40.3360686,-6.9306294,9966.0,7.0,mtcdtip02-l4e1-15,,,-111,0.2,False,False,,,,,,float
2026-05-28 07:48:17.432859+00:00,stratolink-3-eu,EU,STALE,40.3360686,-6.9306294,9966.0,7.0,ext-sg50-017,,,-111,5.0,False,False,,,,,,float
2026-05-28 07:48:17.432859+00:00,stratolink-3-eu,EU,STALE,40.3360686,-6.9306294,9966.0,7.0,ext-sg50-029,,,-111,3.8,False,False,,,,,,float
2026-05-28 07:48:17.432859+00:00,stratolink-3-eu,EU,STALE,40.3360686,-6.9306294,9966.0,7.0,jfmateos-rak7250-rioseco,39.9775352459947,-6.04510360141884,-112,-1.5,False,True,85.16300951890007,85.80965241886045,6.286334097387444,7.052222384351239,117.62655151955778,float
2026-05-28 07:48:17.432859+00:00,stratolink-3-eu,EU,STALE,40.3360686,-6.9306294,9966.0,7.0,ext-dlos8-007,,,-112,-5.8,False,False,,,,,,float
2026-05-28 07:48:17.432859+00:00,stratolink-3-eu,EU,STALE,40.3360686,-6.9306294,9966.0,7.0,ext-sg50-021,,,-113,2.8,False,False,,,,,,float
2026-05-28 07:48:17.432859+00:00,stratolink-3-eu,EU,STALE,40.3360686,-6.9306294,9966.0,7.0,ext-sg50-018,,,-113,-2.2,False,False,,,,,,float
2026-05-28 07:48:17.432859+00:00,stratolink-3-eu,EU,STALE,40.3360686,-6.9306294,9966.0,7.0,ext-sg50-023,,,-113,3.0,False,False,,,,,,float
2026-05-28 07:48:17.432859+00:00,stratolink-3-eu,EU,STALE,40.3360686,-6.9306294,9966.0,7.0,ctaex-lora-one,,,-114,-5.0,False,False,,,,,,float
2026-05-28 07:48:17.432859+00:00,stratolink-3-eu,EU,STALE,40.3360686,-6.9306294,9966.0,7.0,cdtic-multitech-4,39.4920534590841,-6.57908320426941,-114,-1.5,False,True,98.5230068429558,99.10143466267594,5.328435860028894,6.214473323521196,162.16982111099583,float
2026-05-28 07:48:17.432859+00:00,stratolink-3-eu,EU,STALE,40.3360686,-6.9306294,9966.0,7.0,ext-sg50-026,,,-114,-1.5,False,False,,,,,,float
2026-05-28 07:48:17.432859+00:00,stratolink-3-eu,EU,STALE,40.3360686,-6.9306294,9966.0,7.0,niharramikrotik,40.589325292876616,-4.838257133960725,-115,-4.75,False,True,179.2370108968522,179.64787436001166,2.373854416723144,3.9857693550496145,80.28275119777953,float
2026-05-28 07:48:17.432859+00:00,stratolink-3-eu,EU,STALE,40.3360686,-6.9306294,9966.0,7.0,packetbroker,40.962541751597406,-5.675446072867432,-115,-7.75,True,True,126.74972379901835,127.23762708037926,3.922178388453694,5.062064465542923,56.25390131029309,float
2026-05-28 07:48:17.432859+00:00,stratolink-3-eu,EU,STALE,40.3360686,-6.9306294,9966.0,7.0,ext-sg50-024,,,-115,2.0,False,False,,,,,,float
2026-05-28 07:48:17.432859+00:00,stratolink-3-eu,EU,STALE,40.3360686,-6.9306294,9966.0,7.0,ext-sg50-016,,,-115,-3.8,False,False,,,,,,float
2026-05-28 07:48:17.432859+00:00,stratolink-3-eu,EU,STALE,40.3360686,-6.9306294,9966.0,7.0,ext-sg50-015,,,-115,-0.5,False,False,,,,,,float
2026-05-28 07:48:17.432859+00:00,stratolink-3-eu,EU,STALE,40.3360686,-6.9306294,9966.0,7.0,tef-mls-01,40.108033,-6.632828,-115,0.5,False,True,35.80829520776795,37.19620337538116,15.380082222422748,15.702113513129127,134.98554723102086,float
2026-05-28 07:48:17.432859+00:00,stratolink-3-eu,EU,STALE,40.3360686,-6.9306294,9966.0,7.0,eui-fcc23dfffe2de1ed,,,-116,-5.25,False,False,,,,,,float
2026-05-28 07:48:17.432859+00:00,stratolink-3-eu,EU,STALE,40.3360686,-6.9306294,9966.0,7.0,cicytex-unex-1,,,-116,-5.2,False,False,,,,,,float
2026-05-28 07:48:17.432859+00:00,stratolink-3-eu,EU,STALE,40.3360686,-6.9306294,9966.0,7.0,ext-sg50-028,,,-116,-3.0,False,False,,,,,,float
2026-05-28 07:48:17.432859+00:00,stratolink-3-eu,EU,STALE,40.3360686,-6.9306294,9966.0,7.0,ext-sg50-022,,,-117,-2.0,False,False,,,,,,float
2026-05-28 07:48:17.432859+00:00,stratolink-3-eu,EU,STALE,40.3360686,-6.9306294,9966.0,7.0,mitigasmart-cc,,,-117,-4.0,False,False,,,,,,float
2026-05-28 07:48:17.432859+00:00,stratolink-3-eu,EU,STALE,40.3360686,-6.9306294,9966.0,7.0,sg50-eui-c0ba1ffffe004945,,,-117,-4.2,False,False,,,,,,float
2026-05-28 07:48:17.432859+00:00,stratolink-3-eu,EU,STALE,40.3360686,-6.9306294,9966.0,7.0,v3-eui-b827ebfffebf1f02,40.13814,-7.50059,-119,-4.0,False,True,53.151064223926134,54.11801457616337,10.372667570057866,10.850665914160297,245.72307720083202,float
2026-05-28 07:48:17.432859+00:00,stratolink-3-eu,EU,STALE,40.3360686,-6.9306294,9966.0,7.0,ext-sg50-011,,,-119,-8.5,False,False,,,,,,float
2026-05-28 07:53:25.761560+00:00,stratolink-3-eu,EU,STALE,40.3360686,-6.9306294,9966.0,7.0,mtcdtip02-l4e1-3,,,-109,0.5,False,False,,,,,,float
2026-05-28 07:53:25.761560+00:00,stratolink-3-eu,EU,STALE,40.3360686,-6.9306294,9966.0,7.0,cicytex-ic003,,,-109,-7.5,False,False,,,,,,float
2026-05-28 07:53:25.761560+00:00,stratolink-3-eu,EU,STALE,40.3360686,-6.9306294,9966.0,7.0,mtcdtip02-l4e1-9,,,-110,-3.8,False,False,,,,,,float
2026-05-28 07:53:25.761560+00:00,stratolink-3-eu,EU,STALE,40.3360686,-6.9306294,9966.0,7.0,d401c3ffff6d00a4,,,-112,-0.75,False,False,,,,,,float
2026-05-28 07:53:25.761560+00:00,stratolink-3-eu,EU,STALE,40.3360686,-6.9306294,9966.0,7.0,cdtic-multitech-5,40.0702558044694,-6.65818959474564,-113,1.2,False,True,37.536027640288886,38.864822569548465,14.689323011448117,15.02689215174913,141.8580888512481,float
2026-05-28 07:53:25.761560+00:00,stratolink-3-eu,EU,STALE,40.3360686,-6.9306294,9966.0,7.0,ext-sg50-018,,,-113,-7.8,False,False,,,,,,float
2026-05-28 07:53:25.761560+00:00,stratolink-3-eu,EU,STALE,40.3360686,-6.9306294,9966.0,7.0,dlps8-119,,,-113,-6.8,False,False,,,,,,float
2026-05-28 07:53:25.761560+00:00,stratolink-3-eu,EU,STALE,40.3360686,-6.9306294,9966.0,7.0,mjv-casas,,,-115,-5.0,False,False,,,,,,float
2026-05-28 07:53:25.761560+00:00,stratolink-3-eu,EU,STALE,40.3360686,-6.9306294,9966.0,7.0,5031395365454751,42.195765,-6.006521,-115,-6.0,False,True,220.73867576129112,221.12490240958672,1.5902082588102964,3.5753561205475153,20.17751924032791,float
2026-05-28 07:53:25.761560+00:00,stratolink-3-eu,EU,STALE,40.3360686,-6.9306294,9966.0,7.0,mtcdtip02-l4e1-7,,,-115,-2.8,False,False,,,,,,float
2026-05-28 07:53:25.761560+00:00,stratolink-3-eu,EU,STALE,40.3360686,-6.9306294,9966.0,7.0,ext-sg50-023,,,-115,1.8,False,False,,,,,,float
2026-05-28 07:53:25.761560+00:00,stratolink-3-eu,EU,STALE,40.3360686,-6.9306294,9966.0,7.0,ext-sg50-029,,,-115,0.5,False,False,,,,,,float
2026-05-28 07:53:25.761560+00:00,stratolink-3-eu,EU,STALE,40.3360686,-6.9306294,9966.0,7.0,niharramikrotik,40.589325292876616,-4.838257133960725,-116,-6.25,False,True,179.2370108968522,179.64787436001166,2.373854416723144,3.9857693550496145,80.28275119777953,float
2026-05-28 07:53:25.761560+00:00,stratolink-3-eu,EU,STALE,40.3360686,-6.9306294,9966.0,7.0,mtcdtip02-l4e1-15,,,-116,-3.8,False,False,,,,,,float
2026-05-28 07:53:25.761560+00:00,stratolink-3-eu,EU,STALE,40.3360686,-6.9306294,9966.0,7.0,ext-sg50-021,,,-116,-1.0,False,False,,,,,,float
2026-05-28 07:53:25.761560+00:00,stratolink-3-eu,EU,STALE,40.3360686,-6.9306294,9966.0,7.0,ext-sg50-026,,,-116,-7.0,False,False,,,,,,float
2026-05-28 07:53:25.761560+00:00,stratolink-3-eu,EU,STALE,40.3360686,-6.9306294,9966.0,7.0,ext-sg50-015,,,-116,-0.8,False,False,,,,,,float
2026-05-28 07:53:25.761560+00:00,stratolink-3-eu,EU,STALE,40.3360686,-6.9306294,9966.0,7.0,ext-sg50-016,,,-116,-8.0,False,False,,,,,,float
2026-05-28 07:53:25.761560+00:00,stratolink-3-eu,EU,STALE,40.3360686,-6.9306294,9966.0,7.0,ext-sg50-017,,,-117,-1.5,False,False,,,,,,float
2026-05-28 07:53:25.761560+00:00,stratolink-3-eu,EU,STALE,40.3360686,-6.9306294,9966.0,7.0,ext-sg50-024,,,-118,-3.2,False,False,,,,,,float
2026-05-28 07:53:25.761560+00:00,stratolink-3-eu,EU,STALE,40.3360686,-6.9306294,9966.0,7.0,mitigasmart-cc,,,-118,-8.0,False,False,,,,,,float
2026-05-28 07:53:25.761560+00:00,stratolink-3-eu,EU,STALE,40.3360686,-6.9306294,9966.0,7.0,tef-mls-01,40.108033,-6.632828,-119,-7.5,False,True,35.80829520776795,37.19620337538116,15.380082222422748,15.702113513129127,134.98554723102086,float
2026-05-28 07:58:33.579751+00:00,stratolink-3-eu,EU,STALE,40.3360686,-6.9306294,9966.0,7.0,mtcdtip02-l4e1-3,,,-104,2.8,False,False,,,,,,float
2026-05-28 07:58:33.579751+00:00,stratolink-3-eu,EU,STALE,40.3360686,-6.9306294,9966.0,7.0,mtcdtip02-l4e1-9,,,-108,2.5,False,False,,,,,,float
2026-05-28 07:58:33.579751+00:00,stratolink-3-eu,EU,STALE,40.3360686,-6.9306294,9966.0,7.0,cicytex-ic003,,,-108,-2.0,False,False,,,,,,float
2026-05-28 07:58:33.579751+00:00,stratolink-3-eu,EU,STALE,40.3360686,-6.9306294,9966.0,7.0,mtcdtip02-l4e1-7,,,-109,2.8,False,False,,,,,,float
2026-05-28 07:58:33.579751+00:00,stratolink-3-eu,EU,STALE,40.3360686,-6.9306294,9966.0,7.0,cicytex-icmc-002,,,-109,-3.8,False,False,,,,,,float
2026-05-28 07:58:33.579751+00:00,stratolink-3-eu,EU,STALE,40.3360686,-6.9306294,9966.0,7.0,mtcdtip02-l4e1-12,,,-110,-9.8,False,False,,,,,,float
2026-05-28 07:58:33.579751+00:00,stratolink-3-eu,EU,STALE,40.3360686,-6.9306294,9966.0,7.0,jfmateos-rak7250-rioseco,39.9775352459947,-6.04510360141884,-110,-1.25,False,True,85.16300951890007,85.80965241886045,6.286334097387444,7.052222384351239,117.62655151955778,float
2026-05-28 07:58:33.579751+00:00,stratolink-3-eu,EU,STALE,40.3360686,-6.9306294,9966.0,7.0,cdtic-multitech-5,40.0702558044694,-6.65818959474564,-111,2.0,False,True,37.536027640288886,38.864822569548465,14.689323011448117,15.02689215174913,141.8580888512481,float
2026-05-28 07:58:33.579751+00:00,stratolink-3-eu,EU,STALE,40.3360686,-6.9306294,9966.0,7.0,mtcdtip02-l4e1-15,,,-111,,False,False,,,,,,float
2026-05-28 07:58:33.579751+00:00,stratolink-3-eu,EU,STALE,40.3360686,-6.9306294,9966.0,7.0,ext-sg50-029,,,-111,5.5,False,False,,,,,,float
2026-05-28 07:58:33.579751+00:00,stratolink-3-eu,EU,STALE,40.3360686,-6.9306294,9966.0,7.0,ext-sg50-015,,,-112,4.2,False,False,,,,,,float
2026-05-28 07:58:33.579751+00:00,stratolink-3-eu,EU,STALE,40.3360686,-6.9306294,9966.0,7.0,ctaex-lora-one,,,-113,-7.5,False,False,,,,,,float
2026-05-28 07:58:33.579751+00:00,stratolink-3-eu,EU,STALE,40.3360686,-6.9306294,9966.0,7.0,mtcdtip02-l4e1-16,,,-113,-7.8,False,False,,,,,,float
2026-05-28 07:58:33.579751+00:00,stratolink-3-eu,EU,STALE,40.3360686,-6.9306294,9966.0,7.0,dlps8-105,,,-113,-7.2,False,False,,,,,,float
2026-05-28 07:58:33.579751+00:00,stratolink-3-eu,EU,STALE,40.3360686,-6.9306294,9966.0,7.0,mtcdtip02-l4e1-4,,,-113,-4.0,False,False,,,,,,float
2026-05-28 07:58:33.579751+00:00,stratolink-3-eu,EU,STALE,40.3360686,-6.9306294,9966.0,7.0,ext-sg50-016,,,-113,-6.0,False,False,,,,,,float
2026-05-28 07:58:33.579751+00:00,stratolink-3-eu,EU,STALE,40.3360686,-6.9306294,9966.0,7.0,niharramikrotik,40.589325292876616,-4.838257133960725,-114,-8.25,False,True,179.2370108968522,179.64787436001166,2.373854416723144,3.9857693550496145,80.28275119777953,float
2026-05-28 07:58:33.579751+00:00,stratolink-3-eu,EU,STALE,40.3360686,-6.9306294,9966.0,7.0,mtcdtip02-l4e1-5,,,-114,-0.8,False,False,,,,,,float
2026-05-28 07:58:33.579751+00:00,stratolink-3-eu,EU,STALE,40.3360686,-6.9306294,9966.0,7.0,packetbroker,40.962541751597406,-5.675446072867432,-114,-7.25,True,True,126.74972379901835,127.23762708037926,3.922178388453694,5.062064465542923,56.25390131029309,float
2026-05-28 07:58:33.579751+00:00,stratolink-3-eu,EU,STALE,40.3360686,-6.9306294,9966.0,7.0,mjv-casas,,,-114,1.0,False,False,,,,,,float
2026-05-28 07:58:33.579751+00:00,stratolink-3-eu,EU,STALE,40.3360686,-6.9306294,9966.0,7.0,ext-sg50-023,,,-114,3.0,False,False,,,,,,float
2026-05-28 07:58:33.579751+00:00,stratolink-3-eu,EU,STALE,40.3360686,-6.9306294,9966.0,7.0,d401c3ffff6d00a4,,,-115,-4.25,False,False,,,,,,float
2026-05-28 07:58:33.579751+00:00,stratolink-3-eu,EU,STALE,40.3360686,-6.9306294,9966.0,7.0,ext-sg50-024,,,-115,2.0,False,False,,,,,,float
2026-05-28 07:58:33.579751+00:00,stratolink-3-eu,EU,STALE,40.3360686,-6.9306294,9966.0,7.0,ext-sg50-026,,,-115,-2.0,False,False,,,,,,float
2026-05-28 07:58:33.579751+00:00,stratolink-3-eu,EU,STALE,40.3360686,-6.9306294,9966.0,7.0,ext-sg50-028,,,-116,0.5,False,False,,,,,,float
2026-05-28 07:58:33.579751+00:00,stratolink-3-eu,EU,STALE,40.3360686,-6.9306294,9966.0,7.0,tef-mls-01,40.108033,-6.632828,-116,0.2,False,True,35.80829520776795,37.19620337538116,15.380082222422748,15.702113513129127,134.98554723102086,float
2026-05-28 07:58:33.579751+00:00,stratolink-3-eu,EU,STALE,40.3360686,-6.9306294,9966.0,7.0,ext-sg50-021,,,-116,-1.0,False,False,,,,,,float
2026-05-28 07:58:33.579751+00:00,stratolink-3-eu,EU,STALE,40.3360686,-6.9306294,9966.0,7.0,mitigasmart-cc,,,-117,-5.0,False,False,,,,,,float
2026-05-28 07:58:33.579751+00:00,stratolink-3-eu,EU,STALE,40.3360686,-6.9306294,9966.0,7.0,sg50-eui-c0ba1ffffe004945,,,-117,-3.2,False,False,,,,,,float
2026-05-28 07:58:33.579751+00:00,stratolink-3-eu,EU,STALE,40.3360686,-6.9306294,9966.0,7.0,eui-fcc23dfffe2de1ed,,,-118,-6.75,False,False,,,,,,float
2026-05-28 07:58:33.579751+00:00,stratolink-3-eu,EU,STALE,40.3360686,-6.9306294,9966.0,7.0,ext-sg50-017,,,-118,-3.0,False,False,,,,,,float
2026-05-28 07:58:33.579751+00:00,stratolink-3-eu,EU,STALE,40.3360686,-6.9306294,9966.0,7.0,ext-sg50-022,,,-119,-4.0,False,False,,,,,,float
2026-05-28 08:03:41.691948+00:00,stratolink-3-eu,EU,STALE,40.3360686,-6.9306294,9966.0,7.0,mtcdtip02-l4e1-3,,,-104,2.5,False,False,,,,,,float
2026-05-28 08:03:41.691948+00:00,stratolink-3-eu,EU,STALE,40.3360686,-6.9306294,9966.0,7.0,mtcdtip02-l4e1-7,,,-108,2.8,False,False,,,,,,float
2026-05-28 08:03:41.691948+00:00,stratolink-3-eu,EU,STALE,40.3360686,-6.9306294,9966.0,7.0,cdtic-multitech-5,40.0702558044694,-6.65818959474564,-108,4.0,False,True,37.536027640288886,38.864822569548465,14.689323011448117,15.02689215174913,141.8580888512481,float
2026-05-28 08:03:41.691948+00:00,stratolink-3-eu,EU,STALE,40.3360686,-6.9306294,9966.0,7.0,jfmateos-rak7250-rioseco,39.9775352459947,-6.04510360141884,-110,-1.5,False,True,85.16300951890007,85.80965241886045,6.286334097387444,7.052222384351239,117.62655151955778,float
2026-05-28 08:03:41.691948+00:00,stratolink-3-eu,EU,STALE,40.3360686,-6.9306294,9966.0,7.0,mtcdtip02-l4e1-9,,,-110,-2.8,False,False,,,,,,float
2026-05-28 08:03:41.691948+00:00,stratolink-3-eu,EU,STALE,40.3360686,-6.9306294,9966.0,7.0,mtcdtip02-l4e1-4,,,-110,-8.0,False,False,,,,,,float
2026-05-28 08:03:41.691948+00:00,stratolink-3-eu,EU,STALE,40.3360686,-6.9306294,9966.0,7.0,cicytex-icmc-002,,,-111,-5.5,False,False,,,,,,float
2026-05-28 08:03:41.691948+00:00,stratolink-3-eu,EU,STALE,40.3360686,-6.9306294,9966.0,7.0,mtcdtip02-l4e1-15,,,-111,-0.8,False,False,,,,,,float
2026-05-28 08:03:41.691948+00:00,stratolink-3-eu,EU,STALE,40.3360686,-6.9306294,9966.0,7.0,ext-sg50-018,,,-111,1.2,False,False,,,,,,float
2026-05-28 08:03:41.691948+00:00,stratolink-3-eu,EU,STALE,40.3360686,-6.9306294,9966.0,7.0,mtcdtip02-l4e1-16,,,-112,-4.2,False,False,,,,,,float
2026-05-28 08:03:41.691948+00:00,stratolink-3-eu,EU,STALE,40.3360686,-6.9306294,9966.0,7.0,ext-sg50-023,,,-112,4.0,False,False,,,,,,float
2026-05-28 08:03:41.691948+00:00,stratolink-3-eu,EU,STALE,40.3360686,-6.9306294,9966.0,7.0,cte-escolas-2,38.64311,-7.54788,-113,-6.5,False,True,195.55714870790874,195.9559497657786,2.035541308758902,3.7942265698081266,195.912278065193,float
2026-05-28 08:03:41.691948+00:00,stratolink-3-eu,EU,STALE,40.3360686,-6.9306294,9966.0,7.0,ext-sg50-024,,,-114,2.8,False,False,,,,,,float
2026-05-28 08:03:41.691948+00:00,stratolink-3-eu,EU,STALE,40.3360686,-6.9306294,9966.0,7.0,mjv-casas,,,-115,-1.2,False,False,,,,,,float
2026-05-28 08:03:41.691948+00:00,stratolink-3-eu,EU,STALE,40.3360686,-6.9306294,9966.0,7.0,d401c3ffff6d00a4,,,-115,-2.25,False,False,,,,,,float
2026-05-28 08:03:41.691948+00:00,stratolink-3-eu,EU,STALE,40.3360686,-6.9306294,9966.0,7.0,ext-sg50-026,,,-115,-1.5,False,False,,,,,,float
2026-05-28 08:03:41.691948+00:00,stratolink-3-eu,EU,STALE,40.3360686,-6.9306294,9966.0,7.0,ext-sg50-029,,,-115,-0.2,False,False,,,,,,float
2026-05-28 08:03:41.691948+00:00,stratolink-3-eu,EU,STALE,40.3360686,-6.9306294,9966.0,7.0,cdtic-multitech-4,39.4920534590841,-6.57908320426941,-115,-4.8,False,True,98.5230068429558,99.10143466267594,5.328435860028894,6.214473323521196,162.16982111099583,float
2026-05-28 08:03:41.691948+00:00,stratolink-3-eu,EU,STALE,40.3360686,-6.9306294,9966.0,7.0,ext-sg50-028,,,-116,-3.0,False,False,,,,,,float
2026-05-28 08:03:41.691948+00:00,stratolink-3-eu,EU,STALE,40.3360686,-6.9306294,9966.0,7.0,ext-sg50-022,,,-116,-0.5,False,False,,,,,,float
2026-05-28 08:03:41.691948+00:00,stratolink-3-eu,EU,STALE,40.3360686,-6.9306294,9966.0,7.0,tef-mls-01,40.108033,-6.632828,-116,-2.0,False,True,35.80829520776795,37.19620337538116,15.380082222422748,15.702113513129127,134.98554723102086,float
2026-05-28 08:03:41.691948+00:00,stratolink-3-eu,EU,STALE,40.3360686,-6.9306294,9966.0,7.0,mitigasmart-cc,,,-116,-2.2,False,False,,,,,,float
2026-05-28 08:03:41.691948+00:00,stratolink-3-eu,EU,STALE,40.3360686,-6.9306294,9966.0,7.0,ext-sg50-021,,,-116,-2.0,False,False,,,,,,float
2026-05-28 08:03:41.691948+00:00,stratolink-3-eu,EU,STALE,40.3360686,-6.9306294,9966.0,7.0,ext-sg50-016,,,-116,-2.8,False,False,,,,,,float
2026-05-28 08:03:41.691948+00:00,stratolink-3-eu,EU,STALE,40.3360686,-6.9306294,9966.0,7.0,ext-sg50-015,,,-117,-3.5,False,False,,,,,,float
2026-05-28 08:03:41.691948+00:00,stratolink-3-eu,EU,STALE,40.3360686,-6.9306294,9966.0,7.0,eui-fcc23dfffe2de1ed,,,-118,-4.0,False,False,,,,,,float
2026-05-28 08:03:41.691948+00:00,stratolink-3-eu,EU,STALE,40.3360686,-6.9306294,9966.0,7.0,sg50-eui-c0ba1ffffe004945,,,-118,-5.2,False,False,,,,,,float
2026-05-28 08:08:49.819537+00:00,stratolink-3-eu,EU,STALE,40.3360686,-6.9306294,9966.0,7.0,mtcdtip02-l4e1-15,,,-108,0.2,False,False,,,,,,float
2026-05-28 08:08:49.819537+00:00,stratolink-3-eu,EU,STALE,40.3360686,-6.9306294,9966.0,7.0,mtcdtip02-l4e1-9,,,-110,-1.5,False,False,,,,,,float
2026-05-28 08:08:49.819537+00:00,stratolink-3-eu,EU,STALE,40.3360686,-6.9306294,9966.0,7.0,terraprima-lora-1-black-lte,,,-110,-8.25,False,False,,,,,,float
2026-05-28 08:08:49.819537+00:00,stratolink-3-eu,EU,STALE,40.3360686,-6.9306294,9966.0,7.0,mtcdtip02-l4e1-3,,,-110,-3.8,False,False,,,,,,float
2026-05-28 08:08:49.819537+00:00,stratolink-3-eu,EU,STALE,40.3360686,-6.9306294,9966.0,7.0,cicytex-icmc-002,,,-111,-6.0,False,False,,,,,,float
2026-05-28 08:08:49.819537+00:00,stratolink-3-eu,EU,STALE,40.3360686,-6.9306294,9966.0,7.0,cdtic-multitech-5,40.0702558044694,-6.65818959474564,-111,5.2,False,True,37.536027640288886,38.864822569548465,14.689323011448117,15.02689215174913,141.8580888512481,float
2026-05-28 08:08:49.819537+00:00,stratolink-3-eu,EU,STALE,40.3360686,-6.9306294,9966.0,7.0,mtcdtip02-l4e1-7,,,-111,2.5,False,False,,,,,,float
2026-05-28 08:08:49.819537+00:00,stratolink-3-eu,EU,STALE,40.3360686,-6.9306294,9966.0,7.0,ext-dlos8-007,,,-112,-7.0,False,False,,,,,,float
2026-05-28 08:08:49.819537+00:00,stratolink-3-eu,EU,STALE,40.3360686,-6.9306294,9966.0,7.0,ext-sg50-018,,,-112,2.0,False,False,,,,,,float
2026-05-28 08:08:49.819537+00:00,stratolink-3-eu,EU,STALE,40.3360686,-6.9306294,9966.0,7.0,cdtic-multitech-4,39.4920534590841,-6.57908320426941,-113,0.2,False,True,98.5230068429558,99.10143466267594,5.328435860028894,6.214473323521196,162.16982111099583,float
2026-05-28 08:08:49.819537+00:00,stratolink-3-eu,EU,STALE,40.3360686,-6.9306294,9966.0,7.0,mtcdtip02-l4e1-5,,,-113,-2.2,False,False,,,,,,float
2026-05-28 08:08:49.819537+00:00,stratolink-3-eu,EU,STALE,40.3360686,-6.9306294,9966.0,7.0,ext-sg50-026,,,-114,-0.5,False,False,,,,,,float
2026-05-28 08:08:49.819537+00:00,stratolink-3-eu,EU,STALE,40.3360686,-6.9306294,9966.0,7.0,ext-sg50-015,,,-114,2.8,False,False,,,,,,float
2026-05-28 08:08:49.819537+00:00,stratolink-3-eu,EU,STALE,40.3360686,-6.9306294,9966.0,7.0,ext-sg50-017,,,-114,3.8,False,False,,,,,,float
2026-05-28 08:08:49.819537+00:00,stratolink-3-eu,EU,STALE,40.3360686,-6.9306294,9966.0,7.0,ext-sg50-029,,,-114,-3.5,False,False,,,,,,float
2026-05-28 08:08:49.819537+00:00,stratolink-3-eu,EU,STALE,40.3360686,-6.9306294,9966.0,7.0,mtcdtip02-l4e1-11,,,-115,-6.8,False,False,,,,,,float
2026-05-28 08:08:49.819537+00:00,stratolink-3-eu,EU,STALE,40.3360686,-6.9306294,9966.0,7.0,mtcdtip02-l4e1-16,,,-115,-3.5,False,False,,,,,,float
2026-05-28 08:08:49.819537+00:00,stratolink-3-eu,EU,STALE,40.3360686,-6.9306294,9966.0,7.0,ext-sg50-024,,,-115,2.8,False,False,,,,,,float
2026-05-28 08:08:49.819537+00:00,stratolink-3-eu,EU,STALE,40.3360686,-6.9306294,9966.0,7.0,ext-sg50-028,,,-115,1.2,False,False,,,,,,float
2026-05-28 08:08:49.819537+00:00,stratolink-3-eu,EU,STALE,40.3360686,-6.9306294,9966.0,7.0,ext-sg50-021,,,-116,,False,False,,,,,,float
2026-05-28 08:08:49.819537+00:00,stratolink-3-eu,EU,STALE,40.3360686,-6.9306294,9966.0,7.0,eui-fcc23dfffe2de1ed,,,-117,-3.5,False,False,,,,,,float
2026-05-28 08:08:49.819537+00:00,stratolink-3-eu,EU,STALE,40.3360686,-6.9306294,9966.0,7.0,ext-sg50-016,,,-117,-5.5,False,False,,,,,,float
2026-05-28 08:08:49.819537+00:00,stratolink-3-eu,EU,STALE,40.3360686,-6.9306294,9966.0,7.0,mitigasmart-cc,,,-118,-6.0,False,False,,,,,,float
2026-05-28 08:08:49.819537+00:00,stratolink-3-eu,EU,STALE,40.3360686,-6.9306294,9966.0,7.0,tef-mls-01,40.108033,-6.632828,-118,-2.8,False,True,35.80829520776795,37.19620337538116,15.380082222422748,15.702113513129127,134.98554723102086,float
2026-05-28 08:08:49.819537+00:00,stratolink-3-eu,EU,STALE,40.3360686,-6.9306294,9966.0,7.0,ext-sg50-022,,,-119,-2.5,False,False,,,,,,float
2026-05-28 08:08:49.819537+00:00,stratolink-3-eu,EU,STALE,40.3360686,-6.9306294,9966.0,7.0,sg50-eui-c0ba1ffffe004945,,,-119,-7.8,False,False,,,,,,float
2026-05-28 08:08:49.819537+00:00,stratolink-3-eu,EU,STALE,40.3360686,-6.9306294,9966.0,7.0,v3-eui-b827ebfffebf1f02,40.13814,-7.50059,-120,-3.5,False,True,53.151064223926134,54.11801457616337,10.372667570057866,10.850665914160297,245.72307720083202,float
2026-05-28 08:08:49.819537+00:00,stratolink-3-eu,EU,STALE,40.3360686,-6.9306294,9966.0,7.0,gw-valeserrano,,,-120,-8.5,False,False,,,,,,float
2026-05-28 08:13:51.314686+00:00,stratolink-3-eu,EU,FRESH,40.3360686,-6.6141145,10020.0,7.0,mtcdtip02-l4e1-3,,,-105,-1.5,False,False,,,,,,float
2026-05-28 08:13:51.314686+00:00,stratolink-3-eu,EU,FRESH,40.3360686,-6.6141145,10020.0,7.0,mtcdtip02-l4e1-9,,,-107,0.2,False,False,,,,,,float
2026-05-28 08:13:51.314686+00:00,stratolink-3-eu,EU,FRESH,40.3360686,-6.6141145,10020.0,7.0,cicytex-ic003,,,-108,-4.0,False,False,,,,,,float
2026-05-28 08:13:51.314686+00:00,stratolink-3-eu,EU,FRESH,40.3360686,-6.6141145,10020.0,7.0,mjv-casas,,,-110,0.8,False,False,,,,,,float
2026-05-28 08:13:51.314686+00:00,stratolink-3-eu,EU,FRESH,40.3360686,-6.6141145,10020.0,7.0,mtcdtip02-l4e1-7,,,-110,2.0,False,False,,,,,,float
2026-05-28 08:13:51.314686+00:00,stratolink-3-eu,EU,FRESH,40.3360686,-6.6141145,10020.0,7.0,mtcdtip02-l4e1-15,,,-110,3.0,False,False,,,,,,float
2026-05-28 08:13:51.314686+00:00,stratolink-3-eu,EU,FRESH,40.3360686,-6.6141145,10020.0,7.0,mtcdtip02-l4e1-12,,,-110,-7.5,False,False,,,,,,float
2026-05-28 08:13:51.314686+00:00,stratolink-3-eu,EU,FRESH,40.3360686,-6.6141145,10020.0,7.0,mtcdtip02-l4e1-5,,,-110,-1.5,False,False,,,,,,float
2026-05-28 08:13:51.314686+00:00,stratolink-3-eu,EU,FRESH,40.3360686,-6.6141145,10020.0,7.0,cicytex-icmc-002,,,-111,-6.3,False,False,,,,,,float
2026-05-28 08:13:51.314686+00:00,stratolink-3-eu,EU,FRESH,40.3360686,-6.6141145,10020.0,7.0,ext-dlos8-007,,,-111,-5.8,False,False,,,,,,float
2026-05-28 08:13:51.314686+00:00,stratolink-3-eu,EU,FRESH,40.3360686,-6.6141145,10020.0,7.0,ext-sg50-018,,,-111,-3.8,False,False,,,,,,float
2026-05-28 08:13:51.314686+00:00,stratolink-3-eu,EU,FRESH,40.3360686,-6.6141145,10020.0,7.0,ext-sg50-029,,,-112,4.2,False,False,,,,,,float
2026-05-28 08:13:51.314686+00:00,stratolink-3-eu,EU,FRESH,40.3360686,-6.6141145,10020.0,7.0,cdtic-multitech-4,39.4920534590841,-6.57908320426941,-113,-1.0,False,True,93.89787390544164,94.50353385073937,5.663997414443472,6.508440115579918,178.16534561676087,float
2026-05-28 08:13:51.314686+00:00,stratolink-3-eu,EU,FRESH,40.3360686,-6.6141145,10020.0,7.0,ext-sg50-017,,,-114,0.5,False,False,,,,,,float
2026-05-28 08:13:51.314686+00:00,stratolink-3-eu,EU,FRESH,40.3360686,-6.6141145,10020.0,7.0,d401c3ffff6d00a4,,,-114,-3.0,False,False,,,,,,float
2026-05-28 08:13:51.314686+00:00,stratolink-3-eu,EU,FRESH,40.3360686,-6.6141145,10020.0,7.0,ext-sg50-026,,,-115,-1.8,False,False,,,,,,float
2026-05-28 08:13:51.314686+00:00,stratolink-3-eu,EU,FRESH,40.3360686,-6.6141145,10020.0,7.0,ext-sg50-024,,,-115,2.5,False,False,,,,,,float
2026-05-28 08:13:51.314686+00:00,stratolink-3-eu,EU,FRESH,40.3360686,-6.6141145,10020.0,7.0,ext-sg50-028,,,-115,0.5,False,False,,,,,,float
2026-05-28 08:13:51.314686+00:00,stratolink-3-eu,EU,FRESH,40.3360686,-6.6141145,10020.0,7.0,ext-sg50-015,,,-115,1.5,False,False,,,,,,float
2026-05-28 08:13:51.314686+00:00,stratolink-3-eu,EU,FRESH,40.3360686,-6.6141145,10020.0,7.0,ext-sg50-016,,,-116,-3.5,False,False,,,,,,float
2026-05-28 08:13:51.314686+00:00,stratolink-3-eu,EU,FRESH,40.3360686,-6.6141145,10020.0,7.0,ext-sg50-021,,,-116,-0.5,False,False,,,,,,float
2026-05-28 08:13:51.314686+00:00,stratolink-3-eu,EU,FRESH,40.3360686,-6.6141145,10020.0,7.0,ext-sg50-022,,,-117,0.5,False,False,,,,,,float
2026-05-28 08:13:51.314686+00:00,stratolink-3-eu,EU,FRESH,40.3360686,-6.6141145,10020.0,7.0,mitigasmart-cc,,,-117,-5.0,False,False,,,,,,float
2026-05-28 08:13:51.314686+00:00,stratolink-3-eu,EU,FRESH,40.3360686,-6.6141145,10020.0,7.0,tef-mls-01,40.108033,-6.632828,-117,-4.2,False,True,25.406165605369193,27.3292510267965,21.39426738485413,21.622750205784566,183.59149461155747,float
2026-05-28 08:13:51.314686+00:00,stratolink-3-eu,EU,FRESH,40.3360686,-6.6141145,10020.0,7.0,sg50-eui-c0ba1ffffe004945,,,-118,-5.5,False,False,,,,,,float
2026-05-28 08:13:51.314686+00:00,stratolink-3-eu,EU,FRESH,40.3360686,-6.6141145,10020.0,7.0,ext-sg50-011,,,-119,-8.2,False,False,,,,,,float
2026-05-28 08:13:51.314686+00:00,stratolink-3-eu,EU,FRESH,40.3360686,-6.6141145,10020.0,7.0,gw-valeserrano,,,-121,-7.2,False,False,,,,,,float
2026-05-28 08:17:03.123266+00:00,stratolink-3-eu,EU,FRESH,40.5546212,-6.6065457,10016.0,7.0,mtcdtip02-l4e1-3,,,-102,3.5,False,False,,,,,,float
2026-05-28 08:17:03.123266+00:00,stratolink-3-eu,EU,FRESH,40.5546212,-6.6065457,10016.0,7.0,ext-sg50-020,,,-104,-7.2,False,False,,,,,,float
2026-05-28 08:17:03.123266+00:00,stratolink-3-eu,EU,FRESH,40.5546212,-6.6065457,10016.0,7.0,mtcdtip02-l4e1-5,,,-109,-5.8,False,False,,,,,,float
2026-05-28 08:17:03.123266+00:00,stratolink-3-eu,EU,FRESH,40.5546212,-6.6065457,10016.0,7.0,mtcdtip02-l4e1-9,,,-109,-1.0,False,False,,,,,,float
2026-05-28 08:17:03.123266+00:00,stratolink-3-eu,EU,FRESH,40.5546212,-6.6065457,10016.0,7.0,cicytex-icmc-002,,,-110,-5.8,False,False,,,,,,float
2026-05-28 08:17:03.123266+00:00,stratolink-3-eu,EU,FRESH,40.5546212,-6.6065457,10016.0,7.0,cicytex-ic003,,,-110,-4.8,False,False,,,,,,float
2026-05-28 08:17:03.123266+00:00,stratolink-3-eu,EU,FRESH,40.5546212,-6.6065457,10016.0,7.0,mtcdtip02-l4e1-15,,,-111,1.5,False,False,,,,,,float
2026-05-28 08:17:03.123266+00:00,stratolink-3-eu,EU,FRESH,40.5546212,-6.6065457,10016.0,7.0,mtcdtip02-l4e1-7,,,-111,,False,False,,,,,,float
2026-05-28 08:17:03.123266+00:00,stratolink-3-eu,EU,FRESH,40.5546212,-6.6065457,10016.0,7.0,ext-sg50-029,,,-111,1.0,False,False,,,,,,float
2026-05-28 08:17:03.123266+00:00,stratolink-3-eu,EU,FRESH,40.5546212,-6.6065457,10016.0,7.0,jfmateos-rak7250-rioseco,39.9775352459947,-6.04510360141884,-112,-3.75,False,True,79.91801575433334,80.60500346493858,6.778539063605505,7.497258053568435,143.22928168900762,float
2026-05-28 08:17:03.123266+00:00,stratolink-3-eu,EU,FRESH,40.5546212,-6.6065457,10016.0,7.0,ext-dlos8-007,,,-113,-5.5,False,False,,,,,,float
2026-05-28 08:17:03.123266+00:00,stratolink-3-eu,EU,FRESH,40.5546212,-6.6065457,10016.0,7.0,ext-sg50-021,,,-113,4.5,False,False,,,,,,float
2026-05-28 08:17:03.123266+00:00,stratolink-3-eu,EU,FRESH,40.5546212,-6.6065457,10016.0,7.0,mjv-casas,,,-114,-1.0,False,False,,,,,,float
2026-05-28 08:17:03.123266+00:00,stratolink-3-eu,EU,FRESH,40.5546212,-6.6065457,10016.0,7.0,cte-escolas-2,38.64311,-7.54788,-114,-8.0,False,True,227.3338176403089,227.72075286950675,1.4982621869773125,3.542721502649149,201.0805984371968,float
2026-05-28 08:17:03.123266+00:00,stratolink-3-eu,EU,FRESH,40.5546212,-6.6065457,10016.0,7.0,ext-sg50-017,,,-114,3.5,False,False,,,,,,float
2026-05-28 08:17:03.123266+00:00,stratolink-3-eu,EU,FRESH,40.5546212,-6.6065457,10016.0,7.0,d401c3ffff6d00a4,,,-115,-1.25,False,False,,,,,,float
2026-05-28 08:17:03.123266+00:00,stratolink-3-eu,EU,FRESH,40.5546212,-6.6065457,10016.0,7.0,cdtic-multitech-5,40.0702558044694,-6.65818959474564,-115,2.5,False,True,54.036757372870724,54.99876744490439,10.249793154487396,10.735756717437827,184.66476227301925,float
2026-05-28 08:17:03.123266+00:00,stratolink-3-eu,EU,FRESH,40.5546212,-6.6065457,10016.0,7.0,ext-sg50-018,,,-115,-9.2,False,False,,,,,,float
2026-05-28 08:17:03.123266+00:00,stratolink-3-eu,EU,FRESH,40.5546212,-6.6065457,10016.0,7.0,cdtic-multitech-4,39.4920534590841,-6.57908320426941,-115,-2.8,False,True,118.17544228709082,118.689973190781,4.309232229714853,5.372008047124018,178.85730493723963,float
2026-05-28 08:17:03.123266+00:00,stratolink-3-eu,EU,FRESH,40.5546212,-6.6065457,10016.0,7.0,mtcdtip02-l4e1-16,,,-115,-4.5,False,False,,,,,,float
2026-05-28 08:17:03.123266+00:00,stratolink-3-eu,EU,FRESH,40.5546212,-6.6065457,10016.0,7.0,ext-sg50-026,,,-115,-1.5,False,False,,,,,,float
2026-05-28 08:17:03.123266+00:00,stratolink-3-eu,EU,FRESH,40.5546212,-6.6065457,10016.0,7.0,ext-sg50-027,,,-115,-4.8,False,False,,,,,,float
2026-05-28 08:17:03.123266+00:00,stratolink-3-eu,EU,FRESH,40.5546212,-6.6065457,10016.0,7.0,ctaex-lora-one,,,-116,-8.5,False,False,,,,,,float
2026-05-28 08:17:03.123266+00:00,stratolink-3-eu,EU,FRESH,40.5546212,-6.6065457,10016.0,7.0,ext-sg50-024,,,-116,0.8,False,False,,,,,,float
2026-05-28 08:17:03.123266+00:00,stratolink-3-eu,EU,FRESH,40.5546212,-6.6065457,10016.0,7.0,ext-sg50-015,,,-116,0.5,False,False,,,,,,float
2026-05-28 08:17:03.123266+00:00,stratolink-3-eu,EU,FRESH,40.5546212,-6.6065457,10016.0,7.0,ext-sg50-028,,,-116,-0.2,False,False,,,,,,float
2026-05-28 08:17:03.123266+00:00,stratolink-3-eu,EU,FRESH,40.5546212,-6.6065457,10016.0,7.0,tef-mls-01,40.108033,-6.632828,-116,0.8,False,True,49.70835874177939,50.74557338515633,11.159997996662439,11.607035389300211,182.5772617989631,float
2026-05-28 08:17:03.123266+00:00,stratolink-3-eu,EU,FRESH,40.5546212,-6.6065457,10016.0,7.0,eui-fcc23dfffe2de1ed,,,-117,-4.75,False,False,,,,,,float
2026-05-28 08:17:03.123266+00:00,stratolink-3-eu,EU,FRESH,40.5546212,-6.6065457,10016.0,7.0,v3-eui-b827ebfffebf1f02,40.13814,-7.50059,-117,-0.8,False,True,88.79884842829576,89.43055648644781,6.031026465452358,6.829612592121673,238.85578911120103,float
2026-05-28 08:17:03.123266+00:00,stratolink-3-eu,EU,FRESH,40.5546212,-6.6065457,10016.0,7.0,ext-sg50-016,,,-117,-6.5,False,False,,,,,,float
2026-05-28 08:17:03.123266+00:00,stratolink-3-eu,EU,FRESH,40.5546212,-6.6065457,10016.0,7.0,mitigasmart-cc,,,-118,-5.5,False,False,,,,,,float
2026-05-28 08:17:03.123266+00:00,stratolink-3-eu,EU,FRESH,40.5546212,-6.6065457,10016.0,7.0,sg50-eui-c0ba1ffffe004945,,,-119,-7.2,False,False,,,,,,float
2026-05-28 08:17:03.123266+00:00,stratolink-3-eu,EU,FRESH,40.5546212,-6.6065457,10016.0,7.0,ext-sg50-011,,,-120,-8.0,False,False,,,,,,float
2026-05-28 08:22:11.072300+00:00,stratolink-3-eu,EU,STALE,40.5546212,-6.6065457,10016.0,7.0,ext-sg50-018,,,-107,-8.2,False,False,,,,,,float
2026-05-28 08:22:11.072300+00:00,stratolink-3-eu,EU,STALE,40.5546212,-6.6065457,10016.0,7.0,mtcdtip02-l4e1-3,,,-107,2.5,False,False,,,,,,float
2026-05-28 08:22:11.072300+00:00,stratolink-3-eu,EU,STALE,40.5546212,-6.6065457,10016.0,7.0,mtcdtip02-l4e1-9,,,-108,-1.2,False,False,,,,,,float
2026-05-28 08:22:11.072300+00:00,stratolink-3-eu,EU,STALE,40.5546212,-6.6065457,10016.0,7.0,cdtic-multitech-5,40.0702558044694,-6.65818959474564,-110,2.0,False,True,54.036757372870724,54.99876744490439,10.249793154487396,10.735756717437827,184.66476227301925,float
2026-05-28 08:22:11.072300+00:00,stratolink-3-eu,EU,STALE,40.5546212,-6.6065457,10016.0,7.0,mtcdtip02-l4e1-15,,,-110,3.5,False,False,,,,,,float
2026-05-28 08:22:11.072300+00:00,stratolink-3-eu,EU,STALE,40.5546212,-6.6065457,10016.0,7.0,mtcdtip02-l4e1-7,,,-110,1.5,False,False,,,,,,float
2026-05-28 08:22:11.072300+00:00,stratolink-3-eu,EU,STALE,40.5546212,-6.6065457,10016.0,7.0,mjv-casas,,,-111,-4.0,False,False,,,,,,float
2026-05-28 08:22:11.072300+00:00,stratolink-3-eu,EU,STALE,40.5546212,-6.6065457,10016.0,7.0,mtcdtip02-l4e1-16,,,-111,-6.0,False,False,,,,,,float
2026-05-28 08:22:11.072300+00:00,stratolink-3-eu,EU,STALE,40.5546212,-6.6065457,10016.0,7.0,mtcdtip02-l4e1-5,,,-111,0.8,False,False,,,,,,float
2026-05-28 08:22:11.072300+00:00,stratolink-3-eu,EU,STALE,40.5546212,-6.6065457,10016.0,7.0,ext-sg50-029,,,-111,5.2,False,False,,,,,,float
2026-05-28 08:22:11.072300+00:00,stratolink-3-eu,EU,STALE,40.5546212,-6.6065457,10016.0,7.0,adismonta-rak7289-alcuescar,,,-112,-8.2,False,False,,,,,,float
2026-05-28 08:22:11.072300+00:00,stratolink-3-eu,EU,STALE,40.5546212,-6.6065457,10016.0,7.0,jfmateos-rak7250-rioseco,39.9775352459947,-6.04510360141884,-112,-3.0,False,True,79.91801575433334,80.60500346493858,6.778539063605505,7.497258053568435,143.22928168900762,float
2026-05-28 08:22:11.072300+00:00,stratolink-3-eu,EU,STALE,40.5546212,-6.6065457,10016.0,7.0,ext-dlos8-007,,,-112,-5.8,False,False,,,,,,float
2026-05-28 08:22:11.072300+00:00,stratolink-3-eu,EU,STALE,40.5546212,-6.6065457,10016.0,7.0,ext-sg50-015,,,-112,4.8,False,False,,,,,,float
2026-05-28 08:22:11.072300+00:00,stratolink-3-eu,EU,STALE,40.5546212,-6.6065457,10016.0,7.0,ext-sg50-021,,,-112,4.8,False,False,,,,,,float
2026-05-28 08:22:11.072300+00:00,stratolink-3-eu,EU,STALE,40.5546212,-6.6065457,10016.0,7.0,ext-sg50-017,,,-113,2.5,False,False,,,,,,float
2026-05-28 08:22:11.072300+00:00,stratolink-3-eu,EU,STALE,40.5546212,-6.6065457,10016.0,7.0,mtcdtip02-l4e1-12,,,-113,-7.2,False,False,,,,,,float
2026-05-28 08:22:11.072300+00:00,stratolink-3-eu,EU,STALE,40.5546212,-6.6065457,10016.0,7.0,cicytex-unex-2,,,-114,-9.0,False,False,,,,,,float
2026-05-28 08:22:11.072300+00:00,stratolink-3-eu,EU,STALE,40.5546212,-6.6065457,10016.0,7.0,ext-sg50-024,,,-114,2.5,False,False,,,,,,float
2026-05-28 08:22:11.072300+00:00,stratolink-3-eu,EU,STALE,40.5546212,-6.6065457,10016.0,7.0,ext-sg50-027,,,-114,-3.2,False,False,,,,,,float
2026-05-28 08:22:11.072300+00:00,stratolink-3-eu,EU,STALE,40.5546212,-6.6065457,10016.0,7.0,cte-escolas-2,38.64311,-7.54788,-115,-8.0,False,True,227.3338176403089,227.72075286950675,1.4982621869773125,3.542721502649149,201.0805984371968,float
2026-05-28 08:22:11.072300+00:00,stratolink-3-eu,EU,STALE,40.5546212,-6.6065457,10016.0,7.0,d401c3ffff6d00a4,,,-115,-2.0,False,False,,,,,,float
2026-05-28 08:22:11.072300+00:00,stratolink-3-eu,EU,STALE,40.5546212,-6.6065457,10016.0,7.0,ext-sg50-026,,,-115,-1.2,False,False,,,,,,float
2026-05-28 08:22:11.072300+00:00,stratolink-3-eu,EU,STALE,40.5546212,-6.6065457,10016.0,7.0,ext-sg50-028,,,-117,-2.5,False,False,,,,,,float
2026-05-28 08:22:11.072300+00:00,stratolink-3-eu,EU,STALE,40.5546212,-6.6065457,10016.0,7.0,ext-sg50-016,,,-117,-6.5,False,False,,,,,,float
2026-05-28 08:22:11.072300+00:00,stratolink-3-eu,EU,STALE,40.5546212,-6.6065457,10016.0,7.0,tef-mls-01,40.108033,-6.632828,-117,-2.0,False,True,49.70835874177939,50.74557338515633,11.159997996662439,11.607035389300211,182.5772617989631,float
2026-05-28 08:22:11.072300+00:00,stratolink-3-eu,EU,STALE,40.5546212,-6.6065457,10016.0,7.0,mitigasmart-cc,,,-117,-4.5,False,False,,,,,,float
2026-05-28 08:22:11.072300+00:00,stratolink-3-eu,EU,STALE,40.5546212,-6.6065457,10016.0,7.0,eui-fcc23dfffe2de1ed,,,-118,-4.5,False,False,,,,,,float
2026-05-28 08:22:11.072300+00:00,stratolink-3-eu,EU,STALE,40.5546212,-6.6065457,10016.0,7.0,sg50-eui-c0ba1ffffe004945,,,-118,-7.2,False,False,,,,,,float
2026-05-28 08:27:19.141900+00:00,stratolink-3-eu,EU,STALE,40.5546212,-6.6065457,10016.0,7.0,mtcdtip02-l4e1-3,,,-102,-3.5,False,False,,,,,,float
2026-05-28 08:27:19.141900+00:00,stratolink-3-eu,EU,STALE,40.5546212,-6.6065457,10016.0,7.0,mtcdtip02-l4e1-9,,,-109,-1.5,False,False,,,,,,float
2026-05-28 08:27:19.141900+00:00,stratolink-3-eu,EU,STALE,40.5546212,-6.6065457,10016.0,7.0,cicytex-ic003,,,-110,-8.2,False,False,,,,,,float
2026-05-28 08:27:19.141900+00:00,stratolink-3-eu,EU,STALE,40.5546212,-6.6065457,10016.0,7.0,jfmateos-rak7250-rioseco,39.9775352459947,-6.04510360141884,-110,,False,True,79.91801575433334,80.60500346493858,6.778539063605505,7.497258053568435,143.22928168900762,float
2026-05-28 08:27:19.141900+00:00,stratolink-3-eu,EU,STALE,40.5546212,-6.6065457,10016.0,7.0,mtcdtip02-l4e1-15,,,-110,0.5,False,False,,,,,,float
2026-05-28 08:27:19.141900+00:00,stratolink-3-eu,EU,STALE,40.5546212,-6.6065457,10016.0,7.0,mjv-casas,,,-111,-7.5,False,False,,,,,,float
2026-05-28 08:27:19.141900+00:00,stratolink-3-eu,EU,STALE,40.5546212,-6.6065457,10016.0,7.0,mtcdtip02-l4e1-7,,,-111,-3.0,False,False,,,,,,float
2026-05-28 08:27:19.141900+00:00,stratolink-3-eu,EU,STALE,40.5546212,-6.6065457,10016.0,7.0,d401c3ffff6d00a4,,,-111,0.25,False,False,,,,,,float
2026-05-28 08:27:19.141900+00:00,stratolink-3-eu,EU,STALE,40.5546212,-6.6065457,10016.0,7.0,ext-sg50-029,,,-112,3.5,False,False,,,,,,float
2026-05-28 08:27:19.141900+00:00,stratolink-3-eu,EU,STALE,40.5546212,-6.6065457,10016.0,7.0,mtcdtip02-l4e1-5,,,-113,-4.2,False,False,,,,,,float
2026-05-28 08:27:19.141900+00:00,stratolink-3-eu,EU,STALE,40.5546212,-6.6065457,10016.0,7.0,ext-sg50-017,,,-114,2.8,False,False,,,,,,float
2026-05-28 08:27:19.141900+00:00,stratolink-3-eu,EU,STALE,40.5546212,-6.6065457,10016.0,7.0,ext-sg50-023,,,-114,3.2,False,False,,,,,,float
2026-05-28 08:27:19.141900+00:00,stratolink-3-eu,EU,STALE,40.5546212,-6.6065457,10016.0,7.0,packetbroker,40.962758045083945,-5.675633842073217,-115,-6.75,True,True,90.59351069043029,91.21550646453736,5.896603260229272,6.711329150082003,59.63413073911846,float
2026-05-28 08:27:19.141900+00:00,stratolink-3-eu,EU,STALE,40.5546212,-6.6065457,10016.0,7.0,cdtic-multitech-5,40.0702558044694,-6.65818959474564,-116,-4.2,False,True,54.036757372870724,54.99876744490439,10.249793154487396,10.735756717437827,184.66476227301925,float
2026-05-28 08:27:19.141900+00:00,stratolink-3-eu,EU,STALE,40.5546212,-6.6065457,10016.0,7.0,ext-sg50-021,,,-116,-2.2,False,False,,,,,,float
2026-05-28 08:27:19.141900+00:00,stratolink-3-eu,EU,STALE,40.5546212,-6.6065457,10016.0,7.0,ext-sg50-024,,,-116,0.2,False,False,,,,,,float
2026-05-28 08:27:19.141900+00:00,stratolink-3-eu,EU,STALE,40.5546212,-6.6065457,10016.0,7.0,ext-sg50-016,,,-116,-4.2,False,False,,,,,,float
2026-05-28 08:27:19.141900+00:00,stratolink-3-eu,EU,STALE,40.5546212,-6.6065457,10016.0,7.0,ext-sg50-026,,,-116,-8.2,False,False,,,,,,float
2026-05-28 08:27:19.141900+00:00,stratolink-3-eu,EU,STALE,40.5546212,-6.6065457,10016.0,7.0,ext-sg50-028,,,-117,-7.2,False,False,,,,,,float
2026-05-28 08:27:19.141900+00:00,stratolink-3-eu,EU,STALE,40.5546212,-6.6065457,10016.0,7.0,ext-sg50-015,,,-117,-5.8,False,False,,,,,,float
2026-05-28 08:27:19.141900+00:00,stratolink-3-eu,EU,STALE,40.5546212,-6.6065457,10016.0,7.0,eui-fcc23dfffe2de1ed,,,-118,-6.0,False,False,,,,,,float
2026-05-28 08:32:27.340426+00:00,stratolink-3-eu,EU,STALE,40.5546212,-6.6065457,10016.0,7.0,mtcdtip02-l4e1-3,,,-105,4.0,False,False,,,,,,float
2026-05-28 08:32:27.340426+00:00,stratolink-3-eu,EU,STALE,40.5546212,-6.6065457,10016.0,7.0,cicytex-icmc-002,,,-110,-5.8,False,False,,,,,,float
2026-05-28 08:32:27.340426+00:00,stratolink-3-eu,EU,STALE,40.5546212,-6.6065457,10016.0,7.0,mtcdtip02-l4e1-9,,,-110,0.2,False,False,,,,,,float
2026-05-28 08:32:27.340426+00:00,stratolink-3-eu,EU,STALE,40.5546212,-6.6065457,10016.0,7.0,jfmateos-rak7250-rioseco,39.9775352459947,-6.04510360141884,-110,3.75,False,True,79.91801575433334,80.60500346493858,6.778539063605505,7.497258053568435,143.22928168900762,float
2026-05-28 08:32:27.340426+00:00,stratolink-3-eu,EU,STALE,40.5546212,-6.6065457,10016.0,7.0,mjv-casas,,,-111,0.5,False,False,,,,,,float
2026-05-28 08:32:27.340426+00:00,stratolink-3-eu,EU,STALE,40.5546212,-6.6065457,10016.0,7.0,adismonta-rak7289-alcuescar,,,-111,-5.0,False,False,,,,,,float
2026-05-28 08:32:27.340426+00:00,stratolink-3-eu,EU,STALE,40.5546212,-6.6065457,10016.0,7.0,mtcdtip02-l4e1-7,,,-111,1.5,False,False,,,,,,float
2026-05-28 08:32:27.340426+00:00,stratolink-3-eu,EU,STALE,40.5546212,-6.6065457,10016.0,7.0,cicytex-ic003,,,-111,-4.8,False,False,,,,,,float
2026-05-28 08:32:27.340426+00:00,stratolink-3-eu,EU,STALE,40.5546212,-6.6065457,10016.0,7.0,mtcdtip02-l4e1-15,,,-111,-0.2,False,False,,,,,,float
2026-05-28 08:32:27.340426+00:00,stratolink-3-eu,EU,STALE,40.5546212,-6.6065457,10016.0,7.0,mtcdtip02-l4e1-1,,,-111,-3.8,False,False,,,,,,float
2026-05-28 08:32:27.340426+00:00,stratolink-3-eu,EU,STALE,40.5546212,-6.6065457,10016.0,7.0,ext-sg50-029,,,-111,6.5,False,False,,,,,,float
2026-05-28 08:32:27.340426+00:00,stratolink-3-eu,EU,STALE,40.5546212,-6.6065457,10016.0,7.0,ext-sg50-015,,,-112,5.0,False,False,,,,,,float
2026-05-28 08:32:27.340426+00:00,stratolink-3-eu,EU,STALE,40.5546212,-6.6065457,10016.0,7.0,packetbroker,40.962541751597406,-5.675446072867432,-113,-6.25,True,True,90.59526529695596,91.2172517874801,5.896474257039438,6.711215926425461,59.652285261369,float
2026-05-28 08:32:27.340426+00:00,stratolink-3-eu,EU,STALE,40.5546212,-6.6065457,10016.0,7.0,cdtic-multitech-5,40.0702558044694,-6.65818959474564,-114,0.2,False,True,54.036757372870724,54.99876744490439,10.249793154487396,10.735756717437827,184.66476227301925,float
2026-05-28 08:32:27.340426+00:00,stratolink-3-eu,EU,STALE,40.5546212,-6.6065457,10016.0,7.0,ext-sg50-018,,,-114,-2.5,False,False,,,,,,float
2026-05-28 08:32:27.340426+00:00,stratolink-3-eu,EU,STALE,40.5546212,-6.6065457,10016.0,7.0,ext-sg50-016,,,-116,-5.0,False,False,,,,,,float
2026-05-28 08:32:27.340426+00:00,stratolink-3-eu,EU,STALE,40.5546212,-6.6065457,10016.0,7.0,ext-sg50-024,,,-117,-0.2,False,False,,,,,,float
2026-05-28 08:32:27.340426+00:00,stratolink-3-eu,EU,STALE,40.5546212,-6.6065457,10016.0,7.0,ext-sg50-028,,,-118,-5.5,False,False,,,,,,float
2026-05-28 08:32:27.340426+00:00,stratolink-3-eu,EU,STALE,40.5546212,-6.6065457,10016.0,7.0,ext-sg50-017,,,-118,-3.0,False,False,,,,,,float
2026-05-28 08:32:27.340426+00:00,stratolink-3-eu,EU,STALE,40.5546212,-6.6065457,10016.0,7.0,ext-sg50-021,,,-118,-6.0,False,False,,,,,,float
2026-05-28 08:32:27.340426+00:00,stratolink-3-eu,EU,STALE,40.5546212,-6.6065457,10016.0,7.0,tef-mls-01,40.108033,-6.632828,-118,-2.8,False,True,49.70835874177939,50.74557338515633,11.159997996662439,11.607035389300211,182.5772617989631,float
2026-05-28 08:32:27.340426+00:00,stratolink-3-eu,EU,STALE,40.5546212,-6.6065457,10016.0,7.0,sg50-eui-c0ba1ffffe004945,,,-118,-4.2,False,False,,,,,,float
2026-05-28 08:32:27.340426+00:00,stratolink-3-eu,EU,STALE,40.5546212,-6.6065457,10016.0,7.0,italr0005,40.954279046747715,-4.142631590366364,-119,-5.25,False,True,212.23666262946918,212.62964147981972,1.7452200048144442,3.653907531130604,77.11143470418801,float
2026-05-28 08:37:35.413586+00:00,stratolink-3-eu,EU,STALE,40.5546212,-6.6065457,10016.0,7.0,cdtic-multitech-5,40.0702558044694,-6.65818959474564,-99,-11.0,False,True,54.036757372870724,54.99876744490439,10.249793154487396,10.735756717437827,184.66476227301925,float
2026-05-28 08:37:35.413586+00:00,stratolink-3-eu,EU,STALE,40.5546212,-6.6065457,10016.0,7.0,mtcdtip02-l4e1-3,,,-103,2.5,False,False,,,,,,float
2026-05-28 08:37:35.413586+00:00,stratolink-3-eu,EU,STALE,40.5546212,-6.6065457,10016.0,7.0,cicytex-ic003,,,-108,-2.8,False,False,,,,,,float
2026-05-28 08:37:35.413586+00:00,stratolink-3-eu,EU,STALE,40.5546212,-6.6065457,10016.0,7.0,mtcdtip02-l4e1-7,,,-109,1.0,False,False,,,,,,float
2026-05-28 08:37:35.413586+00:00,stratolink-3-eu,EU,STALE,40.5546212,-6.6065457,10016.0,7.0,mjv-casas,,,-110,-1.2,False,False,,,,,,float
2026-05-28 08:37:35.413586+00:00,stratolink-3-eu,EU,STALE,40.5546212,-6.6065457,10016.0,7.0,cicytex-icmc-002,,,-110,-5.5,False,False,,,,,,float
2026-05-28 08:37:35.413586+00:00,stratolink-3-eu,EU,STALE,40.5546212,-6.6065457,10016.0,7.0,mtcdtip02-l4e1-9,,,-110,-1.2,False,False,,,,,,float
2026-05-28 08:37:35.413586+00:00,stratolink-3-eu,EU,STALE,40.5546212,-6.6065457,10016.0,7.0,mtcdtip02-l4e1-15,,,-110,3.0,False,False,,,,,,float
2026-05-28 08:37:35.413586+00:00,stratolink-3-eu,EU,STALE,40.5546212,-6.6065457,10016.0,7.0,mtcdtip02-l4e1-11,,,-111,-7.2,False,False,,,,,,float
2026-05-28 08:37:35.413586+00:00,stratolink-3-eu,EU,STALE,40.5546212,-6.6065457,10016.0,7.0,ext-sg50-015,,,-111,5.2,False,False,,,,,,float
2026-05-28 08:37:35.413586+00:00,stratolink-3-eu,EU,STALE,40.5546212,-6.6065457,10016.0,7.0,mtcdtip02-l4e1-5,,,-111,-0.8,False,False,,,,,,float
2026-05-28 08:37:35.413586+00:00,stratolink-3-eu,EU,STALE,40.5546212,-6.6065457,10016.0,7.0,ext-dlos8-007,,,-112,-9.0,False,False,,,,,,float
2026-05-28 08:37:35.413586+00:00,stratolink-3-eu,EU,STALE,40.5546212,-6.6065457,10016.0,7.0,ext-sg50-018,,,-112,-1.2,False,False,,,,,,float
2026-05-28 08:37:35.413586+00:00,stratolink-3-eu,EU,STALE,40.5546212,-6.6065457,10016.0,7.0,d401c3ffff6d00a4,,,-113,-4.0,False,False,,,,,,float
2026-05-28 08:37:35.413586+00:00,stratolink-3-eu,EU,STALE,40.5546212,-6.6065457,10016.0,7.0,mtcdtip02-l4e1-16,,,-113,-7.5,False,False,,,,,,float
2026-05-28 08:37:35.413586+00:00,stratolink-3-eu,EU,STALE,40.5546212,-6.6065457,10016.0,7.0,mtcdtip02-l4e1-12,,,-113,-7.8,False,False,,,,,,float
2026-05-28 08:37:35.413586+00:00,stratolink-3-eu,EU,STALE,40.5546212,-6.6065457,10016.0,7.0,cte-escolas-2,38.64311,-7.54788,-114,-5.8,False,True,227.3338176403089,227.72075286950675,1.4982621869773125,3.542721502649149,201.0805984371968,float
2026-05-28 08:37:35.413586+00:00,stratolink-3-eu,EU,STALE,40.5546212,-6.6065457,10016.0,7.0,cdtic-multitech-4,39.4920534590841,-6.57908320426941,-114,-6.0,False,True,118.17544228709082,118.689973190781,4.309232229714853,5.372008047124018,178.85730493723963,float
2026-05-28 08:37:35.413586+00:00,stratolink-3-eu,EU,STALE,40.5546212,-6.6065457,10016.0,7.0,ext-sg50-029,,,-114,2.8,False,False,,,,,,float
2026-05-28 08:37:35.413586+00:00,stratolink-3-eu,EU,STALE,40.5546212,-6.6065457,10016.0,7.0,ext-sg50-024,,,-115,3.0,False,False,,,,,,float
2026-05-28 08:37:35.413586+00:00,stratolink-3-eu,EU,STALE,40.5546212,-6.6065457,10016.0,7.0,tef-mls-01,40.108033,-6.632828,-115,-3.2,False,True,49.70835874177939,50.74557338515633,11.159997996662439,11.607035389300211,182.5772617989631,float
2026-05-28 08:37:35.413586+00:00,stratolink-3-eu,EU,STALE,40.5546212,-6.6065457,10016.0,7.0,eui-fcc23dfffe2de1ed,,,-116,-3.0,False,False,,,,,,float
2026-05-28 08:37:35.413586+00:00,stratolink-3-eu,EU,STALE,40.5546212,-6.6065457,10016.0,7.0,packetbroker,40.962541751597406,-5.675446072867432,-116,-7.75,True,True,90.59526529695596,91.2172517874801,5.896474257039438,6.711215926425461,59.652285261369,float
2026-05-28 08:37:35.413586+00:00,stratolink-3-eu,EU,STALE,40.5546212,-6.6065457,10016.0,7.0,ext-sg50-016,,,-116,-4.2,False,False,,,,,,float
2026-05-28 08:37:35.413586+00:00,stratolink-3-eu,EU,STALE,40.5546212,-6.6065457,10016.0,7.0,ext-sg50-028,,,-117,-3.5,False,False,,,,,,float
2026-05-28 08:37:35.413586+00:00,stratolink-3-eu,EU,STALE,40.5546212,-6.6065457,10016.0,7.0,ext-sg50-021,,,-118,-8.0,False,False,,,,,,float
2026-05-28 08:37:35.413586+00:00,stratolink-3-eu,EU,STALE,40.5546212,-6.6065457,10016.0,7.0,sg50-eui-c0ba1ffffe004945,,,-118,-7.0,False,False,,,,,,float
2026-05-28 08:37:35.413586+00:00,stratolink-3-eu,EU,STALE,40.5546212,-6.6065457,10016.0,7.0,italr0005,40.954279046747715,-4.142631590366364,-122,-8.25,False,True,212.23666262946918,212.62964147981972,1.7452200048144442,3.653907531130604,77.11143470418801,float
2026-05-28 08:42:43.328515+00:00,stratolink-3-eu,EU,STALE,40.5546212,-6.6065457,10016.0,7.0,ext-sg50-020,,,-102,-7.5,False,False,,,,,,float
2026-05-28 08:42:43.328515+00:00,stratolink-3-eu,EU,STALE,40.5546212,-6.6065457,10016.0,7.0,mtcdtip02-l4e1-9,,,-105,1.8,False,False,,,,,,float
2026-05-28 08:42:43.328515+00:00,stratolink-3-eu,EU,STALE,40.5546212,-6.6065457,10016.0,7.0,mtcdtip02-l4e1-5,,,-109,-0.5,False,False,,,,,,float
2026-05-28 08:42:43.328515+00:00,stratolink-3-eu,EU,STALE,40.5546212,-6.6065457,10016.0,7.0,mtcdtip02-l4e1-7,,,-110,1.0,False,False,,,,,,float
2026-05-28 08:42:43.328515+00:00,stratolink-3-eu,EU,STALE,40.5546212,-6.6065457,10016.0,7.0,adismonta-rak7289-alcuescar,,,-111,-8.5,False,False,,,,,,float
2026-05-28 08:42:43.328515+00:00,stratolink-3-eu,EU,STALE,40.5546212,-6.6065457,10016.0,7.0,mtcdtip02-l4e1-15,,,-111,-2.0,False,False,,,,,,float
2026-05-28 08:42:43.328515+00:00,stratolink-3-eu,EU,STALE,40.5546212,-6.6065457,10016.0,7.0,jfmateos-rak7250-rioseco,39.9775352459947,-6.04510360141884,-111,,False,True,79.91801575433334,80.60500346493858,6.778539063605505,7.497258053568435,143.22928168900762,float
2026-05-28 08:42:43.328515+00:00,stratolink-3-eu,EU,STALE,40.5546212,-6.6065457,10016.0,7.0,ext-sg50-015,,,-111,4.8,False,False,,,,,,float
2026-05-28 08:42:43.328515+00:00,stratolink-3-eu,EU,STALE,40.5546212,-6.6065457,10016.0,7.0,ext-sg50-029,,,-111,4.2,False,False,,,,,,float
2026-05-28 08:42:43.328515+00:00,stratolink-3-eu,EU,STALE,40.5546212,-6.6065457,10016.0,7.0,mjv-casas,,,-111,-5.2,False,False,,,,,,float
2026-05-28 08:42:43.328515+00:00,stratolink-3-eu,EU,STALE,40.5546212,-6.6065457,10016.0,7.0,cdtic-multitech-5,40.0702558044694,-6.65818959474564,-113,1.0,False,True,54.036757372870724,54.99876744490439,10.249793154487396,10.735756717437827,184.66476227301925,float
2026-05-28 08:42:43.328515+00:00,stratolink-3-eu,EU,STALE,40.5546212,-6.6065457,10016.0,7.0,mtcdtip02-l4e1-16,,,-113,-6.0,False,False,,,,,,float
2026-05-28 08:42:43.328515+00:00,stratolink-3-eu,EU,STALE,40.5546212,-6.6065457,10016.0,7.0,packetbroker,40.962541751597406,-5.675446072867432,-113,-6.75,True,True,90.59526529695596,91.2172517874801,5.896474257039438,6.711215926425461,59.652285261369,float
2026-05-28 08:42:43.328515+00:00,stratolink-3-eu,EU,STALE,40.5546212,-6.6065457,10016.0,7.0,cte-escolas-2,38.64311,-7.54788,-114,-9.2,False,True,227.3338176403089,227.72075286950675,1.4982621869773125,3.542721502649149,201.0805984371968,float
2026-05-28 08:42:43.328515+00:00,stratolink-3-eu,EU,STALE,40.5546212,-6.6065457,10016.0,7.0,ext-sg50-023,,,-114,2.5,False,False,,,,,,float
2026-05-28 08:42:43.328515+00:00,stratolink-3-eu,EU,STALE,40.5546212,-6.6065457,10016.0,7.0,ext-sg50-028,,,-115,-1.5,False,False,,,,,,float
2026-05-28 08:42:43.328515+00:00,stratolink-3-eu,EU,STALE,40.5546212,-6.6065457,10016.0,7.0,tef-mls-01,40.108033,-6.632828,-117,-1.8,False,True,49.70835874177939,50.74557338515633,11.159997996662439,11.607035389300211,182.5772617989631,float
2026-05-28 08:42:43.328515+00:00,stratolink-3-eu,EU,STALE,40.5546212,-6.6065457,10016.0,7.0,sg50-eui-c0ba1ffffe004945,,,-117,-5.0,False,False,,,,,,float
2026-05-28 08:42:43.328515+00:00,stratolink-3-eu,EU,STALE,40.5546212,-6.6065457,10016.0,7.0,eui-fcc23dfffe2de1ed,,,-118,-5.25,False,False,,,,,,float
2026-05-28 08:42:43.328515+00:00,stratolink-3-eu,EU,STALE,40.5546212,-6.6065457,10016.0,7.0,v3-eui-b827ebfffebf1f02,40.13814,-7.50059,-119,-2.5,False,True,88.79884842829576,89.43055648644781,6.031026465452358,6.829612592121673,238.85578911120103,float
2026-05-28 08:47:51.282120+00:00,stratolink-3-eu,EU,STALE,40.5546212,-6.6065457,10016.0,7.0,mtcdtip02-l4e1-3,,,-105,1.5,False,False,,,,,,float
2026-05-28 08:47:51.282120+00:00,stratolink-3-eu,EU,STALE,40.5546212,-6.6065457,10016.0,7.0,mtcdtip02-l4e1-9,,,-107,4.2,False,False,,,,,,float
2026-05-28 08:47:51.282120+00:00,stratolink-3-eu,EU,STALE,40.5546212,-6.6065457,10016.0,7.0,tid4agro-rak7289-lazarza,,,-109,-8.8,False,False,,,,,,float
2026-05-28 08:47:51.282120+00:00,stratolink-3-eu,EU,STALE,40.5546212,-6.6065457,10016.0,7.0,cicytex-ic003,,,-109,-1.0,False,False,,,,,,float
2026-05-28 08:47:51.282120+00:00,stratolink-3-eu,EU,STALE,40.5546212,-6.6065457,10016.0,7.0,mjv-casas,,,-110,,False,False,,,,,,float
2026-05-28 08:47:51.282120+00:00,stratolink-3-eu,EU,STALE,40.5546212,-6.6065457,10016.0,7.0,mtcdtip02-l4e1-7,,,-111,0.8,False,False,,,,,,float
2026-05-28 08:47:51.282120+00:00,stratolink-3-eu,EU,STALE,40.5546212,-6.6065457,10016.0,7.0,jfmateos-rak7250-rioseco,39.9775352459947,-6.04510360141884,-111,2.5,False,True,79.91801575433334,80.60500346493858,6.778539063605505,7.497258053568435,143.22928168900762,float
2026-05-28 08:47:51.282120+00:00,stratolink-3-eu,EU,STALE,40.5546212,-6.6065457,10016.0,7.0,ext-sg50-015,,,-111,5.8,False,False,,,,,,float
2026-05-28 08:47:51.282120+00:00,stratolink-3-eu,EU,STALE,40.5546212,-6.6065457,10016.0,7.0,adismonta-rak7289-alcuescar,,,-112,-8.8,False,False,,,,,,float
2026-05-28 08:47:51.282120+00:00,stratolink-3-eu,EU,STALE,40.5546212,-6.6065457,10016.0,7.0,ext-sg50-018,,,-112,-0.8,False,False,,,,,,float
2026-05-28 08:47:51.282120+00:00,stratolink-3-eu,EU,STALE,40.5546212,-6.6065457,10016.0,7.0,mtcdtip02-l4e1-5,,,-113,-0.8,False,False,,,,,,float
2026-05-28 08:47:51.282120+00:00,stratolink-3-eu,EU,STALE,40.5546212,-6.6065457,10016.0,7.0,ext-sg50-023,,,-114,3.8,False,False,,,,,,float
2026-05-28 08:47:51.282120+00:00,stratolink-3-eu,EU,STALE,40.5546212,-6.6065457,10016.0,7.0,niharramikrotik,40.589325292876616,-4.838257133960725,-115,-8.75,False,True,149.40161652918576,149.85069198528575,3.160436024081615,4.504035185262206,87.94499732711341,float
2026-05-28 08:47:51.282120+00:00,stratolink-3-eu,EU,STALE,40.5546212,-6.6065457,10016.0,7.0,ctaex-lora-one,,,-115,-5.5,False,False,,,,,,float
2026-05-28 08:47:51.282120+00:00,stratolink-3-eu,EU,STALE,40.5546212,-6.6065457,10016.0,7.0,mtcdtip02-l4e1-4,,,-115,-8.0,False,False,,,,,,float
2026-05-28 08:47:51.282120+00:00,stratolink-3-eu,EU,STALE,40.5546212,-6.6065457,10016.0,7.0,mtcdtip02-l4e1-16,,,-115,-6.0,False,False,,,,,,float
2026-05-28 08:47:51.282120+00:00,stratolink-3-eu,EU,STALE,40.5546212,-6.6065457,10016.0,7.0,mtcdtip02-l4e1-15,,,-115,-2.5,False,False,,,,,,float
2026-05-28 08:47:51.282120+00:00,stratolink-3-eu,EU,STALE,40.5546212,-6.6065457,10016.0,7.0,cdtic-multitech-4,39.4920534590841,-6.57908320426941,-115,-4.0,False,True,118.17544228709082,118.689973190781,4.309232229714853,5.372008047124018,178.85730493723963,float
2026-05-28 08:47:51.282120+00:00,stratolink-3-eu,EU,STALE,40.5546212,-6.6065457,10016.0,7.0,ext-sg50-024,,,-115,2.2,False,False,,,,,,float
2026-05-28 08:47:51.282120+00:00,stratolink-3-eu,EU,STALE,40.5546212,-6.6065457,10016.0,7.0,meceiot-004-5030354163554750,40.5481739449056,-5.16353885114368,-115,-9.0,False,True,121.91835531245268,122.42270807720404,4.1444595307665395,5.240896127209421,89.86780514219629,float
2026-05-28 08:47:51.282120+00:00,stratolink-3-eu,EU,STALE,40.5546212,-6.6065457,10016.0,7.0,packetbroker,40.962541751597406,-5.675446072867432,-116,-4.0,True,True,90.59526529695596,91.2172517874801,5.896474257039438,6.711215926425461,59.652285261369,float
2026-05-28 08:47:51.282120+00:00,stratolink-3-eu,EU,STALE,40.5546212,-6.6065457,10016.0,7.0,d401c3ffff6d00a4,,,-116,-1.75,False,False,,,,,,float
2026-05-28 08:47:51.282120+00:00,stratolink-3-eu,EU,STALE,40.5546212,-6.6065457,10016.0,7.0,ext-sg50-017,,,-117,-0.5,False,False,,,,,,float
2026-05-28 08:47:51.282120+00:00,stratolink-3-eu,EU,STALE,40.5546212,-6.6065457,10016.0,7.0,ext-sg50-028,,,-117,-2.5,False,False,,,,,,float
2026-05-28 08:47:51.282120+00:00,stratolink-3-eu,EU,STALE,40.5546212,-6.6065457,10016.0,7.0,sg50-eui-c0ba1ffffe004945,,,-117,-3.0,False,False,,,,,,float
2026-05-28 08:47:51.282120+00:00,stratolink-3-eu,EU,STALE,40.5546212,-6.6065457,10016.0,7.0,mitigasmart-cc,,,-118,-5.5,False,False,,,,,,float
2026-05-28 08:47:51.282120+00:00,stratolink-3-eu,EU,STALE,40.5546212,-6.6065457,10016.0,7.0,tef-mls-01,40.108033,-6.632828,-118,-4.0,False,True,49.70835874177939,50.74557338515633,11.159997996662439,11.607035389300211,182.5772617989631,float
2026-05-28 08:47:51.282120+00:00,stratolink-3-eu,EU,STALE,40.5546212,-6.6065457,10016.0,7.0,sg50-perte-malpica-05,,,-119,-8.5,False,False,,,,,,float
2026-05-28 08:47:51.282120+00:00,stratolink-3-eu,EU,STALE,40.5546212,-6.6065457,10016.0,7.0,ext-sg50-022,,,-120,-5.2,False,False,,,,,,float
2026-05-28 08:52:59.562988+00:00,stratolink-3-eu,EU,STALE,40.5546212,-6.6065457,10016.0,7.0,ext-sg50-020,,,-104,-8.2,False,False,,,,,,float
2026-05-28 08:52:59.562988+00:00,stratolink-3-eu,EU,STALE,40.5546212,-6.6065457,10016.0,7.0,mtcdtip02-l4e1-9,,,-107,1.2,False,False,,,,,,float
2026-05-28 08:52:59.562988+00:00,stratolink-3-eu,EU,STALE,40.5546212,-6.6065457,10016.0,7.0,mtcdtip02-l4e1-3,,,-107,2.5,False,False,,,,,,float
2026-05-28 08:52:59.562988+00:00,stratolink-3-eu,EU,STALE,40.5546212,-6.6065457,10016.0,7.0,cicytex-ic003,,,-109,-5.0,False,False,,,,,,float
2026-05-28 08:52:59.562988+00:00,stratolink-3-eu,EU,STALE,40.5546212,-6.6065457,10016.0,7.0,mjv-casas,,,-111,-3.5,False,False,,,,,,float
2026-05-28 08:52:59.562988+00:00,stratolink-3-eu,EU,STALE,40.5546212,-6.6065457,10016.0,7.0,cicytex-icmc-002,,,-111,-5.5,False,False,,,,,,float
2026-05-28 08:52:59.562988+00:00,stratolink-3-eu,EU,STALE,40.5546212,-6.6065457,10016.0,7.0,d401c3ffff6d00a4,,,-111,1.75,False,False,,,,,,float
2026-05-28 08:52:59.562988+00:00,stratolink-3-eu,EU,STALE,40.5546212,-6.6065457,10016.0,7.0,mtcdtip02-l4e1-4,,,-111,-6.8,False,False,,,,,,float
2026-05-28 08:52:59.562988+00:00,stratolink-3-eu,EU,STALE,40.5546212,-6.6065457,10016.0,7.0,ext-sg50-029,,,-112,4.8,False,False,,,,,,float
2026-05-28 08:52:59.562988+00:00,stratolink-3-eu,EU,STALE,40.5546212,-6.6065457,10016.0,7.0,mtcdtip02-l4e1-15,,,-113,0.8,False,False,,,,,,float
2026-05-28 08:52:59.562988+00:00,stratolink-3-eu,EU,STALE,40.5546212,-6.6065457,10016.0,7.0,mtcdtip02-l4e1-7,,,-113,-1.0,False,False,,,,,,float
2026-05-28 08:52:59.562988+00:00,stratolink-3-eu,EU,STALE,40.5546212,-6.6065457,10016.0,7.0,ext-sg50-023,,,-113,4.2,False,False,,,,,,float
2026-05-28 08:52:59.562988+00:00,stratolink-3-eu,EU,STALE,40.5546212,-6.6065457,10016.0,7.0,cdtic-multitech-4,39.4920534590841,-6.57908320426941,-114,-3.5,False,True,118.17544228709082,118.689973190781,4.309232229714853,5.372008047124018,178.85730493723963,float
2026-05-28 08:52:59.562988+00:00,stratolink-3-eu,EU,STALE,40.5546212,-6.6065457,10016.0,7.0,mtcdtip02-l4e1-5,,,-114,-2.5,False,False,,,,,,float
2026-05-28 08:52:59.562988+00:00,stratolink-3-eu,EU,STALE,40.5546212,-6.6065457,10016.0,7.0,ext-sg50-015,,,-115,0.8,False,False,,,,,,float
2026-05-28 08:52:59.562988+00:00,stratolink-3-eu,EU,STALE,40.5546212,-6.6065457,10016.0,7.0,ext-sg50-017,,,-115,1.2,False,False,,,,,,float
2026-05-28 08:52:59.562988+00:00,stratolink-3-eu,EU,STALE,40.5546212,-6.6065457,10016.0,7.0,ext-sg50-024,,,-115,2.5,False,False,,,,,,float
2026-05-28 08:52:59.562988+00:00,stratolink-3-eu,EU,STALE,40.5546212,-6.6065457,10016.0,7.0,eui-fcc23dfffe2de1ed,,,-117,-5.75,False,False,,,,,,float
2026-05-28 08:52:59.562988+00:00,stratolink-3-eu,EU,STALE,40.5546212,-6.6065457,10016.0,7.0,ext-sg50-028,,,-117,-1.8,False,False,,,,,,float
2026-05-28 08:52:59.562988+00:00,stratolink-3-eu,EU,STALE,40.5546212,-6.6065457,10016.0,7.0,ext-sg50-022,,,-117,-2.0,False,False,,,,,,float
2026-05-28 08:52:59.562988+00:00,stratolink-3-eu,EU,STALE,40.5546212,-6.6065457,10016.0,7.0,tef-mls-01,40.108033,-6.632828,-118,-5.2,False,True,49.70835874177939,50.74557338515633,11.159997996662439,11.607035389300211,182.5772617989631,float
2026-05-28 08:52:59.562988+00:00,stratolink-3-eu,EU,STALE,40.5546212,-6.6065457,10016.0,7.0,sg50-eui-c0ba1ffffe004945,,,-119,-8.0,False,False,,,,,,float
2026-05-28 08:58:07.426092+00:00,stratolink-3-eu,EU,STALE,40.5546212,-6.6065457,10016.0,7.0,mtcdtip02-l4e1-3,,,-102,4.8,False,False,,,,,,float
2026-05-28 08:58:07.426092+00:00,stratolink-3-eu,EU,STALE,40.5546212,-6.6065457,10016.0,7.0,mtcdtip02-l4e1-9,,,-104,4.0,False,False,,,,,,float
2026-05-28 08:58:07.426092+00:00,stratolink-3-eu,EU,STALE,40.5546212,-6.6065457,10016.0,7.0,cicytex-ic003,,,-108,-1.0,False,False,,,,,,float
2026-05-28 08:58:07.426092+00:00,stratolink-3-eu,EU,STALE,40.5546212,-6.6065457,10016.0,7.0,mtcdtip02-l4e1-16,,,-109,-5.5,False,False,,,,,,float
2026-05-28 08:58:07.426092+00:00,stratolink-3-eu,EU,STALE,40.5546212,-6.6065457,10016.0,7.0,adismonta-rak7289-alcuescar,,,-110,-4.5,False,False,,,,,,float
2026-05-28 08:58:07.426092+00:00,stratolink-3-eu,EU,STALE,40.5546212,-6.6065457,10016.0,7.0,mtcdtip02-l4e1-15,,,-110,0.2,False,False,,,,,,float
2026-05-28 08:58:07.426092+00:00,stratolink-3-eu,EU,STALE,40.5546212,-6.6065457,10016.0,7.0,mtcdtip02-l4e1-5,,,-110,,False,False,,,,,,float
2026-05-28 08:58:07.426092+00:00,stratolink-3-eu,EU,STALE,40.5546212,-6.6065457,10016.0,7.0,mtcdtip02-l4e1-1,,,-110,-2.2,False,False,,,,,,float
2026-05-28 08:58:07.426092+00:00,stratolink-3-eu,EU,STALE,40.5546212,-6.6065457,10016.0,7.0,mjv-casas,,,-111,-5.0,False,False,,,,,,float
2026-05-28 08:58:07.426092+00:00,stratolink-3-eu,EU,STALE,40.5546212,-6.6065457,10016.0,7.0,ext-sg50-018,,,-111,-5.8,False,False,,,,,,float
2026-05-28 08:58:07.426092+00:00,stratolink-3-eu,EU,STALE,40.5546212,-6.6065457,10016.0,7.0,mtcdtip02-l4e1-12,,,-111,-6.8,False,False,,,,,,float
2026-05-28 08:58:07.426092+00:00,stratolink-3-eu,EU,STALE,40.5546212,-6.6065457,10016.0,7.0,cdtic-multitech-5,40.0702558044694,-6.65818959474564,-111,2.0,False,True,54.036757372870724,54.99876744490439,10.249793154487396,10.735756717437827,184.66476227301925,float
2026-05-28 08:58:07.426092+00:00,stratolink-3-eu,EU,STALE,40.5546212,-6.6065457,10016.0,7.0,mtcdtip02-l4e1-7,,,-111,-2.5,False,False,,,,,,float
2026-05-28 08:58:07.426092+00:00,stratolink-3-eu,EU,STALE,40.5546212,-6.6065457,10016.0,7.0,ext-sg50-029,,,-111,4.2,False,False,,,,,,float
2026-05-28 08:58:07.426092+00:00,stratolink-3-eu,EU,STALE,40.5546212,-6.6065457,10016.0,7.0,jfmateos-rak7250-rioseco,39.9775352459947,-6.04510360141884,-112,-4.5,False,True,79.91801575433334,80.60500346493858,6.778539063605505,7.497258053568435,143.22928168900762,float
2026-05-28 08:58:07.426092+00:00,stratolink-3-eu,EU,STALE,40.5546212,-6.6065457,10016.0,7.0,ext-sg50-023,,,-112,4.0,False,False,,,,,,float
2026-05-28 08:58:07.426092+00:00,stratolink-3-eu,EU,STALE,40.5546212,-6.6065457,10016.0,7.0,mtcdtip02-l4e1-13,,,-113,-9.2,False,False,,,,,,float
2026-05-28 08:58:07.426092+00:00,stratolink-3-eu,EU,STALE,40.5546212,-6.6065457,10016.0,7.0,packetbroker,40.962541751597406,-5.675446072867432,-113,-4.75,True,True,90.59526529695596,91.2172517874801,5.896474257039438,6.711215926425461,59.652285261369,float
2026-05-28 08:58:07.426092+00:00,stratolink-3-eu,EU,STALE,40.5546212,-6.6065457,10016.0,7.0,ext-sg50-015,,,-113,2.2,False,False,,,,,,float
2026-05-28 08:58:07.426092+00:00,stratolink-3-eu,EU,STALE,40.5546212,-6.6065457,10016.0,7.0,d401c3ffff6d00a4,,,-114,-1.5,False,False,,,,,,float
2026-05-28 08:58:07.426092+00:00,stratolink-3-eu,EU,STALE,40.5546212,-6.6065457,10016.0,7.0,ext-sg50-024,,,-114,2.5,False,False,,,,,,float
2026-05-28 08:58:07.426092+00:00,stratolink-3-eu,EU,STALE,40.5546212,-6.6065457,10016.0,7.0,niharramikrotik,40.589325292876616,-4.838257133960725,-115,-7.0,False,True,149.40161652918576,149.85069198528575,3.160436024081615,4.504035185262206,87.94499732711341,float
2026-05-28 08:58:07.426092+00:00,stratolink-3-eu,EU,STALE,40.5546212,-6.6065457,10016.0,7.0,cdtic-multitech-4,39.4920534590841,-6.57908320426941,-115,-2.5,False,True,118.17544228709082,118.689973190781,4.309232229714853,5.372008047124018,178.85730493723963,float
2026-05-28 08:58:07.426092+00:00,stratolink-3-eu,EU,STALE,40.5546212,-6.6065457,10016.0,7.0,tef-mls-01,40.108033,-6.632828,-115,0.2,False,True,49.70835874177939,50.74557338515633,11.159997996662439,11.607035389300211,182.5772617989631,float
2026-05-28 08:58:07.426092+00:00,stratolink-3-eu,EU,STALE,40.5546212,-6.6065457,10016.0,7.0,cicytex-unex-1,,,-116,-3.5,False,False,,,,,,float
2026-05-28 08:58:07.426092+00:00,stratolink-3-eu,EU,STALE,40.5546212,-6.6065457,10016.0,7.0,ext-sg50-022,,,-116,0.5,False,False,,,,,,float
2026-05-28 08:58:07.426092+00:00,stratolink-3-eu,EU,STALE,40.5546212,-6.6065457,10016.0,7.0,sg50-perte-malpica-06,,,-116,-8.2,False,False,,,,,,float
2026-05-28 08:58:07.426092+00:00,stratolink-3-eu,EU,STALE,40.5546212,-6.6065457,10016.0,7.0,eui-fcc23dfffe2de1ed,,,-117,-5.0,False,False,,,,,,float
2026-05-28 08:58:07.426092+00:00,stratolink-3-eu,EU,STALE,40.5546212,-6.6065457,10016.0,7.0,mitigasmart-cc,,,-117,-6.8,False,False,,,,,,float
2026-05-28 08:58:07.426092+00:00,stratolink-3-eu,EU,STALE,40.5546212,-6.6065457,10016.0,7.0,sg50-eui-c0ba1ffffe004945,,,-118,-6.8,False,False,,,,,,float
2026-05-28 08:58:07.426092+00:00,stratolink-3-eu,EU,STALE,40.5546212,-6.6065457,10016.0,7.0,sg50-perte-malpica-05,,,-118,-6.8,False,False,,,,,,float
2026-05-28 09:03:15.355866+00:00,stratolink-3-eu,EU,STALE,40.5546212,-6.6065457,10016.0,7.0,mtcdtip02-l4e1-9,,,-105,5.2,False,False,,,,,,float
2026-05-28 09:03:15.355866+00:00,stratolink-3-eu,EU,STALE,40.5546212,-6.6065457,10016.0,7.0,mtcdtip02-l4e1-3,,,-107,3.5,False,False,,,,,,float
2026-05-28 09:03:15.355866+00:00,stratolink-3-eu,EU,STALE,40.5546212,-6.6065457,10016.0,7.0,cicytex-ic003,,,-107,1.2,False,False,,,,,,float
2026-05-28 09:03:15.355866+00:00,stratolink-3-eu,EU,STALE,40.5546212,-6.6065457,10016.0,7.0,cicytex-icmc-002,,,-110,-4.5,False,False,,,,,,float
2026-05-28 09:03:15.355866+00:00,stratolink-3-eu,EU,STALE,40.5546212,-6.6065457,10016.0,7.0,mtcdtip02-l4e1-1,,,-110,-8.2,False,False,,,,,,float
2026-05-28 09:03:15.355866+00:00,stratolink-3-eu,EU,STALE,40.5546212,-6.6065457,10016.0,7.0,adismonta-rak7289-alcuescar,,,-111,-4.5,False,False,,,,,,float
2026-05-28 09:03:15.355866+00:00,stratolink-3-eu,EU,STALE,40.5546212,-6.6065457,10016.0,7.0,mtcdtip02-l4e1-15,,,-111,3.2,False,False,,,,,,float
2026-05-28 09:03:15.355866+00:00,stratolink-3-eu,EU,STALE,40.5546212,-6.6065457,10016.0,7.0,mtcdtip02-l4e1-5,,,-111,0.2,False,False,,,,,,float
2026-05-28 09:03:15.355866+00:00,stratolink-3-eu,EU,STALE,40.5546212,-6.6065457,10016.0,7.0,cdtic-multitech-5,40.0702558044694,-6.65818959474564,-111,2.8,False,True,54.036757372870724,54.99876744490439,10.249793154487396,10.735756717437827,184.66476227301925,float
2026-05-28 09:03:15.355866+00:00,stratolink-3-eu,EU,STALE,40.5546212,-6.6065457,10016.0,7.0,jfmateos-rak7250-rioseco,39.9775352459947,-6.04510360141884,-112,-6.25,False,True,79.91801575433334,80.60500346493858,6.778539063605505,7.497258053568435,143.22928168900762,float
2026-05-28 09:03:15.355866+00:00,stratolink-3-eu,EU,STALE,40.5546212,-6.6065457,10016.0,7.0,ext-sg50-018,,,-112,-1.0,False,False,,,,,,float
2026-05-28 09:03:15.355866+00:00,stratolink-3-eu,EU,STALE,40.5546212,-6.6065457,10016.0,7.0,ext-sg50-015,,,-112,5.5,False,False,,,,,,float
2026-05-28 09:03:15.355866+00:00,stratolink-3-eu,EU,STALE,40.5546212,-6.6065457,10016.0,7.0,ext-sg50-023,,,-112,5.8,False,False,,,,,,float
2026-05-28 09:03:15.355866+00:00,stratolink-3-eu,EU,STALE,40.5546212,-6.6065457,10016.0,7.0,d401c3ffff6d00a4,,,-113,-0.5,False,False,,,,,,float
2026-05-28 09:03:15.355866+00:00,stratolink-3-eu,EU,STALE,40.5546212,-6.6065457,10016.0,7.0,ext-sg50-029,,,-113,4.0,False,False,,,,,,float
2026-05-28 09:03:15.355866+00:00,stratolink-3-eu,EU,STALE,40.5546212,-6.6065457,10016.0,7.0,mtcdtip02-l4e1-12,,,-115,-5.8,False,False,,,,,,float
2026-05-28 09:03:15.355866+00:00,stratolink-3-eu,EU,STALE,40.5546212,-6.6065457,10016.0,7.0,mtcdtip02-l4e1-16,,,-115,-6.0,False,False,,,,,,float
2026-05-28 09:03:15.355866+00:00,stratolink-3-eu,EU,STALE,40.5546212,-6.6065457,10016.0,7.0,cdtic-multitech-4,39.4920534590841,-6.57908320426941,-116,-0.8,False,True,118.17544228709082,118.689973190781,4.309232229714853,5.372008047124018,178.85730493723963,float
2026-05-28 09:03:15.355866+00:00,stratolink-3-eu,EU,STALE,40.5546212,-6.6065457,10016.0,7.0,packetbroker,40.962541751597406,-5.675446072867432,-116,-6.5,True,True,90.59526529695596,91.2172517874801,5.896474257039438,6.711215926425461,59.652285261369,float
2026-05-28 09:03:15.355866+00:00,stratolink-3-eu,EU,STALE,40.5546212,-6.6065457,10016.0,7.0,ext-sg50-024,,,-116,2.0,False,False,,,,,,float
2026-05-28 09:03:15.355866+00:00,stratolink-3-eu,EU,STALE,40.5546212,-6.6065457,10016.0,7.0,tef-mls-01,40.108033,-6.632828,-116,1.5,False,True,49.70835874177939,50.74557338515633,11.159997996662439,11.607035389300211,182.5772617989631,float
2026-05-28 09:03:15.355866+00:00,stratolink-3-eu,EU,STALE,40.5546212,-6.6065457,10016.0,7.0,sg50-eui-c0ba1ffffe004945,,,-116,-9.5,False,False,,,,,,float
2026-05-28 09:03:15.355866+00:00,stratolink-3-eu,EU,STALE,40.5546212,-6.6065457,10016.0,7.0,ext-sg50-022,,,-116,1.5,False,False,,,,,,float
2026-05-28 09:03:15.355866+00:00,stratolink-3-eu,EU,STALE,40.5546212,-6.6065457,10016.0,7.0,eui-fcc23dfffe2de1ed,,,-118,-5.75,False,False,,,,,,float
2026-05-28 09:03:15.355866+00:00,stratolink-3-eu,EU,STALE,40.5546212,-6.6065457,10016.0,7.0,ext-sg50-013,,,-118,-8.8,False,False,,,,,,float
2026-05-28 09:03:15.355866+00:00,stratolink-3-eu,EU,STALE,40.5546212,-6.6065457,10016.0,7.0,mitigasmart-cc,,,-119,-7.0,False,False,,,,,,float
2026-05-28 09:03:15.355866+00:00,stratolink-3-eu,EU,STALE,40.5546212,-6.6065457,10016.0,7.0,sg50-perte-malpica-05,,,-119,-7.5,False,False,,,,,,float
2026-05-28 09:03:15.355866+00:00,stratolink-3-eu,EU,STALE,40.5546212,-6.6065457,10016.0,7.0,gw-valeserrano,,,-120,-8.0,False,False,,,,,,float
2026-05-28 09:03:15.355866+00:00,stratolink-3-eu,EU,STALE,40.5546212,-6.6065457,10016.0,7.0,italr0005,40.954279046747715,-4.142631590366364,-122,-8.25,False,True,212.23666262946918,212.62964147981972,1.7452200048144442,3.653907531130604,77.11143470418801,float
2026-05-28 09:08:23.419322+00:00,stratolink-3-eu,EU,STALE,40.5546212,-6.6065457,10016.0,7.0,mtcdtip02-l4e1-9,,,-101,7.2,False,False,,,,,,float
2026-05-28 09:08:23.419322+00:00,stratolink-3-eu,EU,STALE,40.5546212,-6.6065457,10016.0,7.0,mtcdtip02-l4e1-3,,,-105,3.8,False,False,,,,,,float
2026-05-28 09:08:23.419322+00:00,stratolink-3-eu,EU,STALE,40.5546212,-6.6065457,10016.0,7.0,cicytex-ic003,,,-107,-0.8,False,False,,,,,,float
2026-05-28 09:08:23.419322+00:00,stratolink-3-eu,EU,STALE,40.5546212,-6.6065457,10016.0,7.0,ext-sg50-029,,,-109,6.5,False,False,,,,,,float
2026-05-28 09:08:23.419322+00:00,stratolink-3-eu,EU,STALE,40.5546212,-6.6065457,10016.0,7.0,mtcdtip02-l4e1-1,,,-110,-3.0,False,False,,,,,,float
2026-05-28 09:08:23.419322+00:00,stratolink-3-eu,EU,STALE,40.5546212,-6.6065457,10016.0,7.0,mjv-casas,,,-111,0.2,False,False,,,,,,float
2026-05-28 09:08:23.419322+00:00,stratolink-3-eu,EU,STALE,40.5546212,-6.6065457,10016.0,7.0,cicytex-icmc-002,,,-111,-6.3,False,False,,,,,,float
2026-05-28 09:08:23.419322+00:00,stratolink-3-eu,EU,STALE,40.5546212,-6.6065457,10016.0,7.0,jfmateos-rak7250-rioseco,39.9775352459947,-6.04510360141884,-111,-0.25,False,True,79.91801575433334,80.60500346493858,6.778539063605505,7.497258053568435,143.22928168900762,float
2026-05-28 09:08:23.419322+00:00,stratolink-3-eu,EU,STALE,40.5546212,-6.6065457,10016.0,7.0,mtcdtip02-l4e1-15,,,-111,-0.8,False,False,,,,,,float
2026-05-28 09:08:23.419322+00:00,stratolink-3-eu,EU,STALE,40.5546212,-6.6065457,10016.0,7.0,mtcdtip02-l4e1-5,,,-111,-2.8,False,False,,,,,,float
2026-05-28 09:08:23.419322+00:00,stratolink-3-eu,EU,STALE,40.5546212,-6.6065457,10016.0,7.0,adismonta-rak7289-alcuescar,,,-112,-8.8,False,False,,,,,,float
2026-05-28 09:08:23.419322+00:00,stratolink-3-eu,EU,STALE,40.5546212,-6.6065457,10016.0,7.0,ctaex-lora-one,,,-113,-6.2,False,False,,,,,,float
2026-05-28 09:08:23.419322+00:00,stratolink-3-eu,EU,STALE,40.5546212,-6.6065457,10016.0,7.0,cdtic-multitech-4,39.4920534590841,-6.57908320426941,-113,-2.5,False,True,118.17544228709082,118.689973190781,4.309232229714853,5.372008047124018,178.85730493723963,float
2026-05-28 09:08:23.419322+00:00,stratolink-3-eu,EU,STALE,40.5546212,-6.6065457,10016.0,7.0,d401c3ffff6d00a4,,,-113,-0.75,False,False,,,,,,float
2026-05-28 09:08:23.419322+00:00,stratolink-3-eu,EU,STALE,40.5546212,-6.6065457,10016.0,7.0,ext-sg50-015,,,-113,3.2,False,False,,,,,,float
2026-05-28 09:08:23.419322+00:00,stratolink-3-eu,EU,STALE,40.5546212,-6.6065457,10016.0,7.0,mtcdtip02-l4e1-7,,,-114,-3.2,False,False,,,,,,float
2026-05-28 09:08:23.419322+00:00,stratolink-3-eu,EU,STALE,40.5546212,-6.6065457,10016.0,7.0,packetbroker,40.962541751597406,-5.675446072867432,-115,-4.0,True,True,90.59526529695596,91.2172517874801,5.896474257039438,6.711215926425461,59.652285261369,float
2026-05-28 09:08:23.419322+00:00,stratolink-3-eu,EU,STALE,40.5546212,-6.6065457,10016.0,7.0,ext-sg50-018,,,-115,-8.0,False,False,,,,,,float
2026-05-28 09:08:23.419322+00:00,stratolink-3-eu,EU,STALE,40.5546212,-6.6065457,10016.0,7.0,ext-sg50-023,,,-115,2.8,False,False,,,,,,float
2026-05-28 09:08:23.419322+00:00,stratolink-3-eu,EU,STALE,40.5546212,-6.6065457,10016.0,7.0,ext-sg50-024,,,-117,,False,False,,,,,,float
2026-05-28 09:08:23.419322+00:00,stratolink-3-eu,EU,STALE,40.5546212,-6.6065457,10016.0,7.0,sg50-perte-malpica-05,,,-117,-4.8,False,False,,,,,,float
2026-05-28 09:08:23.419322+00:00,stratolink-3-eu,EU,STALE,40.5546212,-6.6065457,10016.0,7.0,tef-mls-01,40.108033,-6.632828,-117,-1.5,False,True,49.70835874177939,50.74557338515633,11.159997996662439,11.607035389300211,182.5772617989631,float
2026-05-28 09:08:23.419322+00:00,stratolink-3-eu,EU,STALE,40.5546212,-6.6065457,10016.0,7.0,ext-sg50-028,,,-118,-5.8,False,False,,,,,,float
2026-05-28 09:08:23.419322+00:00,stratolink-3-eu,EU,STALE,40.5546212,-6.6065457,10016.0,7.0,mitigasmart-cc,,,-118,-5.2,False,False,,,,,,float
2026-05-28 09:08:23.419322+00:00,stratolink-3-eu,EU,STALE,40.5546212,-6.6065457,10016.0,7.0,sg50-eui-c0ba1ffffe004945,,,-118,-4.2,False,False,,,,,,float
2026-05-28 09:08:23.419322+00:00,stratolink-3-eu,EU,STALE,40.5546212,-6.6065457,10016.0,7.0,ext-sg50-022,,,-119,-4.5,False,False,,,,,,float
2026-05-28 09:08:23.419322+00:00,stratolink-3-eu,EU,STALE,40.5546212,-6.6065457,10016.0,7.0,ext-sg50-011,,,-119,-8.2,False,False,,,,,,float
2026-05-28 09:08:23.419322+00:00,stratolink-3-eu,EU,STALE,40.5546212,-6.6065457,10016.0,7.0,italr0005,40.954279046747715,-4.142631590366364,-121,-7.0,False,True,212.23666262946918,212.62964147981972,1.7452200048144442,3.653907531130604,77.11143470418801,float
2026-05-28 09:13:31.432696+00:00,stratolink-3-eu,EU,STALE,40.5546212,-6.6065457,10016.0,7.0,mtcdtip02-l4e1-9,,,-102,4.8,False,False,,,,,,float
2026-05-28 09:13:31.432696+00:00,stratolink-3-eu,EU,STALE,40.5546212,-6.6065457,10016.0,7.0,mtcdtip02-l4e1-3,,,-105,1.2,False,False,,,,,,float
2026-05-28 09:13:31.432696+00:00,stratolink-3-eu,EU,STALE,40.5546212,-6.6065457,10016.0,7.0,cicytex-ic003,,,-107,0.8,False,False,,,,,,float
2026-05-28 09:13:31.432696+00:00,stratolink-3-eu,EU,STALE,40.5546212,-6.6065457,10016.0,7.0,mjv-casas,,,-109,-2.2,False,False,,,,,,float
2026-05-28 09:13:31.432696+00:00,stratolink-3-eu,EU,STALE,40.5546212,-6.6065457,10016.0,7.0,dlps8-121,,,-109,-8.8,False,False,,,,,,float
2026-05-28 09:13:31.432696+00:00,stratolink-3-eu,EU,STALE,40.5546212,-6.6065457,10016.0,7.0,ext-sg50-029,,,-109,5.5,False,False,,,,,,float
2026-05-28 09:13:31.432696+00:00,stratolink-3-eu,EU,STALE,40.5546212,-6.6065457,10016.0,7.0,ctaex-lora-one,,,-110,-8.5,False,False,,,,,,float
2026-05-28 09:13:31.432696+00:00,stratolink-3-eu,EU,STALE,40.5546212,-6.6065457,10016.0,7.0,mtcdtip02-l4e1-5,,,-110,-1.8,False,False,,,,,,float
2026-05-28 09:13:31.432696+00:00,stratolink-3-eu,EU,STALE,40.5546212,-6.6065457,10016.0,7.0,mtcdtip02-l4e1-15,,,-110,-1.0,False,False,,,,,,float
2026-05-28 09:13:31.432696+00:00,stratolink-3-eu,EU,STALE,40.5546212,-6.6065457,10016.0,7.0,d401c3ffff6d00a4,,,-110,-0.5,False,False,,,,,,float
2026-05-28 09:13:31.432696+00:00,stratolink-3-eu,EU,STALE,40.5546212,-6.6065457,10016.0,7.0,jfmateos-rak7250-rioseco,39.9775352459947,-6.04510360141884,-111,-0.75,False,True,79.91801575433334,80.60500346493858,6.778539063605505,7.497258053568435,143.22928168900762,float
2026-05-28 09:13:31.432696+00:00,stratolink-3-eu,EU,STALE,40.5546212,-6.6065457,10016.0,7.0,mtcdtip02-l4e1-11,,,-111,-6.8,False,False,,,,,,float
2026-05-28 09:13:31.432696+00:00,stratolink-3-eu,EU,STALE,40.5546212,-6.6065457,10016.0,7.0,cdtic-multitech-5,40.0702558044694,-6.65818959474564,-111,2.8,False,True,54.036757372870724,54.99876744490439,10.249793154487396,10.735756717437827,184.66476227301925,float
2026-05-28 09:13:31.432696+00:00,stratolink-3-eu,EU,STALE,40.5546212,-6.6065457,10016.0,7.0,ext-sg50-018,,,-111,,False,False,,,,,,float
2026-05-28 09:13:31.432696+00:00,stratolink-3-eu,EU,STALE,40.5546212,-6.6065457,10016.0,7.0,mtcdtip02-l4e1-7,,,-111,-1.0,False,False,,,,,,float
2026-05-28 09:13:31.432696+00:00,stratolink-3-eu,EU,STALE,40.5546212,-6.6065457,10016.0,7.0,mtcdtip02-l4e1-1,,,-111,-5.2,False,False,,,,,,float
2026-05-28 09:13:31.432696+00:00,stratolink-3-eu,EU,STALE,40.5546212,-6.6065457,10016.0,7.0,adismonta-rak7289-alcuescar,,,-112,-5.5,False,False,,,,,,float
2026-05-28 09:13:31.432696+00:00,stratolink-3-eu,EU,STALE,40.5546212,-6.6065457,10016.0,7.0,ext-dlos8-007,,,-113,-9.0,False,False,,,,,,float
2026-05-28 09:13:31.432696+00:00,stratolink-3-eu,EU,STALE,40.5546212,-6.6065457,10016.0,7.0,cdtic-multitech-4,39.4920534590841,-6.57908320426941,-114,-2.8,False,True,118.17544228709082,118.689973190781,4.309232229714853,5.372008047124018,178.85730493723963,float
2026-05-28 09:13:31.432696+00:00,stratolink-3-eu,EU,STALE,40.5546212,-6.6065457,10016.0,7.0,packetbroker,40.962541751597406,-5.675446072867432,-115,-6.25,True,True,90.59526529695596,91.2172517874801,5.896474257039438,6.711215926425461,59.652285261369,float
2026-05-28 09:13:31.432696+00:00,stratolink-3-eu,EU,STALE,40.5546212,-6.6065457,10016.0,7.0,ext-sg50-024,,,-115,2.2,False,False,,,,,,float
2026-05-28 09:13:31.432696+00:00,stratolink-3-eu,EU,STALE,40.5546212,-6.6065457,10016.0,7.0,ext-sg50-027,,,-115,-8.2,False,False,,,,,,float
2026-05-28 09:13:31.432696+00:00,stratolink-3-eu,EU,STALE,40.5546212,-6.6065457,10016.0,7.0,cicytex-unex-1,,,-115,-7.5,False,False,,,,,,float
2026-05-28 09:13:31.432696+00:00,stratolink-3-eu,EU,STALE,40.5546212,-6.6065457,10016.0,7.0,ext-sg50-015,,,-115,0.2,False,False,,,,,,float
2026-05-28 09:13:31.432696+00:00,stratolink-3-eu,EU,STALE,40.5546212,-6.6065457,10016.0,7.0,tef-mls-01,40.108033,-6.632828,-115,-1.0,False,True,49.70835874177939,50.74557338515633,11.159997996662439,11.607035389300211,182.5772617989631,float
2026-05-28 09:13:31.432696+00:00,stratolink-3-eu,EU,STALE,40.5546212,-6.6065457,10016.0,7.0,mitigasmart-cc,,,-117,-4.2,False,False,,,,,,float
2026-05-28 09:13:31.432696+00:00,stratolink-3-eu,EU,STALE,40.5546212,-6.6065457,10016.0,7.0,ext-sg50-013,,,-117,-10.0,False,False,,,,,,float
2026-05-28 09:13:31.432696+00:00,stratolink-3-eu,EU,STALE,40.5546212,-6.6065457,10016.0,7.0,ext-sg50-022,,,-118,-5.0,False,False,,,,,,float
2026-05-28 09:13:31.432696+00:00,stratolink-3-eu,EU,STALE,40.5546212,-6.6065457,10016.0,7.0,ext-sg50-028,,,-118,-6.0,False,False,,,,,,float
2026-05-28 09:13:31.432696+00:00,stratolink-3-eu,EU,STALE,40.5546212,-6.6065457,10016.0,7.0,sg50-eui-c0ba1ffffe004945,,,-118,-5.5,False,False,,,,,,float
2026-05-28 09:13:31.432696+00:00,stratolink-3-eu,EU,STALE,40.5546212,-6.6065457,10016.0,7.0,italr0005,40.954279046747715,-4.142631590366364,-121,-7.75,False,True,212.23666262946918,212.62964147981972,1.7452200048144442,3.653907531130604,77.11143470418801,float
2026-05-28 09:18:39.689468+00:00,stratolink-3-eu,EU,STALE,40.5546212,-6.6065457,10016.0,7.0,mtcdtip02-l4e1-3,,,-103,2.8,False,False,,,,,,float
2026-05-28 09:18:39.689468+00:00,stratolink-3-eu,EU,STALE,40.5546212,-6.6065457,10016.0,7.0,mtcdtip02-l4e1-9,,,-104,5.0,False,False,,,,,,float
2026-05-28 09:18:39.689468+00:00,stratolink-3-eu,EU,STALE,40.5546212,-6.6065457,10016.0,7.0,cicytex-ic003,,,-107,,False,False,,,,,,float
2026-05-28 09:18:39.689468+00:00,stratolink-3-eu,EU,STALE,40.5546212,-6.6065457,10016.0,7.0,cicytex-icmc-002,,,-109,-8.0,False,False,,,,,,float
2026-05-28 09:18:39.689468+00:00,stratolink-3-eu,EU,STALE,40.5546212,-6.6065457,10016.0,7.0,d401c3ffff6d00a4,,,-110,-1.75,False,False,,,,,,float
2026-05-28 09:18:39.689468+00:00,stratolink-3-eu,EU,STALE,40.5546212,-6.6065457,10016.0,7.0,mjv-casas,,,-111,-0.8,False,False,,,,,,float
2026-05-28 09:18:39.689468+00:00,stratolink-3-eu,EU,STALE,40.5546212,-6.6065457,10016.0,7.0,mtcdtip02-l4e1-1,,,-111,-5.2,False,False,,,,,,float
2026-05-28 09:18:39.689468+00:00,stratolink-3-eu,EU,STALE,40.5546212,-6.6065457,10016.0,7.0,adismonta-rak7289-alcuescar,,,-112,-7.0,False,False,,,,,,float
2026-05-28 09:18:39.689468+00:00,stratolink-3-eu,EU,STALE,40.5546212,-6.6065457,10016.0,7.0,ext-sg50-029,,,-112,0.5,False,False,,,,,,float
2026-05-28 09:18:39.689468+00:00,stratolink-3-eu,EU,STALE,40.5546212,-6.6065457,10016.0,7.0,ext-sg50-015,,,-112,4.5,False,False,,,,,,float
2026-05-28 09:18:39.689468+00:00,stratolink-3-eu,EU,STALE,40.5546212,-6.6065457,10016.0,7.0,jfmateos-rak7250-rioseco,39.9775352459947,-6.04510360141884,-113,-1.25,False,True,79.91801575433334,80.60500346493858,6.778539063605505,7.497258053568435,143.22928168900762,float
2026-05-28 09:18:39.689468+00:00,stratolink-3-eu,EU,STALE,40.5546212,-6.6065457,10016.0,7.0,mtcdtip02-l4e1-5,,,-113,-1.2,False,False,,,,,,float
2026-05-28 09:18:39.689468+00:00,stratolink-3-eu,EU,STALE,40.5546212,-6.6065457,10016.0,7.0,mtcdtip02-l4e1-15,,,-113,1.2,False,False,,,,,,float
2026-05-28 09:18:39.689468+00:00,stratolink-3-eu,EU,STALE,40.5546212,-6.6065457,10016.0,7.0,mtcdtip02-l4e1-16,,,-114,-3.0,False,False,,,,,,float
2026-05-28 09:18:39.689468+00:00,stratolink-3-eu,EU,STALE,40.5546212,-6.6065457,10016.0,7.0,mtcdtip02-l4e1-4,,,-114,-5.8,False,False,,,,,,float
2026-05-28 09:18:39.689468+00:00,stratolink-3-eu,EU,STALE,40.5546212,-6.6065457,10016.0,7.0,mtcdtip02-l4e1-7,,,-114,0.8,False,False,,,,,,float
2026-05-28 09:18:39.689468+00:00,stratolink-3-eu,EU,STALE,40.5546212,-6.6065457,10016.0,7.0,cdtic-multitech-5,40.0702558044694,-6.65818959474564,-114,-1.0,False,True,54.036757372870724,54.99876744490439,10.249793154487396,10.735756717437827,184.66476227301925,float
2026-05-28 09:18:39.689468+00:00,stratolink-3-eu,EU,STALE,40.5546212,-6.6065457,10016.0,7.0,packetbroker,40.962541751597406,-5.675446072867432,-116,-6.25,True,True,90.59526529695596,91.2172517874801,5.896474257039438,6.711215926425461,59.652285261369,float
2026-05-28 09:18:39.689468+00:00,stratolink-3-eu,EU,STALE,40.5546212,-6.6065457,10016.0,7.0,ext-sg50-028,,,-116,-1.2,False,False,,,,,,float
2026-05-28 09:18:39.689468+00:00,stratolink-3-eu,EU,STALE,40.5546212,-6.6065457,10016.0,7.0,ext-sg50-024,,,-116,1.8,False,False,,,,,,float
2026-05-28 09:18:39.689468+00:00,stratolink-3-eu,EU,STALE,40.5546212,-6.6065457,10016.0,7.0,cdtic-multitech-4,39.4920534590841,-6.57908320426941,-116,-3.0,False,True,118.17544228709082,118.689973190781,4.309232229714853,5.372008047124018,178.85730493723963,float
2026-05-28 09:18:39.689468+00:00,stratolink-3-eu,EU,STALE,40.5546212,-6.6065457,10016.0,7.0,mitigasmart-cc,,,-118,-4.5,False,False,,,,,,float
2026-05-28 09:18:39.689468+00:00,stratolink-3-eu,EU,STALE,40.5546212,-6.6065457,10016.0,7.0,tef-mls-01,40.108033,-6.632828,-118,-2.0,False,True,49.70835874177939,50.74557338515633,11.159997996662439,11.607035389300211,182.5772617989631,float
2026-05-28 09:18:39.689468+00:00,stratolink-3-eu,EU,STALE,40.5546212,-6.6065457,10016.0,7.0,sg50-eui-c0ba1ffffe004945,,,-119,-6.0,False,False,,,,,,float
2026-05-28 09:18:39.689468+00:00,stratolink-3-eu,EU,STALE,40.5546212,-6.6065457,10016.0,7.0,ext-sg50-022,,,-120,-6.5,False,False,,,,,,float
2026-05-28 09:22:25.132759+00:00,stratolink-3-eu,EU,FRESH,40.6257961,-6.428663,10009.0,7.0,mtcdtip02-l4e1-3,,,-105,2.0,False,False,,,,,,float
2026-05-28 09:22:25.132759+00:00,stratolink-3-eu,EU,FRESH,40.6257961,-6.428663,10009.0,7.0,mtcdtip02-l4e1-9,,,-107,4.8,False,False,,,,,,float
2026-05-28 09:22:25.132759+00:00,stratolink-3-eu,EU,FRESH,40.6257961,-6.428663,10009.0,7.0,mjv-casas,,,-110,-1.0,False,False,,,,,,float
2026-05-28 09:22:25.132759+00:00,stratolink-3-eu,EU,FRESH,40.6257961,-6.428663,10009.0,7.0,cicytex-icmc-002,,,-110,-7.8,False,False,,,,,,float
2026-05-28 09:22:25.132759+00:00,stratolink-3-eu,EU,FRESH,40.6257961,-6.428663,10009.0,7.0,jfmateos-rak7250-rioseco,39.9775352459947,-6.04510360141884,-111,-5.0,False,True,79.08213213871244,79.77410876714855,6.851971712150553,7.56317343054187,155.5889449274605,float
2026-05-28 09:22:25.132759+00:00,stratolink-3-eu,EU,FRESH,40.6257961,-6.428663,10009.0,7.0,adismonta-rak7289-alcuescar,,,-112,-6.2,False,False,,,,,,float
2026-05-28 09:22:25.132759+00:00,stratolink-3-eu,EU,FRESH,40.6257961,-6.428663,10009.0,7.0,ext-sg50-015,,,-112,4.8,False,False,,,,,,float
2026-05-28 09:22:25.132759+00:00,stratolink-3-eu,EU,FRESH,40.6257961,-6.428663,10009.0,7.0,ext-sg50-029,,,-112,4.2,False,False,,,,,,float
2026-05-28 09:22:25.132759+00:00,stratolink-3-eu,EU,FRESH,40.6257961,-6.428663,10009.0,7.0,mtcdtip02-l4e1-7,,,-113,-0.8,False,False,,,,,,float
2026-05-28 09:22:25.132759+00:00,stratolink-3-eu,EU,FRESH,40.6257961,-6.428663,10009.0,7.0,mtcdtip02-l4e1-15,,,-113,1.2,False,False,,,,,,float
2026-05-28 09:22:25.132759+00:00,stratolink-3-eu,EU,FRESH,40.6257961,-6.428663,10009.0,7.0,niharramikrotik,40.589325292876616,-4.838257133960725,-116,-8.25,False,True,134.31778160937742,134.7928799760389,3.654187665070918,4.862134827187417,91.2124281497683,float
2026-05-28 09:22:25.132759+00:00,stratolink-3-eu,EU,FRESH,40.6257961,-6.428663,10009.0,7.0,packetbroker,40.962541751597406,-5.675446072867432,-116,-4.0,True,True,73.63739668553853,74.37139657481511,7.403161798178406,8.065397901887811,59.19070782295381,float
2026-05-28 09:22:25.132759+00:00,stratolink-3-eu,EU,FRESH,40.6257961,-6.428663,10009.0,7.0,cdtic-multitech-4,39.4920534590841,-6.57908320426941,-116,-0.5,False,True,126.71486734239434,127.20665440104555,3.9428580999060583,5.0824307057827465,185.84688660018682,float
2026-05-28 09:22:25.132759+00:00,stratolink-3-eu,EU,FRESH,40.6257961,-6.428663,10009.0,7.0,ext-sg50-024,,,-116,2.0,False,False,,,,,,float
2026-05-28 09:22:25.132759+00:00,stratolink-3-eu,EU,FRESH,40.6257961,-6.428663,10009.0,7.0,eui-fcc23dfffe2de1ed,,,-117,-3.75,False,False,,,,,,float
2026-05-28 09:22:25.132759+00:00,stratolink-3-eu,EU,FRESH,40.6257961,-6.428663,10009.0,7.0,ext-sg50-028,,,-117,-2.2,False,False,,,,,,float
2026-05-28 09:22:25.132759+00:00,stratolink-3-eu,EU,FRESH,40.6257961,-6.428663,10009.0,7.0,mitigasmart-cc,,,-118,-7.0,False,False,,,,,,float
2026-05-28 09:22:25.132759+00:00,stratolink-3-eu,EU,FRESH,40.6257961,-6.428663,10009.0,7.0,ext-sg50-022,,,-119,-3.5,False,False,,,,,,float
2026-05-28 09:22:25.132759+00:00,stratolink-3-eu,EU,FRESH,40.6257961,-6.428663,10009.0,7.0,sg50-eui-c0ba1ffffe004945,,,-119,-5.5,False,False,,,,,,float
2026-05-28 09:27:33.324738+00:00,stratolink-3-eu,EU,STALE,40.6257961,-6.428663,10009.0,7.0,mtcdtip02-l4e1-9,,,-103,4.5,False,False,,,,,,float
2026-05-28 09:27:33.324738+00:00,stratolink-3-eu,EU,STALE,40.6257961,-6.428663,10009.0,7.0,d401c3ffff6d00a4,,,-108,-1.0,False,False,,,,,,float
2026-05-28 09:27:33.324738+00:00,stratolink-3-eu,EU,STALE,40.6257961,-6.428663,10009.0,7.0,mtcdtip02-l4e1-3,,,-108,0.2,False,False,,,,,,float
2026-05-28 09:27:33.324738+00:00,stratolink-3-eu,EU,STALE,40.6257961,-6.428663,10009.0,7.0,cicytex-ic003,,,-109,-6.2,False,False,,,,,,float
2026-05-28 09:27:33.324738+00:00,stratolink-3-eu,EU,STALE,40.6257961,-6.428663,10009.0,7.0,mtcdtip02-l4e1-7,,,-109,-1.8,False,False,,,,,,float
2026-05-28 09:27:33.324738+00:00,stratolink-3-eu,EU,STALE,40.6257961,-6.428663,10009.0,7.0,packetbroker,40.962541751597406,-5.675446072867432,-112,-2.5,True,True,73.63739668553853,74.37139657481511,7.403161798178406,8.065397901887811,59.19070782295381,float
2026-05-28 09:27:33.324738+00:00,stratolink-3-eu,EU,STALE,40.6257961,-6.428663,10009.0,7.0,jfmateos-rak7250-rioseco,39.9775352459947,-6.04510360141884,-112,-3.75,False,True,79.08213213871244,79.77410876714855,6.851971712150553,7.56317343054187,155.5889449274605,float
2026-05-28 09:27:33.324738+00:00,stratolink-3-eu,EU,STALE,40.6257961,-6.428663,10009.0,7.0,mjv-casas,,,-113,-2.5,False,False,,,,,,float
2026-05-28 09:27:33.324738+00:00,stratolink-3-eu,EU,STALE,40.6257961,-6.428663,10009.0,7.0,mtcdtip02-l4e1-16,,,-113,-7.5,False,False,,,,,,float
2026-05-28 09:27:33.324738+00:00,stratolink-3-eu,EU,STALE,40.6257961,-6.428663,10009.0,7.0,mtcdtip02-l4e1-5,,,-113,-6.2,False,False,,,,,,float
2026-05-28 09:27:33.324738+00:00,stratolink-3-eu,EU,STALE,40.6257961,-6.428663,10009.0,7.0,ext-sg50-015,,,-113,3.0,False,False,,,,,,float
2026-05-28 09:27:33.324738+00:00,stratolink-3-eu,EU,STALE,40.6257961,-6.428663,10009.0,7.0,quintaleda,41.0044688820461,-7.01952618357344,-114,-6.5,False,True,65.15676802509473,65.97133518614953,8.433366995226642,9.019335078420648,310.4508764247794,float
2026-05-28 09:27:33.324738+00:00,stratolink-3-eu,EU,STALE,40.6257961,-6.428663,10009.0,7.0,mtcdtip02-l4e1-15,,,-114,-0.8,False,False,,,,,,float
2026-05-28 09:27:33.324738+00:00,stratolink-3-eu,EU,STALE,40.6257961,-6.428663,10009.0,7.0,niharramikrotik,40.589325292876616,-4.838257133960725,-115,-7.25,False,True,134.31778160937742,134.7928799760389,3.654187665070918,4.862134827187417,91.2124281497683,float
2026-05-28 09:27:33.324738+00:00,stratolink-3-eu,EU,STALE,40.6257961,-6.428663,10009.0,7.0,ext-sg50-022,,,-117,-3.5,False,False,,,,,,float
2026-05-28 09:27:33.324738+00:00,stratolink-3-eu,EU,STALE,40.6257961,-6.428663,10009.0,7.0,qtaseixoa1,41.168191098992914,-7.5545961859461395,-118,-7.25,False,True,112.21895087634549,112.75074703753846,4.588107352363229,5.59731522955185,302.87712215438415,float
2026-05-28 09:27:33.324738+00:00,stratolink-3-eu,EU,STALE,40.6257961,-6.428663,10009.0,7.0,ext-sg50-024,,,-118,-2.5,False,False,,,,,,float
2026-05-28 09:27:33.324738+00:00,stratolink-3-eu,EU,STALE,40.6257961,-6.428663,10009.0,7.0,ext-sg50-011,,,-119,-8.8,False,False,,,,,,float
2026-05-28 09:32:41.301462+00:00,stratolink-3-eu,EU,STALE,40.6257961,-6.428663,10009.0,7.0,mtcdtip02-l4e1-9,,,-104,2.0,False,False,,,,,,float
2026-05-28 09:32:41.301462+00:00,stratolink-3-eu,EU,STALE,40.6257961,-6.428663,10009.0,7.0,mtcdtip02-l4e1-3,,,-107,-6.5,False,False,,,,,,float
2026-05-28 09:32:41.301462+00:00,stratolink-3-eu,EU,STALE,40.6257961,-6.428663,10009.0,7.0,cicytex-ic003,,,-110,-9.0,False,False,,,,,,float
2026-05-28 09:32:41.301462+00:00,stratolink-3-eu,EU,STALE,40.6257961,-6.428663,10009.0,7.0,packetbroker,40.962541751597406,-5.675446072867432,-111,-1.25,True,True,73.63739668553853,74.37139657481511,7.403161798178406,8.065397901887811,59.19070782295381,float
2026-05-28 09:32:41.301462+00:00,stratolink-3-eu,EU,STALE,40.6257961,-6.428663,10009.0,7.0,lora-more,41.81858911263017,-6.7508557295156235,-113,-4.8,False,True,135.34213528228818,135.8151719294709,3.617467950903412,4.834627334196793,348.6214371376065,float
2026-05-28 09:32:41.301462+00:00,stratolink-3-eu,EU,STALE,40.6257961,-6.428663,10009.0,7.0,jfmateos-rak7250-rioseco,39.9775352459947,-6.04510360141884,-113,-7.25,False,True,79.08213213871244,79.77410876714855,6.851971712150553,7.56317343054187,155.5889449274605,float
2026-05-28 09:32:41.301462+00:00,stratolink-3-eu,EU,STALE,40.6257961,-6.428663,10009.0,7.0,niharramikrotik,40.589325292876616,-4.838257133960725,-114,-2.5,False,True,134.31778160937742,134.7928799760389,3.654187665070918,4.862134827187417,91.2124281497683,float
2026-05-28 09:32:41.301462+00:00,stratolink-3-eu,EU,STALE,40.6257961,-6.428663,10009.0,7.0,cdtic-multitech-4,39.4920534590841,-6.57908320426941,-114,-7.5,False,True,126.71486734239434,127.20665440104555,3.9428580999060583,5.0824307057827465,185.84688660018682,float
2026-05-28 09:32:41.301462+00:00,stratolink-3-eu,EU,STALE,40.6257961,-6.428663,10009.0,7.0,ext-sg50-015,,,-114,0.2,False,False,,,,,,float
2026-05-28 09:32:41.301462+00:00,stratolink-3-eu,EU,STALE,40.6257961,-6.428663,10009.0,7.0,d401c3ffff6d00a4,,,-114,-3.5,False,False,,,,,,float
2026-05-28 09:32:41.301462+00:00,stratolink-3-eu,EU,STALE,40.6257961,-6.428663,10009.0,7.0,mjv-casas,,,-115,-4.0,False,False,,,,,,float
2026-05-28 09:32:41.301462+00:00,stratolink-3-eu,EU,STALE,40.6257961,-6.428663,10009.0,7.0,5031395365454751,42.195765,-6.006521,-115,-7.5,False,True,178.0863879551528,178.50125504881117,2.413301930799312,4.014869082701203,11.26215914003194,float
2026-05-28 09:32:41.301462+00:00,stratolink-3-eu,EU,STALE,40.6257961,-6.428663,10009.0,7.0,packetbroker,40.962758045083945,-5.675633842073217,-115,-5.75,True,True,73.6359324656191,74.36994456081506,7.403320316988313,8.065543252669633,59.1683601017869,float
2026-05-28 09:32:41.301462+00:00,stratolink-3-eu,EU,STALE,40.6257961,-6.428663,10009.0,7.0,mtcdtip02-l4e1-15,,,-115,-6.8,False,False,,,,,,float
2026-05-28 09:32:41.301462+00:00,stratolink-3-eu,EU,STALE,40.6257961,-6.428663,10009.0,7.0,ext-sg50-029,,,-115,-0.8,False,False,,,,,,float
2026-05-28 09:32:41.301462+00:00,stratolink-3-eu,EU,STALE,40.6257961,-6.428663,10009.0,7.0,meceiot-004-5030354163554750,40.5481739449056,-5.16353885114368,-116,-6.75,False,True,107.17888454101507,107.72775344099033,4.848917346444827,5.8127988807346185,94.20729341885351,float
2026-05-28 09:32:41.301462+00:00,stratolink-3-eu,EU,STALE,40.6257961,-6.428663,10009.0,7.0,mitigasmart-cc,,,-118,-9.8,False,False,,,,,,float
2026-05-28 09:32:41.301462+00:00,stratolink-3-eu,EU,STALE,40.6257961,-6.428663,10009.0,7.0,italr0005,40.954279046747715,-4.142631590366364,-119,-5.75,False,True,195.88281833147107,196.28426214013473,2.0417625947977536,3.803376669090203,78.50829551505217,float
2026-05-28 09:32:41.301462+00:00,stratolink-3-eu,EU,STALE,40.6257961,-6.428663,10009.0,7.0,ext-sg50-022,,,-119,-7.5,False,False,,,,,,float
2026-05-28 09:32:41.301462+00:00,stratolink-3-eu,EU,STALE,40.6257961,-6.428663,10009.0,7.0,ext-sg50-024,,,-119,-6.2,False,False,,,,,,float
2026-05-28 09:32:41.301462+00:00,stratolink-3-eu,EU,STALE,40.6257961,-6.428663,10009.0,7.0,ext-sg50-023,,,-119,-7.2,False,False,,,,,,float
2026-05-28 09:37:49.327955+00:00,stratolink-3-eu,EU,STALE,40.6257961,-6.428663,10009.0,7.0,mtcdtip02-l4e1-9,,,-104,5.5,False,False,,,,,,float
2026-05-28 09:37:49.327955+00:00,stratolink-3-eu,EU,STALE,40.6257961,-6.428663,10009.0,7.0,mtcdtip02-l4e1-3,,,-104,2.2,False,False,,,,,,float
2026-05-28 09:37:49.327955+00:00,stratolink-3-eu,EU,STALE,40.6257961,-6.428663,10009.0,7.0,mtcdtip02-l4e1-1,,,-111,-6.2,False,False,,,,,,float
2026-05-28 09:37:49.327955+00:00,stratolink-3-eu,EU,STALE,40.6257961,-6.428663,10009.0,7.0,packetbroker,40.962541751597406,-5.675446072867432,-112,1.25,True,True,73.63739668553853,74.37139657481511,7.403161798178406,8.065397901887811,59.19070782295381,float
2026-05-28 09:37:49.327955+00:00,stratolink-3-eu,EU,STALE,40.6257961,-6.428663,10009.0,7.0,jfmateos-rak7250-rioseco,39.9775352459947,-6.04510360141884,-113,-4.25,False,True,79.08213213871244,79.77410876714855,6.851971712150553,7.56317343054187,155.5889449274605,float
2026-05-28 09:37:49.327955+00:00,stratolink-3-eu,EU,STALE,40.6257961,-6.428663,10009.0,7.0,mtcdtip02-l4e1-5,,,-113,-2.2,False,False,,,,,,float
2026-05-28 09:37:49.327955+00:00,stratolink-3-eu,EU,STALE,40.6257961,-6.428663,10009.0,7.0,ext-sg50-029,,,-113,3.0,False,False,,,,,,float
2026-05-28 09:37:49.327955+00:00,stratolink-3-eu,EU,STALE,40.6257961,-6.428663,10009.0,7.0,cdtic-multitech-4,39.4920534590841,-6.57908320426941,-114,-2.0,False,True,126.71486734239434,127.20665440104555,3.9428580999060583,5.0824307057827465,185.84688660018682,float
2026-05-28 09:37:49.327955+00:00,stratolink-3-eu,EU,STALE,40.6257961,-6.428663,10009.0,7.0,mtcdtip02-l4e1-7,,,-115,-5.0,False,False,,,,,,float
2026-05-28 09:37:49.327955+00:00,stratolink-3-eu,EU,STALE,40.6257961,-6.428663,10009.0,7.0,mtcdtip02-l4e1-15,,,-115,-1.5,False,False,,,,,,float
2026-05-28 09:37:49.327955+00:00,stratolink-3-eu,EU,STALE,40.6257961,-6.428663,10009.0,7.0,gateway-ttn-etsii-usal,40.3852372549182,-5.760759661242656,-115,-8.25,False,True,62.48366445383774,63.32843485539228,8.812600732495897,9.374529050930212,115.12945787025205,float
2026-05-28 09:37:49.327955+00:00,stratolink-3-eu,EU,STALE,40.6257961,-6.428663,10009.0,7.0,niharramikrotik,40.589325292876616,-4.838257133960725,-116,-1.0,False,True,134.31778160937742,134.7928799760389,3.654187665070918,4.862134827187417,91.2124281497683,float
2026-05-28 09:37:49.327955+00:00,stratolink-3-eu,EU,STALE,40.6257961,-6.428663,10009.0,7.0,packetbroker,40.962758045083945,-5.675633842073217,-117,-7.25,True,True,73.6359324656191,74.36994456081506,7.403320316988313,8.065543252669633,59.1683601017869,float
2026-05-28 09:37:49.327955+00:00,stratolink-3-eu,EU,STALE,40.6257961,-6.428663,10009.0,7.0,cdtic-multitech-5,40.0702558044694,-6.65818959474564,-117,-5.5,False,True,64.76329354194009,65.58214248778668,8.487331436132704,9.069760923173625,197.55252652165944,float
2026-05-28 09:37:49.327955+00:00,stratolink-3-eu,EU,STALE,40.6257961,-6.428663,10009.0,7.0,ext-sg50-015,,,-117,-5.2,False,False,,,,,,float
2026-05-28 09:37:49.327955+00:00,stratolink-3-eu,EU,STALE,40.6257961,-6.428663,10009.0,7.0,sg50-eui-c0ba1ffffe004945,,,-118,-4.0,False,False,,,,,,float
2026-05-28 09:37:49.327955+00:00,stratolink-3-eu,EU,STALE,40.6257961,-6.428663,10009.0,7.0,v3-eui-b827ebfffebf1f02,40.13814,-7.50059,-119,-5.5,False,True,105.75302120153279,106.30707519171335,4.926785523119559,5.8778439780386424,239.50121508522003,float
2026-05-28 09:37:49.327955+00:00,stratolink-3-eu,EU,STALE,40.6257961,-6.428663,10009.0,7.0,italr0005,40.954279046747715,-4.142631590366364,-119,-4.75,False,True,195.88281833147107,196.28426214013473,2.0417625947977536,3.803376669090203,78.50829551505217,float
2026-05-28 09:37:49.327955+00:00,stratolink-3-eu,EU,STALE,40.6257961,-6.428663,10009.0,7.0,ext-sg50-024,,,-119,-5.0,False,False,,,,,,float
2026-05-28 09:37:49.327955+00:00,stratolink-3-eu,EU,STALE,40.6257961,-6.428663,10009.0,7.0,ext-sg50-028,,,-119,-9.5,False,False,,,,,,float
2026-05-28 09:37:49.327955+00:00,stratolink-3-eu,EU,STALE,40.6257961,-6.428663,10009.0,7.0,mitigasmart-cc,,,-119,-9.5,False,False,,,,,,float
2026-05-28 09:37:49.327955+00:00,stratolink-3-eu,EU,STALE,40.6257961,-6.428663,10009.0,7.0,sg50-perte-malpica-05,,,-119,-7.5,False,False,,,,,,float
2026-05-28 09:37:49.327955+00:00,stratolink-3-eu,EU,STALE,40.6257961,-6.428663,10009.0,7.0,ext-sg50-022,,,-120,-7.2,False,False,,,,,,float
2026-05-28 09:37:49.327955+00:00,stratolink-3-eu,EU,STALE,40.6257961,-6.428663,10009.0,7.0,eui-7076ff0056081d63,,,-122,-7.0,False,False,,,,,,float
2026-05-28 09:42:57.275987+00:00,stratolink-3-eu,EU,STALE,40.6257961,-6.428663,10009.0,7.0,mtcdtip02-l4e1-9,,,-102,4.2,False,False,,,,,,float
2026-05-28 09:42:57.275987+00:00,stratolink-3-eu,EU,STALE,40.6257961,-6.428663,10009.0,7.0,mtcdtip02-l4e1-3,,,-109,-6.5,False,False,,,,,,float
2026-05-28 09:42:57.275987+00:00,stratolink-3-eu,EU,STALE,40.6257961,-6.428663,10009.0,7.0,mtcdtip02-l4e1-15,,,-111,0.8,False,False,,,,,,float
2026-05-28 09:42:57.275987+00:00,stratolink-3-eu,EU,STALE,40.6257961,-6.428663,10009.0,7.0,ext-sg50-029,,,-111,4.8,False,False,,,,,,float
2026-05-28 09:42:57.275987+00:00,stratolink-3-eu,EU,STALE,40.6257961,-6.428663,10009.0,7.0,cicytex-icmc-002,,,-112,-7.8,False,False,,,,,,float
2026-05-28 09:42:57.275987+00:00,stratolink-3-eu,EU,STALE,40.6257961,-6.428663,10009.0,7.0,jfmateos-rak7250-rioseco,39.9775352459947,-6.04510360141884,-112,-2.5,False,True,79.08213213871244,79.77410876714855,6.851971712150553,7.56317343054187,155.5889449274605,float
2026-05-28 09:42:57.275987+00:00,stratolink-3-eu,EU,STALE,40.6257961,-6.428663,10009.0,7.0,d401c3ffff6d00a4,,,-113,-0.5,False,False,,,,,,float
2026-05-28 09:42:57.275987+00:00,stratolink-3-eu,EU,STALE,40.6257961,-6.428663,10009.0,7.0,ext-sg50-015,,,-113,1.8,False,False,,,,,,float
2026-05-28 09:42:57.275987+00:00,stratolink-3-eu,EU,STALE,40.6257961,-6.428663,10009.0,7.0,mjv-casas,,,-114,-2.2,False,False,,,,,,float
2026-05-28 09:42:57.275987+00:00,stratolink-3-eu,EU,STALE,40.6257961,-6.428663,10009.0,7.0,niharramikrotik,40.589325292876616,-4.838257133960725,-114,-6.25,False,True,134.31778160937742,134.7928799760389,3.654187665070918,4.862134827187417,91.2124281497683,float
2026-05-28 09:42:57.275987+00:00,stratolink-3-eu,EU,STALE,40.6257961,-6.428663,10009.0,7.0,mtcdtip02-l4e1-7,,,-114,-3.2,False,False,,,,,,float
2026-05-28 09:42:57.275987+00:00,stratolink-3-eu,EU,STALE,40.6257961,-6.428663,10009.0,7.0,mtcdtip02-l4e1-5,,,-115,-4.8,False,False,,,,,,float
2026-05-28 09:42:57.275987+00:00,stratolink-3-eu,EU,STALE,40.6257961,-6.428663,10009.0,7.0,ext-sg50-024,,,-117,-1.2,False,False,,,,,,float
2026-05-28 09:42:57.275987+00:00,stratolink-3-eu,EU,STALE,40.6257961,-6.428663,10009.0,7.0,ext-sg50-028,,,-118,-6.5,False,False,,,,,,float
2026-05-28 09:42:57.275987+00:00,stratolink-3-eu,EU,STALE,40.6257961,-6.428663,10009.0,7.0,mitigasmart-cc,,,-118,-8.5,False,False,,,,,,float
2026-05-28 09:42:57.275987+00:00,stratolink-3-eu,EU,STALE,40.6257961,-6.428663,10009.0,7.0,sg50-eui-c0ba1ffffe004945,,,-118,-7.8,False,False,,,,,,float
2026-05-28 09:42:57.275987+00:00,stratolink-3-eu,EU,STALE,40.6257961,-6.428663,10009.0,7.0,ext-sg50-022,,,-119,-3.8,False,False,,,,,,float
2026-05-28 09:48:05.634582+00:00,stratolink-3-eu,EU,STALE,40.6257961,-6.428663,10009.0,7.0,mtcdtip02-l4e1-9,,,-104,4.0,False,False,,,,,,float
2026-05-28 09:48:05.634582+00:00,stratolink-3-eu,EU,STALE,40.6257961,-6.428663,10009.0,7.0,mtcdtip02-l4e1-3,,,-108,-1.5,False,False,,,,,,float
2026-05-28 09:48:05.634582+00:00,stratolink-3-eu,EU,STALE,40.6257961,-6.428663,10009.0,7.0,cicytex-ic003,,,-109,-5.2,False,False,,,,,,float
2026-05-28 09:48:05.634582+00:00,stratolink-3-eu,EU,STALE,40.6257961,-6.428663,10009.0,7.0,d401c3ffff6d00a4,,,-111,,False,False,,,,,,float
2026-05-28 09:48:05.634582+00:00,stratolink-3-eu,EU,STALE,40.6257961,-6.428663,10009.0,7.0,lora-more,41.81858911263017,-6.7508557295156235,-112,-7.8,False,True,135.34213528228818,135.8151719294709,3.617467950903412,4.834627334196793,348.6214371376065,float
2026-05-28 09:48:05.634582+00:00,stratolink-3-eu,EU,STALE,40.6257961,-6.428663,10009.0,7.0,ext-sg50-029,,,-112,3.0,False,False,,,,,,float
2026-05-28 09:48:05.634582+00:00,stratolink-3-eu,EU,STALE,40.6257961,-6.428663,10009.0,7.0,packetbroker,42.3745405722791,-5.96814936380405,-114,-7.75,True,True,198.196751110667,198.59675771531337,1.9972896961056812,3.7797134390843348,11.00509002757616,float
2026-05-28 09:48:05.634582+00:00,stratolink-3-eu,EU,STALE,40.6257961,-6.428663,10009.0,7.0,cdtic-multitech-4,39.4920534590841,-6.57908320426941,-114,-6.5,False,True,126.71486734239434,127.20665440104555,3.9428580999060583,5.0824307057827465,185.84688660018682,float
2026-05-28 09:48:05.634582+00:00,stratolink-3-eu,EU,STALE,40.6257961,-6.428663,10009.0,7.0,packetbroker,40.962541751597406,-5.675446072867432,-114,-1.0,True,True,73.63739668553853,74.37139657481511,7.403161798178406,8.065397901887811,59.19070782295381,float
2026-05-28 09:48:05.634582+00:00,stratolink-3-eu,EU,STALE,40.6257961,-6.428663,10009.0,7.0,mtcdtip02-l4e1-15,,,-114,-3.5,False,False,,,,,,float
2026-05-28 09:48:05.634582+00:00,stratolink-3-eu,EU,STALE,40.6257961,-6.428663,10009.0,7.0,niharramikrotik,40.589325292876616,-4.838257133960725,-115,-6.5,False,True,134.31778160937742,134.7928799760389,3.654187665070918,4.862134827187417,91.2124281497683,float
2026-05-28 09:48:05.634582+00:00,stratolink-3-eu,EU,STALE,40.6257961,-6.428663,10009.0,7.0,packetbroker,40.962758045083945,-5.675633842073217,-115,-3.75,True,True,73.6359324656191,74.36994456081506,7.403320316988313,8.065543252669633,59.1683601017869,float
2026-05-28 09:48:05.634582+00:00,stratolink-3-eu,EU,STALE,40.6257961,-6.428663,10009.0,7.0,mjv-casas,,,-116,-7.0,False,False,,,,,,float
2026-05-28 09:48:05.634582+00:00,stratolink-3-eu,EU,STALE,40.6257961,-6.428663,10009.0,7.0,cdtic-multitech-5,40.0702558044694,-6.65818959474564,-116,-2.2,False,True,64.76329354194009,65.58214248778668,8.487331436132704,9.069760923173625,197.55252652165944,float
2026-05-28 09:48:05.634582+00:00,stratolink-3-eu,EU,STALE,40.6257961,-6.428663,10009.0,7.0,ext-sg50-015,,,-117,-2.8,False,False,,,,,,float
2026-05-28 09:48:05.634582+00:00,stratolink-3-eu,EU,STALE,40.6257961,-6.428663,10009.0,7.0,ext-sg50-024,,,-118,-4.8,False,False,,,,,,float
2026-05-28 09:48:05.634582+00:00,stratolink-3-eu,EU,STALE,40.6257961,-6.428663,10009.0,7.0,ext-sg50-028,,,-118,-8.5,False,False,,,,,,float
2026-05-28 09:48:05.634582+00:00,stratolink-3-eu,EU,STALE,40.6257961,-6.428663,10009.0,7.0,mitigasmart-cc,,,-118,-9.0,False,False,,,,,,float
2026-05-28 09:53:13.598918+00:00,stratolink-3-eu,EU,STALE,40.6257961,-6.428663,10009.0,7.0,mtcdtip02-l4e1-9,,,-108,1.8,False,False,,,,,,float
2026-05-28 09:53:13.598918+00:00,stratolink-3-eu,EU,STALE,40.6257961,-6.428663,10009.0,7.0,mtcdtip02-l4e1-3,,,-109,-0.2,False,False,,,,,,float
2026-05-28 09:53:13.598918+00:00,stratolink-3-eu,EU,STALE,40.6257961,-6.428663,10009.0,7.0,cicytex-ic003,,,-111,-6.8,False,False,,,,,,float
2026-05-28 09:53:13.598918+00:00,stratolink-3-eu,EU,STALE,40.6257961,-6.428663,10009.0,7.0,packetbroker,40.962758045083945,-5.675633842073217,-113,-2.0,True,True,73.6359324656191,74.36994456081506,7.403320316988313,8.065543252669633,59.1683601017869,float
2026-05-28 09:53:13.598918+00:00,stratolink-3-eu,EU,STALE,40.6257961,-6.428663,10009.0,7.0,jfmateos-rak7250-rioseco,39.9775352459947,-6.04510360141884,-113,-5.75,False,True,79.08213213871244,79.77410876714855,6.851971712150553,7.56317343054187,155.5889449274605,float
2026-05-28 09:53:13.598918+00:00,stratolink-3-eu,EU,STALE,40.6257961,-6.428663,10009.0,7.0,packetbroker,40.962541751597406,-5.675446072867432,-113,1.0,True,True,73.63739668553853,74.37139657481511,7.403161798178406,8.065397901887811,59.19070782295381,float
2026-05-28 09:53:13.598918+00:00,stratolink-3-eu,EU,STALE,40.6257961,-6.428663,10009.0,7.0,dlps8-119,,,-113,-9.5,False,False,,,,,,float
2026-05-28 09:53:13.598918+00:00,stratolink-3-eu,EU,STALE,40.6257961,-6.428663,10009.0,7.0,ext-sg50-015,,,-114,-0.5,False,False,,,,,,float
2026-05-28 09:53:13.598918+00:00,stratolink-3-eu,EU,STALE,40.6257961,-6.428663,10009.0,7.0,mtcdtip02-l4e1-15,,,-114,-6.0,False,False,,,,,,float
2026-05-28 09:53:13.598918+00:00,stratolink-3-eu,EU,STALE,40.6257961,-6.428663,10009.0,7.0,ext-sg50-029,,,-114,1.0,False,False,,,,,,float
2026-05-28 09:53:13.598918+00:00,stratolink-3-eu,EU,STALE,40.6257961,-6.428663,10009.0,7.0,cdtic-multitech-5,40.0702558044694,-6.65818959474564,-115,-2.2,False,True,64.76329354194009,65.58214248778668,8.487331436132704,9.069760923173625,197.55252652165944,float
2026-05-28 09:53:13.598918+00:00,stratolink-3-eu,EU,STALE,40.6257961,-6.428663,10009.0,7.0,cdtic-multitech-4,39.4920534590841,-6.57908320426941,-116,-7.2,False,True,126.71486734239434,127.20665440104555,3.9428580999060583,5.0824307057827465,185.84688660018682,float
2026-05-28 09:53:13.598918+00:00,stratolink-3-eu,EU,STALE,40.6257961,-6.428663,10009.0,7.0,d401c3ffff6d00a4,,,-116,-4.25,False,False,,,,,,float
2026-05-28 09:53:13.598918+00:00,stratolink-3-eu,EU,STALE,40.6257961,-6.428663,10009.0,7.0,meceiot-004-5030354163554750,40.5481739449056,-5.16353885114368,-116,-7.0,False,True,107.17888454101507,107.72775344099033,4.848917346444827,5.8127988807346185,94.20729341885351,float
2026-05-28 09:53:13.598918+00:00,stratolink-3-eu,EU,STALE,40.6257961,-6.428663,10009.0,7.0,lora-more,41.81858911263017,-6.7508557295156235,-117,-6.8,False,True,135.34213528228818,135.8151719294709,3.617467950903412,4.834627334196793,348.6214371376065,float
2026-05-28 09:53:13.598918+00:00,stratolink-3-eu,EU,STALE,40.6257961,-6.428663,10009.0,7.0,mitigasmart-cc,,,-119,-8.0,False,False,,,,,,float
2026-05-28 09:53:13.598918+00:00,stratolink-3-eu,EU,STALE,40.6257961,-6.428663,10009.0,7.0,italr0005,40.954279046747715,-4.142631590366364,-122,-8.25,False,True,195.88281833147107,196.28426214013473,2.0417625947977536,3.803376669090203,78.50829551505217,float
2026-05-28 09:58:21.756531+00:00,stratolink-3-eu,EU,STALE,40.6257961,-6.428663,10009.0,7.0,mtcdtip02-l4e1-9,,,-103,6.0,False,False,,,,,,float
2026-05-28 09:58:21.756531+00:00,stratolink-3-eu,EU,STALE,40.6257961,-6.428663,10009.0,7.0,packetbroker,40.962758045083945,-5.675633842073217,-107,-0.5,True,True,73.6359324656191,74.36994456081506,7.403320316988313,8.065543252669633,59.1683601017869,float
2026-05-28 09:58:21.756531+00:00,stratolink-3-eu,EU,STALE,40.6257961,-6.428663,10009.0,7.0,mtcdtip02-l4e1-3,,,-107,-1.8,False,False,,,,,,float
2026-05-28 09:58:21.756531+00:00,stratolink-3-eu,EU,STALE,40.6257961,-6.428663,10009.0,7.0,cicytex-ic003,,,-109,-7.2,False,False,,,,,,float
2026-05-28 09:58:21.756531+00:00,stratolink-3-eu,EU,STALE,40.6257961,-6.428663,10009.0,7.0,mtcdtip02-l4e1-4,,,-110,-7.2,False,False,,,,,,float
2026-05-28 09:58:21.756531+00:00,stratolink-3-eu,EU,STALE,40.6257961,-6.428663,10009.0,7.0,mjv-casas,,,-111,2.8,False,False,,,,,,float
2026-05-28 09:58:21.756531+00:00,stratolink-3-eu,EU,STALE,40.6257961,-6.428663,10009.0,7.0,cicytex-icmc-002,,,-111,-6.5,False,False,,,,,,float
2026-05-28 09:58:21.756531+00:00,stratolink-3-eu,EU,STALE,40.6257961,-6.428663,10009.0,7.0,niharramikrotik,40.589325292876616,-4.838257133960725,-111,-3.0,False,True,134.31778160937742,134.7928799760389,3.654187665070918,4.862134827187417,91.2124281497683,float
2026-05-28 09:58:21.756531+00:00,stratolink-3-eu,EU,STALE,40.6257961,-6.428663,10009.0,7.0,mtcdtip02-l4e1-5,,,-111,-4.0,False,False,,,,,,float
2026-05-28 09:58:21.756531+00:00,stratolink-3-eu,EU,STALE,40.6257961,-6.428663,10009.0,7.0,jfmateos-rak7250-rioseco,39.9775352459947,-6.04510360141884,-112,-3.75,False,True,79.08213213871244,79.77410876714855,6.851971712150553,7.56317343054187,155.5889449274605,float
2026-05-28 09:58:21.756531+00:00,stratolink-3-eu,EU,STALE,40.6257961,-6.428663,10009.0,7.0,ext-sg50-029,,,-112,4.5,False,False,,,,,,float
2026-05-28 09:58:21.756531+00:00,stratolink-3-eu,EU,STALE,40.6257961,-6.428663,10009.0,7.0,gateway-ttn-etsii-usal,40.3852372549182,-5.760759661242656,-114,-8.0,False,True,62.48366445383774,63.32843485539228,8.812600732495897,9.374529050930212,115.12945787025205,float
2026-05-28 09:58:21.756531+00:00,stratolink-3-eu,EU,STALE,40.6257961,-6.428663,10009.0,7.0,cdtic-multitech-4,39.4920534590841,-6.57908320426941,-115,-2.2,False,True,126.71486734239434,127.20665440104555,3.9428580999060583,5.0824307057827465,185.84688660018682,float
2026-05-28 09:58:21.756531+00:00,stratolink-3-eu,EU,STALE,40.6257961,-6.428663,10009.0,7.0,mtcdtip02-l4e1-15,,,-115,-3.0,False,False,,,,,,float
2026-05-28 09:58:21.756531+00:00,stratolink-3-eu,EU,STALE,40.6257961,-6.428663,10009.0,7.0,meceiot-004-5030354163554750,40.5481739449056,-5.16353885114368,-115,-4.5,False,True,107.17888454101507,107.72775344099033,4.848917346444827,5.8127988807346185,94.20729341885351,float
2026-05-28 09:58:21.756531+00:00,stratolink-3-eu,EU,STALE,40.6257961,-6.428663,10009.0,7.0,ext-sg50-015,,,-117,-1.5,False,False,,,,,,float
2026-05-28 09:58:21.756531+00:00,stratolink-3-eu,EU,STALE,40.6257961,-6.428663,10009.0,7.0,mitigasmart-cc,,,-117,-4.5,False,False,,,,,,float
2026-05-28 09:58:21.756531+00:00,stratolink-3-eu,EU,STALE,40.6257961,-6.428663,10009.0,7.0,sg50-perte-malpica-05,,,-117,-2.2,False,False,,,,,,float
2026-05-28 09:58:21.756531+00:00,stratolink-3-eu,EU,STALE,40.6257961,-6.428663,10009.0,7.0,ext-sg50-023,,,-117,-1.0,False,False,,,,,,float
2026-05-28 09:58:21.756531+00:00,stratolink-3-eu,EU,STALE,40.6257961,-6.428663,10009.0,7.0,sg50-eui-c0ba1ffffe004945,,,-118,-3.8,False,False,,,,,,float
2026-05-28 09:58:21.756531+00:00,stratolink-3-eu,EU,STALE,40.6257961,-6.428663,10009.0,7.0,ext-sg50-024,,,-119,-5.5,False,False,,,,,,float
2026-05-28 09:58:21.756531+00:00,stratolink-3-eu,EU,STALE,40.6257961,-6.428663,10009.0,7.0,tef-mls-01,40.108033,-6.632828,-119,-7.2,False,True,60.1148739870506,60.98875847646064,9.17524615805839,9.715871461450847,196.78846730955854,float
2026-05-28 09:58:21.756531+00:00,stratolink-3-eu,EU,STALE,40.6257961,-6.428663,10009.0,7.0,italr0005,40.954279046747715,-4.142631590366364,-120,-6.5,False,True,195.88281833147107,196.28426214013473,2.0417625947977536,3.803376669090203,78.50829551505217,float
2026-05-28 10:03:30.104653+00:00,stratolink-3-eu,EU,STALE,40.6257961,-6.428663,10009.0,7.0,mtcdtip02-l4e1-9,,,-104,3.2,False,False,,,,,,float
2026-05-28 10:03:30.104653+00:00,stratolink-3-eu,EU,STALE,40.6257961,-6.428663,10009.0,7.0,mtcdtip02-l4e1-3,,,-108,-4.0,False,False,,,,,,float
2026-05-28 10:03:30.104653+00:00,stratolink-3-eu,EU,STALE,40.6257961,-6.428663,10009.0,7.0,cicytex-ic003,,,-109,-6.5,False,False,,,,,,float
2026-05-28 10:03:30.104653+00:00,stratolink-3-eu,EU,STALE,40.6257961,-6.428663,10009.0,7.0,mjv-casas,,,-110,,False,False,,,,,,float
2026-05-28 10:03:30.104653+00:00,stratolink-3-eu,EU,STALE,40.6257961,-6.428663,10009.0,7.0,d401c3ffff6d00a4,,,-110,-4.0,False,False,,,,,,float
2026-05-28 10:03:30.104653+00:00,stratolink-3-eu,EU,STALE,40.6257961,-6.428663,10009.0,7.0,mtcdtip02-l4e1-7,,,-111,-1.5,False,False,,,,,,float
2026-05-28 10:03:30.104653+00:00,stratolink-3-eu,EU,STALE,40.6257961,-6.428663,10009.0,7.0,mtcdtip02-l4e1-15,,,-111,-1.5,False,False,,,,,,float
2026-05-28 10:03:30.104653+00:00,stratolink-3-eu,EU,STALE,40.6257961,-6.428663,10009.0,7.0,mtcdtip02-l4e1-5,,,-112,-4.2,False,False,,,,,,float
2026-05-28 10:03:30.104653+00:00,stratolink-3-eu,EU,STALE,40.6257961,-6.428663,10009.0,7.0,packetbroker,40.962758045083945,-5.675633842073217,-113,-2.75,True,True,73.6359324656191,74.36994456081506,7.403320316988313,8.065543252669633,59.1683601017869,float
2026-05-28 10:03:30.104653+00:00,stratolink-3-eu,EU,STALE,40.6257961,-6.428663,10009.0,7.0,packetbroker,40.962541751597406,-5.675446072867432,-113,-3.0,True,True,73.63739668553853,74.37139657481511,7.403161798178406,8.065397901887811,59.19070782295381,float
2026-05-28 10:03:30.104653+00:00,stratolink-3-eu,EU,STALE,40.6257961,-6.428663,10009.0,7.0,ext-sg50-029,,,-114,0.5,False,False,,,,,,float
2026-05-28 10:03:30.104653+00:00,stratolink-3-eu,EU,STALE,40.6257961,-6.428663,10009.0,7.0,niharramikrotik,40.589325292876616,-4.838257133960725,-115,-6.25,False,True,134.31778160937742,134.7928799760389,3.654187665070918,4.862134827187417,91.2124281497683,float
2026-05-28 10:03:30.104653+00:00,stratolink-3-eu,EU,STALE,40.6257961,-6.428663,10009.0,7.0,ext-sg50-015,,,-115,-6.0,False,False,,,,,,float
2026-05-28 10:03:30.104653+00:00,stratolink-3-eu,EU,STALE,40.6257961,-6.428663,10009.0,7.0,eui-fcc23dfffe2de1ed,,,-117,-6.75,False,False,,,,,,float
2026-05-28 10:03:30.104653+00:00,stratolink-3-eu,EU,STALE,40.6257961,-6.428663,10009.0,7.0,v3-eui-b827ebfffebf1f02,40.13814,-7.50059,-117,-1.2,False,True,105.75302120153279,106.30707519171335,4.926785523119559,5.8778439780386424,239.50121508522003,float
2026-05-28 10:03:30.104653+00:00,stratolink-3-eu,EU,STALE,40.6257961,-6.428663,10009.0,7.0,ext-sg50-024,,,-117,-3.2,False,False,,,,,,float
2026-05-28 10:03:30.104653+00:00,stratolink-3-eu,EU,STALE,40.6257961,-6.428663,10009.0,7.0,ext-sg50-028,,,-117,-5.5,False,False,,,,,,float
2026-05-28 10:03:30.104653+00:00,stratolink-3-eu,EU,STALE,40.6257961,-6.428663,10009.0,7.0,tef-mls-01,40.108033,-6.632828,-118,-7.0,False,True,60.1148739870506,60.98875847646064,9.17524615805839,9.715871461450847,196.78846730955854,float
2026-05-28 10:03:30.104653+00:00,stratolink-3-eu,EU,STALE,40.6257961,-6.428663,10009.0,7.0,ext-sg50-022,,,-119,-5.2,False,False,,,,,,float
2026-05-28 10:03:30.104653+00:00,stratolink-3-eu,EU,STALE,40.6257961,-6.428663,10009.0,7.0,ext-sg50-011,,,-119,-9.8,False,False,,,,,,float
2026-05-28 10:08:38.059462+00:00,stratolink-3-eu,EU,STALE,40.6257961,-6.428663,10009.0,7.0,mtcdtip02-l4e1-3,,,-109,0.2,False,False,,,,,,float
2026-05-28 10:08:38.059462+00:00,stratolink-3-eu,EU,STALE,40.6257961,-6.428663,10009.0,7.0,mtcdtip02-l4e1-9,,,-109,2.5,False,False,,,,,,float
2026-05-28 10:08:38.059462+00:00,stratolink-3-eu,EU,STALE,40.6257961,-6.428663,10009.0,7.0,cicytex-ic003,,,-109,-0.5,False,False,,,,,,float
2026-05-28 10:08:38.059462+00:00,stratolink-3-eu,EU,STALE,40.6257961,-6.428663,10009.0,7.0,aps-growth-usal,40.9604459791695,-5.67081212997437,-111,-8.0,False,True,73.85673694049223,74.58891426050678,7.379482483609949,8.043691158898136,59.49914692416172,float
2026-05-28 10:08:38.059462+00:00,stratolink-3-eu,EU,STALE,40.6257961,-6.428663,10009.0,7.0,packetbroker,40.962541751597406,-5.675446072867432,-111,2.25,True,True,73.63739668553853,74.37139657481511,7.403161798178406,8.065397901887811,59.19070782295381,float
2026-05-28 10:08:38.059462+00:00,stratolink-3-eu,EU,STALE,40.6257961,-6.428663,10009.0,7.0,packetbroker,40.962758045083945,-5.675633842073217,-111,-1.5,True,True,73.6359324656191,74.36994456081506,7.403320316988313,8.065543252669633,59.1683601017869,float
2026-05-28 10:08:38.059462+00:00,stratolink-3-eu,EU,STALE,40.6257961,-6.428663,10009.0,7.0,mtcdtip02-l4e1-7,,,-113,-3.5,False,False,,,,,,float
2026-05-28 10:08:38.059462+00:00,stratolink-3-eu,EU,STALE,40.6257961,-6.428663,10009.0,7.0,mjv-casas,,,-115,-1.5,False,False,,,,,,float
2026-05-28 10:08:38.059462+00:00,stratolink-3-eu,EU,STALE,40.6257961,-6.428663,10009.0,7.0,niharramikrotik,40.589325292876616,-4.838257133960725,-115,-3.0,False,True,134.31778160937742,134.7928799760389,3.654187665070918,4.862134827187417,91.2124281497683,float
2026-05-28 10:08:38.059462+00:00,stratolink-3-eu,EU,STALE,40.6257961,-6.428663,10009.0,7.0,jfmateos-rak7250-rioseco,39.9775352459947,-6.04510360141884,-115,-6.5,False,True,79.08213213871244,79.77410876714855,6.851971712150553,7.56317343054187,155.5889449274605,float
2026-05-28 10:08:38.059462+00:00,stratolink-3-eu,EU,STALE,40.6257961,-6.428663,10009.0,7.0,mtcdtip02-l4e1-15,,,-115,-8.8,False,False,,,,,,float
2026-05-28 10:08:38.059462+00:00,stratolink-3-eu,EU,STALE,40.6257961,-6.428663,10009.0,7.0,cdtic-multitech-5,40.0702558044694,-6.65818959474564,-115,-2.2,False,True,64.76329354194009,65.58214248778668,8.487331436132704,9.069760923173625,197.55252652165944,float
2026-05-28 10:08:38.059462+00:00,stratolink-3-eu,EU,STALE,40.6257961,-6.428663,10009.0,7.0,d401c3ffff6d00a4,,,-115,-7.5,False,False,,,,,,float
2026-05-28 10:08:38.059462+00:00,stratolink-3-eu,EU,STALE,40.6257961,-6.428663,10009.0,7.0,ext-sg50-015,,,-116,-3.5,False,False,,,,,,float
2026-05-28 10:08:38.059462+00:00,stratolink-3-eu,EU,STALE,40.6257961,-6.428663,10009.0,7.0,meceiot-004-5030354163554750,40.5481739449056,-5.16353885114368,-116,-3.75,False,True,107.17888454101507,107.72775344099033,4.848917346444827,5.8127988807346185,94.20729341885351,float
2026-05-28 10:08:38.059462+00:00,stratolink-3-eu,EU,STALE,40.6257961,-6.428663,10009.0,7.0,sg50-perte-malpica-05,,,-118,-4.2,False,False,,,,,,float
2026-05-28 10:08:38.059462+00:00,stratolink-3-eu,EU,STALE,40.6257961,-6.428663,10009.0,7.0,mitigasmart-cc,,,-119,-7.5,False,False,,,,,,float
2026-05-28 10:08:38.059462+00:00,stratolink-3-eu,EU,STALE,40.6257961,-6.428663,10009.0,7.0,tef-mls-01,40.108033,-6.632828,-119,-8.0,False,True,60.1148739870506,60.98875847646064,9.17524615805839,9.715871461450847,196.78846730955854,float
2026-05-28 10:08:38.059462+00:00,stratolink-3-eu,EU,STALE,40.6257961,-6.428663,10009.0,7.0,sg50-perte-malpica-07,,,-119,-8.2,False,False,,,,,,float
2026-05-28 10:08:38.059462+00:00,stratolink-3-eu,EU,STALE,40.6257961,-6.428663,10009.0,7.0,sg50-eui-c0ba1ffffe004945,,,-119,-7.8,False,False,,,,,,float
2026-05-28 10:08:38.059462+00:00,stratolink-3-eu,EU,STALE,40.6257961,-6.428663,10009.0,7.0,italr0005,40.954279046747715,-4.142631590366364,-119,-5.25,False,True,195.88281833147107,196.28426214013473,2.0417625947977536,3.803376669090203,78.50829551505217,float
2026-05-28 10:08:38.059462+00:00,stratolink-3-eu,EU,STALE,40.6257961,-6.428663,10009.0,7.0,ext-sg50-024,,,-120,-7.0,False,False,,,,,,float
2026-05-28 10:13:46.141721+00:00,stratolink-3-eu,EU,STALE,40.6257961,-6.428663,10009.0,7.0,mtcdtip02-l4e1-9,,,-103,6.2,False,False,,,,,,float
2026-05-28 10:13:46.141721+00:00,stratolink-3-eu,EU,STALE,40.6257961,-6.428663,10009.0,7.0,cicytex-ic003,,,-108,-2.5,False,False,,,,,,float
2026-05-28 10:13:46.141721+00:00,stratolink-3-eu,EU,STALE,40.6257961,-6.428663,10009.0,7.0,mjv-casas,,,-109,4.0,False,False,,,,,,float
2026-05-28 10:13:46.141721+00:00,stratolink-3-eu,EU,STALE,40.6257961,-6.428663,10009.0,7.0,mtcdtip02-l4e1-3,,,-109,-1.2,False,False,,,,,,float
2026-05-28 10:13:46.141721+00:00,stratolink-3-eu,EU,STALE,40.6257961,-6.428663,10009.0,7.0,packetbroker,40.962541751597406,-5.675446072867432,-110,,True,True,73.63739668553853,74.37139657481511,7.403161798178406,8.065397901887811,59.19070782295381,float
2026-05-28 10:13:46.141721+00:00,stratolink-3-eu,EU,STALE,40.6257961,-6.428663,10009.0,7.0,jfmateos-rak7250-rioseco,39.9775352459947,-6.04510360141884,-112,-3.25,False,True,79.08213213871244,79.77410876714855,6.851971712150553,7.56317343054187,155.5889449274605,float
2026-05-28 10:13:46.141721+00:00,stratolink-3-eu,EU,STALE,40.6257961,-6.428663,10009.0,7.0,mtcdtip02-l4e1-7,,,-112,-2.2,False,False,,,,,,float
2026-05-28 10:13:46.141721+00:00,stratolink-3-eu,EU,STALE,40.6257961,-6.428663,10009.0,7.0,niharramikrotik,40.589325292876616,-4.838257133960725,-113,0.75,False,True,134.31778160937742,134.7928799760389,3.654187665070918,4.862134827187417,91.2124281497683,float
2026-05-28 10:13:46.141721+00:00,stratolink-3-eu,EU,STALE,40.6257961,-6.428663,10009.0,7.0,ext-sg50-018,,,-113,-8.8,False,False,,,,,,float
2026-05-28 10:13:46.141721+00:00,stratolink-3-eu,EU,STALE,40.6257961,-6.428663,10009.0,7.0,cdtic-multitech-5,40.0702558044694,-6.65818959474564,-113,-6.2,False,True,64.76329354194009,65.58214248778668,8.487331436132704,9.069760923173625,197.55252652165944,float
2026-05-28 10:13:46.141721+00:00,stratolink-3-eu,EU,STALE,40.6257961,-6.428663,10009.0,7.0,mtcdtip02-l4e1-5,,,-114,-2.8,False,False,,,,,,float
2026-05-28 10:13:46.141721+00:00,stratolink-3-eu,EU,STALE,40.6257961,-6.428663,10009.0,7.0,mtcdtip02-l4e1-15,,,-115,-4.8,False,False,,,,,,float
2026-05-28 10:13:46.141721+00:00,stratolink-3-eu,EU,STALE,40.6257961,-6.428663,10009.0,7.0,ext-sg50-015,,,-115,-4.0,False,False,,,,,,float
2026-05-28 10:13:46.141721+00:00,stratolink-3-eu,EU,STALE,40.6257961,-6.428663,10009.0,7.0,ext-sg50-029,,,-115,,False,False,,,,,,float
2026-05-28 10:13:46.141721+00:00,stratolink-3-eu,EU,STALE,40.6257961,-6.428663,10009.0,7.0,cdtic-multitech-4,39.4920534590841,-6.57908320426941,-116,-2.5,False,True,126.71486734239434,127.20665440104555,3.9428580999060583,5.0824307057827465,185.84688660018682,float
2026-05-28 10:13:46.141721+00:00,stratolink-3-eu,EU,STALE,40.6257961,-6.428663,10009.0,7.0,mitigasmart-cc,,,-117,-3.2,False,False,,,,,,float
2026-05-28 10:13:46.141721+00:00,stratolink-3-eu,EU,STALE,40.6257961,-6.428663,10009.0,7.0,sg50-perte-malpica-05,,,-117,-2.8,False,False,,,,,,float
2026-05-28 10:13:46.141721+00:00,stratolink-3-eu,EU,STALE,40.6257961,-6.428663,10009.0,7.0,ext-sg50-028,,,-118,-6.8,False,False,,,,,,float
2026-05-28 10:13:46.141721+00:00,stratolink-3-eu,EU,STALE,40.6257961,-6.428663,10009.0,7.0,sg50-perte-malpica-07,,,-118,-4.5,False,False,,,,,,float
2026-05-28 10:13:46.141721+00:00,stratolink-3-eu,EU,STALE,40.6257961,-6.428663,10009.0,7.0,sg50-eui-c0ba1ffffe004945,,,-118,-6.0,False,False,,,,,,float
2026-05-28 10:13:46.141721+00:00,stratolink-3-eu,EU,STALE,40.6257961,-6.428663,10009.0,7.0,ext-sg50-024,,,-119,-6.8,False,False,,,,,,float
2026-05-28 10:13:46.141721+00:00,stratolink-3-eu,EU,STALE,40.6257961,-6.428663,10009.0,7.0,tef-mls-01,40.108033,-6.632828,-119,-6.0,False,True,60.1148739870506,60.98875847646064,9.17524615805839,9.715871461450847,196.78846730955854,float
2026-05-28 10:13:46.141721+00:00,stratolink-3-eu,EU,STALE,40.6257961,-6.428663,10009.0,7.0,ext-sg50-011,,,-119,-6.5,False,False,,,,,,float
2026-05-28 10:13:46.141721+00:00,stratolink-3-eu,EU,STALE,40.6257961,-6.428663,10009.0,7.0,italr0005,40.954279046747715,-4.142631590366364,-120,-6.75,False,True,195.88281833147107,196.28426214013473,2.0417625947977536,3.803376669090203,78.50829551505217,float
2026-05-28 10:18:54.539562+00:00,stratolink-3-eu,EU,STALE,40.6257961,-6.428663,10009.0,7.0,mtcdtip02-l4e1-9,,,-104,2.5,False,False,,,,,,float
2026-05-28 10:18:54.539562+00:00,stratolink-3-eu,EU,STALE,40.6257961,-6.428663,10009.0,7.0,cicytex-ic003,,,-106,-1.0,False,False,,,,,,float
2026-05-28 10:18:54.539562+00:00,stratolink-3-eu,EU,STALE,40.6257961,-6.428663,10009.0,7.0,mjv-casas,,,-110,1.8,False,False,,,,,,float
2026-05-28 10:18:54.539562+00:00,stratolink-3-eu,EU,STALE,40.6257961,-6.428663,10009.0,7.0,cicytex-icmc-002,,,-110,-3.8,False,False,,,,,,float
2026-05-28 10:18:54.539562+00:00,stratolink-3-eu,EU,STALE,40.6257961,-6.428663,10009.0,7.0,aps-growth-usal,40.9604459791695,-5.67081212997437,-111,-7.8,False,True,73.85673694049223,74.58891426050678,7.379482483609949,8.043691158898136,59.49914692416172,float
2026-05-28 10:18:54.539562+00:00,stratolink-3-eu,EU,STALE,40.6257961,-6.428663,10009.0,7.0,niharramikrotik,40.589325292876616,-4.838257133960725,-111,-0.5,False,True,134.31778160937742,134.7928799760389,3.654187665070918,4.862134827187417,91.2124281497683,float
2026-05-28 10:18:54.539562+00:00,stratolink-3-eu,EU,STALE,40.6257961,-6.428663,10009.0,7.0,packetbroker,40.962541751597406,-5.675446072867432,-111,,True,True,73.63739668553853,74.37139657481511,7.403161798178406,8.065397901887811,59.19070782295381,float
2026-05-28 10:18:54.539562+00:00,stratolink-3-eu,EU,STALE,40.6257961,-6.428663,10009.0,7.0,packetbroker,40.962758045083945,-5.675633842073217,-111,-1.25,True,True,73.6359324656191,74.36994456081506,7.403320316988313,8.065543252669633,59.1683601017869,float
2026-05-28 10:18:54.539562+00:00,stratolink-3-eu,EU,STALE,40.6257961,-6.428663,10009.0,7.0,jfmateos-rak7250-rioseco,39.9775352459947,-6.04510360141884,-112,-4.25,False,True,79.08213213871244,79.77410876714855,6.851971712150553,7.56317343054187,155.5889449274605,float
2026-05-28 10:18:54.539562+00:00,stratolink-3-eu,EU,STALE,40.6257961,-6.428663,10009.0,7.0,cdtic-multitech-4,39.4920534590841,-6.57908320426941,-113,-1.5,False,True,126.71486734239434,127.20665440104555,3.9428580999060583,5.0824307057827465,185.84688660018682,float
2026-05-28 10:18:54.539562+00:00,stratolink-3-eu,EU,STALE,40.6257961,-6.428663,10009.0,7.0,mtcdtip02-l4e1-7,,,-113,-3.5,False,False,,,,,,float
2026-05-28 10:18:54.539562+00:00,stratolink-3-eu,EU,STALE,40.6257961,-6.428663,10009.0,7.0,mtcdtip02-l4e1-5,,,-113,-4.2,False,False,,,,,,float
2026-05-28 10:18:54.539562+00:00,stratolink-3-eu,EU,STALE,40.6257961,-6.428663,10009.0,7.0,ext-sg50-029,,,-113,2.0,False,False,,,,,,float
2026-05-28 10:18:54.539562+00:00,stratolink-3-eu,EU,STALE,40.6257961,-6.428663,10009.0,7.0,mtcdtip02-l4e1-15,,,-114,-7.8,False,False,,,,,,float
2026-05-28 10:18:54.539562+00:00,stratolink-3-eu,EU,STALE,40.6257961,-6.428663,10009.0,7.0,cdtic-multitech-5,40.0702558044694,-6.65818959474564,-116,-4.2,False,True,64.76329354194009,65.58214248778668,8.487331436132704,9.069760923173625,197.55252652165944,float
2026-05-28 10:18:54.539562+00:00,stratolink-3-eu,EU,STALE,40.6257961,-6.428663,10009.0,7.0,sg50-perte-malpica-05,,,-116,-4.2,False,False,,,,,,float
2026-05-28 10:18:54.539562+00:00,stratolink-3-eu,EU,STALE,40.6257961,-6.428663,10009.0,7.0,meceiot-004-5030354163554750,40.5481739449056,-5.16353885114368,-116,-5.75,False,True,107.17888454101507,107.72775344099033,4.848917346444827,5.8127988807346185,94.20729341885351,float
2026-05-28 10:18:54.539562+00:00,stratolink-3-eu,EU,STALE,40.6257961,-6.428663,10009.0,7.0,tef-mls-01,40.108033,-6.632828,-117,-7.8,False,True,60.1148739870506,60.98875847646064,9.17524615805839,9.715871461450847,196.78846730955854,float
2026-05-28 10:18:54.539562+00:00,stratolink-3-eu,EU,STALE,40.6257961,-6.428663,10009.0,7.0,sg50-eui-c0ba1ffffe004945,,,-118,-5.8,False,False,,,,,,float
2026-05-28 10:18:54.539562+00:00,stratolink-3-eu,EU,STALE,40.6257961,-6.428663,10009.0,7.0,italr0005,40.954279046747715,-4.142631590366364,-119,-5.75,False,True,195.88281833147107,196.28426214013473,2.0417625947977536,3.803376669090203,78.50829551505217,float
2026-05-28 10:18:54.539562+00:00,stratolink-3-eu,EU,STALE,40.6257961,-6.428663,10009.0,7.0,ext-sg50-024,,,-119,-6.8,False,False,,,,,,float
2026-05-28 10:18:54.539562+00:00,stratolink-3-eu,EU,STALE,40.6257961,-6.428663,10009.0,7.0,ext-sg50-011,,,-119,-9.8,False,False,,,,,,float
2026-05-28 10:24:02.653399+00:00,stratolink-3-eu,EU,STALE,40.6257961,-6.428663,10009.0,7.0,mtcdtip02-l4e1-9,,,-104,7.0,False,False,,,,,,float
2026-05-28 10:24:02.653399+00:00,stratolink-3-eu,EU,STALE,40.6257961,-6.428663,10009.0,7.0,cicytex-ic003,,,-107,-0.5,False,False,,,,,,float
2026-05-28 10:24:02.653399+00:00,stratolink-3-eu,EU,STALE,40.6257961,-6.428663,10009.0,7.0,mtcdtip02-l4e1-3,,,-109,-6.0,False,False,,,,,,float
2026-05-28 10:24:02.653399+00:00,stratolink-3-eu,EU,STALE,40.6257961,-6.428663,10009.0,7.0,mjv-casas,,,-110,2.8,False,False,,,,,,float
2026-05-28 10:24:02.653399+00:00,stratolink-3-eu,EU,STALE,40.6257961,-6.428663,10009.0,7.0,dlps8-105,,,-113,-8.5,False,False,,,,,,float
2026-05-28 10:24:02.653399+00:00,stratolink-3-eu,EU,STALE,40.6257961,-6.428663,10009.0,7.0,packetbroker,40.962758045083945,-5.675633842073217,-113,-1.75,True,True,73.6359324656191,74.36994456081506,7.403320316988313,8.065543252669633,59.1683601017869,float
2026-05-28 10:24:02.653399+00:00,stratolink-3-eu,EU,STALE,40.6257961,-6.428663,10009.0,7.0,ext-sg50-029,,,-113,3.8,False,False,,,,,,float
2026-05-28 10:24:02.653399+00:00,stratolink-3-eu,EU,STALE,40.6257961,-6.428663,10009.0,7.0,cdtic-multitech-4,39.4920534590841,-6.57908320426941,-114,-1.0,False,True,126.71486734239434,127.20665440104555,3.9428580999060583,5.0824307057827465,185.84688660018682,float
2026-05-28 10:24:02.653399+00:00,stratolink-3-eu,EU,STALE,40.6257961,-6.428663,10009.0,7.0,packetbroker,40.962541751597406,-5.675446072867432,-114,-3.25,True,True,73.63739668553853,74.37139657481511,7.403161798178406,8.065397901887811,59.19070782295381,float
2026-05-28 10:24:02.653399+00:00,stratolink-3-eu,EU,STALE,40.6257961,-6.428663,10009.0,7.0,ext-sg50-018,,,-114,-9.2,False,False,,,,,,float
2026-05-28 10:24:02.653399+00:00,stratolink-3-eu,EU,STALE,40.6257961,-6.428663,10009.0,7.0,niharramikrotik,40.589325292876616,-4.838257133960725,-115,-0.25,False,True,134.31778160937742,134.7928799760389,3.654187665070918,4.862134827187417,91.2124281497683,float
2026-05-28 10:24:02.653399+00:00,stratolink-3-eu,EU,STALE,40.6257961,-6.428663,10009.0,7.0,jfmateos-rak7250-rioseco,39.9775352459947,-6.04510360141884,-115,-4.5,False,True,79.08213213871244,79.77410876714855,6.851971712150553,7.56317343054187,155.5889449274605,float
2026-05-28 10:24:02.653399+00:00,stratolink-3-eu,EU,STALE,40.6257961,-6.428663,10009.0,7.0,mtcdtip02-l4e1-16,,,-115,-6.0,False,False,,,,,,float
2026-05-28 10:24:02.653399+00:00,stratolink-3-eu,EU,STALE,40.6257961,-6.428663,10009.0,7.0,mtcdtip02-l4e1-7,,,-115,-3.8,False,False,,,,,,float
2026-05-28 10:24:02.653399+00:00,stratolink-3-eu,EU,STALE,40.6257961,-6.428663,10009.0,7.0,mtcdtip02-l4e1-15,,,-115,-5.2,False,False,,,,,,float
2026-05-28 10:24:02.653399+00:00,stratolink-3-eu,EU,STALE,40.6257961,-6.428663,10009.0,7.0,sg50-perte-malpica-05,,,-115,-3.5,False,False,,,,,,float
2026-05-28 10:24:02.653399+00:00,stratolink-3-eu,EU,STALE,40.6257961,-6.428663,10009.0,7.0,cdtic-multitech-5,40.0702558044694,-6.65818959474564,-116,-5.2,False,True,64.76329354194009,65.58214248778668,8.487331436132704,9.069760923173625,197.55252652165944,float
2026-05-28 10:24:02.653399+00:00,stratolink-3-eu,EU,STALE,40.6257961,-6.428663,10009.0,7.0,mitigasmart-cc,,,-116,-0.5,False,False,,,,,,float
2026-05-28 10:24:02.653399+00:00,stratolink-3-eu,EU,STALE,40.6257961,-6.428663,10009.0,7.0,meceiot-004-5030354163554750,40.5481739449056,-5.16353885114368,-116,-5.25,False,True,107.17888454101507,107.72775344099033,4.848917346444827,5.8127988807346185,94.20729341885351,float
2026-05-28 10:24:02.653399+00:00,stratolink-3-eu,EU,STALE,40.6257961,-6.428663,10009.0,7.0,sg50-perte-malpica-06,,,-116,-8.5,False,False,,,,,,float
2026-05-28 10:24:02.653399+00:00,stratolink-3-eu,EU,STALE,40.6257961,-6.428663,10009.0,7.0,sg50-perte-malpica-01,,,-117,-9.2,False,False,,,,,,float
2026-05-28 10:24:02.653399+00:00,stratolink-3-eu,EU,STALE,40.6257961,-6.428663,10009.0,7.0,ext-sg50-028,,,-118,-6.0,False,False,,,,,,float
2026-05-28 10:24:02.653399+00:00,stratolink-3-eu,EU,STALE,40.6257961,-6.428663,10009.0,7.0,sg50-eui-c0ba1ffffe004945,,,-118,-3.8,False,False,,,,,,float
2026-05-28 10:24:02.653399+00:00,stratolink-3-eu,EU,STALE,40.6257961,-6.428663,10009.0,7.0,sg50-perte-malpica-07,,,-118,-5.2,False,False,,,,,,float
2026-05-28 10:24:02.653399+00:00,stratolink-3-eu,EU,STALE,40.6257961,-6.428663,10009.0,7.0,italr0005,40.954279046747715,-4.142631590366364,-119,-4.5,False,True,195.88281833147107,196.28426214013473,2.0417625947977536,3.803376669090203,78.50829551505217,float
2026-05-28 10:24:02.653399+00:00,stratolink-3-eu,EU,STALE,40.6257961,-6.428663,10009.0,7.0,ext-sg50-024,,,-119,-3.8,False,False,,,,,,float
2026-05-28 10:24:02.653399+00:00,stratolink-3-eu,EU,STALE,40.6257961,-6.428663,10009.0,7.0,tef-mls-01,40.108033,-6.632828,-119,-6.8,False,True,60.1148739870506,60.98875847646064,9.17524615805839,9.715871461450847,196.78846730955854,float
2026-05-28 10:24:02.653399+00:00,stratolink-3-eu,EU,STALE,40.6257961,-6.428663,10009.0,7.0,ext-sg50-011,,,-120,-6.5,False,False,,,,,,float
2026-05-28 10:29:10.771534+00:00,stratolink-3-eu,EU,STALE,40.6257961,-6.428663,10009.0,7.0,mtcdtip02-l4e1-9,,,-101,8.0,False,False,,,,,,float
2026-05-28 10:29:10.771534+00:00,stratolink-3-eu,EU,STALE,40.6257961,-6.428663,10009.0,7.0,cicytex-ic003,,,-107,-1.2,False,False,,,,,,float
2026-05-28 10:29:10.771534+00:00,stratolink-3-eu,EU,STALE,40.6257961,-6.428663,10009.0,7.0,mtcdtip02-l4e1-3,,,-108,-0.5,False,False,,,,,,float
2026-05-28 10:29:10.771534+00:00,stratolink-3-eu,EU,STALE,40.6257961,-6.428663,10009.0,7.0,mjv-casas,,,-110,2.5,False,False,,,,,,float
2026-05-28 10:29:10.771534+00:00,stratolink-3-eu,EU,STALE,40.6257961,-6.428663,10009.0,7.0,cicytex-icmc-002,,,-110,-4.3,False,False,,,,,,float
2026-05-28 10:29:10.771534+00:00,stratolink-3-eu,EU,STALE,40.6257961,-6.428663,10009.0,7.0,mtcdtip02-l4e1-5,,,-111,-2.0,False,False,,,,,,float
2026-05-28 10:29:10.771534+00:00,stratolink-3-eu,EU,STALE,40.6257961,-6.428663,10009.0,7.0,mtcdtip02-l4e1-16,,,-111,-7.0,False,False,,,,,,float
2026-05-28 10:29:10.771534+00:00,stratolink-3-eu,EU,STALE,40.6257961,-6.428663,10009.0,7.0,mtcdtip02-l4e1-7,,,-112,-4.2,False,False,,,,,,float
2026-05-28 10:29:10.771534+00:00,stratolink-3-eu,EU,STALE,40.6257961,-6.428663,10009.0,7.0,packetbroker,40.962758045083945,-5.675633842073217,-113,-3.5,True,True,73.6359324656191,74.36994456081506,7.403320316988313,8.065543252669633,59.1683601017869,float
2026-05-28 10:29:10.771534+00:00,stratolink-3-eu,EU,STALE,40.6257961,-6.428663,10009.0,7.0,ext-sg50-029,,,-113,3.2,False,False,,,,,,float
2026-05-28 10:29:10.771534+00:00,stratolink-3-eu,EU,STALE,40.6257961,-6.428663,10009.0,7.0,jfmateos-rak7250-rioseco,39.9775352459947,-6.04510360141884,-113,-6.75,False,True,79.08213213871244,79.77410876714855,6.851971712150553,7.56317343054187,155.5889449274605,float
2026-05-28 10:29:10.771534+00:00,stratolink-3-eu,EU,STALE,40.6257961,-6.428663,10009.0,7.0,niharramikrotik,40.589325292876616,-4.838257133960725,-114,-0.75,False,True,134.31778160937742,134.7928799760389,3.654187665070918,4.862134827187417,91.2124281497683,float
2026-05-28 10:29:10.771534+00:00,stratolink-3-eu,EU,STALE,40.6257961,-6.428663,10009.0,7.0,packetbroker,40.962541751597406,-5.675446072867432,-114,-4.75,True,True,73.63739668553853,74.37139657481511,7.403161798178406,8.065397901887811,59.19070782295381,float
2026-05-28 10:29:10.771534+00:00,stratolink-3-eu,EU,STALE,40.6257961,-6.428663,10009.0,7.0,d401c3ffff6d00a4,,,-115,-4.5,False,False,,,,,,float
2026-05-28 10:29:10.771534+00:00,stratolink-3-eu,EU,STALE,40.6257961,-6.428663,10009.0,7.0,cdtic-multitech-4,39.4920534590841,-6.57908320426941,-115,-4.0,False,True,126.71486734239434,127.20665440104555,3.9428580999060583,5.0824307057827465,185.84688660018682,float
2026-05-28 10:29:10.771534+00:00,stratolink-3-eu,EU,STALE,40.6257961,-6.428663,10009.0,7.0,v3-eui-b827ebfffebf1f02,40.13814,-7.50059,-117,-5.0,False,True,105.75302120153279,106.30707519171335,4.926785523119559,5.8778439780386424,239.50121508522003,float
2026-05-28 10:29:10.771534+00:00,stratolink-3-eu,EU,STALE,40.6257961,-6.428663,10009.0,7.0,ext-sg50-015,,,-117,-5.8,False,False,,,,,,float
2026-05-28 10:29:10.771534+00:00,stratolink-3-eu,EU,STALE,40.6257961,-6.428663,10009.0,7.0,mitigasmart-cc,,,-117,-2.0,False,False,,,,,,float
2026-05-28 10:29:10.771534+00:00,stratolink-3-eu,EU,STALE,40.6257961,-6.428663,10009.0,7.0,sg50-perte-malpica-01,,,-117,-8.0,False,False,,,,,,float
2026-05-28 10:29:10.771534+00:00,stratolink-3-eu,EU,STALE,40.6257961,-6.428663,10009.0,7.0,sg50-perte-malpica-05,,,-117,-2.8,False,False,,,,,,float
2026-05-28 10:29:10.771534+00:00,stratolink-3-eu,EU,STALE,40.6257961,-6.428663,10009.0,7.0,italr0005,40.954279046747715,-4.142631590366364,-118,-4.5,False,True,195.88281833147107,196.28426214013473,2.0417625947977536,3.803376669090203,78.50829551505217,float
2026-05-28 10:29:10.771534+00:00,stratolink-3-eu,EU,STALE,40.6257961,-6.428663,10009.0,7.0,ext-sg50-024,,,-118,-2.8,False,False,,,,,,float
2026-05-28 10:29:10.771534+00:00,stratolink-3-eu,EU,STALE,40.6257961,-6.428663,10009.0,7.0,ext-sg50-028,,,-118,-7.5,False,False,,,,,,float
2026-05-28 10:29:10.771534+00:00,stratolink-3-eu,EU,STALE,40.6257961,-6.428663,10009.0,7.0,sg50-eui-c0ba1ffffe004945,,,-118,-3.5,False,False,,,,,,float
2026-05-28 10:29:10.771534+00:00,stratolink-3-eu,EU,STALE,40.6257961,-6.428663,10009.0,7.0,tef-mls-01,40.108033,-6.632828,-118,-6.0,False,True,60.1148739870506,60.98875847646064,9.17524615805839,9.715871461450847,196.78846730955854,float
2026-05-28 10:29:10.771534+00:00,stratolink-3-eu,EU,STALE,40.6257961,-6.428663,10009.0,7.0,sg50-perte-malpica-07,,,-119,-7.5,False,False,,,,,,float
2026-05-28 10:34:18.666285+00:00,stratolink-3-eu,EU,STALE,40.6257961,-6.428663,10009.0,7.0,mtcdtip02-l4e1-9,,,-104,4.8,False,False,,,,,,float
2026-05-28 10:34:18.666285+00:00,stratolink-3-eu,EU,STALE,40.6257961,-6.428663,10009.0,7.0,mtcdtip02-l4e1-3,,,-107,-2.5,False,False,,,,,,float
2026-05-28 10:34:18.666285+00:00,stratolink-3-eu,EU,STALE,40.6257961,-6.428663,10009.0,7.0,cicytex-icmc-002,,,-111,-7.5,False,False,,,,,,float
2026-05-28 10:34:18.666285+00:00,stratolink-3-eu,EU,STALE,40.6257961,-6.428663,10009.0,7.0,ext-sg50-029,,,-113,2.5,False,False,,,,,,float
2026-05-28 10:34:18.666285+00:00,stratolink-3-eu,EU,STALE,40.6257961,-6.428663,10009.0,7.0,niharramikrotik,40.589325292876616,-4.838257133960725,-115,-1.75,False,True,134.31778160937742,134.7928799760389,3.654187665070918,4.862134827187417,91.2124281497683,float
2026-05-28 10:34:18.666285+00:00,stratolink-3-eu,EU,STALE,40.6257961,-6.428663,10009.0,7.0,lora-more,41.81858911263017,-6.7508557295156235,-115,-6.0,False,True,135.34213528228818,135.8151719294709,3.617467950903412,4.834627334196793,348.6214371376065,float
2026-05-28 10:34:18.666285+00:00,stratolink-3-eu,EU,STALE,40.6257961,-6.428663,10009.0,7.0,packetbroker,40.962541751597406,-5.675446072867432,-115,-3.25,True,True,73.63739668553853,74.37139657481511,7.403161798178406,8.065397901887811,59.19070782295381,float
2026-05-28 10:34:18.666285+00:00,stratolink-3-eu,EU,STALE,40.6257961,-6.428663,10009.0,7.0,packetbroker,40.962758045083945,-5.675633842073217,-115,-3.75,True,True,73.6359324656191,74.36994456081506,7.403320316988313,8.065543252669633,59.1683601017869,float
2026-05-28 10:34:18.666285+00:00,stratolink-3-eu,EU,STALE,40.6257961,-6.428663,10009.0,7.0,mjv-casas,,,-116,-5.8,False,False,,,,,,float
2026-05-28 10:34:18.666285+00:00,stratolink-3-eu,EU,STALE,40.6257961,-6.428663,10009.0,7.0,qtaseixoa1,41.168191098992914,-7.5545961859461395,-118,-7.75,False,True,112.21895087634549,112.75074703753846,4.588107352363229,5.59731522955185,302.87712215438415,float
2026-05-28 10:34:18.666285+00:00,stratolink-3-eu,EU,STALE,40.6257961,-6.428663,10009.0,7.0,ext-sg50-024,,,-119,-8.0,False,False,,,,,,float
2026-05-28 10:39:26.738504+00:00,stratolink-3-eu,EU,STALE,40.6257961,-6.428663,10009.0,7.0,cicytex-ic003,,,-109,-4.2,False,False,,,,,,float
2026-05-28 10:39:26.738504+00:00,stratolink-3-eu,EU,STALE,40.6257961,-6.428663,10009.0,7.0,mtcdtip02-l4e1-9,,,-109,1.2,False,False,,,,,,float
2026-05-28 10:39:26.738504+00:00,stratolink-3-eu,EU,STALE,40.6257961,-6.428663,10009.0,7.0,mtcdtip02-l4e1-3,,,-110,-9.0,False,False,,,,,,float
2026-05-28 10:39:26.738504+00:00,stratolink-3-eu,EU,STALE,40.6257961,-6.428663,10009.0,7.0,packetbroker,40.962541751597406,-5.675446072867432,-111,0.75,True,True,73.63739668553853,74.37139657481511,7.403161798178406,8.065397901887811,59.19070782295381,float
2026-05-28 10:39:26.738504+00:00,stratolink-3-eu,EU,STALE,40.6257961,-6.428663,10009.0,7.0,cicytex-icmc-002,,,-112,-6.0,False,False,,,,,,float
2026-05-28 10:39:26.738504+00:00,stratolink-3-eu,EU,STALE,40.6257961,-6.428663,10009.0,7.0,jfmateos-rak7250-rioseco,39.9775352459947,-6.04510360141884,-113,-8.0,False,True,79.08213213871244,79.77410876714855,6.851971712150553,7.56317343054187,155.5889449274605,float
2026-05-28 10:39:26.738504+00:00,stratolink-3-eu,EU,STALE,40.6257961,-6.428663,10009.0,7.0,packetbroker,40.962758045083945,-5.675633842073217,-113,-4.0,True,True,73.6359324656191,74.36994456081506,7.403320316988313,8.065543252669633,59.1683601017869,float
2026-05-28 10:39:26.738504+00:00,stratolink-3-eu,EU,STALE,40.6257961,-6.428663,10009.0,7.0,ext-sg50-029,,,-113,-0.2,False,False,,,,,,float
2026-05-28 10:39:26.738504+00:00,stratolink-3-eu,EU,STALE,40.6257961,-6.428663,10009.0,7.0,niharramikrotik,40.589325292876616,-4.838257133960725,-114,1.75,False,True,134.31778160937742,134.7928799760389,3.654187665070918,4.862134827187417,91.2124281497683,float
2026-05-28 10:39:26.738504+00:00,stratolink-3-eu,EU,STALE,40.6257961,-6.428663,10009.0,7.0,mtcdtip02-l4e1-5,,,-115,-9.2,False,False,,,,,,float
2026-05-28 10:39:26.738504+00:00,stratolink-3-eu,EU,STALE,40.6257961,-6.428663,10009.0,7.0,mtcdtip02-l4e1-7,,,-115,-4.2,False,False,,,,,,float
2026-05-28 10:39:26.738504+00:00,stratolink-3-eu,EU,STALE,40.6257961,-6.428663,10009.0,7.0,sg50-perte-malpica-02,39.94336757279527,-4.661850929260255,-115,-8.8,False,True,167.97978027441147,168.40451103014465,2.6517065343207107,4.162382905268337,116.28117507161642,float
2026-05-28 10:39:26.738504+00:00,stratolink-3-eu,EU,STALE,40.6257961,-6.428663,10009.0,7.0,mjv-casas,,,-116,-0.5,False,False,,,,,,float
2026-05-28 10:39:26.738504+00:00,stratolink-3-eu,EU,STALE,40.6257961,-6.428663,10009.0,7.0,cdtic-multitech-5,40.0702558044694,-6.65818959474564,-116,-4.0,False,True,64.76329354194009,65.58214248778668,8.487331436132704,9.069760923173625,197.55252652165944,float
2026-05-28 10:39:26.738504+00:00,stratolink-3-eu,EU,STALE,40.6257961,-6.428663,10009.0,7.0,italr0005,40.954279046747715,-4.142631590366364,-116,-2.25,False,True,195.88281833147107,196.28426214013473,2.0417625947977536,3.803376669090203,78.50829551505217,float
2026-05-28 10:39:26.738504+00:00,stratolink-3-eu,EU,STALE,40.6257961,-6.428663,10009.0,7.0,meceiot-004-5030354163554750,40.5481739449056,-5.16353885114368,-117,-4.5,False,True,107.17888454101507,107.72775344099033,4.848917346444827,5.8127988807346185,94.20729341885351,float
2026-05-28 10:39:26.738504+00:00,stratolink-3-eu,EU,STALE,40.6257961,-6.428663,10009.0,7.0,sg50-perte-malpica-06,,,-117,-7.5,False,False,,,,,,float
2026-05-28 10:39:26.738504+00:00,stratolink-3-eu,EU,STALE,40.6257961,-6.428663,10009.0,7.0,ext-sg50-023,,,-118,-1.8,False,False,,,,,,float
2026-05-28 10:39:26.738504+00:00,stratolink-3-eu,EU,STALE,40.6257961,-6.428663,10009.0,7.0,mitigasmart-cc,,,-119,-7.2,False,False,,,,,,float
2026-05-28 10:39:26.738504+00:00,stratolink-3-eu,EU,STALE,40.6257961,-6.428663,10009.0,7.0,sg50-eui-c0ba1ffffe004945,,,-119,-7.2,False,False,,,,,,float
2026-05-28 10:39:26.738504+00:00,stratolink-3-eu,EU,STALE,40.6257961,-6.428663,10009.0,7.0,sg50-perte-malpica-05,,,-119,-5.5,False,False,,,,,,float
2026-05-28 10:39:26.738504+00:00,stratolink-3-eu,EU,STALE,40.6257961,-6.428663,10009.0,7.0,ext-sg50-024,,,-120,-6.0,False,False,,,,,,float
2026-05-28 10:39:26.738504+00:00,stratolink-3-eu,EU,STALE,40.6257961,-6.428663,10009.0,7.0,packetbroker,,,-121,-9.2,True,False,,,,,,float
2026-05-28 10:39:26.738504+00:00,stratolink-3-eu,EU,STALE,40.6257961,-6.428663,10009.0,7.0,eui-7076ff0056081d63,,,-123,-9.2,False,False,,,,,,float
2026-05-28 10:44:35.290478+00:00,stratolink-3-eu,EU,STALE,40.6257961,-6.428663,10009.0,7.0,niharramikrotik,40.589325292876616,-4.838257133960725,-110,0.75,False,True,134.31778160937742,134.7928799760389,3.654187665070918,4.862134827187417,91.2124281497683,float
2026-05-28 10:44:35.290478+00:00,stratolink-3-eu,EU,STALE,40.6257961,-6.428663,10009.0,7.0,mtcdtip02-l4e1-9,,,-110,-1.2,False,False,,,,,,float
2026-05-28 10:44:35.290478+00:00,stratolink-3-eu,EU,STALE,40.6257961,-6.428663,10009.0,7.0,packetbroker,40.962541751597406,-5.675446072867432,-111,2.5,True,True,73.63739668553853,74.37139657481511,7.403161798178406,8.065397901887811,59.19070782295381,float
2026-05-28 10:44:35.290478+00:00,stratolink-3-eu,EU,STALE,40.6257961,-6.428663,10009.0,7.0,mtcdtip02-l4e1-7,,,-112,-4.8,False,False,,,,,,float
2026-05-28 10:44:35.290478+00:00,stratolink-3-eu,EU,STALE,40.6257961,-6.428663,10009.0,7.0,mjv-casas,,,-113,-0.2,False,False,,,,,,float
2026-05-28 10:44:35.290478+00:00,stratolink-3-eu,EU,STALE,40.6257961,-6.428663,10009.0,7.0,mtcdtip02-l4e1-15,,,-113,-7.5,False,False,,,,,,float
2026-05-28 10:44:35.290478+00:00,stratolink-3-eu,EU,STALE,40.6257961,-6.428663,10009.0,7.0,ext-sg50-029,,,-113,3.0,False,False,,,,,,float
2026-05-28 10:44:35.290478+00:00,stratolink-3-eu,EU,STALE,40.6257961,-6.428663,10009.0,7.0,italr0001,41.70253250763931,-4.708266556262971,-115,-9.0,False,True,187.27657100298967,187.68394848002842,2.2145389629131254,3.8987553024280377,49.69771685783297,float
2026-05-28 10:44:35.290478+00:00,stratolink-3-eu,EU,STALE,40.6257961,-6.428663,10009.0,7.0,italr0005,40.954279046747715,-4.142631590366364,-115,-1.5,False,True,195.88281833147107,196.28426214013473,2.0417625947977536,3.803376669090203,78.50829551505217,float
2026-05-28 10:44:35.290478+00:00,stratolink-3-eu,EU,STALE,40.6257961,-6.428663,10009.0,7.0,mitigasmart-cc,,,-118,-6.8,False,False,,,,,,float
2026-05-28 10:44:35.290478+00:00,stratolink-3-eu,EU,STALE,40.6257961,-6.428663,10009.0,7.0,sg50-perte-malpica-05,,,-118,-6.5,False,False,,,,,,float
2026-05-28 10:44:35.290478+00:00,stratolink-3-eu,EU,STALE,40.6257961,-6.428663,10009.0,7.0,sg50-eui-c0ba1ffffe004945,,,-118,-8.8,False,False,,,,,,float
2026-05-28 10:44:35.290478+00:00,stratolink-3-eu,EU,STALE,40.6257961,-6.428663,10009.0,7.0,ext-sg50-024,,,-120,-8.0,False,False,,,,,,float
2026-05-28 10:49:43.627088+00:00,stratolink-3-eu,EU,STALE,40.6257961,-6.428663,10009.0,7.0,packetbroker,40.962541751597406,-5.675446072867432,-107,-5.25,True,True,73.63739668553853,74.37139657481511,7.403161798178406,8.065397901887811,59.19070782295381,float
2026-05-28 10:49:43.627088+00:00,stratolink-3-eu,EU,STALE,40.6257961,-6.428663,10009.0,7.0,mtcdtip02-l4e1-9,,,-108,1.5,False,False,,,,,,float
2026-05-28 10:49:43.627088+00:00,stratolink-3-eu,EU,STALE,40.6257961,-6.428663,10009.0,7.0,cicytex-ic003,,,-109,-6.2,False,False,,,,,,float
2026-05-28 10:49:43.627088+00:00,stratolink-3-eu,EU,STALE,40.6257961,-6.428663,10009.0,7.0,mtcdtip02-l4e1-3,,,-110,-6.2,False,False,,,,,,float
2026-05-28 10:49:43.627088+00:00,stratolink-3-eu,EU,STALE,40.6257961,-6.428663,10009.0,7.0,packetbroker,40.962758045083945,-5.675633842073217,-111,-5.75,True,True,73.6359324656191,74.36994456081506,7.403320316988313,8.065543252669633,59.1683601017869,float
2026-05-28 10:49:43.627088+00:00,stratolink-3-eu,EU,STALE,40.6257961,-6.428663,10009.0,7.0,mtcdtip02-l4e1-1,,,-111,-5.2,False,False,,,,,,float
2026-05-28 10:49:43.627088+00:00,stratolink-3-eu,EU,STALE,40.6257961,-6.428663,10009.0,7.0,mjv-casas,,,-114,-1.5,False,False,,,,,,float
2026-05-28 10:49:43.627088+00:00,stratolink-3-eu,EU,STALE,40.6257961,-6.428663,10009.0,7.0,niharramikrotik,40.589325292876616,-4.838257133960725,-114,-0.75,False,True,134.31778160937742,134.7928799760389,3.654187665070918,4.862134827187417,91.2124281497683,float
2026-05-28 10:49:43.627088+00:00,stratolink-3-eu,EU,STALE,40.6257961,-6.428663,10009.0,7.0,cdtic-multitech-5,40.0702558044694,-6.65818959474564,-114,-3.2,False,True,64.76329354194009,65.58214248778668,8.487331436132704,9.069760923173625,197.55252652165944,float
2026-05-28 10:49:43.627088+00:00,stratolink-3-eu,EU,STALE,40.6257961,-6.428663,10009.0,7.0,meceiot-004-5030354163554750,40.5481739449056,-5.16353885114368,-114,-6.0,False,True,107.17888454101507,107.72775344099033,4.848917346444827,5.8127988807346185,94.20729341885351,float
2026-05-28 10:49:43.627088+00:00,stratolink-3-eu,EU,STALE,40.6257961,-6.428663,10009.0,7.0,ext-sg50-029,,,-115,0.5,False,False,,,,,,float
2026-05-28 10:49:43.627088+00:00,stratolink-3-eu,EU,STALE,40.6257961,-6.428663,10009.0,7.0,mitigasmart-cc,,,-118,-6.8,False,False,,,,,,float
2026-05-28 10:49:43.627088+00:00,stratolink-3-eu,EU,STALE,40.6257961,-6.428663,10009.0,7.0,tef-mls-01,40.108033,-6.632828,-118,-8.5,False,True,60.1148739870506,60.98875847646064,9.17524615805839,9.715871461450847,196.78846730955854,float
2026-05-28 10:49:43.627088+00:00,stratolink-3-eu,EU,STALE,40.6257961,-6.428663,10009.0,7.0,ext-sg50-024,,,-119,-7.5,False,False,,,,,,float
2026-05-28 10:49:43.627088+00:00,stratolink-3-eu,EU,STALE,40.6257961,-6.428663,10009.0,7.0,italr0005,40.954279046747715,-4.142631590366364,-125,-8.75,False,True,195.88281833147107,196.28426214013473,2.0417625947977536,3.803376669090203,78.50829551505217,float
2026-05-28 10:54:52.041271+00:00,stratolink-3-eu,EU,STALE,40.6257961,-6.428663,10009.0,7.0,aps-growth-usal,40.9604459791695,-5.67081212997437,-106,-9.8,False,True,73.85673694049223,74.58891426050678,7.379482483609949,8.043691158898136,59.49914692416172,float
2026-05-28 10:54:52.041271+00:00,stratolink-3-eu,EU,STALE,40.6257961,-6.428663,10009.0,7.0,packetbroker,40.962541751597406,-5.675446072867432,-109,5.0,True,True,73.63739668553853,74.37139657481511,7.403161798178406,8.065397901887811,59.19070782295381,float
2026-05-28 10:54:52.041271+00:00,stratolink-3-eu,EU,STALE,40.6257961,-6.428663,10009.0,7.0,cicytex-ic003,,,-109,-6.8,False,False,,,,,,float
2026-05-28 10:54:52.041271+00:00,stratolink-3-eu,EU,STALE,40.6257961,-6.428663,10009.0,7.0,mtcdtip02-l4e1-3,,,-109,-6.0,False,False,,,,,,float
2026-05-28 10:54:52.041271+00:00,stratolink-3-eu,EU,STALE,40.6257961,-6.428663,10009.0,7.0,mtcdtip02-l4e1-9,,,-110,,False,False,,,,,,float
2026-05-28 10:54:52.041271+00:00,stratolink-3-eu,EU,STALE,40.6257961,-6.428663,10009.0,7.0,mjv-casas,,,-115,,False,False,,,,,,float
2026-05-28 10:54:52.041271+00:00,stratolink-3-eu,EU,STALE,40.6257961,-6.428663,10009.0,7.0,lora-more,41.81858911263017,-6.7508557295156235,-115,-5.5,False,True,135.34213528228818,135.8151719294709,3.617467950903412,4.834627334196793,348.6214371376065,float
2026-05-28 10:54:52.041271+00:00,stratolink-3-eu,EU,STALE,40.6257961,-6.428663,10009.0,7.0,niharramikrotik,40.589325292876616,-4.838257133960725,-115,-1.5,False,True,134.31778160937742,134.7928799760389,3.654187665070918,4.862134827187417,91.2124281497683,float
2026-05-28 10:54:52.041271+00:00,stratolink-3-eu,EU,STALE,40.6257961,-6.428663,10009.0,7.0,ext-sg50-029,,,-115,1.2,False,False,,,,,,float
2026-05-28 10:54:52.041271+00:00,stratolink-3-eu,EU,STALE,40.6257961,-6.428663,10009.0,7.0,cdtic-multitech-5,40.0702558044694,-6.65818959474564,-116,-1.0,False,True,64.76329354194009,65.58214248778668,8.487331436132704,9.069760923173625,197.55252652165944,float
2026-05-28 10:54:52.041271+00:00,stratolink-3-eu,EU,STALE,40.6257961,-6.428663,10009.0,7.0,meceiot-004-5030354163554750,40.5481739449056,-5.16353885114368,-117,-5.75,False,True,107.17888454101507,107.72775344099033,4.848917346444827,5.8127988807346185,94.20729341885351,float
2026-05-28 10:54:52.041271+00:00,stratolink-3-eu,EU,STALE,40.6257961,-6.428663,10009.0,7.0,mitigasmart-cc,,,-118,-6.5,False,False,,,,,,float
2026-05-28 10:54:52.041271+00:00,stratolink-3-eu,EU,STALE,40.6257961,-6.428663,10009.0,7.0,italr0005,40.954279046747715,-4.142631590366364,-118,-4.5,False,True,195.88281833147107,196.28426214013473,2.0417625947977536,3.803376669090203,78.50829551505217,float
2026-05-28 10:54:52.041271+00:00,stratolink-3-eu,EU,STALE,40.6257961,-6.428663,10009.0,7.0,sg50-perte-malpica-05,,,-119,-7.0,False,False,,,,,,float
2026-05-28 10:54:52.041271+00:00,stratolink-3-eu,EU,STALE,40.6257961,-6.428663,10009.0,7.0,v3-eui-b827ebfffebf1f02,40.13814,-7.50059,-120,-7.8,False,True,105.75302120153279,106.30707519171335,4.926785523119559,5.8778439780386424,239.50121508522003,float
2026-05-28 11:00:00.430700+00:00,stratolink-3-eu,EU,STALE,40.6257961,-6.428663,10009.0,7.0,cicytex-ic003,,,-108,-5.5,False,False,,,,,,float
2026-05-28 11:00:00.430700+00:00,stratolink-3-eu,EU,STALE,40.6257961,-6.428663,10009.0,7.0,mtcdtip02-l4e1-9,,,-108,1.0,False,False,,,,,,float
2026-05-28 11:00:00.430700+00:00,stratolink-3-eu,EU,STALE,40.6257961,-6.428663,10009.0,7.0,mtcdtip02-l4e1-3,,,-108,-1.8,False,False,,,,,,float
2026-05-28 11:00:00.430700+00:00,stratolink-3-eu,EU,STALE,40.6257961,-6.428663,10009.0,7.0,packetbroker,40.962758045083945,-5.675633842073217,-109,-2.5,True,True,73.6359324656191,74.36994456081506,7.403320316988313,8.065543252669633,59.1683601017869,float
2026-05-28 11:00:00.430700+00:00,stratolink-3-eu,EU,STALE,40.6257961,-6.428663,10009.0,7.0,packetbroker,40.962541751597406,-5.675446072867432,-111,-0.75,True,True,73.63739668553853,74.37139657481511,7.403161798178406,8.065397901887811,59.19070782295381,float
2026-05-28 11:00:00.430700+00:00,stratolink-3-eu,EU,STALE,40.6257961,-6.428663,10009.0,7.0,mjv-casas,,,-113,0.2,False,False,,,,,,float
2026-05-28 11:00:00.430700+00:00,stratolink-3-eu,EU,STALE,40.6257961,-6.428663,10009.0,7.0,mtcdtip02-l4e1-15,,,-113,-7.5,False,False,,,,,,float
2026-05-28 11:00:00.430700+00:00,stratolink-3-eu,EU,STALE,40.6257961,-6.428663,10009.0,7.0,ext-sg50-029,,,-113,3.5,False,False,,,,,,float
2026-05-28 11:00:00.430700+00:00,stratolink-3-eu,EU,STALE,40.6257961,-6.428663,10009.0,7.0,ext-sg50-015,,,-115,-7.8,False,False,,,,,,float
2026-05-28 11:00:00.430700+00:00,stratolink-3-eu,EU,STALE,40.6257961,-6.428663,10009.0,7.0,ext-sg50-028,,,-118,-8.2,False,False,,,,,,float
2026-05-28 11:00:00.430700+00:00,stratolink-3-eu,EU,STALE,40.6257961,-6.428663,10009.0,7.0,ext-sg50-024,,,-119,-6.5,False,False,,,,,,float
2026-05-28 11:00:00.430700+00:00,stratolink-3-eu,EU,STALE,40.6257961,-6.428663,10009.0,7.0,tef-mls-01,40.108033,-6.632828,-119,-7.8,False,True,60.1148739870506,60.98875847646064,9.17524615805839,9.715871461450847,196.78846730955854,float
2026-05-28 11:00:00.430700+00:00,stratolink-3-eu,EU,STALE,40.6257961,-6.428663,10009.0,7.0,sg50-eui-c0ba1ffffe004945,,,-119,-9.0,False,False,,,,,,float
2026-05-28 11:05:08.337085+00:00,stratolink-3-eu,EU,STALE,40.6257961,-6.428663,10009.0,7.0,mtcdtip02-l4e1-3,,,-102,-7.2,False,False,,,,,,float
2026-05-28 11:05:08.337085+00:00,stratolink-3-eu,EU,STALE,40.6257961,-6.428663,10009.0,7.0,mtcdtip02-l4e1-9,,,-103,4.0,False,False,,,,,,float
2026-05-28 11:05:08.337085+00:00,stratolink-3-eu,EU,STALE,40.6257961,-6.428663,10009.0,7.0,cicytex-icmc-002,,,-109,-1.8,False,False,,,,,,float
2026-05-28 11:05:08.337085+00:00,stratolink-3-eu,EU,STALE,40.6257961,-6.428663,10009.0,7.0,mtcdtip02-l4e1-5,,,-109,-5.5,False,False,,,,,,float
2026-05-28 11:05:08.337085+00:00,stratolink-3-eu,EU,STALE,40.6257961,-6.428663,10009.0,7.0,cicytex-ic003,,,-109,-5.2,False,False,,,,,,float
2026-05-28 11:05:08.337085+00:00,stratolink-3-eu,EU,STALE,40.6257961,-6.428663,10009.0,7.0,ext-sg50-029,,,-109,-4.2,False,False,,,,,,float
2026-05-28 11:05:08.337085+00:00,stratolink-3-eu,EU,STALE,40.6257961,-6.428663,10009.0,7.0,mjv-casas,,,-110,1.2,False,False,,,,,,float
2026-05-28 11:05:08.337085+00:00,stratolink-3-eu,EU,STALE,40.6257961,-6.428663,10009.0,7.0,mtcdtip02-l4e1-1,,,-110,-7.8,False,False,,,,,,float
2026-05-28 11:05:08.337085+00:00,stratolink-3-eu,EU,STALE,40.6257961,-6.428663,10009.0,7.0,packetbroker,40.962541751597406,-5.675446072867432,-111,-0.25,True,True,73.63739668553853,74.37139657481511,7.403161798178406,8.065397901887811,59.19070782295381,float
2026-05-28 11:05:08.337085+00:00,stratolink-3-eu,EU,STALE,40.6257961,-6.428663,10009.0,7.0,cdtic-multitech-5,40.0702558044694,-6.65818959474564,-111,-1.8,False,True,64.76329354194009,65.58214248778668,8.487331436132704,9.069760923173625,197.55252652165944,float
2026-05-28 11:05:08.337085+00:00,stratolink-3-eu,EU,STALE,40.6257961,-6.428663,10009.0,7.0,jfmateos-rak7250-rioseco,39.9775352459947,-6.04510360141884,-112,-4.5,False,True,79.08213213871244,79.77410876714855,6.851971712150553,7.56317343054187,155.5889449274605,float
2026-05-28 11:05:08.337085+00:00,stratolink-3-eu,EU,STALE,40.6257961,-6.428663,10009.0,7.0,cdtic-multitech-4,39.4920534590841,-6.57908320426941,-113,-2.8,False,True,126.71486734239434,127.20665440104555,3.9428580999060583,5.0824307057827465,185.84688660018682,float
2026-05-28 11:05:08.337085+00:00,stratolink-3-eu,EU,STALE,40.6257961,-6.428663,10009.0,7.0,ext-sg50-018,,,-113,-9.5,False,False,,,,,,float
2026-05-28 11:05:08.337085+00:00,stratolink-3-eu,EU,STALE,40.6257961,-6.428663,10009.0,7.0,niharramikrotik,40.589325292876616,-4.838257133960725,-114,-4.25,False,True,134.31778160937742,134.7928799760389,3.654187665070918,4.862134827187417,91.2124281497683,float
2026-05-28 11:05:08.337085+00:00,stratolink-3-eu,EU,STALE,40.6257961,-6.428663,10009.0,7.0,packetbroker,40.962758045083945,-5.675633842073217,-114,-2.0,True,True,73.6359324656191,74.36994456081506,7.403320316988313,8.065543252669633,59.1683601017869,float
2026-05-28 11:05:08.337085+00:00,stratolink-3-eu,EU,STALE,40.6257961,-6.428663,10009.0,7.0,mtcdtip02-l4e1-15,,,-114,-5.8,False,False,,,,,,float
2026-05-28 11:05:08.337085+00:00,stratolink-3-eu,EU,STALE,40.6257961,-6.428663,10009.0,7.0,cicytex-unex-1,,,-114,-3.2,False,False,,,,,,float
2026-05-28 11:05:08.337085+00:00,stratolink-3-eu,EU,STALE,40.6257961,-6.428663,10009.0,7.0,ext-sg50-015,,,-116,-0.5,False,False,,,,,,float
2026-05-28 11:05:08.337085+00:00,stratolink-3-eu,EU,STALE,40.6257961,-6.428663,10009.0,7.0,ext-sg50-028,,,-117,-2.0,False,False,,,,,,float
2026-05-28 11:05:08.337085+00:00,stratolink-3-eu,EU,STALE,40.6257961,-6.428663,10009.0,7.0,mitigasmart-cc,,,-117,-2.8,False,False,,,,,,float
2026-05-28 11:05:08.337085+00:00,stratolink-3-eu,EU,STALE,40.6257961,-6.428663,10009.0,7.0,sg50-eui-c0ba1ffffe004945,,,-117,-4.5,False,False,,,,,,float
2026-05-28 11:05:08.337085+00:00,stratolink-3-eu,EU,STALE,40.6257961,-6.428663,10009.0,7.0,ext-sg50-024,,,-118,-3.2,False,False,,,,,,float
2026-05-28 11:05:08.337085+00:00,stratolink-3-eu,EU,STALE,40.6257961,-6.428663,10009.0,7.0,v3-eui-b827ebfffebf1f02,40.13814,-7.50059,-119,-5.2,False,True,105.75302120153279,106.30707519171335,4.926785523119559,5.8778439780386424,239.50121508522003,float
2026-05-28 11:05:08.337085+00:00,stratolink-3-eu,EU,STALE,40.6257961,-6.428663,10009.0,7.0,ext-sg50-022,,,-119,-7.5,False,False,,,,,,float
2026-05-28 11:10:16.453827+00:00,stratolink-3-eu,EU,STALE,40.6257961,-6.428663,10009.0,7.0,cicytex-ic003,,,-109,-5.8,False,False,,,,,,float
2026-05-28 11:10:16.453827+00:00,stratolink-3-eu,EU,STALE,40.6257961,-6.428663,10009.0,7.0,mtcdtip02-l4e1-9,,,-109,-1.8,False,False,,,,,,float
2026-05-28 11:10:16.453827+00:00,stratolink-3-eu,EU,STALE,40.6257961,-6.428663,10009.0,7.0,packetbroker,40.962758045083945,-5.675633842073217,-110,3.25,True,True,73.6359324656191,74.36994456081506,7.403320316988313,8.065543252669633,59.1683601017869,float
2026-05-28 11:10:16.453827+00:00,stratolink-3-eu,EU,STALE,40.6257961,-6.428663,10009.0,7.0,mtcdtip02-l4e1-3,,,-110,-0.5,False,False,,,,,,float
2026-05-28 11:10:16.453827+00:00,stratolink-3-eu,EU,STALE,40.6257961,-6.428663,10009.0,7.0,packetbroker,40.962541751597406,-5.675446072867432,-113,1.25,True,True,73.63739668553853,74.37139657481511,7.403161798178406,8.065397901887811,59.19070782295381,float
2026-05-28 11:10:16.453827+00:00,stratolink-3-eu,EU,STALE,40.6257961,-6.428663,10009.0,7.0,dlps8-119,,,-113,-7.0,False,False,,,,,,float
2026-05-28 11:10:16.453827+00:00,stratolink-3-eu,EU,STALE,40.6257961,-6.428663,10009.0,7.0,ext-sg50-029,,,-113,3.8,False,False,,,,,,float
2026-05-28 11:10:16.453827+00:00,stratolink-3-eu,EU,STALE,40.6257961,-6.428663,10009.0,7.0,lora-more,41.81858911263017,-6.7508557295156235,-114,-4.8,False,True,135.34213528228818,135.8151719294709,3.617467950903412,4.834627334196793,348.6214371376065,float
2026-05-28 11:10:16.453827+00:00,stratolink-3-eu,EU,STALE,40.6257961,-6.428663,10009.0,7.0,niharramikrotik,40.589325292876616,-4.838257133960725,-115,-6.25,False,True,134.31778160937742,134.7928799760389,3.654187665070918,4.862134827187417,91.2124281497683,float
2026-05-28 11:10:16.453827+00:00,stratolink-3-eu,EU,STALE,40.6257961,-6.428663,10009.0,7.0,d401c3ffff6d00a4,,,-115,-4.75,False,False,,,,,,float
2026-05-28 11:10:16.453827+00:00,stratolink-3-eu,EU,STALE,40.6257961,-6.428663,10009.0,7.0,mjv-casas,,,-116,-2.8,False,False,,,,,,float
2026-05-28 11:10:16.453827+00:00,stratolink-3-eu,EU,STALE,40.6257961,-6.428663,10009.0,7.0,mtcdtip02-l4e1-15,,,-116,-6.2,False,False,,,,,,float
2026-05-28 11:10:16.453827+00:00,stratolink-3-eu,EU,STALE,40.6257961,-6.428663,10009.0,7.0,cdtic-multitech-5,40.0702558044694,-6.65818959474564,-116,-4.5,False,True,64.76329354194009,65.58214248778668,8.487331436132704,9.069760923173625,197.55252652165944,float
2026-05-28 11:10:16.453827+00:00,stratolink-3-eu,EU,STALE,40.6257961,-6.428663,10009.0,7.0,ext-sg50-023,,,-119,-2.2,False,False,,,,,,float
2026-05-28 11:10:16.453827+00:00,stratolink-3-eu,EU,STALE,40.6257961,-6.428663,10009.0,7.0,v3-eui-b827ebfffebf1f02,40.13814,-7.50059,-120,-6.0,False,True,105.75302120153279,106.30707519171335,4.926785523119559,5.8778439780386424,239.50121508522003,float
2026-05-28 11:10:16.453827+00:00,stratolink-3-eu,EU,STALE,40.6257961,-6.428663,10009.0,7.0,ext-sg50-022,,,-120,-7.0,False,False,,,,,,float
2026-05-28 11:10:16.453827+00:00,stratolink-3-eu,EU,STALE,40.6257961,-6.428663,10009.0,7.0,ext-sg50-024,,,-120,-6.5,False,False,,,,,,float
2026-05-28 11:10:16.453827+00:00,stratolink-3-eu,EU,STALE,40.6257961,-6.428663,10009.0,7.0,italr0005,40.954279046747715,-4.142631590366364,-123,-9.5,False,True,195.88281833147107,196.28426214013473,2.0417625947977536,3.803376669090203,78.50829551505217,float
2026-05-28 11:15:24.602888+00:00,stratolink-3-eu,EU,STALE,40.6257961,-6.428663,10009.0,7.0,mtcdtip02-l4e1-9,,,-107,0.5,False,False,,,,,,float
2026-05-28 11:15:24.602888+00:00,stratolink-3-eu,EU,STALE,40.6257961,-6.428663,10009.0,7.0,cicytex-ic003,,,-108,-5.0,False,False,,,,,,float
2026-05-28 11:15:24.602888+00:00,stratolink-3-eu,EU,STALE,40.6257961,-6.428663,10009.0,7.0,cicytex-icmc-002,,,-112,-9.0,False,False,,,,,,float
2026-05-28 11:15:24.602888+00:00,stratolink-3-eu,EU,STALE,40.6257961,-6.428663,10009.0,7.0,packetbroker,40.962541751597406,-5.675446072867432,-112,-0.5,True,True,73.63739668553853,74.37139657481511,7.403161798178406,8.065397901887811,59.19070782295381,float
2026-05-28 11:15:24.602888+00:00,stratolink-3-eu,EU,STALE,40.6257961,-6.428663,10009.0,7.0,mtcdtip02-l4e1-15,,,-113,-6.0,False,False,,,,,,float
2026-05-28 11:15:24.602888+00:00,stratolink-3-eu,EU,STALE,40.6257961,-6.428663,10009.0,7.0,packetbroker,40.962758045083945,-5.675633842073217,-113,0.75,True,True,73.6359324656191,74.36994456081506,7.403320316988313,8.065543252669633,59.1683601017869,float
2026-05-28 11:15:24.602888+00:00,stratolink-3-eu,EU,STALE,40.6257961,-6.428663,10009.0,7.0,ext-sg50-029,,,-113,2.5,False,False,,,,,,float
2026-05-28 11:15:24.602888+00:00,stratolink-3-eu,EU,STALE,40.6257961,-6.428663,10009.0,7.0,mjv-casas,,,-114,-3.5,False,False,,,,,,float
2026-05-28 11:15:24.602888+00:00,stratolink-3-eu,EU,STALE,40.6257961,-6.428663,10009.0,7.0,d401c3ffff6d00a4,,,-114,-1.75,False,False,,,,,,float
2026-05-28 11:15:24.602888+00:00,stratolink-3-eu,EU,STALE,40.6257961,-6.428663,10009.0,7.0,mtcdtip02-l4e1-7,,,-114,-3.5,False,False,,,,,,float
2026-05-28 11:15:24.602888+00:00,stratolink-3-eu,EU,STALE,40.6257961,-6.428663,10009.0,7.0,niharramikrotik,40.589325292876616,-4.838257133960725,-115,-7.25,False,True,134.31778160937742,134.7928799760389,3.654187665070918,4.862134827187417,91.2124281497683,float
2026-05-28 11:15:24.602888+00:00,stratolink-3-eu,EU,STALE,40.6257961,-6.428663,10009.0,7.0,aciprestes-gw,41.2090915448,-7.4329554723,-115,-5.25,False,True,106.43041135096654,106.98198144735878,4.889555762448679,5.8467061249237275,307.8742676007497,float
2026-05-28 11:15:24.602888+00:00,stratolink-3-eu,EU,STALE,40.6257961,-6.428663,10009.0,7.0,cdtic-multitech-5,40.0702558044694,-6.65818959474564,-115,0.8,False,True,64.76329354194009,65.58214248778668,8.487331436132704,9.069760923173625,197.55252652165944,float
2026-05-28 11:15:24.602888+00:00,stratolink-3-eu,EU,STALE,40.6257961,-6.428663,10009.0,7.0,cdtic-multitech-4,39.4920534590841,-6.57908320426941,-116,-4.2,False,True,126.71486734239434,127.20665440104555,3.9428580999060583,5.0824307057827465,185.84688660018682,float
2026-05-28 11:15:24.602888+00:00,stratolink-3-eu,EU,STALE,40.6257961,-6.428663,10009.0,7.0,ext-sg50-015,,,-117,-1.5,False,False,,,,,,float
2026-05-28 11:15:24.602888+00:00,stratolink-3-eu,EU,STALE,40.6257961,-6.428663,10009.0,7.0,ext-sg50-028,,,-118,-4.2,False,False,,,,,,float
2026-05-28 11:15:24.602888+00:00,stratolink-3-eu,EU,STALE,40.6257961,-6.428663,10009.0,7.0,ext-sg50-024,,,-118,-3.2,False,False,,,,,,float
2026-05-28 11:15:24.602888+00:00,stratolink-3-eu,EU,STALE,40.6257961,-6.428663,10009.0,7.0,mitigasmart-cc,,,-118,-8.5,False,False,,,,,,float
2026-05-28 11:15:24.602888+00:00,stratolink-3-eu,EU,STALE,40.6257961,-6.428663,10009.0,7.0,sg50-eui-c0ba1ffffe004945,,,-118,-8.5,False,False,,,,,,float
2026-05-28 11:15:24.602888+00:00,stratolink-3-eu,EU,STALE,40.6257961,-6.428663,10009.0,7.0,sg50-perte-malpica-05,,,-119,-7.5,False,False,,,,,,float
2026-05-28 11:20:32.524525+00:00,stratolink-3-eu,EU,STALE,40.6257961,-6.428663,10009.0,7.0,mtcdtip02-l4e1-3,,,-106,-5.8,False,False,,,,,,float
2026-05-28 11:20:32.524525+00:00,stratolink-3-eu,EU,STALE,40.6257961,-6.428663,10009.0,7.0,cicytex-ic003,,,-107,-4.5,False,False,,,,,,float
2026-05-28 11:20:32.524525+00:00,stratolink-3-eu,EU,STALE,40.6257961,-6.428663,10009.0,7.0,mtcdtip02-l4e1-9,,,-109,-1.8,False,False,,,,,,float
2026-05-28 11:20:32.524525+00:00,stratolink-3-eu,EU,STALE,40.6257961,-6.428663,10009.0,7.0,packetbroker,40.962758045083945,-5.675633842073217,-110,2.25,True,True,73.6359324656191,74.36994456081506,7.403320316988313,8.065543252669633,59.1683601017869,float
2026-05-28 11:20:32.524525+00:00,stratolink-3-eu,EU,STALE,40.6257961,-6.428663,10009.0,7.0,packetbroker,40.962541751597406,-5.675446072867432,-111,1.75,True,True,73.63739668553853,74.37139657481511,7.403161798178406,8.065397901887811,59.19070782295381,float
2026-05-28 11:20:32.524525+00:00,stratolink-3-eu,EU,STALE,40.6257961,-6.428663,10009.0,7.0,dlps8-119,,,-112,-6.0,False,False,,,,,,float
2026-05-28 11:20:32.524525+00:00,stratolink-3-eu,EU,STALE,40.6257961,-6.428663,10009.0,7.0,mjv-casas,,,-113,-2.5,False,False,,,,,,float
2026-05-28 11:20:32.524525+00:00,stratolink-3-eu,EU,STALE,40.6257961,-6.428663,10009.0,7.0,niharramikrotik,40.589325292876616,-4.838257133960725,-113,-5.75,False,True,134.31778160937742,134.7928799760389,3.654187665070918,4.862134827187417,91.2124281497683,float
2026-05-28 11:20:32.524525+00:00,stratolink-3-eu,EU,STALE,40.6257961,-6.428663,10009.0,7.0,ext-sg50-029,,,-113,2.5,False,False,,,,,,float
2026-05-28 11:20:32.524525+00:00,stratolink-3-eu,EU,STALE,40.6257961,-6.428663,10009.0,7.0,ext-sg50-015,,,-114,-7.2,False,False,,,,,,float
2026-05-28 11:20:32.524525+00:00,stratolink-3-eu,EU,STALE,40.6257961,-6.428663,10009.0,7.0,5031395365454751,42.195765,-6.006521,-115,-6.5,False,True,178.0863879551528,178.50125504881117,2.413301930799312,4.014869082701203,11.26215914003194,float
2026-05-28 11:20:32.524525+00:00,stratolink-3-eu,EU,STALE,40.6257961,-6.428663,10009.0,7.0,italr0001,41.70253250763931,-4.708266556262971,-115,-6.0,False,True,187.27657100298967,187.68394848002842,2.2145389629131254,3.8987553024280377,49.69771685783297,float
2026-05-28 11:20:32.524525+00:00,stratolink-3-eu,EU,STALE,40.6257961,-6.428663,10009.0,7.0,cdtic-multitech-4,39.4920534590841,-6.57908320426941,-115,-8.8,False,True,126.71486734239434,127.20665440104555,3.9428580999060583,5.0824307057827465,185.84688660018682,float
2026-05-28 11:20:32.524525+00:00,stratolink-3-eu,EU,STALE,40.6257961,-6.428663,10009.0,7.0,sg50-perte-malpica-05,,,-118,-7.5,False,False,,,,,,float
2026-05-28 11:20:32.524525+00:00,stratolink-3-eu,EU,STALE,40.6257961,-6.428663,10009.0,7.0,ext-sg50-024,,,-119,-8.2,False,False,,,,,,float
2026-05-28 11:20:32.524525+00:00,stratolink-3-eu,EU,STALE,40.6257961,-6.428663,10009.0,7.0,italr0005,40.954279046747715,-4.142631590366364,-119,-5.5,False,True,195.88281833147107,196.28426214013473,2.0417625947977536,3.803376669090203,78.50829551505217,float
2026-05-28 11:25:40.463498+00:00,stratolink-3-eu,EU,STALE,40.6257961,-6.428663,10009.0,7.0,cicytex-ic003,,,-106,2.5,False,False,,,,,,float
2026-05-28 11:25:40.463498+00:00,stratolink-3-eu,EU,STALE,40.6257961,-6.428663,10009.0,7.0,mtcdtip02-l4e1-9,,,-107,5.0,False,False,,,,,,float
2026-05-28 11:25:40.463498+00:00,stratolink-3-eu,EU,STALE,40.6257961,-6.428663,10009.0,7.0,mtcdtip02-l4e1-1,,,-110,-5.0,False,False,,,,,,float
2026-05-28 11:25:40.463498+00:00,stratolink-3-eu,EU,STALE,40.6257961,-6.428663,10009.0,7.0,cicytex-icmc-002,,,-111,-4.8,False,False,,,,,,float
2026-05-28 11:25:40.463498+00:00,stratolink-3-eu,EU,STALE,40.6257961,-6.428663,10009.0,7.0,ext-sg50-029,,,-111,5.5,False,False,,,,,,float
2026-05-28 11:25:40.463498+00:00,stratolink-3-eu,EU,STALE,40.6257961,-6.428663,10009.0,7.0,ext-sg50-018,,,-112,-8.8,False,False,,,,,,float
2026-05-28 11:25:40.463498+00:00,stratolink-3-eu,EU,STALE,40.6257961,-6.428663,10009.0,7.0,dlps8-105,,,-113,-7.8,False,False,,,,,,float
2026-05-28 11:25:40.463498+00:00,stratolink-3-eu,EU,STALE,40.6257961,-6.428663,10009.0,7.0,mtcdtip02-l4e1-13,,,-113,-6.0,False,False,,,,,,float
2026-05-28 11:25:40.463498+00:00,stratolink-3-eu,EU,STALE,40.6257961,-6.428663,10009.0,7.0,cdtic-multitech-4,39.4920534590841,-6.57908320426941,-113,-0.5,False,True,126.71486734239434,127.20665440104555,3.9428580999060583,5.0824307057827465,185.84688660018682,float
2026-05-28 11:25:40.463498+00:00,stratolink-3-eu,EU,STALE,40.6257961,-6.428663,10009.0,7.0,packetbroker,40.962541751597406,-5.675446072867432,-113,-2.0,True,True,73.63739668553853,74.37139657481511,7.403161798178406,8.065397901887811,59.19070782295381,float
2026-05-28 11:25:40.463498+00:00,stratolink-3-eu,EU,STALE,40.6257961,-6.428663,10009.0,7.0,mjv-casas,,,-114,0.8,False,False,,,,,,float
2026-05-28 11:25:40.463498+00:00,stratolink-3-eu,EU,STALE,40.6257961,-6.428663,10009.0,7.0,niharramikrotik,40.589325292876616,-4.838257133960725,-114,-3.5,False,True,134.31778160937742,134.7928799760389,3.654187665070918,4.862134827187417,91.2124281497683,float
2026-05-28 11:25:40.463498+00:00,stratolink-3-eu,EU,STALE,40.6257961,-6.428663,10009.0,7.0,dlps8-103,,,-114,-9.2,False,False,,,,,,float
2026-05-28 11:25:40.463498+00:00,stratolink-3-eu,EU,STALE,40.6257961,-6.428663,10009.0,7.0,mtcdtip02-l4e1-7,,,-114,-3.8,False,False,,,,,,float
2026-05-28 11:25:40.463498+00:00,stratolink-3-eu,EU,STALE,40.6257961,-6.428663,10009.0,7.0,ext-sg50-015,,,-115,-0.8,False,False,,,,,,float
2026-05-28 11:25:40.463498+00:00,stratolink-3-eu,EU,STALE,40.6257961,-6.428663,10009.0,7.0,sg50-perte-malpica-06,,,-116,-6.8,False,False,,,,,,float
2026-05-28 11:25:40.463498+00:00,stratolink-3-eu,EU,STALE,40.6257961,-6.428663,10009.0,7.0,ext-sg50-023,,,-116,2.2,False,False,,,,,,float
2026-05-28 11:25:40.463498+00:00,stratolink-3-eu,EU,STALE,40.6257961,-6.428663,10009.0,7.0,ext-sg50-028,,,-117,-3.2,False,False,,,,,,float
2026-05-28 11:25:40.463498+00:00,stratolink-3-eu,EU,STALE,40.6257961,-6.428663,10009.0,7.0,sg50-perte-malpica-05,,,-117,-2.2,False,False,,,,,,float
2026-05-28 11:25:40.463498+00:00,stratolink-3-eu,EU,STALE,40.6257961,-6.428663,10009.0,7.0,meceiot-004-5030354163554750,40.5481739449056,-5.16353885114368,-117,-5.75,False,True,107.17888454101507,107.72775344099033,4.848917346444827,5.8127988807346185,94.20729341885351,float
2026-05-28 11:25:40.463498+00:00,stratolink-3-eu,EU,STALE,40.6257961,-6.428663,10009.0,7.0,sg50-eui-c0ba1ffffe004945,,,-118,-3.5,False,False,,,,,,float
2026-05-28 11:25:40.463498+00:00,stratolink-3-eu,EU,STALE,40.6257961,-6.428663,10009.0,7.0,mitigasmart-cc,,,-119,-8.8,False,False,,,,,,float
2026-05-28 11:25:40.463498+00:00,stratolink-3-eu,EU,STALE,40.6257961,-6.428663,10009.0,7.0,sg50-perte-malpica-07,,,-119,-7.0,False,False,,,,,,float
2026-05-28 11:25:40.463498+00:00,stratolink-3-eu,EU,STALE,40.6257961,-6.428663,10009.0,7.0,ext-sg50-022,,,-120,-7.2,False,False,,,,,,float
2026-05-28 11:25:40.463498+00:00,stratolink-3-eu,EU,STALE,40.6257961,-6.428663,10009.0,7.0,v3-eui-b827ebfffebf1f02,40.13814,-7.50059,-121,-5.2,False,True,105.75302120153279,106.30707519171335,4.926785523119559,5.8778439780386424,239.50121508522003,float
2026-05-28 11:30:48.685469+00:00,stratolink-3-eu,EU,STALE,40.6257961,-6.428663,10009.0,7.0,cicytex-ic003,,,-107,-2.0,False,False,,,,,,float
2026-05-28 11:30:48.685469+00:00,stratolink-3-eu,EU,STALE,40.6257961,-6.428663,10009.0,7.0,mtcdtip02-l4e1-9,,,-107,3.2,False,False,,,,,,float
2026-05-28 11:30:48.685469+00:00,stratolink-3-eu,EU,STALE,40.6257961,-6.428663,10009.0,7.0,ext-sg50-018,,,-108,-8.8,False,False,,,,,,float
2026-05-28 11:30:48.685469+00:00,stratolink-3-eu,EU,STALE,40.6257961,-6.428663,10009.0,7.0,ext-sg50-029,,,-109,6.5,False,False,,,,,,float
2026-05-28 11:30:48.685469+00:00,stratolink-3-eu,EU,STALE,40.6257961,-6.428663,10009.0,7.0,cicytex-icmc-002,,,-111,-6.3,False,False,,,,,,float
2026-05-28 11:30:48.685469+00:00,stratolink-3-eu,EU,STALE,40.6257961,-6.428663,10009.0,7.0,mtcdtip02-l4e1-5,,,-111,-6.2,False,False,,,,,,float
2026-05-28 11:30:48.685469+00:00,stratolink-3-eu,EU,STALE,40.6257961,-6.428663,10009.0,7.0,mtcdtip02-l4e1-7,,,-113,-2.0,False,False,,,,,,float
2026-05-28 11:30:48.685469+00:00,stratolink-3-eu,EU,STALE,40.6257961,-6.428663,10009.0,7.0,jfmateos-rak7250-rioseco,39.9775352459947,-6.04510360141884,-113,-7.75,False,True,79.08213213871244,79.77410876714855,6.851971712150553,7.56317343054187,155.5889449274605,float
2026-05-28 11:30:48.685469+00:00,stratolink-3-eu,EU,STALE,40.6257961,-6.428663,10009.0,7.0,packetbroker,40.962541751597406,-5.675446072867432,-113,-0.5,True,True,73.63739668553853,74.37139657481511,7.403161798178406,8.065397901887811,59.19070782295381,float
2026-05-28 11:30:48.685469+00:00,stratolink-3-eu,EU,STALE,40.6257961,-6.428663,10009.0,7.0,ext-dlos8-007,,,-113,-9.8,False,False,,,,,,float
2026-05-28 11:30:48.685469+00:00,stratolink-3-eu,EU,STALE,40.6257961,-6.428663,10009.0,7.0,cdtic-multitech-4,39.4920534590841,-6.57908320426941,-114,-2.0,False,True,126.71486734239434,127.20665440104555,3.9428580999060583,5.0824307057827465,185.84688660018682,float
2026-05-28 11:30:48.685469+00:00,stratolink-3-eu,EU,STALE,40.6257961,-6.428663,10009.0,7.0,mtcdtip02-l4e1-16,,,-114,-7.2,False,False,,,,,,float
2026-05-28 11:30:48.685469+00:00,stratolink-3-eu,EU,STALE,40.6257961,-6.428663,10009.0,7.0,mtcdtip02-l4e1-15,,,-114,-4.8,False,False,,,,,,float
2026-05-28 11:30:48.685469+00:00,stratolink-3-eu,EU,STALE,40.6257961,-6.428663,10009.0,7.0,mtcdtip02-l4e1-11,,,-114,-8.0,False,False,,,,,,float
2026-05-28 11:30:48.685469+00:00,stratolink-3-eu,EU,STALE,40.6257961,-6.428663,10009.0,7.0,mjv-casas,,,-115,-5.2,False,False,,,,,,float
2026-05-28 11:30:48.685469+00:00,stratolink-3-eu,EU,STALE,40.6257961,-6.428663,10009.0,7.0,d401c3ffff6d00a4,,,-115,-1.25,False,False,,,,,,float
2026-05-28 11:30:48.685469+00:00,stratolink-3-eu,EU,STALE,40.6257961,-6.428663,10009.0,7.0,aciprestes-gw,41.2090915448,-7.4329554723,-115,-6.5,False,True,106.43041135096654,106.98198144735878,4.889555762448679,5.8467061249237275,307.8742676007497,float
2026-05-28 11:30:48.685469+00:00,stratolink-3-eu,EU,STALE,40.6257961,-6.428663,10009.0,7.0,ext-sg50-023,,,-116,1.5,False,False,,,,,,float
2026-05-28 11:30:48.685469+00:00,stratolink-3-eu,EU,STALE,40.6257961,-6.428663,10009.0,7.0,ext-sg50-026,,,-117,-6.5,False,False,,,,,,float
2026-05-28 11:30:48.685469+00:00,stratolink-3-eu,EU,STALE,40.6257961,-6.428663,10009.0,7.0,ext-sg50-024,,,-117,-1.2,False,False,,,,,,float
2026-05-28 11:30:48.685469+00:00,stratolink-3-eu,EU,STALE,40.6257961,-6.428663,10009.0,7.0,ext-sg50-028,,,-117,-5.2,False,False,,,,,,float
2026-05-28 11:30:48.685469+00:00,stratolink-3-eu,EU,STALE,40.6257961,-6.428663,10009.0,7.0,ext-sg50-022,,,-118,-2.0,False,False,,,,,,float
2026-05-28 11:30:48.685469+00:00,stratolink-3-eu,EU,STALE,40.6257961,-6.428663,10009.0,7.0,tef-mls-01,40.108033,-6.632828,-118,-6.8,False,True,60.1148739870506,60.98875847646064,9.17524615805839,9.715871461450847,196.78846730955854,float
2026-05-28 11:30:48.685469+00:00,stratolink-3-eu,EU,STALE,40.6257961,-6.428663,10009.0,7.0,sg50-eui-c0ba1ffffe004945,,,-119,-8.0,False,False,,,,,,float
2026-05-28 11:30:48.685469+00:00,stratolink-3-eu,EU,STALE,40.6257961,-6.428663,10009.0,7.0,sg50-perte-malpica-05,,,-119,-7.0,False,False,,,,,,float
2026-05-28 11:30:48.685469+00:00,stratolink-3-eu,EU,STALE,40.6257961,-6.428663,10009.0,7.0,italr0005,40.954279046747715,-4.142631590366364,-121,-7.5,False,True,195.88281833147107,196.28426214013473,2.0417625947977536,3.803376669090203,78.50829551505217,float
2026-05-28 11:35:56.878674+00:00,stratolink-3-eu,EU,STALE,40.6257961,-6.428663,10009.0,7.0,packetbroker,40.962758045083945,-5.675633842073217,-108,3.75,True,True,73.6359324656191,74.36994456081506,7.403320316988313,8.065543252669633,59.1683601017869,float
2026-05-28 11:35:56.878674+00:00,stratolink-3-eu,EU,STALE,40.6257961,-6.428663,10009.0,7.0,mtcdtip02-l4e1-9,,,-108,-3.2,False,False,,,,,,float
2026-05-28 11:35:56.878674+00:00,stratolink-3-eu,EU,STALE,40.6257961,-6.428663,10009.0,7.0,cicytex-ic003,,,-109,-8.0,False,False,,,,,,float
2026-05-28 11:35:56.878674+00:00,stratolink-3-eu,EU,STALE,40.6257961,-6.428663,10009.0,7.0,mtcdtip02-l4e1-1,,,-110,-7.2,False,False,,,,,,float
2026-05-28 11:35:56.878674+00:00,stratolink-3-eu,EU,STALE,40.6257961,-6.428663,10009.0,7.0,cicytex-icmc-002,,,-111,-8.3,False,False,,,,,,float
2026-05-28 11:35:56.878674+00:00,stratolink-3-eu,EU,STALE,40.6257961,-6.428663,10009.0,7.0,packetbroker,40.962541751597406,-5.675446072867432,-111,0.25,True,True,73.63739668553853,74.37139657481511,7.403161798178406,8.065397901887811,59.19070782295381,float
2026-05-28 11:35:56.878674+00:00,stratolink-3-eu,EU,STALE,40.6257961,-6.428663,10009.0,7.0,meceiot-004-5030354163554750,40.5481739449056,-5.16353885114368,-113,-1.75,False,True,107.17888454101507,107.72775344099033,4.848917346444827,5.8127988807346185,94.20729341885351,float
2026-05-28 11:35:56.878674+00:00,stratolink-3-eu,EU,STALE,40.6257961,-6.428663,10009.0,7.0,mjv-casas,,,-114,0.8,False,False,,,,,,float
2026-05-28 11:35:56.878674+00:00,stratolink-3-eu,EU,STALE,40.6257961,-6.428663,10009.0,7.0,mtcdtip02-l4e1-7,,,-114,-5.5,False,False,,,,,,float
2026-05-28 11:35:56.878674+00:00,stratolink-3-eu,EU,STALE,40.6257961,-6.428663,10009.0,7.0,ext-sg50-029,,,-114,1.2,False,False,,,,,,float
2026-05-28 11:35:56.878674+00:00,stratolink-3-eu,EU,STALE,40.6257961,-6.428663,10009.0,7.0,lora-more,41.81858911263017,-6.7508557295156235,-115,-7.5,False,True,135.34213528228818,135.8151719294709,3.617467950903412,4.834627334196793,348.6214371376065,float
2026-05-28 11:35:56.878674+00:00,stratolink-3-eu,EU,STALE,40.6257961,-6.428663,10009.0,7.0,niharramikrotik,40.589325292876616,-4.838257133960725,-115,-2.5,False,True,134.31778160937742,134.7928799760389,3.654187665070918,4.862134827187417,91.2124281497683,float
2026-05-28 11:35:56.878674+00:00,stratolink-3-eu,EU,STALE,40.6257961,-6.428663,10009.0,7.0,italr0001,41.70253250763931,-4.708266556262971,-115,-4.25,False,True,187.27657100298967,187.68394848002842,2.2145389629131254,3.8987553024280377,49.69771685783297,float
2026-05-28 11:35:56.878674+00:00,stratolink-3-eu,EU,STALE,40.6257961,-6.428663,10009.0,7.0,italr0005,40.954279046747715,-4.142631590366364,-115,-1.75,False,True,195.88281833147107,196.28426214013473,2.0417625947977536,3.803376669090203,78.50829551505217,float
2026-05-28 11:35:56.878674+00:00,stratolink-3-eu,EU,STALE,40.6257961,-6.428663,10009.0,7.0,rio-tormes-1b,40.968865323719,-5.64232170581818,-116,-7.0,False,True,76.39753112398147,77.10941705634951,7.1145192715146495,7.801577826295318,59.78802396762984,float
2026-05-28 11:35:56.878674+00:00,stratolink-3-eu,EU,STALE,40.6257961,-6.428663,10009.0,7.0,cdtic-multitech-5,40.0702558044694,-6.65818959474564,-116,-2.8,False,True,64.76329354194009,65.58214248778668,8.487331436132704,9.069760923173625,197.55252652165944,float
2026-05-28 11:35:56.878674+00:00,stratolink-3-eu,EU,STALE,40.6257961,-6.428663,10009.0,7.0,sg50-perte-malpica-07,,,-117,-7.0,False,False,,,,,,float
2026-05-28 11:35:56.878674+00:00,stratolink-3-eu,EU,STALE,40.6257961,-6.428663,10009.0,7.0,ext-sg50-028,,,-118,-8.0,False,False,,,,,,float
2026-05-28 11:35:56.878674+00:00,stratolink-3-eu,EU,STALE,40.6257961,-6.428663,10009.0,7.0,mitigasmart-cc,,,-118,-9.2,False,False,,,,,,float
2026-05-28 11:35:56.878674+00:00,stratolink-3-eu,EU,STALE,40.6257961,-6.428663,10009.0,7.0,sg50-perte-malpica-05,,,-118,-5.8,False,False,,,,,,float
2026-05-28 11:35:56.878674+00:00,stratolink-3-eu,EU,STALE,40.6257961,-6.428663,10009.0,7.0,sg50-eui-c0ba1ffffe004945,,,-118,-8.8,False,False,,,,,,float
2026-05-28 11:35:56.878674+00:00,stratolink-3-eu,EU,STALE,40.6257961,-6.428663,10009.0,7.0,ext-sg50-024,,,-119,-8.0,False,False,,,,,,float
2026-05-28 11:35:56.878674+00:00,stratolink-3-eu,EU,STALE,40.6257961,-6.428663,10009.0,7.0,antena-granjas-rendondo-01,,,-125,-6.5,False,False,,,,,,float
2026-05-28 11:41:05.215473+00:00,stratolink-3-eu,EU,STALE,40.6257961,-6.428663,10009.0,7.0,cicytex-ic003,,,-110,-8.0,False,False,,,,,,float
2026-05-28 11:41:05.215473+00:00,stratolink-3-eu,EU,STALE,40.6257961,-6.428663,10009.0,7.0,packetbroker,40.962758045083945,-5.675633842073217,-110,2.0,True,True,73.6359324656191,74.36994456081506,7.403320316988313,8.065543252669633,59.1683601017869,float
2026-05-28 11:41:05.215473+00:00,stratolink-3-eu,EU,STALE,40.6257961,-6.428663,10009.0,7.0,mtcdtip02-l4e1-9,,,-110,-2.5,False,False,,,,,,float
2026-05-28 11:41:05.215473+00:00,stratolink-3-eu,EU,STALE,40.6257961,-6.428663,10009.0,7.0,ext-sg50-029,,,-111,2.5,False,False,,,,,,float
2026-05-28 11:41:05.215473+00:00,stratolink-3-eu,EU,STALE,40.6257961,-6.428663,10009.0,7.0,lora-more,41.81858911263017,-6.7508557295156235,-113,-3.5,False,True,135.34213528228818,135.8151719294709,3.617467950903412,4.834627334196793,348.6214371376065,float
2026-05-28 11:41:05.215473+00:00,stratolink-3-eu,EU,STALE,40.6257961,-6.428663,10009.0,7.0,packetbroker,40.962541751597406,-5.675446072867432,-113,1.25,True,True,73.63739668553853,74.37139657481511,7.403161798178406,8.065397901887811,59.19070782295381,float
2026-05-28 11:41:05.215473+00:00,stratolink-3-eu,EU,STALE,40.6257961,-6.428663,10009.0,7.0,mtcdtip02-l4e1-7,,,-113,-2.5,False,False,,,,,,float
2026-05-28 11:41:05.215473+00:00,stratolink-3-eu,EU,STALE,40.6257961,-6.428663,10009.0,7.0,mtcdtip02-l4e1-15,,,-114,-3.2,False,False,,,,,,float
2026-05-28 11:41:05.215473+00:00,stratolink-3-eu,EU,STALE,40.6257961,-6.428663,10009.0,7.0,mjv-casas,,,-115,-4.8,False,False,,,,,,float
2026-05-28 11:41:05.215473+00:00,stratolink-3-eu,EU,STALE,40.6257961,-6.428663,10009.0,7.0,d401c3ffff6d00a4,,,-115,-6.0,False,False,,,,,,float
2026-05-28 11:41:05.215473+00:00,stratolink-3-eu,EU,STALE,40.6257961,-6.428663,10009.0,7.0,ext-sg50-018,,,-115,-8.0,False,False,,,,,,float
2026-05-28 11:41:05.215473+00:00,stratolink-3-eu,EU,STALE,40.6257961,-6.428663,10009.0,7.0,cdtic-multitech-5,40.0702558044694,-6.65818959474564,-116,-2.8,False,True,64.76329354194009,65.58214248778668,8.487331436132704,9.069760923173625,197.55252652165944,float
2026-05-28 11:41:05.215473+00:00,stratolink-3-eu,EU,STALE,40.6257961,-6.428663,10009.0,7.0,meceiot-004-5030354163554750,40.5481739449056,-5.16353885114368,-116,-6.25,False,True,107.17888454101507,107.72775344099033,4.848917346444827,5.8127988807346185,94.20729341885351,float
2026-05-28 11:41:05.215473+00:00,stratolink-3-eu,EU,STALE,40.6257961,-6.428663,10009.0,7.0,rio-tormes-1b,40.968865323719,-5.64232170581818,-117,-3.25,False,True,76.39753112398147,77.10941705634951,7.1145192715146495,7.801577826295318,59.78802396762984,float
2026-05-28 11:41:05.215473+00:00,stratolink-3-eu,EU,STALE,40.6257961,-6.428663,10009.0,7.0,cdtic-multitech-4,39.4920534590841,-6.57908320426941,-117,-8.2,False,True,126.71486734239434,127.20665440104555,3.9428580999060583,5.0824307057827465,185.84688660018682,float
2026-05-28 11:41:05.215473+00:00,stratolink-3-eu,EU,STALE,40.6257961,-6.428663,10009.0,7.0,ext-sg50-023,,,-117,0.5,False,False,,,,,,float
2026-05-28 11:41:05.215473+00:00,stratolink-3-eu,EU,STALE,40.6257961,-6.428663,10009.0,7.0,ext-sg50-024,,,-118,-2.0,False,False,,,,,,float
2026-05-28 11:41:05.215473+00:00,stratolink-3-eu,EU,STALE,40.6257961,-6.428663,10009.0,7.0,ext-sg50-015,,,-118,-2.8,False,False,,,,,,float
2026-05-28 11:41:05.215473+00:00,stratolink-3-eu,EU,STALE,40.6257961,-6.428663,10009.0,7.0,v3-eui-b827ebfffebf1f02,40.13814,-7.50059,-119,-4.0,False,True,105.75302120153279,106.30707519171335,4.926785523119559,5.8778439780386424,239.50121508522003,float
2026-05-28 11:41:05.215473+00:00,stratolink-3-eu,EU,STALE,40.6257961,-6.428663,10009.0,7.0,mitigasmart-cc,,,-119,-7.8,False,False,,,,,,float
2026-05-28 11:41:05.215473+00:00,stratolink-3-eu,EU,STALE,40.6257961,-6.428663,10009.0,7.0,tef-mls-01,40.108033,-6.632828,-119,-7.2,False,True,60.1148739870506,60.98875847646064,9.17524615805839,9.715871461450847,196.78846730955854,float
2026-05-28 11:41:05.215473+00:00,stratolink-3-eu,EU,STALE,40.6257961,-6.428663,10009.0,7.0,ext-sg50-022,,,-120,-5.8,False,False,,,,,,float
2026-05-28 11:41:05.215473+00:00,stratolink-3-eu,EU,STALE,40.6257961,-6.428663,10009.0,7.0,sg50-eui-c0ba1ffffe004945,,,-120,-8.5,False,False,,,,,,float
2026-05-28 11:41:05.215473+00:00,stratolink-3-eu,EU,STALE,40.6257961,-6.428663,10009.0,7.0,italr0005,40.954279046747715,-4.142631590366364,-121,-6.75,False,True,195.88281833147107,196.28426214013473,2.0417625947977536,3.803376669090203,78.50829551505217,float
2026-05-28 11:46:13.551682+00:00,stratolink-3-eu,EU,STALE,40.6257961,-6.428663,10009.0,7.0,packetbroker,40.962758045083945,-5.675633842073217,-108,3.5,True,True,73.6359324656191,74.36994456081506,7.403320316988313,8.065543252669633,59.1683601017869,float
2026-05-28 11:46:13.551682+00:00,stratolink-3-eu,EU,STALE,40.6257961,-6.428663,10009.0,7.0,cicytex-ic003,,,-109,-9.0,False,False,,,,,,float
2026-05-28 11:46:13.551682+00:00,stratolink-3-eu,EU,STALE,40.6257961,-6.428663,10009.0,7.0,cicytex-icmc-002,,,-111,-9.3,False,False,,,,,,float
2026-05-28 11:46:13.551682+00:00,stratolink-3-eu,EU,STALE,40.6257961,-6.428663,10009.0,7.0,mtcdtip02-l4e1-9,,,-111,-4.0,False,False,,,,,,float
2026-05-28 11:46:13.551682+00:00,stratolink-3-eu,EU,STALE,40.6257961,-6.428663,10009.0,7.0,ext-sg50-029,,,-112,4.2,False,False,,,,,,float
2026-05-28 11:46:13.551682+00:00,stratolink-3-eu,EU,STALE,40.6257961,-6.428663,10009.0,7.0,lora-more,41.81858911263017,-6.7508557295156235,-113,-7.3,False,True,135.34213528228818,135.8151719294709,3.617467950903412,4.834627334196793,348.6214371376065,float
2026-05-28 11:46:13.551682+00:00,stratolink-3-eu,EU,STALE,40.6257961,-6.428663,10009.0,7.0,rio-tormes-1b,40.968865323719,-5.64232170581818,-113,-1.25,False,True,76.39753112398147,77.10941705634951,7.1145192715146495,7.801577826295318,59.78802396762984,float
2026-05-28 11:46:13.551682+00:00,stratolink-3-eu,EU,STALE,40.6257961,-6.428663,10009.0,7.0,mtcdtip02-l4e1-15,,,-113,-3.0,False,False,,,,,,float
2026-05-28 11:46:13.551682+00:00,stratolink-3-eu,EU,STALE,40.6257961,-6.428663,10009.0,7.0,packetbroker,40.962541751597406,-5.675446072867432,-113,-1.25,True,True,73.63739668553853,74.37139657481511,7.403161798178406,8.065397901887811,59.19070782295381,float
2026-05-28 11:46:13.551682+00:00,stratolink-3-eu,EU,STALE,40.6257961,-6.428663,10009.0,7.0,mtcdtip02-l4e1-7,,,-114,-2.8,False,False,,,,,,float
2026-05-28 11:46:13.551682+00:00,stratolink-3-eu,EU,STALE,40.6257961,-6.428663,10009.0,7.0,mjv-casas,,,-115,0.2,False,False,,,,,,float
2026-05-28 11:46:13.551682+00:00,stratolink-3-eu,EU,STALE,40.6257961,-6.428663,10009.0,7.0,d401c3ffff6d00a4,,,-115,-5.5,False,False,,,,,,float
2026-05-28 11:46:13.551682+00:00,stratolink-3-eu,EU,STALE,40.6257961,-6.428663,10009.0,7.0,ext-sg50-015,,,-116,-2.5,False,False,,,,,,float
2026-05-28 11:46:13.551682+00:00,stratolink-3-eu,EU,STALE,40.6257961,-6.428663,10009.0,7.0,ext-sg50-028,,,-117,-3.2,False,False,,,,,,float
2026-05-28 11:46:13.551682+00:00,stratolink-3-eu,EU,STALE,40.6257961,-6.428663,10009.0,7.0,ext-sg50-023,,,-117,-0.8,False,False,,,,,,float
2026-05-28 11:46:13.551682+00:00,stratolink-3-eu,EU,STALE,40.6257961,-6.428663,10009.0,7.0,ext-sg50-024,,,-118,-1.5,False,False,,,,,,float
2026-05-28 11:46:13.551682+00:00,stratolink-3-eu,EU,STALE,40.6257961,-6.428663,10009.0,7.0,ext-sg50-022,,,-118,-2.8,False,False,,,,,,float
2026-05-28 11:46:13.551682+00:00,stratolink-3-eu,EU,STALE,40.6257961,-6.428663,10009.0,7.0,tef-mls-01,40.108033,-6.632828,-118,-2.8,False,True,60.1148739870506,60.98875847646064,9.17524615805839,9.715871461450847,196.78846730955854,float
2026-05-28 11:46:13.551682+00:00,stratolink-3-eu,EU,STALE,40.6257961,-6.428663,10009.0,7.0,italr0005,40.954279046747715,-4.142631590366364,-122,-8.75,False,True,195.88281833147107,196.28426214013473,2.0417625947977536,3.803376669090203,78.50829551505217,float
2026-05-28 11:51:21.953081+00:00,stratolink-3-eu,EU,STALE,40.6257961,-6.428663,10009.0,7.0,cicytex-ic003,,,-106,-1.2,False,False,,,,,,float
2026-05-28 11:51:21.953081+00:00,stratolink-3-eu,EU,STALE,40.6257961,-6.428663,10009.0,7.0,mtcdtip02-l4e1-9,,,-109,-1.2,False,False,,,,,,float
2026-05-28 11:51:21.953081+00:00,stratolink-3-eu,EU,STALE,40.6257961,-6.428663,10009.0,7.0,cicytex-icmc-002,,,-110,-4.0,False,False,,,,,,float
2026-05-28 11:51:21.953081+00:00,stratolink-3-eu,EU,STALE,40.6257961,-6.428663,10009.0,7.0,mtcdtip02-l4e1-13,,,-111,-5.5,False,False,,,,,,float
2026-05-28 11:51:21.953081+00:00,stratolink-3-eu,EU,STALE,40.6257961,-6.428663,10009.0,7.0,mtcdtip02-l4e1-11,,,-111,-7.8,False,False,,,,,,float
2026-05-28 11:51:21.953081+00:00,stratolink-3-eu,EU,STALE,40.6257961,-6.428663,10009.0,7.0,packetbroker,40.962541751597406,-5.675446072867432,-111,-0.5,True,True,73.63739668553853,74.37139657481511,7.403161798178406,8.065397901887811,59.19070782295381,float
2026-05-28 11:51:21.953081+00:00,stratolink-3-eu,EU,STALE,40.6257961,-6.428663,10009.0,7.0,ext-sg50-029,,,-111,4.8,False,False,,,,,,float
2026-05-28 11:51:21.953081+00:00,stratolink-3-eu,EU,STALE,40.6257961,-6.428663,10009.0,7.0,jfmateos-rak7250-rioseco,39.9775352459947,-6.04510360141884,-112,-5.75,False,True,79.08213213871244,79.77410876714855,6.851971712150553,7.56317343054187,155.5889449274605,float
2026-05-28 11:51:21.953081+00:00,stratolink-3-eu,EU,STALE,40.6257961,-6.428663,10009.0,7.0,mjv-casas,,,-113,0.8,False,False,,,,,,float
2026-05-28 11:51:21.953081+00:00,stratolink-3-eu,EU,STALE,40.6257961,-6.428663,10009.0,7.0,dlps8-103,,,-113,-6.5,False,False,,,,,,float
2026-05-28 11:51:21.953081+00:00,stratolink-3-eu,EU,STALE,40.6257961,-6.428663,10009.0,7.0,packetbroker,40.962758045083945,-5.675633842073217,-113,-4.0,True,True,73.6359324656191,74.36994456081506,7.403320316988313,8.065543252669633,59.1683601017869,float
2026-05-28 11:51:21.953081+00:00,stratolink-3-eu,EU,STALE,40.6257961,-6.428663,10009.0,7.0,mtcdtip02-l4e1-15,,,-113,-4.2,False,False,,,,,,float
2026-05-28 11:51:21.953081+00:00,stratolink-3-eu,EU,STALE,40.6257961,-6.428663,10009.0,7.0,mtcdtip02-l4e1-5,,,-113,-6.0,False,False,,,,,,float
2026-05-28 11:51:21.953081+00:00,stratolink-3-eu,EU,STALE,40.6257961,-6.428663,10009.0,7.0,niharramikrotik,40.589325292876616,-4.838257133960725,-114,-2.0,False,True,134.31778160937742,134.7928799760389,3.654187665070918,4.862134827187417,91.2124281497683,float
2026-05-28 11:51:21.953081+00:00,stratolink-3-eu,EU,STALE,40.6257961,-6.428663,10009.0,7.0,mtcdtip02-l4e1-7,,,-114,-3.2,False,False,,,,,,float
2026-05-28 11:51:21.953081+00:00,stratolink-3-eu,EU,STALE,40.6257961,-6.428663,10009.0,7.0,meceiot-004-5030354163554750,40.5481739449056,-5.16353885114368,-115,-4.75,False,True,107.17888454101507,107.72775344099033,4.848917346444827,5.8127988807346185,94.20729341885351,float
2026-05-28 11:51:21.953081+00:00,stratolink-3-eu,EU,STALE,40.6257961,-6.428663,10009.0,7.0,ext-sg50-015,,,-115,-0.5,False,False,,,,,,float
2026-05-28 11:51:21.953081+00:00,stratolink-3-eu,EU,STALE,40.6257961,-6.428663,10009.0,7.0,d401c3ffff6d00a4,,,-116,-6.25,False,False,,,,,,float
2026-05-28 11:51:21.953081+00:00,stratolink-3-eu,EU,STALE,40.6257961,-6.428663,10009.0,7.0,mitigasmart-cc,,,-116,-2.8,False,False,,,,,,float
2026-05-28 11:51:21.953081+00:00,stratolink-3-eu,EU,STALE,40.6257961,-6.428663,10009.0,7.0,tef-mls-01,40.108033,-6.632828,-116,,False,True,60.1148739870506,60.98875847646064,9.17524615805839,9.715871461450847,196.78846730955854,float
2026-05-28 11:51:21.953081+00:00,stratolink-3-eu,EU,STALE,40.6257961,-6.428663,10009.0,7.0,sg50-perte-malpica-01,,,-116,-7.8,False,False,,,,,,float
2026-05-28 11:51:21.953081+00:00,stratolink-3-eu,EU,STALE,40.6257961,-6.428663,10009.0,7.0,ext-sg50-023,,,-116,-0.5,False,False,,,,,,float
2026-05-28 11:51:21.953081+00:00,stratolink-3-eu,EU,STALE,40.6257961,-6.428663,10009.0,7.0,rio-tormes-1b,40.968865323719,-5.64232170581818,-117,-0.5,False,True,76.39753112398147,77.10941705634951,7.1145192715146495,7.801577826295318,59.78802396762984,float
2026-05-28 11:51:21.953081+00:00,stratolink-3-eu,EU,STALE,40.6257961,-6.428663,10009.0,7.0,ext-sg50-028,,,-117,-3.8,False,False,,,,,,float
2026-05-28 11:51:21.953081+00:00,stratolink-3-eu,EU,STALE,40.6257961,-6.428663,10009.0,7.0,italr0005,40.954279046747715,-4.142631590366364,-117,-3.5,False,True,195.88281833147107,196.28426214013473,2.0417625947977536,3.803376669090203,78.50829551505217,float
2026-05-28 11:51:21.953081+00:00,stratolink-3-eu,EU,STALE,40.6257961,-6.428663,10009.0,7.0,sg50-perte-malpica-07,,,-117,-5.2,False,False,,,,,,float
2026-05-28 11:51:21.953081+00:00,stratolink-3-eu,EU,STALE,40.6257961,-6.428663,10009.0,7.0,ext-sg50-026,,,-118,-9.8,False,False,,,,,,float
2026-05-28 11:51:21.953081+00:00,stratolink-3-eu,EU,STALE,40.6257961,-6.428663,10009.0,7.0,ext-sg50-024,,,-118,-2.0,False,False,,,,,,float
2026-05-28 11:51:21.953081+00:00,stratolink-3-eu,EU,STALE,40.6257961,-6.428663,10009.0,7.0,sg50-eui-c0ba1ffffe004945,,,-118,-7.0,False,False,,,,,,float
2026-05-28 11:51:21.953081+00:00,stratolink-3-eu,EU,STALE,40.6257961,-6.428663,10009.0,7.0,ext-sg50-011,,,-119,-9.2,False,False,,,,,,float
2026-05-28 11:56:30.566463+00:00,stratolink-3-eu,EU,STALE,40.6257961,-6.428663,10009.0,7.0,packetbroker,40.962541751597406,-5.675446072867432,-108,4.25,True,True,73.63739668553853,74.37139657481511,7.403161798178406,8.065397901887811,59.19070782295381,float
2026-05-28 11:56:30.566463+00:00,stratolink-3-eu,EU,STALE,40.6257961,-6.428663,10009.0,7.0,cicytex-ic003,,,-109,-2.0,False,False,,,,,,float
2026-05-28 11:56:30.566463+00:00,stratolink-3-eu,EU,STALE,40.6257961,-6.428663,10009.0,7.0,packetbroker,40.962758045083945,-5.675633842073217,-113,2.75,True,True,73.6359324656191,74.36994456081506,7.403320316988313,8.065543252669633,59.1683601017869,float
2026-05-28 11:56:30.566463+00:00,stratolink-3-eu,EU,STALE,40.6257961,-6.428663,10009.0,7.0,mtcdtip02-l4e1-15,,,-114,-6.0,False,False,,,,,,float
2026-05-28 11:56:30.566463+00:00,stratolink-3-eu,EU,STALE,40.6257961,-6.428663,10009.0,7.0,ext-sg50-029,,,-114,2.8,False,False,,,,,,float
2026-05-28 11:56:30.566463+00:00,stratolink-3-eu,EU,STALE,40.6257961,-6.428663,10009.0,7.0,lora-more,41.81858911263017,-6.7508557295156235,-115,-6.8,False,True,135.34213528228818,135.8151719294709,3.617467950903412,4.834627334196793,348.6214371376065,float
2026-05-28 11:56:30.566463+00:00,stratolink-3-eu,EU,STALE,40.6257961,-6.428663,10009.0,7.0,packetbroker,42.3745405722791,-5.96814936380405,-115,-7.25,True,True,198.196751110667,198.59675771531337,1.9972896961056812,3.7797134390843348,11.00509002757616,float
2026-05-28 11:56:30.566463+00:00,stratolink-3-eu,EU,STALE,40.6257961,-6.428663,10009.0,7.0,5031395365454751,42.195765,-6.006521,-115,-7.75,False,True,178.0863879551528,178.50125504881117,2.413301930799312,4.014869082701203,11.26215914003194,float
2026-05-28 11:56:30.566463+00:00,stratolink-3-eu,EU,STALE,40.6257961,-6.428663,10009.0,7.0,cdtic-multitech-4,39.4920534590841,-6.57908320426941,-115,-4.2,False,True,126.71486734239434,127.20665440104555,3.9428580999060583,5.0824307057827465,185.84688660018682,float
2026-05-28 11:56:30.566463+00:00,stratolink-3-eu,EU,STALE,40.6257961,-6.428663,10009.0,7.0,d401c3ffff6d00a4,,,-115,-8.75,False,False,,,,,,float
2026-05-28 11:56:30.566463+00:00,stratolink-3-eu,EU,STALE,40.6257961,-6.428663,10009.0,7.0,italr0001,41.70253250763931,-4.708266556262971,-116,-7.25,False,True,187.27657100298967,187.68394848002842,2.2145389629131254,3.8987553024280377,49.69771685783297,float
2026-05-28 11:56:30.566463+00:00,stratolink-3-eu,EU,STALE,40.6257961,-6.428663,10009.0,7.0,italr0005,40.954279046747715,-4.142631590366364,-119,-4.75,False,True,195.88281833147107,196.28426214013473,2.0417625947977536,3.803376669090203,78.50829551505217,float
2026-05-28 11:56:30.566463+00:00,stratolink-3-eu,EU,STALE,40.6257961,-6.428663,10009.0,7.0,mitigasmart-cc,,,-119,-8.2,False,False,,,,,,float
2026-05-28 11:56:30.566463+00:00,stratolink-3-eu,EU,STALE,40.6257961,-6.428663,10009.0,7.0,ext-sg50-024,,,-119,-5.0,False,False,,,,,,float
2026-05-28 11:56:30.566463+00:00,stratolink-3-eu,EU,STALE,40.6257961,-6.428663,10009.0,7.0,sg50-perte-malpica-05,,,-119,-8.5,False,False,,,,,,float
2026-05-28 11:56:30.566463+00:00,stratolink-3-eu,EU,STALE,40.6257961,-6.428663,10009.0,7.0,tef-mls-01,40.108033,-6.632828,-120,-6.8,False,True,60.1148739870506,60.98875847646064,9.17524615805839,9.715871461450847,196.78846730955854,float
2026-05-28 12:01:39.072010+00:00,stratolink-3-eu,EU,STALE,40.6257961,-6.428663,10009.0,7.0,cicytex-ic003,,,-108,-4.2,False,False,,,,,,float
2026-05-28 12:01:39.072010+00:00,stratolink-3-eu,EU,STALE,40.6257961,-6.428663,10009.0,7.0,mtcdtip02-l4e1-9,,,-110,-3.0,False,False,,,,,,float
2026-05-28 12:01:39.072010+00:00,stratolink-3-eu,EU,STALE,40.6257961,-6.428663,10009.0,7.0,packetbroker,40.962758045083945,-5.675633842073217,-110,2.0,True,True,73.6359324656191,74.36994456081506,7.403320316988313,8.065543252669633,59.1683601017869,float
2026-05-28 12:01:39.072010+00:00,stratolink-3-eu,EU,STALE,40.6257961,-6.428663,10009.0,7.0,packetbroker,40.962541751597406,-5.675446072867432,-111,2.0,True,True,73.63739668553853,74.37139657481511,7.403161798178406,8.065397901887811,59.19070782295381,float
2026-05-28 12:01:39.072010+00:00,stratolink-3-eu,EU,STALE,40.6257961,-6.428663,10009.0,7.0,mtcdtip02-l4e1-11,,,-113,-8.8,False,False,,,,,,float
2026-05-28 12:01:39.072010+00:00,stratolink-3-eu,EU,STALE,40.6257961,-6.428663,10009.0,7.0,mtcdtip02-l4e1-7,,,-113,-8.2,False,False,,,,,,float
2026-05-28 12:01:39.072010+00:00,stratolink-3-eu,EU,STALE,40.6257961,-6.428663,10009.0,7.0,mtcdtip02-l4e1-15,,,-114,-3.5,False,False,,,,,,float
2026-05-28 12:01:39.072010+00:00,stratolink-3-eu,EU,STALE,40.6257961,-6.428663,10009.0,7.0,ext-sg50-029,,,-114,2.5,False,False,,,,,,float
2026-05-28 12:01:39.072010+00:00,stratolink-3-eu,EU,STALE,40.6257961,-6.428663,10009.0,7.0,d401c3ffff6d00a4,,,-114,-4.5,False,False,,,,,,float
2026-05-28 12:01:39.072010+00:00,stratolink-3-eu,EU,STALE,40.6257961,-6.428663,10009.0,7.0,ext-sg50-015,,,-118,-7.5,False,False,,,,,,float
2026-05-28 12:01:39.072010+00:00,stratolink-3-eu,EU,STALE,40.6257961,-6.428663,10009.0,7.0,ext-sg50-028,,,-118,-4.2,False,False,,,,,,float
2026-05-28 12:01:39.072010+00:00,stratolink-3-eu,EU,STALE,40.6257961,-6.428663,10009.0,7.0,sg50-perte-malpica-05,,,-118,-8.8,False,False,,,,,,float
2026-05-28 12:01:39.072010+00:00,stratolink-3-eu,EU,STALE,40.6257961,-6.428663,10009.0,7.0,tef-mls-01,40.108033,-6.632828,-118,-3.8,False,True,60.1148739870506,60.98875847646064,9.17524615805839,9.715871461450847,196.78846730955854,float
2026-05-28 12:01:39.072010+00:00,stratolink-3-eu,EU,STALE,40.6257961,-6.428663,10009.0,7.0,sg50-perte-malpica-07,,,-118,-9.0,False,False,,,,,,float
2026-05-28 12:01:39.072010+00:00,stratolink-3-eu,EU,STALE,40.6257961,-6.428663,10009.0,7.0,ext-sg50-023,,,-118,-3.8,False,False,,,,,,float
2026-05-28 12:01:39.072010+00:00,stratolink-3-eu,EU,STALE,40.6257961,-6.428663,10009.0,7.0,ext-sg50-024,,,-119,-5.0,False,False,,,,,,float
2026-05-28 12:01:39.072010+00:00,stratolink-3-eu,EU,STALE,40.6257961,-6.428663,10009.0,7.0,ext-sg50-022,,,-119,-8.2,False,False,,,,,,float
2026-05-28 12:01:39.072010+00:00,stratolink-3-eu,EU,STALE,40.6257961,-6.428663,10009.0,7.0,italr0005,40.954279046747715,-4.142631590366364,-120,-7.0,False,True,195.88281833147107,196.28426214013473,2.0417625947977536,3.803376669090203,78.50829551505217,float
2026-05-28 12:06:47.531848+00:00,stratolink-3-eu,EU,STALE,40.6257961,-6.428663,10009.0,7.0,packetbroker,40.962758045083945,-5.675633842073217,-107,4.5,True,True,73.6359324656191,74.36994456081506,7.403320316988313,8.065543252669633,59.1683601017869,float
2026-05-28 12:06:47.531848+00:00,stratolink-3-eu,EU,STALE,40.6257961,-6.428663,10009.0,7.0,packetbroker,40.962541751597406,-5.675446072867432,-107,4.5,True,True,73.63739668553853,74.37139657481511,7.403161798178406,8.065397901887811,59.19070782295381,float
2026-05-28 12:06:47.531848+00:00,stratolink-3-eu,EU,STALE,40.6257961,-6.428663,10009.0,7.0,cicytex-ic003,,,-108,-3.8,False,False,,,,,,float
2026-05-28 12:06:47.531848+00:00,stratolink-3-eu,EU,STALE,40.6257961,-6.428663,10009.0,7.0,italr0001,41.70253250763931,-4.708266556262971,-109,-3.75,False,True,187.27657100298967,187.68394848002842,2.2145389629131254,3.8987553024280377,49.69771685783297,float
2026-05-28 12:06:47.531848+00:00,stratolink-3-eu,EU,STALE,40.6257961,-6.428663,10009.0,7.0,mtcdtip02-l4e1-9,,,-110,-4.2,False,False,,,,,,float
2026-05-28 12:06:47.531848+00:00,stratolink-3-eu,EU,STALE,40.6257961,-6.428663,10009.0,7.0,mikrotikepsa,40.65110091852006,-4.679304063320161,-111,-9.0,False,True,147.63293591777082,148.08419308632423,3.211465264179429,4.539158320452129,88.33833292165804,float
2026-05-28 12:06:47.531848+00:00,stratolink-3-eu,EU,STALE,40.6257961,-6.428663,10009.0,7.0,lora-more,41.81858911263017,-6.7508557295156235,-113,-7.0,False,True,135.34213528228818,135.8151719294709,3.617467950903412,4.834627334196793,348.6214371376065,float
2026-05-28 12:06:47.531848+00:00,stratolink-3-eu,EU,STALE,40.6257961,-6.428663,10009.0,7.0,niharramikrotik,40.589325292876616,-4.838257133960725,-113,-0.5,False,True,134.31778160937742,134.7928799760389,3.654187665070918,4.862134827187417,91.2124281497683,float
2026-05-28 12:06:47.531848+00:00,stratolink-3-eu,EU,STALE,40.6257961,-6.428663,10009.0,7.0,mjv-casas,,,-114,1.0,False,False,,,,,,float
2026-05-28 12:06:47.531848+00:00,stratolink-3-eu,EU,STALE,40.6257961,-6.428663,10009.0,7.0,italr0005,40.954279046747715,-4.142631590366364,-114,-0.5,False,True,195.88281833147107,196.28426214013473,2.0417625947977536,3.803376669090203,78.50829551505217,float
2026-05-28 12:06:47.531848+00:00,stratolink-3-eu,EU,STALE,40.6257961,-6.428663,10009.0,7.0,ext-sg50-029,,,-114,0.5,False,False,,,,,,float
2026-05-28 12:06:47.531848+00:00,stratolink-3-eu,EU,STALE,40.6257961,-6.428663,10009.0,7.0,cdtic-multitech-4,39.4920534590841,-6.57908320426941,-115,-2.2,False,True,126.71486734239434,127.20665440104555,3.9428580999060583,5.0824307057827465,185.84688660018682,float
2026-05-28 12:06:47.531848+00:00,stratolink-3-eu,EU,STALE,40.6257961,-6.428663,10009.0,7.0,meceiot-004-5030354163554750,40.5481739449056,-5.16353885114368,-116,-8.75,False,True,107.17888454101507,107.72775344099033,4.848917346444827,5.8127988807346185,94.20729341885351,float
2026-05-28 12:06:47.531848+00:00,stratolink-3-eu,EU,STALE,40.6257961,-6.428663,10009.0,7.0,mitigasmart-cc,,,-118,-9.5,False,False,,,,,,float
2026-05-28 12:06:47.531848+00:00,stratolink-3-eu,EU,STALE,40.6257961,-6.428663,10009.0,7.0,sg50-perte-malpica-05,,,-118,-6.5,False,False,,,,,,float
2026-05-28 12:06:47.531848+00:00,stratolink-3-eu,EU,STALE,40.6257961,-6.428663,10009.0,7.0,ext-sg50-024,,,-119,-6.5,False,False,,,,,,float
2026-05-28 12:06:47.531848+00:00,stratolink-3-eu,EU,STALE,40.6257961,-6.428663,10009.0,7.0,ext-sg50-023,,,-119,-6.8,False,False,,,,,,float
2026-05-28 12:06:47.531848+00:00,stratolink-3-eu,EU,STALE,40.6257961,-6.428663,10009.0,7.0,packetbroker,,,-121,-9.75,True,False,,,,,,float
2026-05-28 12:11:56.303346+00:00,stratolink-3-eu,EU,STALE,40.6257961,-6.428663,10009.0,7.0,cicytex-ic003,,,-108,-2.8,False,False,,,,,,float
2026-05-28 12:11:56.303346+00:00,stratolink-3-eu,EU,STALE,40.6257961,-6.428663,10009.0,7.0,packetbroker,40.962758045083945,-5.675633842073217,-110,3.25,True,True,73.6359324656191,74.36994456081506,7.403320316988313,8.065543252669633,59.1683601017869,float
2026-05-28 12:11:56.303346+00:00,stratolink-3-eu,EU,STALE,40.6257961,-6.428663,10009.0,7.0,mtcdtip02-l4e1-9,,,-110,-3.0,False,False,,,,,,float
2026-05-28 12:11:56.303346+00:00,stratolink-3-eu,EU,STALE,40.6257961,-6.428663,10009.0,7.0,cicytex-icmc-002,,,-111,-8.0,False,False,,,,,,float
2026-05-28 12:11:56.303346+00:00,stratolink-3-eu,EU,STALE,40.6257961,-6.428663,10009.0,7.0,packetbroker,40.962541751597406,-5.675446072867432,-111,1.25,True,True,73.63739668553853,74.37139657481511,7.403161798178406,8.065397901887811,59.19070782295381,float
2026-05-28 12:11:56.303346+00:00,stratolink-3-eu,EU,STALE,40.6257961,-6.428663,10009.0,7.0,ext-sg50-018,,,-113,-6.2,False,False,,,,,,float
2026-05-28 12:11:56.303346+00:00,stratolink-3-eu,EU,STALE,40.6257961,-6.428663,10009.0,7.0,mjv-casas,,,-114,1.5,False,False,,,,,,float
2026-05-28 12:11:56.303346+00:00,stratolink-3-eu,EU,STALE,40.6257961,-6.428663,10009.0,7.0,d401c3ffff6d00a4,,,-114,-3.5,False,False,,,,,,float
2026-05-28 12:11:56.303346+00:00,stratolink-3-eu,EU,STALE,40.6257961,-6.428663,10009.0,7.0,ext-sg50-029,,,-114,3.0,False,False,,,,,,float
2026-05-28 12:11:56.303346+00:00,stratolink-3-eu,EU,STALE,40.6257961,-6.428663,10009.0,7.0,lora-more,41.81858911263017,-6.7508557295156235,-115,-5.5,False,True,135.34213528228818,135.8151719294709,3.617467950903412,4.834627334196793,348.6214371376065,float
2026-05-28 12:11:56.303346+00:00,stratolink-3-eu,EU,STALE,40.6257961,-6.428663,10009.0,7.0,niharramikrotik,40.589325292876616,-4.838257133960725,-115,-5.0,False,True,134.31778160937742,134.7928799760389,3.654187665070918,4.862134827187417,91.2124281497683,float
2026-05-28 12:11:56.303346+00:00,stratolink-3-eu,EU,STALE,40.6257961,-6.428663,10009.0,7.0,mtcdtip02-l4e1-7,,,-115,-6.2,False,False,,,,,,float
2026-05-28 12:11:56.303346+00:00,stratolink-3-eu,EU,STALE,40.6257961,-6.428663,10009.0,7.0,mtcdtip02-l4e1-15,,,-115,-4.0,False,False,,,,,,float
2026-05-28 12:11:56.303346+00:00,stratolink-3-eu,EU,STALE,40.6257961,-6.428663,10009.0,7.0,cdtic-multitech-4,39.4920534590841,-6.57908320426941,-115,,False,True,126.71486734239434,127.20665440104555,3.9428580999060583,5.0824307057827465,185.84688660018682,float
2026-05-28 12:11:56.303346+00:00,stratolink-3-eu,EU,STALE,40.6257961,-6.428663,10009.0,7.0,italr0001,41.70253250763931,-4.708266556262971,-116,-5.5,False,True,187.27657100298967,187.68394848002842,2.2145389629131254,3.8987553024280377,49.69771685783297,float
2026-05-28 12:11:56.303346+00:00,stratolink-3-eu,EU,STALE,40.6257961,-6.428663,10009.0,7.0,meceiot-004-5030354163554750,40.5481739449056,-5.16353885114368,-116,-7.0,False,True,107.17888454101507,107.72775344099033,4.848917346444827,5.8127988807346185,94.20729341885351,float
2026-05-28 12:11:56.303346+00:00,stratolink-3-eu,EU,STALE,40.6257961,-6.428663,10009.0,7.0,ext-sg50-028,,,-118,-5.5,False,False,,,,,,float
2026-05-28 12:11:56.303346+00:00,stratolink-3-eu,EU,STALE,40.6257961,-6.428663,10009.0,7.0,ext-sg50-023,,,-118,-0.8,False,False,,,,,,float
2026-05-28 12:11:56.303346+00:00,stratolink-3-eu,EU,STALE,40.6257961,-6.428663,10009.0,7.0,ext-sg50-024,,,-119,-3.5,False,False,,,,,,float
2026-05-28 12:11:56.303346+00:00,stratolink-3-eu,EU,STALE,40.6257961,-6.428663,10009.0,7.0,ext-sg50-022,,,-120,-8.8,False,False,,,,,,float
2026-05-28 12:11:56.303346+00:00,stratolink-3-eu,EU,STALE,40.6257961,-6.428663,10009.0,7.0,italr0005,40.954279046747715,-4.142631590366364,-122,-8.5,False,True,195.88281833147107,196.28426214013473,2.0417625947977536,3.803376669090203,78.50829551505217,float
2026-05-28 12:17:05.090548+00:00,stratolink-3-eu,EU,STALE,40.6257961,-6.428663,10009.0,7.0,packetbroker,40.962758045083945,-5.675633842073217,-108,3.0,True,True,73.6359324656191,74.36994456081506,7.403320316988313,8.065543252669633,59.1683601017869,float
2026-05-28 12:17:05.090548+00:00,stratolink-3-eu,EU,STALE,40.6257961,-6.428663,10009.0,7.0,mtcdtip02-l4e1-9,,,-108,-6.8,False,False,,,,,,float
2026-05-28 12:17:05.090548+00:00,stratolink-3-eu,EU,STALE,40.6257961,-6.428663,10009.0,7.0,cicytex-ic003,,,-108,-7.8,False,False,,,,,,float
2026-05-28 12:17:05.090548+00:00,stratolink-3-eu,EU,STALE,40.6257961,-6.428663,10009.0,7.0,packetbroker,40.962541751597406,-5.675446072867432,-109,3.0,True,True,73.63739668553853,74.37139657481511,7.403161798178406,8.065397901887811,59.19070782295381,float
2026-05-28 12:17:05.090548+00:00,stratolink-3-eu,EU,STALE,40.6257961,-6.428663,10009.0,7.0,lora-more,41.81858911263017,-6.7508557295156235,-111,-7.5,False,True,135.34213528228818,135.8151719294709,3.617467950903412,4.834627334196793,348.6214371376065,float
2026-05-28 12:17:05.090548+00:00,stratolink-3-eu,EU,STALE,40.6257961,-6.428663,10009.0,7.0,ext-dlos8-011,,,-112,-7.2,False,False,,,,,,float
2026-05-28 12:17:05.090548+00:00,stratolink-3-eu,EU,STALE,40.6257961,-6.428663,10009.0,7.0,italr0001,41.70253250763931,-4.708266556262971,-114,-4.5,False,True,187.27657100298967,187.68394848002842,2.2145389629131254,3.8987553024280377,49.69771685783297,float
2026-05-28 12:17:05.090548+00:00,stratolink-3-eu,EU,STALE,40.6257961,-6.428663,10009.0,7.0,italr0005,40.954279046747715,-4.142631590366364,-114,-1.0,False,True,195.88281833147107,196.28426214013473,2.0417625947977536,3.803376669090203,78.50829551505217,float
2026-05-28 12:17:05.090548+00:00,stratolink-3-eu,EU,STALE,40.6257961,-6.428663,10009.0,7.0,meceiot-004-5030354163554750,40.5481739449056,-5.16353885114368,-115,-7.5,False,True,107.17888454101507,107.72775344099033,4.848917346444827,5.8127988807346185,94.20729341885351,float
2026-05-28 12:17:05.090548+00:00,stratolink-3-eu,EU,STALE,40.6257961,-6.428663,10009.0,7.0,ext-sg50-029,,,-116,-0.5,False,False,,,,,,float
2026-05-28 12:17:05.090548+00:00,stratolink-3-eu,EU,STALE,40.6257961,-6.428663,10009.0,7.0,ext-sg50-028,,,-118,-6.5,False,False,,,,,,float
2026-05-28 12:17:05.090548+00:00,stratolink-3-eu,EU,STALE,40.6257961,-6.428663,10009.0,7.0,sg50-perte-malpica-05,,,-118,-7.0,False,False,,,,,,float
2026-05-28 12:17:05.090548+00:00,stratolink-3-eu,EU,STALE,40.6257961,-6.428663,10009.0,7.0,ext-sg50-024,,,-119,-7.2,False,False,,,,,,float
2026-05-28 12:17:05.090548+00:00,stratolink-3-eu,EU,STALE,40.6257961,-6.428663,10009.0,7.0,mitigasmart-cc,,,-119,-8.5,False,False,,,,,,float
2026-05-28 12:17:05.090548+00:00,stratolink-3-eu,EU,STALE,40.6257961,-6.428663,10009.0,7.0,sg50-perte-malpica-07,,,-119,-7.2,False,False,,,,,,float
2026-05-28 12:22:14.021680+00:00,stratolink-3-eu,EU,STALE,40.6257961,-6.428663,10009.0,7.0,packetbroker,40.962758045083945,-5.675633842073217,-107,3.5,True,True,73.6359324656191,74.36994456081506,7.403320316988313,8.065543252669633,59.1683601017869,float
2026-05-28 12:22:14.021680+00:00,stratolink-3-eu,EU,STALE,40.6257961,-6.428663,10009.0,7.0,packetbroker,40.962541751597406,-5.675446072867432,-108,1.75,True,True,73.63739668553853,74.37139657481511,7.403161798178406,8.065397901887811,59.19070782295381,float
2026-05-28 12:22:14.021680+00:00,stratolink-3-eu,EU,STALE,40.6257961,-6.428663,10009.0,7.0,cicytex-ic003,,,-108,-6.2,False,False,,,,,,float
2026-05-28 12:22:14.021680+00:00,stratolink-3-eu,EU,STALE,40.6257961,-6.428663,10009.0,7.0,mtcdtip02-l4e1-9,,,-109,-5.5,False,False,,,,,,float
2026-05-28 12:22:14.021680+00:00,stratolink-3-eu,EU,STALE,40.6257961,-6.428663,10009.0,7.0,rio-tormes-1b,40.968865323719,-5.64232170581818,-110,-3.0,False,True,76.39753112398147,77.10941705634951,7.1145192715146495,7.801577826295318,59.78802396762984,float
2026-05-28 12:22:14.021680+00:00,stratolink-3-eu,EU,STALE,40.6257961,-6.428663,10009.0,7.0,niharramikrotik,40.589325292876616,-4.838257133960725,-112,-3.5,False,True,134.31778160937742,134.7928799760389,3.654187665070918,4.862134827187417,91.2124281497683,float
2026-05-28 12:22:14.021680+00:00,stratolink-3-eu,EU,STALE,40.6257961,-6.428663,10009.0,7.0,mtcdtip02-l4e1-7,,,-112,-8.5,False,False,,,,,,float
2026-05-28 12:22:14.021680+00:00,stratolink-3-eu,EU,STALE,40.6257961,-6.428663,10009.0,7.0,italr0005,40.954279046747715,-4.142631590366364,-113,0.5,False,True,195.88281833147107,196.28426214013473,2.0417625947977536,3.803376669090203,78.50829551505217,float
2026-05-28 12:22:14.021680+00:00,stratolink-3-eu,EU,STALE,40.6257961,-6.428663,10009.0,7.0,meceiot-004-5030354163554750,40.5481739449056,-5.16353885114368,-113,-2.75,False,True,107.17888454101507,107.72775344099033,4.848917346444827,5.8127988807346185,94.20729341885351,float
2026-05-28 12:22:14.021680+00:00,stratolink-3-eu,EU,STALE,40.6257961,-6.428663,10009.0,7.0,mtcdtip02-l4e1-5,,,-115,-6.2,False,False,,,,,,float
2026-05-28 12:22:14.021680+00:00,stratolink-3-eu,EU,STALE,40.6257961,-6.428663,10009.0,7.0,sg50-perte-malpica-06,,,-115,-7.8,False,False,,,,,,float
2026-05-28 12:22:14.021680+00:00,stratolink-3-eu,EU,STALE,40.6257961,-6.428663,10009.0,7.0,italr0001,41.70253250763931,-4.708266556262971,-116,-4.75,False,True,187.27657100298967,187.68394848002842,2.2145389629131254,3.8987553024280377,49.69771685783297,float
2026-05-28 12:22:14.021680+00:00,stratolink-3-eu,EU,STALE,40.6257961,-6.428663,10009.0,7.0,sg50-perte-malpica-05,,,-116,-2.2,False,False,,,,,,float
2026-05-28 12:22:14.021680+00:00,stratolink-3-eu,EU,STALE,40.6257961,-6.428663,10009.0,7.0,sg50-perte-malpica-01,,,-116,-7.2,False,False,,,,,,float
2026-05-28 12:22:14.021680+00:00,stratolink-3-eu,EU,STALE,40.6257961,-6.428663,10009.0,7.0,ext-sg50-029,,,-116,-2.5,False,False,,,,,,float
2026-05-28 12:22:14.021680+00:00,stratolink-3-eu,EU,STALE,40.6257961,-6.428663,10009.0,7.0,cdtic-multitech-4,39.4920534590841,-6.57908320426941,-116,-8.0,False,True,126.71486734239434,127.20665440104555,3.9428580999060583,5.0824307057827465,185.84688660018682,float
2026-05-28 12:22:14.021680+00:00,stratolink-3-eu,EU,STALE,40.6257961,-6.428663,10009.0,7.0,mitigasmart-cc,,,-117,-5.2,False,False,,,,,,float
2026-05-28 12:22:14.021680+00:00,stratolink-3-eu,EU,STALE,40.6257961,-6.428663,10009.0,7.0,sg50-perte-malpica-07,,,-117,-4.8,False,False,,,,,,float
2026-05-28 12:22:14.021680+00:00,stratolink-3-eu,EU,STALE,40.6257961,-6.428663,10009.0,7.0,sg50-eui-c0ba1ffffe004945,,,-119,-9.5,False,False,,,,,,float
2026-05-28 12:22:14.021680+00:00,stratolink-3-eu,EU,STALE,40.6257961,-6.428663,10009.0,7.0,tef-mls-01,40.108033,-6.632828,-119,-9.0,False,True,60.1148739870506,60.98875847646064,9.17524615805839,9.715871461450847,196.78846730955854,float
2026-05-28 12:22:14.021680+00:00,stratolink-3-eu,EU,STALE,40.6257961,-6.428663,10009.0,7.0,v3-eui-b827ebfffebf1f02,40.13814,-7.50059,-120,-7.8,False,True,105.75302120153279,106.30707519171335,4.926785523119559,5.8778439780386424,239.50121508522003,float
2026-05-28 12:22:14.021680+00:00,stratolink-3-eu,EU,STALE,40.6257961,-6.428663,10009.0,7.0,antena-granjas-rendondo-01,,,-126,-7.25,False,False,,,,,,float
2026-05-28 12:27:23.509669+00:00,stratolink-3-eu,EU,STALE,40.6257961,-6.428663,10009.0,7.0,packetbroker,40.962758045083945,-5.675633842073217,-109,1.0,True,True,73.6359324656191,74.36994456081506,7.403320316988313,8.065543252669633,59.1683601017869,float
2026-05-28 12:27:23.509669+00:00,stratolink-3-eu,EU,STALE,40.6257961,-6.428663,10009.0,7.0,packetbroker,40.962541751597406,-5.675446072867432,-109,5.25,True,True,73.63739668553853,74.37139657481511,7.403161798178406,8.065397901887811,59.19070782295381,float
2026-05-28 12:27:23.509669+00:00,stratolink-3-eu,EU,STALE,40.6257961,-6.428663,10009.0,7.0,mtcdtip02-l4e1-9,,,-111,-4.8,False,False,,,,,,float
2026-05-28 12:27:23.509669+00:00,stratolink-3-eu,EU,STALE,40.6257961,-6.428663,10009.0,7.0,mtcdtip02-l4e1-5,,,-113,-6.5,False,False,,,,,,float
2026-05-28 12:27:23.509669+00:00,stratolink-3-eu,EU,STALE,40.6257961,-6.428663,10009.0,7.0,lora-more,41.81858911263017,-6.7508557295156235,-114,-4.8,False,True,135.34213528228818,135.8151719294709,3.617467950903412,4.834627334196793,348.6214371376065,float
2026-05-28 12:27:23.509669+00:00,stratolink-3-eu,EU,STALE,40.6257961,-6.428663,10009.0,7.0,niharramikrotik,40.589325292876616,-4.838257133960725,-115,-0.75,False,True,134.31778160937742,134.7928799760389,3.654187665070918,4.862134827187417,91.2124281497683,float
2026-05-28 12:27:23.509669+00:00,stratolink-3-eu,EU,STALE,40.6257961,-6.428663,10009.0,7.0,italr0005,40.954279046747715,-4.142631590366364,-115,-1.0,False,True,195.88281833147107,196.28426214013473,2.0417625947977536,3.803376669090203,78.50829551505217,float
2026-05-28 12:27:23.509669+00:00,stratolink-3-eu,EU,STALE,40.6257961,-6.428663,10009.0,7.0,mjv-casas,,,-116,,False,False,,,,,,float
2026-05-28 12:27:23.509669+00:00,stratolink-3-eu,EU,STALE,40.6257961,-6.428663,10009.0,7.0,meceiot-004-5030354163554750,40.5481739449056,-5.16353885114368,-116,-4.75,False,True,107.17888454101507,107.72775344099033,4.848917346444827,5.8127988807346185,94.20729341885351,float
2026-05-28 12:27:23.509669+00:00,stratolink-3-eu,EU,STALE,40.6257961,-6.428663,10009.0,7.0,italr0001,41.70253250763931,-4.708266556262971,-117,-3.75,False,True,187.27657100298967,187.68394848002842,2.2145389629131254,3.8987553024280377,49.69771685783297,float
2026-05-28 12:27:23.509669+00:00,stratolink-3-eu,EU,STALE,40.6257961,-6.428663,10009.0,7.0,ext-sg50-029,,,-117,-2.0,False,False,,,,,,float
2026-05-28 12:27:23.509669+00:00,stratolink-3-eu,EU,STALE,40.6257961,-6.428663,10009.0,7.0,mitigasmart-cc,,,-119,-8.2,False,False,,,,,,float
2026-05-28 12:27:23.509669+00:00,stratolink-3-eu,EU,STALE,40.6257961,-6.428663,10009.0,7.0,sg50-perte-malpica-05,,,-119,-4.2,False,False,,,,,,float
2026-05-28 12:27:23.509669+00:00,stratolink-3-eu,EU,STALE,40.6257961,-6.428663,10009.0,7.0,sg50-perte-malpica-07,,,-119,-7.0,False,False,,,,,,float
2026-05-28 12:27:23.509669+00:00,stratolink-3-eu,EU,STALE,40.6257961,-6.428663,10009.0,7.0,ext-sg50-024,,,-120,-5.5,False,False,,,,,,float
2026-05-28 12:32:32.112158+00:00,stratolink-3-eu,EU,STALE,40.6257961,-6.428663,10009.0,7.0,cicytex-ic003,,,-107,-3.5,False,False,,,,,,float
2026-05-28 12:32:32.112158+00:00,stratolink-3-eu,EU,STALE,40.6257961,-6.428663,10009.0,7.0,mjv-casas,,,-108,5.5,False,False,,,,,,float
2026-05-28 12:32:32.112158+00:00,stratolink-3-eu,EU,STALE,40.6257961,-6.428663,10009.0,7.0,cicytex-icmc-002,,,-110,-4.5,False,False,,,,,,float
2026-05-28 12:32:32.112158+00:00,stratolink-3-eu,EU,STALE,40.6257961,-6.428663,10009.0,7.0,mtcdtip02-l4e1-9,,,-110,0.5,False,False,,,,,,float
2026-05-28 12:32:32.112158+00:00,stratolink-3-eu,EU,STALE,40.6257961,-6.428663,10009.0,7.0,packetbroker,40.962541751597406,-5.675446072867432,-111,2.0,True,True,73.63739668553853,74.37139657481511,7.403161798178406,8.065397901887811,59.19070782295381,float
2026-05-28 12:32:32.112158+00:00,stratolink-3-eu,EU,STALE,40.6257961,-6.428663,10009.0,7.0,mtcdtip02-l4e1-11,,,-111,-5.8,False,False,,,,,,float
2026-05-28 12:32:32.112158+00:00,stratolink-3-eu,EU,STALE,40.6257961,-6.428663,10009.0,7.0,mtcdtip02-l4e1-5,,,-111,-2.8,False,False,,,,,,float
2026-05-28 12:32:32.112158+00:00,stratolink-3-eu,EU,STALE,40.6257961,-6.428663,10009.0,7.0,ext-sg50-029,,,-112,4.5,False,False,,,,,,float
2026-05-28 12:32:32.112158+00:00,stratolink-3-eu,EU,STALE,40.6257961,-6.428663,10009.0,7.0,dlps8-103,,,-113,-5.5,False,False,,,,,,float
2026-05-28 12:32:32.112158+00:00,stratolink-3-eu,EU,STALE,40.6257961,-6.428663,10009.0,7.0,packetbroker,40.962758045083945,-5.675633842073217,-113,-2.75,True,True,73.6359324656191,74.36994456081506,7.403320316988313,8.065543252669633,59.1683601017869,float
2026-05-28 12:32:32.112158+00:00,stratolink-3-eu,EU,STALE,40.6257961,-6.428663,10009.0,7.0,dlps8-105,,,-113,-5.2,False,False,,,,,,float
2026-05-28 12:32:32.112158+00:00,stratolink-3-eu,EU,STALE,40.6257961,-6.428663,10009.0,7.0,mtcdtip02-l4e1-7,,,-113,-3.5,False,False,,,,,,float
2026-05-28 12:32:32.112158+00:00,stratolink-3-eu,EU,STALE,40.6257961,-6.428663,10009.0,7.0,mtcdtip02-l4e1-15,,,-114,-2.8,False,False,,,,,,float
2026-05-28 12:32:32.112158+00:00,stratolink-3-eu,EU,STALE,40.6257961,-6.428663,10009.0,7.0,cicytex-unex-1,,,-115,-5.5,False,False,,,,,,float
2026-05-28 12:32:32.112158+00:00,stratolink-3-eu,EU,STALE,40.6257961,-6.428663,10009.0,7.0,cdtic-multitech-4,39.4920534590841,-6.57908320426941,-115,-1.8,False,True,126.71486734239434,127.20665440104555,3.9428580999060583,5.0824307057827465,185.84688660018682,float
2026-05-28 12:32:32.112158+00:00,stratolink-3-eu,EU,STALE,40.6257961,-6.428663,10009.0,7.0,d401c3ffff6d00a4,,,-115,-4.75,False,False,,,,,,float
2026-05-28 12:32:32.112158+00:00,stratolink-3-eu,EU,STALE,40.6257961,-6.428663,10009.0,7.0,ext-sg50-023,,,-116,0.8,False,False,,,,,,float
2026-05-28 12:32:32.112158+00:00,stratolink-3-eu,EU,STALE,40.6257961,-6.428663,10009.0,7.0,ext-sg50-024,,,-117,0.5,False,False,,,,,,float
2026-05-28 12:32:32.112158+00:00,stratolink-3-eu,EU,STALE,40.6257961,-6.428663,10009.0,7.0,sg50-perte-malpica-05,,,-117,-5.0,False,False,,,,,,float
2026-05-28 12:32:32.112158+00:00,stratolink-3-eu,EU,STALE,40.6257961,-6.428663,10009.0,7.0,sg50-perte-malpica-07,,,-117,-3.8,False,False,,,,,,float
2026-05-28 12:32:32.112158+00:00,stratolink-3-eu,EU,STALE,40.6257961,-6.428663,10009.0,7.0,ext-sg50-015,,,-117,-6.8,False,False,,,,,,float
2026-05-28 12:32:32.112158+00:00,stratolink-3-eu,EU,STALE,40.6257961,-6.428663,10009.0,7.0,tef-mls-01,40.108033,-6.632828,-117,-4.5,False,True,60.1148739870506,60.98875847646064,9.17524615805839,9.715871461450847,196.78846730955854,float
2026-05-28 12:32:32.112158+00:00,stratolink-3-eu,EU,STALE,40.6257961,-6.428663,10009.0,7.0,ext-sg50-028,,,-118,-5.2,False,False,,,,,,float
2026-05-28 12:32:32.112158+00:00,stratolink-3-eu,EU,STALE,40.6257961,-6.428663,10009.0,7.0,mitigasmart-cc,,,-118,-6.0,False,False,,,,,,float
2026-05-28 12:32:32.112158+00:00,stratolink-3-eu,EU,STALE,40.6257961,-6.428663,10009.0,7.0,sg50-eui-c0ba1ffffe004945,,,-118,-7.8,False,False,,,,,,float
2026-05-28 12:32:32.112158+00:00,stratolink-3-eu,EU,STALE,40.6257961,-6.428663,10009.0,7.0,ext-sg50-011,,,-119,-7.5,False,False,,,,,,float
2026-05-28 12:32:32.112158+00:00,stratolink-3-eu,EU,STALE,40.6257961,-6.428663,10009.0,7.0,ext-sg50-022,,,-120,-7.5,False,False,,,,,,float
2026-05-28 12:32:32.112158+00:00,stratolink-3-eu,EU,STALE,40.6257961,-6.428663,10009.0,7.0,italr0005,40.954279046747715,-4.142631590366364,-121,-7.25,False,True,195.88281833147107,196.28426214013473,2.0417625947977536,3.803376669090203,78.50829551505217,float
2026-05-28 12:37:41.207846+00:00,stratolink-3-eu,EU,STALE,40.6257961,-6.428663,10009.0,7.0,packetbroker,40.962758045083945,-5.675633842073217,-109,2.5,True,True,73.6359324656191,74.36994456081506,7.403320316988313,8.065543252669633,59.1683601017869,float
2026-05-28 12:37:41.207846+00:00,stratolink-3-eu,EU,STALE,40.6257961,-6.428663,10009.0,7.0,packetbroker,40.962541751597406,-5.675446072867432,-109,3.75,True,True,73.63739668553853,74.37139657481511,7.403161798178406,8.065397901887811,59.19070782295381,float
2026-05-28 12:37:41.207846+00:00,stratolink-3-eu,EU,STALE,40.6257961,-6.428663,10009.0,7.0,cicytex-ic003,,,-109,-8.0,False,False,,,,,,float
2026-05-28 12:37:41.207846+00:00,stratolink-3-eu,EU,STALE,40.6257961,-6.428663,10009.0,7.0,italr0001,41.70253250763931,-4.708266556262971,-113,-5.5,False,True,187.27657100298967,187.68394848002842,2.2145389629131254,3.8987553024280377,49.69771685783297,float
2026-05-28 12:37:41.207846+00:00,stratolink-3-eu,EU,STALE,40.6257961,-6.428663,10009.0,7.0,niharramikrotik,40.589325292876616,-4.838257133960725,-114,-1.5,False,True,134.31778160937742,134.7928799760389,3.654187665070918,4.862134827187417,91.2124281497683,float
2026-05-28 12:37:41.207846+00:00,stratolink-3-eu,EU,STALE,40.6257961,-6.428663,10009.0,7.0,mtcdtip02-l4e1-5,,,-114,-6.8,False,False,,,,,,float
2026-05-28 12:37:41.207846+00:00,stratolink-3-eu,EU,STALE,40.6257961,-6.428663,10009.0,7.0,meceiot-004-5030354163554750,40.5481739449056,-5.16353885114368,-114,-1.75,False,True,107.17888454101507,107.72775344099033,4.848917346444827,5.8127988807346185,94.20729341885351,float
2026-05-28 12:37:41.207846+00:00,stratolink-3-eu,EU,STALE,40.6257961,-6.428663,10009.0,7.0,mjv-casas,,,-115,-1.8,False,False,,,,,,float
2026-05-28 12:37:41.207846+00:00,stratolink-3-eu,EU,STALE,40.6257961,-6.428663,10009.0,7.0,sg50-perte-malpica-06,,,-115,-8.2,False,False,,,,,,float
2026-05-28 12:37:41.207846+00:00,stratolink-3-eu,EU,STALE,40.6257961,-6.428663,10009.0,7.0,sg50-perte-malpica-07,,,-115,-1.2,False,False,,,,,,float
2026-05-28 12:37:41.207846+00:00,stratolink-3-eu,EU,STALE,40.6257961,-6.428663,10009.0,7.0,sg50-perte-malpica-05,,,-116,-1.0,False,False,,,,,,float
2026-05-28 12:37:41.207846+00:00,stratolink-3-eu,EU,STALE,40.6257961,-6.428663,10009.0,7.0,sg50-perte-malpica-01,,,-116,-7.0,False,False,,,,,,float
2026-05-28 12:37:41.207846+00:00,stratolink-3-eu,EU,STALE,40.6257961,-6.428663,10009.0,7.0,italr0005,40.954279046747715,-4.142631590366364,-117,-3.75,False,True,195.88281833147107,196.28426214013473,2.0417625947977536,3.803376669090203,78.50829551505217,float
2026-05-28 12:37:41.207846+00:00,stratolink-3-eu,EU,STALE,40.6257961,-6.428663,10009.0,7.0,ext-sg50-029,,,-117,-5.8,False,False,,,,,,float
2026-05-28 12:37:41.207846+00:00,stratolink-3-eu,EU,STALE,40.6257961,-6.428663,10009.0,7.0,tef-mls-01,40.108033,-6.632828,-118,-7.8,False,True,60.1148739870506,60.98875847646064,9.17524615805839,9.715871461450847,196.78846730955854,float
2026-05-28 12:37:41.207846+00:00,stratolink-3-eu,EU,STALE,40.6257961,-6.428663,10009.0,7.0,sg50-eui-c0ba1ffffe004945,,,-118,-6.2,False,False,,,,,,float
2026-05-28 12:42:50.073661+00:00,stratolink-3-eu,EU,STALE,40.6257961,-6.428663,10009.0,7.0,cicytex-ic003,,,-109,-2.0,False,False,,,,,,float
2026-05-28 12:42:50.073661+00:00,stratolink-3-eu,EU,STALE,40.6257961,-6.428663,10009.0,7.0,packetbroker,40.962758045083945,-5.675633842073217,-110,5.0,True,True,73.6359324656191,74.36994456081506,7.403320316988313,8.065543252669633,59.1683601017869,float
2026-05-28 12:42:50.073661+00:00,stratolink-3-eu,EU,STALE,40.6257961,-6.428663,10009.0,7.0,cicytex-icmc-002,,,-111,-4.5,False,False,,,,,,float
2026-05-28 12:42:50.073661+00:00,stratolink-3-eu,EU,STALE,40.6257961,-6.428663,10009.0,7.0,packetbroker,40.962541751597406,-5.675446072867432,-111,3.0,True,True,73.63739668553853,74.37139657481511,7.403161798178406,8.065397901887811,59.19070782295381,float
2026-05-28 12:42:50.073661+00:00,stratolink-3-eu,EU,STALE,40.6257961,-6.428663,10009.0,7.0,mtcdtip02-l4e1-9,,,-111,-1.2,False,False,,,,,,float
2026-05-28 12:42:50.073661+00:00,stratolink-3-eu,EU,STALE,40.6257961,-6.428663,10009.0,7.0,dlps8-103,,,-113,-7.5,False,False,,,,,,float
2026-05-28 12:42:50.073661+00:00,stratolink-3-eu,EU,STALE,40.6257961,-6.428663,10009.0,7.0,mtcdtip02-l4e1-15,,,-114,-4.8,False,False,,,,,,float
2026-05-28 12:42:50.073661+00:00,stratolink-3-eu,EU,STALE,40.6257961,-6.428663,10009.0,7.0,ext-sg50-018,,,-114,-7.8,False,False,,,,,,float
2026-05-28 12:42:50.073661+00:00,stratolink-3-eu,EU,STALE,40.6257961,-6.428663,10009.0,7.0,mtcdtip02-l4e1-7,,,-114,-3.0,False,False,,,,,,float
2026-05-28 12:42:50.073661+00:00,stratolink-3-eu,EU,STALE,40.6257961,-6.428663,10009.0,7.0,italr0001,41.70253250763931,-4.708266556262971,-115,-8.75,False,True,187.27657100298967,187.68394848002842,2.2145389629131254,3.8987553024280377,49.69771685783297,float
2026-05-28 12:42:50.073661+00:00,stratolink-3-eu,EU,STALE,40.6257961,-6.428663,10009.0,7.0,ext-sg50-029,,,-115,1.0,False,False,,,,,,float
2026-05-28 12:42:50.073661+00:00,stratolink-3-eu,EU,STALE,40.6257961,-6.428663,10009.0,7.0,cdtic-multitech-4,39.4920534590841,-6.57908320426941,-115,-1.0,False,True,126.71486734239434,127.20665440104555,3.9428580999060583,5.0824307057827465,185.84688660018682,float
2026-05-28 12:42:50.073661+00:00,stratolink-3-eu,EU,STALE,40.6257961,-6.428663,10009.0,7.0,lora-more,41.81858911263017,-6.7508557295156235,-116,-4.3,False,True,135.34213528228818,135.8151719294709,3.617467950903412,4.834627334196793,348.6214371376065,float
2026-05-28 12:42:50.073661+00:00,stratolink-3-eu,EU,STALE,40.6257961,-6.428663,10009.0,7.0,rio-tormes-1b,40.968865323719,-5.64232170581818,-116,-8.25,False,True,76.39753112398147,77.10941705634951,7.1145192715146495,7.801577826295318,59.78802396762984,float
2026-05-28 12:42:50.073661+00:00,stratolink-3-eu,EU,STALE,40.6257961,-6.428663,10009.0,7.0,ext-sg50-024,,,-117,-0.2,False,False,,,,,,float
2026-05-28 12:42:50.073661+00:00,stratolink-3-eu,EU,STALE,40.6257961,-6.428663,10009.0,7.0,meceiot-004-5030354163554750,40.5481739449056,-5.16353885114368,-117,-7.5,False,True,107.17888454101507,107.72775344099033,4.848917346444827,5.8127988807346185,94.20729341885351,float
2026-05-28 12:42:50.073661+00:00,stratolink-3-eu,EU,STALE,40.6257961,-6.428663,10009.0,7.0,ext-sg50-028,,,-119,-5.2,False,False,,,,,,float
2026-05-28 12:42:50.073661+00:00,stratolink-3-eu,EU,STALE,40.6257961,-6.428663,10009.0,7.0,mitigasmart-cc,,,-119,-8.2,False,False,,,,,,float
2026-05-28 12:42:50.073661+00:00,stratolink-3-eu,EU,STALE,40.6257961,-6.428663,10009.0,7.0,sg50-perte-malpica-07,,,-119,-8.2,False,False,,,,,,float
2026-05-28 12:42:50.073661+00:00,stratolink-3-eu,EU,STALE,40.6257961,-6.428663,10009.0,7.0,sg50-perte-malpica-05,,,-120,-7.8,False,False,,,,,,float
2026-05-28 12:47:58.211874+00:00,stratolink-3-eu,EU,STALE,40.6257961,-6.428663,10009.0,7.0,cicytex-ic003,,,-107,-1.5,False,False,,,,,,float
2026-05-28 12:47:58.211874+00:00,stratolink-3-eu,EU,STALE,40.6257961,-6.428663,10009.0,7.0,mjv-casas,,,-110,3.8,False,False,,,,,,float
2026-05-28 12:47:58.211874+00:00,stratolink-3-eu,EU,STALE,40.6257961,-6.428663,10009.0,7.0,cicytex-icmc-002,,,-110,-2.5,False,False,,,,,,float
2026-05-28 12:47:58.211874+00:00,stratolink-3-eu,EU,STALE,40.6257961,-6.428663,10009.0,7.0,mtcdtip02-l4e1-9,,,-110,-2.5,False,False,,,,,,float
2026-05-28 12:47:58.211874+00:00,stratolink-3-eu,EU,STALE,40.6257961,-6.428663,10009.0,7.0,meceiot-004-5030354163554750,40.5481739449056,-5.16353885114368,-111,0.25,False,True,107.17888454101507,107.72775344099033,4.848917346444827,5.8127988807346185,94.20729341885351,float
2026-05-28 12:47:58.211874+00:00,stratolink-3-eu,EU,STALE,40.6257961,-6.428663,10009.0,7.0,dlps8-103,,,-113,-5.2,False,False,,,,,,float
2026-05-28 12:47:58.211874+00:00,stratolink-3-eu,EU,STALE,40.6257961,-6.428663,10009.0,7.0,dlps8-105,,,-113,-8.5,False,False,,,,,,float
2026-05-28 12:47:58.211874+00:00,stratolink-3-eu,EU,STALE,40.6257961,-6.428663,10009.0,7.0,packetbroker,40.962541751597406,-5.675446072867432,-113,-3.0,True,True,73.63739668553853,74.37139657481511,7.403161798178406,8.065397901887811,59.19070782295381,float
2026-05-28 12:47:58.211874+00:00,stratolink-3-eu,EU,STALE,40.6257961,-6.428663,10009.0,7.0,mtcdtip02-l4e1-7,,,-113,-5.0,False,False,,,,,,float
2026-05-28 12:47:58.211874+00:00,stratolink-3-eu,EU,STALE,40.6257961,-6.428663,10009.0,7.0,ext-sg50-018,,,-113,-5.5,False,False,,,,,,float
2026-05-28 12:47:58.211874+00:00,stratolink-3-eu,EU,STALE,40.6257961,-6.428663,10009.0,7.0,niharramikrotik,40.589325292876616,-4.838257133960725,-114,-2.25,False,True,134.31778160937742,134.7928799760389,3.654187665070918,4.862134827187417,91.2124281497683,float
2026-05-28 12:47:58.211874+00:00,stratolink-3-eu,EU,STALE,40.6257961,-6.428663,10009.0,7.0,mtcdtip02-l4e1-15,,,-114,-6.8,False,False,,,,,,float
2026-05-28 12:47:58.211874+00:00,stratolink-3-eu,EU,STALE,40.6257961,-6.428663,10009.0,7.0,rio-tormes-1b,40.968865323719,-5.64232170581818,-115,-0.5,False,True,76.39753112398147,77.10941705634951,7.1145192715146495,7.801577826295318,59.78802396762984,float
2026-05-28 12:47:58.211874+00:00,stratolink-3-eu,EU,STALE,40.6257961,-6.428663,10009.0,7.0,cdtic-multitech-4,39.4920534590841,-6.57908320426941,-115,-6.8,False,True,126.71486734239434,127.20665440104555,3.9428580999060583,5.0824307057827465,185.84688660018682,float
2026-05-28 12:47:58.211874+00:00,stratolink-3-eu,EU,STALE,40.6257961,-6.428663,10009.0,7.0,sg50-perte-malpica-06,,,-115,-6.0,False,False,,,,,,float
2026-05-28 12:47:58.211874+00:00,stratolink-3-eu,EU,STALE,40.6257961,-6.428663,10009.0,7.0,cicytex-unex-1,,,-116,-7.8,False,False,,,,,,float
2026-05-28 12:47:58.211874+00:00,stratolink-3-eu,EU,STALE,40.6257961,-6.428663,10009.0,7.0,cdtic-multitech-5,40.0702558044694,-6.65818959474564,-116,-7.0,False,True,64.76329354194009,65.58214248778668,8.487331436132704,9.069760923173625,197.55252652165944,float
2026-05-28 12:47:58.211874+00:00,stratolink-3-eu,EU,STALE,40.6257961,-6.428663,10009.0,7.0,ext-sg50-029,,,-116,-1.5,False,False,,,,,,float
2026-05-28 12:47:58.211874+00:00,stratolink-3-eu,EU,STALE,40.6257961,-6.428663,10009.0,7.0,mitigasmart-cc,,,-117,-5.5,False,False,,,,,,float
2026-05-28 12:47:58.211874+00:00,stratolink-3-eu,EU,STALE,40.6257961,-6.428663,10009.0,7.0,sg50-perte-malpica-07,,,-117,-3.0,False,False,,,,,,float
2026-05-28 12:47:58.211874+00:00,stratolink-3-eu,EU,STALE,40.6257961,-6.428663,10009.0,7.0,ext-sg50-028,,,-118,-4.5,False,False,,,,,,float
2026-05-28 12:47:58.211874+00:00,stratolink-3-eu,EU,STALE,40.6257961,-6.428663,10009.0,7.0,sg50-eui-c0ba1ffffe004945,,,-118,-6.2,False,False,,,,,,float
2026-05-28 12:47:58.211874+00:00,stratolink-3-eu,EU,STALE,40.6257961,-6.428663,10009.0,7.0,ext-sg50-024,,,-119,-4.5,False,False,,,,,,float
2026-05-28 12:47:58.211874+00:00,stratolink-3-eu,EU,STALE,40.6257961,-6.428663,10009.0,7.0,ext-sg50-011,,,-119,-6.0,False,False,,,,,,float
2026-05-28 12:53:06.378319+00:00,stratolink-3-eu,EU,STALE,40.6257961,-6.428663,10009.0,7.0,packetbroker,40.962758045083945,-5.675633842073217,-107,3.75,True,True,73.6359324656191,74.36994456081506,7.403320316988313,8.065543252669633,59.1683601017869,float
2026-05-28 12:53:06.378319+00:00,stratolink-3-eu,EU,STALE,40.6257961,-6.428663,10009.0,7.0,mtcdtip02-l4e1-9,,,-110,-5.0,False,False,,,,,,float
2026-05-28 12:53:06.378319+00:00,stratolink-3-eu,EU,STALE,40.6257961,-6.428663,10009.0,7.0,lora-more,41.81858911263017,-6.7508557295156235,-113,-6.0,False,True,135.34213528228818,135.8151719294709,3.617467950903412,4.834627334196793,348.6214371376065,float
2026-05-28 12:53:06.378319+00:00,stratolink-3-eu,EU,STALE,40.6257961,-6.428663,10009.0,7.0,niharramikrotik,40.589325292876616,-4.838257133960725,-113,-3.25,False,True,134.31778160937742,134.7928799760389,3.654187665070918,4.862134827187417,91.2124281497683,float
2026-05-28 12:53:06.378319+00:00,stratolink-3-eu,EU,STALE,40.6257961,-6.428663,10009.0,7.0,mjv-casas,,,-114,-1.0,False,False,,,,,,float
2026-05-28 12:53:06.378319+00:00,stratolink-3-eu,EU,STALE,40.6257961,-6.428663,10009.0,7.0,packetbroker,42.3745405722791,-5.96814936380405,-114,-8.0,True,True,198.196751110667,198.59675771531337,1.9972896961056812,3.7797134390843348,11.00509002757616,float
2026-05-28 12:53:06.378319+00:00,stratolink-3-eu,EU,STALE,40.6257961,-6.428663,10009.0,7.0,meceiot-004-5030354163554750,40.5481739449056,-5.16353885114368,-114,-1.75,False,True,107.17888454101507,107.72775344099033,4.848917346444827,5.8127988807346185,94.20729341885351,float
2026-05-28 12:53:06.378319+00:00,stratolink-3-eu,EU,STALE,40.6257961,-6.428663,10009.0,7.0,italr0001,41.70253250763931,-4.708266556262971,-115,-5.5,False,True,187.27657100298967,187.68394848002842,2.2145389629131254,3.8987553024280377,49.69771685783297,float
2026-05-28 12:53:06.378319+00:00,stratolink-3-eu,EU,STALE,40.6257961,-6.428663,10009.0,7.0,packetbroker,40.962541751597406,-5.675446072867432,-115,-4.5,True,True,73.63739668553853,74.37139657481511,7.403161798178406,8.065397901887811,59.19070782295381,float
2026-05-28 12:53:06.378319+00:00,stratolink-3-eu,EU,STALE,40.6257961,-6.428663,10009.0,7.0,cdtic-multitech-4,39.4920534590841,-6.57908320426941,-115,-7.5,False,True,126.71486734239434,127.20665440104555,3.9428580999060583,5.0824307057827465,185.84688660018682,float
2026-05-28 12:53:06.378319+00:00,stratolink-3-eu,EU,STALE,40.6257961,-6.428663,10009.0,7.0,ext-sg50-018,,,-115,-7.0,False,False,,,,,,float
2026-05-28 12:53:06.378319+00:00,stratolink-3-eu,EU,STALE,40.6257961,-6.428663,10009.0,7.0,ext-sg50-029,,,-117,-4.5,False,False,,,,,,float
2026-05-28 12:53:06.378319+00:00,stratolink-3-eu,EU,STALE,40.6257961,-6.428663,10009.0,7.0,tef-mls-01,40.108033,-6.632828,-118,-5.8,False,True,60.1148739870506,60.98875847646064,9.17524615805839,9.715871461450847,196.78846730955854,float
2026-05-28 12:53:06.378319+00:00,stratolink-3-eu,EU,STALE,40.6257961,-6.428663,10009.0,7.0,ext-sg50-024,,,-119,-6.5,False,False,,,,,,float
2026-05-28 12:53:06.378319+00:00,stratolink-3-eu,EU,STALE,40.6257961,-6.428663,10009.0,7.0,ext-sg50-023,,,-119,-5.5,False,False,,,,,,float
2026-05-28 12:53:06.378319+00:00,stratolink-3-eu,EU,STALE,40.6257961,-6.428663,10009.0,7.0,italr0005,40.954279046747715,-4.142631590366364,-121,-7.25,False,True,195.88281833147107,196.28426214013473,2.0417625947977536,3.803376669090203,78.50829551505217,float
2026-05-28 12:58:14.576536+00:00,stratolink-3-eu,EU,STALE,40.6257961,-6.428663,10009.0,7.0,cicytex-ic003,,,-107,0.2,False,False,,,,,,float
2026-05-28 12:58:14.576536+00:00,stratolink-3-eu,EU,STALE,40.6257961,-6.428663,10009.0,7.0,mtcdtip02-l4e1-9,,,-108,0.8,False,False,,,,,,float
2026-05-28 12:58:14.576536+00:00,stratolink-3-eu,EU,STALE,40.6257961,-6.428663,10009.0,7.0,mjv-casas,,,-111,3.5,False,False,,,,,,float
2026-05-28 12:58:14.576536+00:00,stratolink-3-eu,EU,STALE,40.6257961,-6.428663,10009.0,7.0,packetbroker,40.962541751597406,-5.675446072867432,-111,,True,True,73.63739668553853,74.37139657481511,7.403161798178406,8.065397901887811,59.19070782295381,float
2026-05-28 12:58:14.576536+00:00,stratolink-3-eu,EU,STALE,40.6257961,-6.428663,10009.0,7.0,dlps8-103,,,-113,-5.2,False,False,,,,,,float
2026-05-28 12:58:14.576536+00:00,stratolink-3-eu,EU,STALE,40.6257961,-6.428663,10009.0,7.0,mtcdtip02-l4e1-7,,,-113,-4.5,False,False,,,,,,float
2026-05-28 12:58:14.576536+00:00,stratolink-3-eu,EU,STALE,40.6257961,-6.428663,10009.0,7.0,ext-sg50-018,,,-113,0.2,False,False,,,,,,float
2026-05-28 12:58:14.576536+00:00,stratolink-3-eu,EU,STALE,40.6257961,-6.428663,10009.0,7.0,packetbroker,40.962758045083945,-5.675633842073217,-114,0.5,True,True,73.6359324656191,74.36994456081506,7.403320316988313,8.065543252669633,59.1683601017869,float
2026-05-28 12:58:14.576536+00:00,stratolink-3-eu,EU,STALE,40.6257961,-6.428663,10009.0,7.0,mtcdtip02-l4e1-15,,,-114,-5.5,False,False,,,,,,float
2026-05-28 12:58:14.576536+00:00,stratolink-3-eu,EU,STALE,40.6257961,-6.428663,10009.0,7.0,cdtic-multitech-4,39.4920534590841,-6.57908320426941,-115,-5.0,False,True,126.71486734239434,127.20665440104555,3.9428580999060583,5.0824307057827465,185.84688660018682,float
2026-05-28 12:58:14.576536+00:00,stratolink-3-eu,EU,STALE,40.6257961,-6.428663,10009.0,7.0,meceiot-004-5030354163554750,40.5481739449056,-5.16353885114368,-115,,False,True,107.17888454101507,107.72775344099033,4.848917346444827,5.8127988807346185,94.20729341885351,float
2026-05-28 12:58:14.576536+00:00,stratolink-3-eu,EU,STALE,40.6257961,-6.428663,10009.0,7.0,ext-sg50-029,,,-115,0.8,False,False,,,,,,float
2026-05-28 12:58:14.576536+00:00,stratolink-3-eu,EU,STALE,40.6257961,-6.428663,10009.0,7.0,rio-tormes-1b,40.968865323719,-5.64232170581818,-116,-3.0,False,True,76.39753112398147,77.10941705634951,7.1145192715146495,7.801577826295318,59.78802396762984,float
2026-05-28 12:58:14.576536+00:00,stratolink-3-eu,EU,STALE,40.6257961,-6.428663,10009.0,7.0,sg50-perte-malpica-01,,,-116,-9.5,False,False,,,,,,float
2026-05-28 12:58:14.576536+00:00,stratolink-3-eu,EU,STALE,40.6257961,-6.428663,10009.0,7.0,ext-sg50-027,,,-117,-8.2,False,False,,,,,,float
2026-05-28 12:58:14.576536+00:00,stratolink-3-eu,EU,STALE,40.6257961,-6.428663,10009.0,7.0,mitigasmart-cc,,,-117,-2.2,False,False,,,,,,float
2026-05-28 12:58:14.576536+00:00,stratolink-3-eu,EU,STALE,40.6257961,-6.428663,10009.0,7.0,ext-sg50-024,,,-118,-1.2,False,False,,,,,,float
2026-05-28 12:58:14.576536+00:00,stratolink-3-eu,EU,STALE,40.6257961,-6.428663,10009.0,7.0,ext-sg50-028,,,-118,-4.8,False,False,,,,,,float
2026-05-28 12:58:14.576536+00:00,stratolink-3-eu,EU,STALE,40.6257961,-6.428663,10009.0,7.0,sg50-perte-malpica-07,,,-118,-3.5,False,False,,,,,,float
2026-05-28 12:58:14.576536+00:00,stratolink-3-eu,EU,STALE,40.6257961,-6.428663,10009.0,7.0,ext-sg50-015,,,-119,-5.5,False,False,,,,,,float
2026-05-28 12:58:14.576536+00:00,stratolink-3-eu,EU,STALE,40.6257961,-6.428663,10009.0,7.0,tef-mls-01,40.108033,-6.632828,-119,-4.5,False,True,60.1148739870506,60.98875847646064,9.17524615805839,9.715871461450847,196.78846730955854,float
2026-05-28 12:58:14.576536+00:00,stratolink-3-eu,EU,STALE,40.6257961,-6.428663,10009.0,7.0,sg50-eui-c0ba1ffffe004945,,,-119,-7.2,False,False,,,,,,float
2026-05-28 12:58:14.576536+00:00,stratolink-3-eu,EU,STALE,40.6257961,-6.428663,10009.0,7.0,ext-sg50-011,,,-119,-6.2,False,False,,,,,,float
2026-05-28 13:03:22.735773+00:00,stratolink-3-eu,EU,STALE,40.6257961,-6.428663,10009.0,7.0,cicytex-ic003,,,-108,-5.2,False,False,,,,,,float
2026-05-28 13:03:22.735773+00:00,stratolink-3-eu,EU,STALE,40.6257961,-6.428663,10009.0,7.0,packetbroker,40.962541751597406,-5.675446072867432,-109,3.75,True,True,73.63739668553853,74.37139657481511,7.403161798178406,8.065397901887811,59.19070782295381,float
2026-05-28 13:03:22.735773+00:00,stratolink-3-eu,EU,STALE,40.6257961,-6.428663,10009.0,7.0,niharramikrotik,40.589325292876616,-4.838257133960725,-110,2.0,False,True,134.31778160937742,134.7928799760389,3.654187665070918,4.862134827187417,91.2124281497683,float
2026-05-28 13:03:22.735773+00:00,stratolink-3-eu,EU,STALE,40.6257961,-6.428663,10009.0,7.0,packetbroker,40.962758045083945,-5.675633842073217,-110,0.25,True,True,73.6359324656191,74.36994456081506,7.403320316988313,8.065543252669633,59.1683601017869,float
2026-05-28 13:03:22.735773+00:00,stratolink-3-eu,EU,STALE,40.6257961,-6.428663,10009.0,7.0,mtcdtip02-l4e1-9,,,-110,-5.0,False,False,,,,,,float
2026-05-28 13:03:22.735773+00:00,stratolink-3-eu,EU,STALE,40.6257961,-6.428663,10009.0,7.0,meceiot-004-5030354163554750,40.5481739449056,-5.16353885114368,-110,3.0,False,True,107.17888454101507,107.72775344099033,4.848917346444827,5.8127988807346185,94.20729341885351,float
2026-05-28 13:03:22.735773+00:00,stratolink-3-eu,EU,STALE,40.6257961,-6.428663,10009.0,7.0,cicytex-icmc-002,,,-111,-8.0,False,False,,,,,,float
2026-05-28 13:03:22.735773+00:00,stratolink-3-eu,EU,STALE,40.6257961,-6.428663,10009.0,7.0,mjv-casas,,,-112,-0.2,False,False,,,,,,float
2026-05-28 13:03:22.735773+00:00,stratolink-3-eu,EU,STALE,40.6257961,-6.428663,10009.0,7.0,dlps8-103,,,-113,-6.8,False,False,,,,,,float
2026-05-28 13:03:22.735773+00:00,stratolink-3-eu,EU,STALE,40.6257961,-6.428663,10009.0,7.0,ext-sg50-018,,,-113,-8.2,False,False,,,,,,float
2026-05-28 13:03:22.735773+00:00,stratolink-3-eu,EU,STALE,40.6257961,-6.428663,10009.0,7.0,sg50-perte-malpica-06,,,-114,-6.2,False,False,,,,,,float
2026-05-28 13:03:22.735773+00:00,stratolink-3-eu,EU,STALE,40.6257961,-6.428663,10009.0,7.0,sg50-perte-malpica-01,,,-115,-8.0,False,False,,,,,,float
2026-05-28 13:03:22.735773+00:00,stratolink-3-eu,EU,STALE,40.6257961,-6.428663,10009.0,7.0,italr0005,40.954279046747715,-4.142631590366364,-116,-2.75,False,True,195.88281833147107,196.28426214013473,2.0417625947977536,3.803376669090203,78.50829551505217,float
2026-05-28 13:03:22.735773+00:00,stratolink-3-eu,EU,STALE,40.6257961,-6.428663,10009.0,7.0,sg50-perte-malpica-07,,,-116,-1.8,False,False,,,,,,float
2026-05-28 13:03:22.735773+00:00,stratolink-3-eu,EU,STALE,40.6257961,-6.428663,10009.0,7.0,ext-sg50-023,,,-118,-3.5,False,False,,,,,,float
2026-05-28 13:03:22.735773+00:00,stratolink-3-eu,EU,STALE,40.6257961,-6.428663,10009.0,7.0,sg50-eui-c0ba1ffffe004945,,,-119,-8.5,False,False,,,,,,float
2026-05-28 13:03:22.735773+00:00,stratolink-3-eu,EU,STALE,40.6257961,-6.428663,10009.0,7.0,ext-sg50-024,,,-119,-7.2,False,False,,,,,,float
2026-05-28 13:03:22.735773+00:00,stratolink-3-eu,EU,STALE,40.6257961,-6.428663,10009.0,7.0,meceiot-013-dragout-a84041ffff29dc56,40.970672,-5.141641,-123,-8.75,False,True,114.92237375103964,115.44575407559824,4.456752514798385,5.490272824417167,70.08762740753605,float
2026-05-28 13:08:30.927035+00:00,stratolink-3-eu,EU,STALE,40.6257961,-6.428663,10009.0,7.0,cicytex-ic003,,,-108,-5.0,False,False,,,,,,float
2026-05-28 13:08:30.927035+00:00,stratolink-3-eu,EU,STALE,40.6257961,-6.428663,10009.0,7.0,mtcdtip02-l4e1-9,,,-110,-2.5,False,False,,,,,,float
2026-05-28 13:08:30.927035+00:00,stratolink-3-eu,EU,STALE,40.6257961,-6.428663,10009.0,7.0,niharramikrotik,40.589325292876616,-4.838257133960725,-111,-0.5,False,True,134.31778160937742,134.7928799760389,3.654187665070918,4.862134827187417,91.2124281497683,float
2026-05-28 13:08:30.927035+00:00,stratolink-3-eu,EU,STALE,40.6257961,-6.428663,10009.0,7.0,cicytex-icmc-002,,,-111,-8.3,False,False,,,,,,float
2026-05-28 13:08:30.927035+00:00,stratolink-3-eu,EU,STALE,40.6257961,-6.428663,10009.0,7.0,mikrotikepsa,40.65110091852006,-4.679304063320161,-111,-4.2,False,True,147.63293591777082,148.08419308632423,3.211465264179429,4.539158320452129,88.33833292165804,float
2026-05-28 13:08:30.927035+00:00,stratolink-3-eu,EU,STALE,40.6257961,-6.428663,10009.0,7.0,mtcdtip02-l4e1-5,,,-111,-6.5,False,False,,,,,,float
2026-05-28 13:08:30.927035+00:00,stratolink-3-eu,EU,STALE,40.6257961,-6.428663,10009.0,7.0,packetbroker,40.962541751597406,-5.675446072867432,-112,-1.75,True,True,73.63739668553853,74.37139657481511,7.403161798178406,8.065397901887811,59.19070782295381,float
2026-05-28 13:08:30.927035+00:00,stratolink-3-eu,EU,STALE,40.6257961,-6.428663,10009.0,7.0,rio-tormes-1b,40.968865323719,-5.64232170581818,-113,0.75,False,True,76.39753112398147,77.10941705634951,7.1145192715146495,7.801577826295318,59.78802396762984,float
2026-05-28 13:08:30.927035+00:00,stratolink-3-eu,EU,STALE,40.6257961,-6.428663,10009.0,7.0,dlps8-103,,,-113,-7.5,False,False,,,,,,float
2026-05-28 13:08:30.927035+00:00,stratolink-3-eu,EU,STALE,40.6257961,-6.428663,10009.0,7.0,mjv-casas,,,-114,-1.2,False,False,,,,,,float
2026-05-28 13:08:30.927035+00:00,stratolink-3-eu,EU,STALE,40.6257961,-6.428663,10009.0,7.0,meceiot-004-5030354163554750,40.5481739449056,-5.16353885114368,-114,-2.25,False,True,107.17888454101507,107.72775344099033,4.848917346444827,5.8127988807346185,94.20729341885351,float
2026-05-28 13:08:30.927035+00:00,stratolink-3-eu,EU,STALE,40.6257961,-6.428663,10009.0,7.0,italr0001,41.70253250763931,-4.708266556262971,-116,-5.0,False,True,187.27657100298967,187.68394848002842,2.2145389629131254,3.8987553024280377,49.69771685783297,float
2026-05-28 13:08:30.927035+00:00,stratolink-3-eu,EU,STALE,40.6257961,-6.428663,10009.0,7.0,cdtic-multitech-4,39.4920534590841,-6.57908320426941,-116,-5.5,False,True,126.71486734239434,127.20665440104555,3.9428580999060583,5.0824307057827465,185.84688660018682,float
2026-05-28 13:08:30.927035+00:00,stratolink-3-eu,EU,STALE,40.6257961,-6.428663,10009.0,7.0,ext-sg50-029,,,-116,-4.0,False,False,,,,,,float
2026-05-28 13:08:30.927035+00:00,stratolink-3-eu,EU,STALE,40.6257961,-6.428663,10009.0,7.0,sg50-perte-malpica-01,,,-116,-5.2,False,False,,,,,,float
2026-05-28 13:08:30.927035+00:00,stratolink-3-eu,EU,STALE,40.6257961,-6.428663,10009.0,7.0,sg50-perte-malpica-07,,,-116,-4.0,False,False,,,,,,float
2026-05-28 13:08:30.927035+00:00,stratolink-3-eu,EU,STALE,40.6257961,-6.428663,10009.0,7.0,italr0005,40.954279046747715,-4.142631590366364,-117,-3.75,False,True,195.88281833147107,196.28426214013473,2.0417625947977536,3.803376669090203,78.50829551505217,float
2026-05-28 13:08:30.927035+00:00,stratolink-3-eu,EU,STALE,40.6257961,-6.428663,10009.0,7.0,sg50-perte-malpica-05,,,-117,-3.2,False,False,,,,,,float
2026-05-28 13:08:30.927035+00:00,stratolink-3-eu,EU,STALE,40.6257961,-6.428663,10009.0,7.0,mitigasmart-cc,,,-118,-6.8,False,False,,,,,,float
2026-05-28 13:08:30.927035+00:00,stratolink-3-eu,EU,STALE,40.6257961,-6.428663,10009.0,7.0,tef-mls-01,40.108033,-6.632828,-118,-7.2,False,True,60.1148739870506,60.98875847646064,9.17524615805839,9.715871461450847,196.78846730955854,float
2026-05-28 13:08:30.927035+00:00,stratolink-3-eu,EU,STALE,40.6257961,-6.428663,10009.0,7.0,ext-sg50-024,,,-119,-9.0,False,False,,,,,,float
2026-05-28 13:08:30.927035+00:00,stratolink-3-eu,EU,STALE,40.6257961,-6.428663,10009.0,7.0,antena-granjas-rendondo-01,,,-126,-7.5,False,False,,,,,,float
2026-05-28 13:13:38.935033+00:00,stratolink-3-eu,EU,STALE,40.6257961,-6.428663,10009.0,7.0,niharramikrotik,40.589325292876616,-4.838257133960725,-108,-5.0,False,True,134.31778160937742,134.7928799760389,3.654187665070918,4.862134827187417,91.2124281497683,float
2026-05-28 13:13:38.935033+00:00,stratolink-3-eu,EU,STALE,40.6257961,-6.428663,10009.0,7.0,packetbroker,40.962541751597406,-5.675446072867432,-110,3.5,True,True,73.63739668553853,74.37139657481511,7.403161798178406,8.065397901887811,59.19070782295381,float
2026-05-28 13:13:38.935033+00:00,stratolink-3-eu,EU,STALE,40.6257961,-6.428663,10009.0,7.0,cicytex-ic003,,,-110,-5.8,False,False,,,,,,float
2026-05-28 13:13:38.935033+00:00,stratolink-3-eu,EU,STALE,40.6257961,-6.428663,10009.0,7.0,mtcdtip02-l4e1-9,,,-111,-2.2,False,False,,,,,,float
2026-05-28 13:13:38.935033+00:00,stratolink-3-eu,EU,STALE,40.6257961,-6.428663,10009.0,7.0,ext-dlos8-011,,,-111,-8.8,False,False,,,,,,float
2026-05-28 13:13:38.935033+00:00,stratolink-3-eu,EU,STALE,40.6257961,-6.428663,10009.0,7.0,meceiot-004-5030354163554750,40.5481739449056,-5.16353885114368,-113,-1.75,False,True,107.17888454101507,107.72775344099033,4.848917346444827,5.8127988807346185,94.20729341885351,float
2026-05-28 13:13:38.935033+00:00,stratolink-3-eu,EU,STALE,40.6257961,-6.428663,10009.0,7.0,packetbroker,42.3745405722791,-5.96814936380405,-115,-7.75,True,True,198.196751110667,198.59675771531337,1.9972896961056812,3.7797134390843348,11.00509002757616,float
2026-05-28 13:13:38.935033+00:00,stratolink-3-eu,EU,STALE,40.6257961,-6.428663,10009.0,7.0,italr0001,41.70253250763931,-4.708266556262971,-115,-4.25,False,True,187.27657100298967,187.68394848002842,2.2145389629131254,3.8987553024280377,49.69771685783297,float
2026-05-28 13:13:38.935033+00:00,stratolink-3-eu,EU,STALE,40.6257961,-6.428663,10009.0,7.0,sg50-perte-malpica-01,,,-116,-8.0,False,False,,,,,,float
2026-05-28 13:13:38.935033+00:00,stratolink-3-eu,EU,STALE,40.6257961,-6.428663,10009.0,7.0,rio-tormes-1b,40.968865323719,-5.64232170581818,-117,-1.5,False,True,76.39753112398147,77.10941705634951,7.1145192715146495,7.801577826295318,59.78802396762984,float
2026-05-28 13:13:38.935033+00:00,stratolink-3-eu,EU,STALE,40.6257961,-6.428663,10009.0,7.0,italr0005,40.954279046747715,-4.142631590366364,-118,-3.5,False,True,195.88281833147107,196.28426214013473,2.0417625947977536,3.803376669090203,78.50829551505217,float
2026-05-28 13:13:38.935033+00:00,stratolink-3-eu,EU,STALE,40.6257961,-6.428663,10009.0,7.0,mitigasmart-cc,,,-118,-6.0,False,False,,,,,,float
2026-05-28 13:13:38.935033+00:00,stratolink-3-eu,EU,STALE,40.6257961,-6.428663,10009.0,7.0,ext-sg50-029,,,-118,-4.2,False,False,,,,,,float
2026-05-28 13:13:38.935033+00:00,stratolink-3-eu,EU,STALE,40.6257961,-6.428663,10009.0,7.0,packetbroker,,,-119,-9.75,True,False,,,,,,float
2026-05-28 13:13:38.935033+00:00,stratolink-3-eu,EU,STALE,40.6257961,-6.428663,10009.0,7.0,sg50-perte-malpica-05,,,-119,-8.0,False,False,,,,,,float
2026-05-28 13:13:38.935033+00:00,stratolink-3-eu,EU,STALE,40.6257961,-6.428663,10009.0,7.0,sg50-perte-malpica-07,,,-119,-7.2,False,False,,,,,,float
2026-05-28 13:13:38.935033+00:00,stratolink-3-eu,EU,STALE,40.6257961,-6.428663,10009.0,7.0,ext-sg50-024,,,-120,-9.0,False,False,,,,,,float
2026-05-28 13:18:46.949853+00:00,stratolink-3-eu,EU,STALE,40.6257961,-6.428663,10009.0,7.0,cicytex-ic003,,,-107,-0.8,False,False,,,,,,float
2026-05-28 13:18:46.949853+00:00,stratolink-3-eu,EU,STALE,40.6257961,-6.428663,10009.0,7.0,packetbroker,40.962758045083945,-5.675633842073217,-108,-3.5,True,True,73.6359324656191,74.36994456081506,7.403320316988313,8.065543252669633,59.1683601017869,float
2026-05-28 13:18:46.949853+00:00,stratolink-3-eu,EU,STALE,40.6257961,-6.428663,10009.0,7.0,packetbroker,40.962541751597406,-5.675446072867432,-109,1.25,True,True,73.63739668553853,74.37139657481511,7.403161798178406,8.065397901887811,59.19070782295381,float
2026-05-28 13:18:46.949853+00:00,stratolink-3-eu,EU,STALE,40.6257961,-6.428663,10009.0,7.0,mjv-casas,,,-110,3.5,False,False,,,,,,float
2026-05-28 13:18:46.949853+00:00,stratolink-3-eu,EU,STALE,40.6257961,-6.428663,10009.0,7.0,cicytex-icmc-002,,,-111,-6.8,False,False,,,,,,float
2026-05-28 13:18:46.949853+00:00,stratolink-3-eu,EU,STALE,40.6257961,-6.428663,10009.0,7.0,dlps8-103,,,-113,-5.5,False,False,,,,,,float
2026-05-28 13:18:46.949853+00:00,stratolink-3-eu,EU,STALE,40.6257961,-6.428663,10009.0,7.0,dlps8-105,,,-113,-4.5,False,False,,,,,,float
2026-05-28 13:18:46.949853+00:00,stratolink-3-eu,EU,STALE,40.6257961,-6.428663,10009.0,7.0,mtcdtip02-l4e1-5,,,-113,-4.8,False,False,,,,,,float
2026-05-28 13:18:46.949853+00:00,stratolink-3-eu,EU,STALE,40.6257961,-6.428663,10009.0,7.0,ext-sg50-018,,,-113,-4.0,False,False,,,,,,float
2026-05-28 13:18:46.949853+00:00,stratolink-3-eu,EU,STALE,40.6257961,-6.428663,10009.0,7.0,mtcdtip02-l4e1-11,,,-113,-6.5,False,False,,,,,,float
2026-05-28 13:18:46.949853+00:00,stratolink-3-eu,EU,STALE,40.6257961,-6.428663,10009.0,7.0,d401c3ffff6d00a4,,,-116,-7.5,False,False,,,,,,float
2026-05-28 13:18:46.949853+00:00,stratolink-3-eu,EU,STALE,40.6257961,-6.428663,10009.0,7.0,mitigasmart-cc,,,-117,-1.5,False,False,,,,,,float
2026-05-28 13:18:46.949853+00:00,stratolink-3-eu,EU,STALE,40.6257961,-6.428663,10009.0,7.0,ext-sg50-024,,,-118,-3.2,False,False,,,,,,float
2026-05-28 13:18:46.949853+00:00,stratolink-3-eu,EU,STALE,40.6257961,-6.428663,10009.0,7.0,ext-sg50-028,,,-118,-5.2,False,False,,,,,,float
2026-05-28 13:18:46.949853+00:00,stratolink-3-eu,EU,STALE,40.6257961,-6.428663,10009.0,7.0,sg50-perte-malpica-07,,,-118,-5.8,False,False,,,,,,float
2026-05-28 13:18:46.949853+00:00,stratolink-3-eu,EU,STALE,40.6257961,-6.428663,10009.0,7.0,sg50-perte-malpica-05,,,-119,-10.2,False,False,,,,,,float
2026-05-28 13:18:46.949853+00:00,stratolink-3-eu,EU,STALE,40.6257961,-6.428663,10009.0,7.0,ext-sg50-011,,,-119,-5.0,False,False,,,,,,float
2026-05-28 13:23:54.760210+00:00,stratolink-3-eu,EU,STALE,40.6257961,-6.428663,10009.0,7.0,cicytex-ic003,,,-106,-1.8,False,False,,,,,,float
2026-05-28 13:23:54.760210+00:00,stratolink-3-eu,EU,STALE,40.6257961,-6.428663,10009.0,7.0,mtcdtip02-l4e1-1,,,-110,-7.8,False,False,,,,,,float
2026-05-28 13:23:54.760210+00:00,stratolink-3-eu,EU,STALE,40.6257961,-6.428663,10009.0,7.0,packetbroker,40.962758045083945,-5.675633842073217,-111,0.25,True,True,73.6359324656191,74.36994456081506,7.403320316988313,8.065543252669633,59.1683601017869,float
2026-05-28 13:23:54.760210+00:00,stratolink-3-eu,EU,STALE,40.6257961,-6.428663,10009.0,7.0,dlps8-103,,,-113,-7.2,False,False,,,,,,float
2026-05-28 13:23:54.760210+00:00,stratolink-3-eu,EU,STALE,40.6257961,-6.428663,10009.0,7.0,mtcdtip02-l4e1-11,,,-113,-6.2,False,False,,,,,,float
2026-05-28 13:23:54.760210+00:00,stratolink-3-eu,EU,STALE,40.6257961,-6.428663,10009.0,7.0,mtcdtip02-l4e1-5,,,-113,-5.0,False,False,,,,,,float
2026-05-28 13:23:54.760210+00:00,stratolink-3-eu,EU,STALE,40.6257961,-6.428663,10009.0,7.0,ext-sg50-018,,,-113,-7.0,False,False,,,,,,float
2026-05-28 13:23:54.760210+00:00,stratolink-3-eu,EU,STALE,40.6257961,-6.428663,10009.0,7.0,mjv-casas,,,-115,,False,False,,,,,,float
2026-05-28 13:23:54.760210+00:00,stratolink-3-eu,EU,STALE,40.6257961,-6.428663,10009.0,7.0,packetbroker,40.962541751597406,-5.675446072867432,-115,-7.0,True,True,73.63739668553853,74.37139657481511,7.403161798178406,8.065397901887811,59.19070782295381,float
2026-05-28 13:23:54.760210+00:00,stratolink-3-eu,EU,STALE,40.6257961,-6.428663,10009.0,7.0,mitigasmart-cc,,,-116,-2.5,False,False,,,,,,float
2026-05-28 13:23:54.760210+00:00,stratolink-3-eu,EU,STALE,40.6257961,-6.428663,10009.0,7.0,ext-sg50-024,,,-118,-3.2,False,False,,,,,,float
2026-05-28 13:23:54.760210+00:00,stratolink-3-eu,EU,STALE,40.6257961,-6.428663,10009.0,7.0,sg50-perte-malpica-07,,,-118,-7.5,False,False,,,,,,float
2026-05-28 13:23:54.760210+00:00,stratolink-3-eu,EU,STALE,40.6257961,-6.428663,10009.0,7.0,ext-sg50-028,,,-119,-8.0,False,False,,,,,,float
2026-05-28 13:29:02.777645+00:00,stratolink-3-eu,EU,STALE,40.6257961,-6.428663,10009.0,7.0,cicytex-ic003,,,-108,-4.0,False,False,,,,,,float
2026-05-28 13:29:02.777645+00:00,stratolink-3-eu,EU,STALE,40.6257961,-6.428663,10009.0,7.0,packetbroker,40.962758045083945,-5.675633842073217,-110,3.25,True,True,73.6359324656191,74.36994456081506,7.403320316988313,8.065543252669633,59.1683601017869,float
2026-05-28 13:29:02.777645+00:00,stratolink-3-eu,EU,STALE,40.6257961,-6.428663,10009.0,7.0,mtcdtip02-l4e1-9,,,-110,1.0,False,False,,,,,,float
2026-05-28 13:29:02.777645+00:00,stratolink-3-eu,EU,STALE,40.6257961,-6.428663,10009.0,7.0,packetbroker,40.962541751597406,-5.675446072867432,-111,2.75,True,True,73.63739668553853,74.37139657481511,7.403161798178406,8.065397901887811,59.19070782295381,float
2026-05-28 13:29:02.777645+00:00,stratolink-3-eu,EU,STALE,40.6257961,-6.428663,10009.0,7.0,cicytex-icmc-002,,,-112,-7.5,False,False,,,,,,float
2026-05-28 13:29:02.777645+00:00,stratolink-3-eu,EU,STALE,40.6257961,-6.428663,10009.0,7.0,dlps8-103,,,-114,-7.2,False,False,,,,,,float
2026-05-28 13:29:02.777645+00:00,stratolink-3-eu,EU,STALE,40.6257961,-6.428663,10009.0,7.0,mtcdtip02-l4e1-16,,,-114,-8.0,False,False,,,,,,float
2026-05-28 13:29:02.777645+00:00,stratolink-3-eu,EU,STALE,40.6257961,-6.428663,10009.0,7.0,mjv-casas,,,-115,0.2,False,False,,,,,,float
2026-05-28 13:29:02.777645+00:00,stratolink-3-eu,EU,STALE,40.6257961,-6.428663,10009.0,7.0,rio-tormes-1b,40.968865323719,-5.64232170581818,-115,-0.5,False,True,76.39753112398147,77.10941705634951,7.1145192715146495,7.801577826295318,59.78802396762984,float
2026-05-28 13:29:02.777645+00:00,stratolink-3-eu,EU,STALE,40.6257961,-6.428663,10009.0,7.0,5031395365454751,42.195765,-6.006521,-115,-8.5,False,True,178.0863879551528,178.50125504881117,2.413301930799312,4.014869082701203,11.26215914003194,float
2026-05-28 13:29:02.777645+00:00,stratolink-3-eu,EU,STALE,40.6257961,-6.428663,10009.0,7.0,meceiot-004-5030354163554750,40.5481739449056,-5.16353885114368,-115,-4.0,False,True,107.17888454101507,107.72775344099033,4.848917346444827,5.8127988807346185,94.20729341885351,float
2026-05-28 13:29:02.777645+00:00,stratolink-3-eu,EU,STALE,40.6257961,-6.428663,10009.0,7.0,mtcdtip02-l4e1-15,,,-115,-6.5,False,False,,,,,,float
2026-05-28 13:29:02.777645+00:00,stratolink-3-eu,EU,STALE,40.6257961,-6.428663,10009.0,7.0,mtcdtip02-l4e1-7,,,-115,-4.0,False,False,,,,,,float
2026-05-28 13:29:02.777645+00:00,stratolink-3-eu,EU,STALE,40.6257961,-6.428663,10009.0,7.0,cdtic-multitech-4,39.4920534590841,-6.57908320426941,-116,-4.0,False,True,126.71486734239434,127.20665440104555,3.9428580999060583,5.0824307057827465,185.84688660018682,float
2026-05-28 13:29:02.777645+00:00,stratolink-3-eu,EU,STALE,40.6257961,-6.428663,10009.0,7.0,ext-sg50-029,,,-116,,False,False,,,,,,float
2026-05-28 13:29:02.777645+00:00,stratolink-3-eu,EU,STALE,40.6257961,-6.428663,10009.0,7.0,niharramikrotik,40.589325292876616,-4.838257133960725,-116,-3.25,False,True,134.31778160937742,134.7928799760389,3.654187665070918,4.862134827187417,91.2124281497683,float
2026-05-28 13:29:02.777645+00:00,stratolink-3-eu,EU,STALE,40.6257961,-6.428663,10009.0,7.0,lora-more,41.81858911263017,-6.7508557295156235,-117,-7.3,False,True,135.34213528228818,135.8151719294709,3.617467950903412,4.834627334196793,348.6214371376065,float
2026-05-28 13:29:02.777645+00:00,stratolink-3-eu,EU,STALE,40.6257961,-6.428663,10009.0,7.0,ext-sg50-023,,,-117,-0.2,False,False,,,,,,float
2026-05-28 13:29:02.777645+00:00,stratolink-3-eu,EU,STALE,40.6257961,-6.428663,10009.0,7.0,v3-eui-b827ebfffebf1f02,40.13814,-7.50059,-118,-5.2,False,True,105.75302120153279,106.30707519171335,4.926785523119559,5.8778439780386424,239.50121508522003,float
2026-05-28 13:29:02.777645+00:00,stratolink-3-eu,EU,STALE,40.6257961,-6.428663,10009.0,7.0,mitigasmart-cc,,,-118,-3.2,False,False,,,,,,float
2026-05-28 13:29:02.777645+00:00,stratolink-3-eu,EU,STALE,40.6257961,-6.428663,10009.0,7.0,sg50-eui-c0ba1ffffe004945,,,-118,-7.8,False,False,,,,,,float
2026-05-28 13:29:02.777645+00:00,stratolink-3-eu,EU,STALE,40.6257961,-6.428663,10009.0,7.0,ext-sg50-024,,,-119,-3.8,False,False,,,,,,float
2026-05-28 13:29:02.777645+00:00,stratolink-3-eu,EU,STALE,40.6257961,-6.428663,10009.0,7.0,tef-mls-01,40.108033,-6.632828,-119,-3.5,False,True,60.1148739870506,60.98875847646064,9.17524615805839,9.715871461450847,196.78846730955854,float
2026-05-28 13:29:02.777645+00:00,stratolink-3-eu,EU,STALE,40.6257961,-6.428663,10009.0,7.0,ext-sg50-011,,,-120,-6.5,False,False,,,,,,float
2026-05-28 13:34:11.172466+00:00,stratolink-3-eu,EU,STALE,40.6257961,-6.428663,10009.0,7.0,mtcdtip02-l4e1-9,,,-108,-3.2,False,False,,,,,,float
2026-05-28 13:34:11.172466+00:00,stratolink-3-eu,EU,STALE,40.6257961,-6.428663,10009.0,7.0,cicytex-ic003,,,-109,-4.0,False,False,,,,,,float
2026-05-28 13:34:11.172466+00:00,stratolink-3-eu,EU,STALE,40.6257961,-6.428663,10009.0,7.0,meceiot-004-5030354163554750,40.5481739449056,-5.16353885114368,-109,4.25,False,True,107.17888454101507,107.72775344099033,4.848917346444827,5.8127988807346185,94.20729341885351,float
2026-05-28 13:34:11.172466+00:00,stratolink-3-eu,EU,STALE,40.6257961,-6.428663,10009.0,7.0,niharramikrotik,40.589325292876616,-4.838257133960725,-111,2.0,False,True,134.31778160937742,134.7928799760389,3.654187665070918,4.862134827187417,91.2124281497683,float
2026-05-28 13:34:11.172466+00:00,stratolink-3-eu,EU,STALE,40.6257961,-6.428663,10009.0,7.0,mjv-casas,,,-113,1.2,False,False,,,,,,float
2026-05-28 13:34:11.172466+00:00,stratolink-3-eu,EU,STALE,40.6257961,-6.428663,10009.0,7.0,dlps8-103,,,-113,-6.5,False,False,,,,,,float
2026-05-28 13:34:11.172466+00:00,stratolink-3-eu,EU,STALE,40.6257961,-6.428663,10009.0,7.0,packetbroker,40.962541751597406,-5.675446072867432,-113,1.0,True,True,73.63739668553853,74.37139657481511,7.403161798178406,8.065397901887811,59.19070782295381,float
2026-05-28 13:34:11.172466+00:00,stratolink-3-eu,EU,STALE,40.6257961,-6.428663,10009.0,7.0,packetbroker,40.962758045083945,-5.675633842073217,-114,-3.5,True,True,73.6359324656191,74.36994456081506,7.403320316988313,8.065543252669633,59.1683601017869,float
2026-05-28 13:34:11.172466+00:00,stratolink-3-eu,EU,STALE,40.6257961,-6.428663,10009.0,7.0,cdtic-multitech-4,39.4920534590841,-6.57908320426941,-114,-4.8,False,True,126.71486734239434,127.20665440104555,3.9428580999060583,5.0824307057827465,185.84688660018682,float
2026-05-28 13:34:11.172466+00:00,stratolink-3-eu,EU,STALE,40.6257961,-6.428663,10009.0,7.0,sg50-perte-malpica-02,39.94336757279527,-4.661850929260255,-114,-8.2,False,True,167.97978027441147,168.40451103014465,2.6517065343207107,4.162382905268337,116.28117507161642,float
2026-05-28 13:34:11.172466+00:00,stratolink-3-eu,EU,STALE,40.6257961,-6.428663,10009.0,7.0,elecrowgw,,,-115,-2.5,False,False,,,,,,float
2026-05-28 13:34:11.172466+00:00,stratolink-3-eu,EU,STALE,40.6257961,-6.428663,10009.0,7.0,italr0005,40.954279046747715,-4.142631590366364,-116,-2.5,False,True,195.88281833147107,196.28426214013473,2.0417625947977536,3.803376669090203,78.50829551505217,float
2026-05-28 13:34:11.172466+00:00,stratolink-3-eu,EU,STALE,40.6257961,-6.428663,10009.0,7.0,sg50-perte-malpica-05,,,-116,-1.0,False,False,,,,,,float
2026-05-28 13:34:11.172466+00:00,stratolink-3-eu,EU,STALE,40.6257961,-6.428663,10009.0,7.0,ext-sg50-029,,,-117,-6.0,False,False,,,,,,float
2026-05-28 13:34:11.172466+00:00,stratolink-3-eu,EU,STALE,40.6257961,-6.428663,10009.0,7.0,mitigasmart-cc,,,-118,-7.8,False,False,,,,,,float
2026-05-28 13:34:11.172466+00:00,stratolink-3-eu,EU,STALE,40.6257961,-6.428663,10009.0,7.0,sg50-eui-c0ba1ffffe004945,,,-118,-6.8,False,False,,,,,,float
2026-05-28 13:34:11.172466+00:00,stratolink-3-eu,EU,STALE,40.6257961,-6.428663,10009.0,7.0,sg50-perte-malpica-07,,,-118,-6.0,False,False,,,,,,float
2026-05-28 13:34:11.172466+00:00,stratolink-3-eu,EU,STALE,40.6257961,-6.428663,10009.0,7.0,tef-mls-01,40.108033,-6.632828,-119,-7.8,False,True,60.1148739870506,60.98875847646064,9.17524615805839,9.715871461450847,196.78846730955854,float
2026-05-28 13:34:11.172466+00:00,stratolink-3-eu,EU,STALE,40.6257961,-6.428663,10009.0,7.0,ext-sg50-023,,,-119,-4.8,False,False,,,,,,float
2026-05-28 13:34:11.172466+00:00,stratolink-3-eu,EU,STALE,40.6257961,-6.428663,10009.0,7.0,meceiot-013-dragout-a84041ffff29dc56,40.970672,-5.141641,-121,-7.25,False,True,114.92237375103964,115.44575407559824,4.456752514798385,5.490272824417167,70.08762740753605,float
2026-05-28 13:34:11.172466+00:00,stratolink-3-eu,EU,STALE,40.6257961,-6.428663,10009.0,7.0,antena-granjas-rendondo-01,,,-128,-8.25,False,False,,,,,,float
2026-05-28 13:39:19.590452+00:00,stratolink-3-eu,EU,STALE,40.6257961,-6.428663,10009.0,7.0,packetbroker,40.962758045083945,-5.675633842073217,-108,3.5,True,True,73.6359324656191,74.36994456081506,7.403320316988313,8.065543252669633,59.1683601017869,float
2026-05-28 13:39:19.590452+00:00,stratolink-3-eu,EU,STALE,40.6257961,-6.428663,10009.0,7.0,mtcdtip02-l4e1-9,,,-108,-5.5,False,False,,,,,,float
2026-05-28 13:39:19.590452+00:00,stratolink-3-eu,EU,STALE,40.6257961,-6.428663,10009.0,7.0,ext-dlos8-011,,,-109,-6.2,False,False,,,,,,float
2026-05-28 13:39:19.590452+00:00,stratolink-3-eu,EU,STALE,40.6257961,-6.428663,10009.0,7.0,packetbroker,40.962541751597406,-5.675446072867432,-109,3.25,True,True,73.63739668553853,74.37139657481511,7.403161798178406,8.065397901887811,59.19070782295381,float
2026-05-28 13:39:19.590452+00:00,stratolink-3-eu,EU,STALE,40.6257961,-6.428663,10009.0,7.0,cicytex-ic003,,,-109,-7.5,False,False,,,,,,float
2026-05-28 13:39:19.590452+00:00,stratolink-3-eu,EU,STALE,40.6257961,-6.428663,10009.0,7.0,niharramikrotik,40.589325292876616,-4.838257133960725,-110,-0.25,False,True,134.31778160937742,134.7928799760389,3.654187665070918,4.862134827187417,91.2124281497683,float
2026-05-28 13:39:19.590452+00:00,stratolink-3-eu,EU,STALE,40.6257961,-6.428663,10009.0,7.0,meceiot-004-5030354163554750,40.5481739449056,-5.16353885114368,-111,1.5,False,True,107.17888454101507,107.72775344099033,4.848917346444827,5.8127988807346185,94.20729341885351,float
2026-05-28 13:39:19.590452+00:00,stratolink-3-eu,EU,STALE,40.6257961,-6.428663,10009.0,7.0,lora-more,41.81858911263017,-6.7508557295156235,-112,-7.8,False,True,135.34213528228818,135.8151719294709,3.617467950903412,4.834627334196793,348.6214371376065,float
2026-05-28 13:39:19.590452+00:00,stratolink-3-eu,EU,STALE,40.6257961,-6.428663,10009.0,7.0,mjv-casas,,,-113,-3.5,False,False,,,,,,float
2026-05-28 13:39:19.590452+00:00,stratolink-3-eu,EU,STALE,40.6257961,-6.428663,10009.0,7.0,rio-tormes-1b,40.968865323719,-5.64232170581818,-113,-6.5,False,True,76.39753112398147,77.10941705634951,7.1145192715146495,7.801577826295318,59.78802396762984,float
2026-05-28 13:39:19.590452+00:00,stratolink-3-eu,EU,STALE,40.6257961,-6.428663,10009.0,7.0,elecrowgw,,,-114,-3.5,False,False,,,,,,float
2026-05-28 13:39:19.590452+00:00,stratolink-3-eu,EU,STALE,40.6257961,-6.428663,10009.0,7.0,5031395365454751,42.195765,-6.006521,-115,-4.75,False,True,178.0863879551528,178.50125504881117,2.413301930799312,4.014869082701203,11.26215914003194,float
2026-05-28 13:39:19.590452+00:00,stratolink-3-eu,EU,STALE,40.6257961,-6.428663,10009.0,7.0,packetbroker,42.3745405722791,-5.96814936380405,-115,-6.25,True,True,198.196751110667,198.59675771531337,1.9972896961056812,3.7797134390843348,11.00509002757616,float
2026-05-28 13:39:19.590452+00:00,stratolink-3-eu,EU,STALE,40.6257961,-6.428663,10009.0,7.0,italr0005,40.954279046747715,-4.142631590366364,-115,-2.0,False,True,195.88281833147107,196.28426214013473,2.0417625947977536,3.803376669090203,78.50829551505217,float
2026-05-28 13:39:19.590452+00:00,stratolink-3-eu,EU,STALE,40.6257961,-6.428663,10009.0,7.0,packetbroker,,,-117,-7.5,True,False,,,,,,float
2026-05-28 13:39:19.590452+00:00,stratolink-3-eu,EU,STALE,40.6257961,-6.428663,10009.0,7.0,ext-sg50-029,,,-117,-7.0,False,False,,,,,,float
2026-05-28 13:39:19.590452+00:00,stratolink-3-eu,EU,STALE,40.6257961,-6.428663,10009.0,7.0,mitigasmart-cc,,,-118,-7.8,False,False,,,,,,float
2026-05-28 13:39:19.590452+00:00,stratolink-3-eu,EU,STALE,40.6257961,-6.428663,10009.0,7.0,sg50-perte-malpica-07,,,-118,-8.2,False,False,,,,,,float
2026-05-28 13:39:19.590452+00:00,stratolink-3-eu,EU,STALE,40.6257961,-6.428663,10009.0,7.0,sg50-perte-malpica-05,,,-118,-9.5,False,False,,,,,,float
2026-05-28 13:39:19.590452+00:00,stratolink-3-eu,EU,STALE,40.6257961,-6.428663,10009.0,7.0,ext-sg50-024,,,-119,-8.2,False,False,,,,,,float
2026-05-28 13:39:19.590452+00:00,stratolink-3-eu,EU,STALE,40.6257961,-6.428663,10009.0,7.0,ext-sg50-023,,,-119,-7.5,False,False,,,,,,float
2026-05-28 13:44:27.783505+00:00,stratolink-3-eu,EU,STALE,40.6257961,-6.428663,10009.0,7.0,cicytex-ic003,,,-109,-5.0,False,False,,,,,,float
2026-05-28 13:44:27.783505+00:00,stratolink-3-eu,EU,STALE,40.6257961,-6.428663,10009.0,7.0,niharramikrotik,40.589325292876616,-4.838257133960725,-110,-7.25,False,True,134.31778160937742,134.7928799760389,3.654187665070918,4.862134827187417,91.2124281497683,float
2026-05-28 13:44:27.783505+00:00,stratolink-3-eu,EU,STALE,40.6257961,-6.428663,10009.0,7.0,ext-dlos8-011,,,-111,-6.8,False,False,,,,,,float
2026-05-28 13:44:27.783505+00:00,stratolink-3-eu,EU,STALE,40.6257961,-6.428663,10009.0,7.0,rio-tormes-1b,40.968865323719,-5.64232170581818,-113,1.0,False,True,76.39753112398147,77.10941705634951,7.1145192715146495,7.801577826295318,59.78802396762984,float
2026-05-28 13:44:27.783505+00:00,stratolink-3-eu,EU,STALE,40.6257961,-6.428663,10009.0,7.0,mtcdtip02-l4e1-9,,,-113,-3.8,False,False,,,,,,float
2026-05-28 13:44:27.783505+00:00,stratolink-3-eu,EU,STALE,40.6257961,-6.428663,10009.0,7.0,sg50-perte-malpica-02,39.94336757279527,-4.661850929260255,-113,-9.0,False,True,167.97978027441147,168.40451103014465,2.6517065343207107,4.162382905268337,116.28117507161642,float
2026-05-28 13:44:27.783505+00:00,stratolink-3-eu,EU,STALE,40.6257961,-6.428663,10009.0,7.0,mjv-casas,,,-114,-1.0,False,False,,,,,,float
2026-05-28 13:44:27.783505+00:00,stratolink-3-eu,EU,STALE,40.6257961,-6.428663,10009.0,7.0,italr0005,40.954279046747715,-4.142631590366364,-115,-1.25,False,True,195.88281833147107,196.28426214013473,2.0417625947977536,3.803376669090203,78.50829551505217,float
2026-05-28 13:44:27.783505+00:00,stratolink-3-eu,EU,STALE,40.6257961,-6.428663,10009.0,7.0,meceiot-004-5030354163554750,40.5481739449056,-5.16353885114368,-115,-0.25,False,True,107.17888454101507,107.72775344099033,4.848917346444827,5.8127988807346185,94.20729341885351,float
2026-05-28 13:44:27.783505+00:00,stratolink-3-eu,EU,STALE,40.6257961,-6.428663,10009.0,7.0,ext-sg50-029,,,-116,-8.2,False,False,,,,,,float
2026-05-28 13:44:27.783505+00:00,stratolink-3-eu,EU,STALE,40.6257961,-6.428663,10009.0,7.0,elecrowgw,,,-117,-8.2,False,False,,,,,,float
2026-05-28 13:44:27.783505+00:00,stratolink-3-eu,EU,STALE,40.6257961,-6.428663,10009.0,7.0,sg50-perte-malpica-05,,,-117,-3.5,False,False,,,,,,float
2026-05-28 13:44:27.783505+00:00,stratolink-3-eu,EU,STALE,40.6257961,-6.428663,10009.0,7.0,mitigasmart-cc,,,-118,-7.0,False,False,,,,,,float
2026-05-28 13:44:27.783505+00:00,stratolink-3-eu,EU,STALE,40.6257961,-6.428663,10009.0,7.0,ext-sg50-023,,,-119,-2.8,False,False,,,,,,float
2026-05-28 13:44:27.783505+00:00,stratolink-3-eu,EU,STALE,40.6257961,-6.428663,10009.0,7.0,meceiot-013-dragout-a84041ffff29dc56,40.970672,-5.141641,-120,-5.0,False,True,114.92237375103964,115.44575407559824,4.456752514798385,5.490272824417167,70.08762740753605,float
2026-05-28 13:49:36.495716+00:00,stratolink-3-eu,EU,STALE,40.6257961,-6.428663,10009.0,7.0,rio-tormes-1b,40.968865323719,-5.64232170581818,-106,3.5,False,True,76.39753112398147,77.10941705634951,7.1145192715146495,7.801577826295318,59.78802396762984,float
2026-05-28 13:49:36.495716+00:00,stratolink-3-eu,EU,STALE,40.6257961,-6.428663,10009.0,7.0,cicytex-ic003,,,-109,-6.2,False,False,,,,,,float
2026-05-28 13:49:36.495716+00:00,stratolink-3-eu,EU,STALE,40.6257961,-6.428663,10009.0,7.0,mtcdtip02-l4e1-9,,,-110,-5.8,False,False,,,,,,float
2026-05-28 13:49:36.495716+00:00,stratolink-3-eu,EU,STALE,40.6257961,-6.428663,10009.0,7.0,niharramikrotik,40.589325292876616,-4.838257133960725,-111,1.25,False,True,134.31778160937742,134.7928799760389,3.654187665070918,4.862134827187417,91.2124281497683,float
2026-05-28 13:49:36.495716+00:00,stratolink-3-eu,EU,STALE,40.6257961,-6.428663,10009.0,7.0,packetbroker,40.962541751597406,-5.675446072867432,-111,0.5,True,True,73.63739668553853,74.37139657481511,7.403161798178406,8.065397901887811,59.19070782295381,float
2026-05-28 13:49:36.495716+00:00,stratolink-3-eu,EU,STALE,40.6257961,-6.428663,10009.0,7.0,ext-dlos8-011,,,-111,-6.2,False,False,,,,,,float
2026-05-28 13:49:36.495716+00:00,stratolink-3-eu,EU,STALE,40.6257961,-6.428663,10009.0,7.0,meceiot-004-5030354163554750,40.5481739449056,-5.16353885114368,-111,1.25,False,True,107.17888454101507,107.72775344099033,4.848917346444827,5.8127988807346185,94.20729341885351,float
2026-05-28 13:49:36.495716+00:00,stratolink-3-eu,EU,STALE,40.6257961,-6.428663,10009.0,7.0,packetbroker,42.3745405722791,-5.96814936380405,-113,-7.5,True,True,198.196751110667,198.59675771531337,1.9972896961056812,3.7797134390843348,11.00509002757616,float
2026-05-28 13:49:36.495716+00:00,stratolink-3-eu,EU,STALE,40.6257961,-6.428663,10009.0,7.0,mjv-casas,,,-115,-0.5,False,False,,,,,,float
2026-05-28 13:49:36.495716+00:00,stratolink-3-eu,EU,STALE,40.6257961,-6.428663,10009.0,7.0,cdtic-multitech-4,39.4920534590841,-6.57908320426941,-116,-6.0,False,True,126.71486734239434,127.20665440104555,3.9428580999060583,5.0824307057827465,185.84688660018682,float
2026-05-28 13:49:36.495716+00:00,stratolink-3-eu,EU,STALE,40.6257961,-6.428663,10009.0,7.0,italr0005,40.954279046747715,-4.142631590366364,-117,-3.75,False,True,195.88281833147107,196.28426214013473,2.0417625947977536,3.803376669090203,78.50829551505217,float
2026-05-28 13:49:36.495716+00:00,stratolink-3-eu,EU,STALE,40.6257961,-6.428663,10009.0,7.0,ext-sg50-029,,,-117,-6.5,False,False,,,,,,float
2026-05-28 13:49:36.495716+00:00,stratolink-3-eu,EU,STALE,40.6257961,-6.428663,10009.0,7.0,meceiot-013-dragout-a84041ffff29dc56,40.970672,-5.141641,-118,-3.75,False,True,114.92237375103964,115.44575407559824,4.456752514798385,5.490272824417167,70.08762740753605,float
2026-05-28 13:49:36.495716+00:00,stratolink-3-eu,EU,STALE,40.6257961,-6.428663,10009.0,7.0,mitigasmart-cc,,,-118,-6.2,False,False,,,,,,float
2026-05-28 13:49:36.495716+00:00,stratolink-3-eu,EU,STALE,40.6257961,-6.428663,10009.0,7.0,ext-sg50-023,,,-119,-5.5,False,False,,,,,,float
2026-05-28 13:49:36.495716+00:00,stratolink-3-eu,EU,STALE,40.6257961,-6.428663,10009.0,7.0,ext-sg50-024,,,-120,-7.8,False,False,,,,,,float
2026-05-28 13:49:36.495716+00:00,stratolink-3-eu,EU,STALE,40.6257961,-6.428663,10009.0,7.0,antena-granjas-rendondo-01,,,-128,-8.5,False,False,,,,,,float
2026-05-28 13:54:44.614591+00:00,stratolink-3-eu,EU,STALE,40.6257961,-6.428663,10009.0,7.0,packetbroker,40.962541751597406,-5.675446072867432,-108,1.75,True,True,73.63739668553853,74.37139657481511,7.403161798178406,8.065397901887811,59.19070782295381,float
2026-05-28 13:54:44.614591+00:00,stratolink-3-eu,EU,STALE,40.6257961,-6.428663,10009.0,7.0,meceiot-004-5030354163554750,40.5481739449056,-5.16353885114368,-108,4.25,False,True,107.17888454101507,107.72775344099033,4.848917346444827,5.8127988807346185,94.20729341885351,float
2026-05-28 13:54:44.614591+00:00,stratolink-3-eu,EU,STALE,40.6257961,-6.428663,10009.0,7.0,mikrotikepsa,40.65110091852006,-4.679304063320161,-109,-8.8,False,True,147.63293591777082,148.08419308632423,3.211465264179429,4.539158320452129,88.33833292165804,float
2026-05-28 13:54:44.614591+00:00,stratolink-3-eu,EU,STALE,40.6257961,-6.428663,10009.0,7.0,cicytex-ic003,,,-109,-7.8,False,False,,,,,,float
2026-05-28 13:54:44.614591+00:00,stratolink-3-eu,EU,STALE,40.6257961,-6.428663,10009.0,7.0,niharramikrotik,40.589325292876616,-4.838257133960725,-110,1.75,False,True,134.31778160937742,134.7928799760389,3.654187665070918,4.862134827187417,91.2124281497683,float
2026-05-28 13:54:44.614591+00:00,stratolink-3-eu,EU,STALE,40.6257961,-6.428663,10009.0,7.0,mtcdtip02-l4e1-9,,,-110,-3.2,False,False,,,,,,float
2026-05-28 13:54:44.614591+00:00,stratolink-3-eu,EU,STALE,40.6257961,-6.428663,10009.0,7.0,mtcdtip02-l4e1-5,,,-110,-7.2,False,False,,,,,,float
2026-05-28 13:54:44.614591+00:00,stratolink-3-eu,EU,STALE,40.6257961,-6.428663,10009.0,7.0,mjv-casas,,,-111,1.2,False,False,,,,,,float
2026-05-28 13:54:44.614591+00:00,stratolink-3-eu,EU,STALE,40.6257961,-6.428663,10009.0,7.0,cicytex-icmc-002,,,-112,-7.5,False,False,,,,,,float
2026-05-28 13:54:44.614591+00:00,stratolink-3-eu,EU,STALE,40.6257961,-6.428663,10009.0,7.0,sg50-perte-malpica-02,39.94336757279527,-4.661850929260255,-112,-5.8,False,True,167.97978027441147,168.40451103014465,2.6517065343207107,4.162382905268337,116.28117507161642,float
2026-05-28 13:54:44.614591+00:00,stratolink-3-eu,EU,STALE,40.6257961,-6.428663,10009.0,7.0,rio-tormes-1b,40.968865323719,-5.64232170581818,-113,1.75,False,True,76.39753112398147,77.10941705634951,7.1145192715146495,7.801577826295318,59.78802396762984,float
2026-05-28 13:54:44.614591+00:00,stratolink-3-eu,EU,STALE,40.6257961,-6.428663,10009.0,7.0,dlps8-103,,,-113,-7.5,False,False,,,,,,float
2026-05-28 13:54:44.614591+00:00,stratolink-3-eu,EU,STALE,40.6257961,-6.428663,10009.0,7.0,cdtic-multitech-4,39.4920534590841,-6.57908320426941,-115,-7.0,False,True,126.71486734239434,127.20665440104555,3.9428580999060583,5.0824307057827465,185.84688660018682,float
2026-05-28 13:54:44.614591+00:00,stratolink-3-eu,EU,STALE,40.6257961,-6.428663,10009.0,7.0,sg50-perte-malpica-05,,,-115,-3.2,False,False,,,,,,float
2026-05-28 13:54:44.614591+00:00,stratolink-3-eu,EU,STALE,40.6257961,-6.428663,10009.0,7.0,italr0005,40.954279046747715,-4.142631590366364,-116,-2.0,False,True,195.88281833147107,196.28426214013473,2.0417625947977536,3.803376669090203,78.50829551505217,float
2026-05-28 13:54:44.614591+00:00,stratolink-3-eu,EU,STALE,40.6257961,-6.428663,10009.0,7.0,ext-sg50-015,,,-116,-9.8,False,False,,,,,,float
2026-05-28 13:54:44.614591+00:00,stratolink-3-eu,EU,STALE,40.6257961,-6.428663,10009.0,7.0,sg50-perte-malpica-06,,,-116,-8.0,False,False,,,,,,float
2026-05-28 13:54:44.614591+00:00,stratolink-3-eu,EU,STALE,40.6257961,-6.428663,10009.0,7.0,sg50-perte-malpica-01,,,-117,-8.5,False,False,,,,,,float
2026-05-28 13:54:44.614591+00:00,stratolink-3-eu,EU,STALE,40.6257961,-6.428663,10009.0,7.0,mitigasmart-cc,,,-117,-3.0,False,False,,,,,,float
2026-05-28 13:54:44.614591+00:00,stratolink-3-eu,EU,STALE,40.6257961,-6.428663,10009.0,7.0,ext-sg50-029,,,-117,-5.5,False,False,,,,,,float
2026-05-28 13:54:44.614591+00:00,stratolink-3-eu,EU,STALE,40.6257961,-6.428663,10009.0,7.0,sg50-perte-malpica-07,,,-117,-4.5,False,False,,,,,,float
2026-05-28 13:54:44.614591+00:00,stratolink-3-eu,EU,STALE,40.6257961,-6.428663,10009.0,7.0,sg50-eui-c0ba1ffffe004945,,,-118,-6.5,False,False,,,,,,float
2026-05-28 13:54:44.614591+00:00,stratolink-3-eu,EU,STALE,40.6257961,-6.428663,10009.0,7.0,meceiot-013-dragout-a84041ffff29dc56,40.970672,-5.141641,-120,-5.5,False,True,114.92237375103964,115.44575407559824,4.456752514798385,5.490272824417167,70.08762740753605,float
2026-05-28 13:59:52.660848+00:00,stratolink-3-eu,EU,STALE,40.6257961,-6.428663,10009.0,7.0,cicytex-ic003,,,-109,-2.2,False,False,,,,,,float
2026-05-28 13:59:52.660848+00:00,stratolink-3-eu,EU,STALE,40.6257961,-6.428663,10009.0,7.0,mtcdtip02-l4e1-9,,,-111,-3.8,False,False,,,,,,float
2026-05-28 13:59:52.660848+00:00,stratolink-3-eu,EU,STALE,40.6257961,-6.428663,10009.0,7.0,sg50-perte-malpica-04,,,-111,-9.8,False,False,,,,,,float
2026-05-28 13:59:52.660848+00:00,stratolink-3-eu,EU,STALE,40.6257961,-6.428663,10009.0,7.0,mjv-casas,,,-113,2.8,False,False,,,,,,float
2026-05-28 13:59:52.660848+00:00,stratolink-3-eu,EU,STALE,40.6257961,-6.428663,10009.0,7.0,meceiot-004-5030354163554750,40.5481739449056,-5.16353885114368,-113,1.25,False,True,107.17888454101507,107.72775344099033,4.848917346444827,5.8127988807346185,94.20729341885351,float
2026-05-28 13:59:52.660848+00:00,stratolink-3-eu,EU,STALE,40.6257961,-6.428663,10009.0,7.0,sg50-perte-malpica-02,39.94336757279527,-4.661850929260255,-113,-5.5,False,True,167.97978027441147,168.40451103014465,2.6517065343207107,4.162382905268337,116.28117507161642,float
2026-05-28 13:59:52.660848+00:00,stratolink-3-eu,EU,STALE,40.6257961,-6.428663,10009.0,7.0,packetbroker,40.962541751597406,-5.675446072867432,-113,0.75,True,True,73.63739668553853,74.37139657481511,7.403161798178406,8.065397901887811,59.19070782295381,float
2026-05-28 13:59:52.660848+00:00,stratolink-3-eu,EU,STALE,40.6257961,-6.428663,10009.0,7.0,mtcdtip02-l4e1-13,,,-114,-9.2,False,False,,,,,,float
2026-05-28 13:59:52.660848+00:00,stratolink-3-eu,EU,STALE,40.6257961,-6.428663,10009.0,7.0,dlps8-103,,,-114,-5.8,False,False,,,,,,float
2026-05-28 13:59:52.660848+00:00,stratolink-3-eu,EU,STALE,40.6257961,-6.428663,10009.0,7.0,sg50-perte-malpica-06,,,-114,-6.2,False,False,,,,,,float
2026-05-28 13:59:52.660848+00:00,stratolink-3-eu,EU,STALE,40.6257961,-6.428663,10009.0,7.0,cdtic-multitech-4,39.4920534590841,-6.57908320426941,-115,-6.2,False,True,126.71486734239434,127.20665440104555,3.9428580999060583,5.0824307057827465,185.84688660018682,float
2026-05-28 13:59:52.660848+00:00,stratolink-3-eu,EU,STALE,40.6257961,-6.428663,10009.0,7.0,ext-sg50-018,,,-115,-4.8,False,False,,,,,,float
2026-05-28 13:59:52.660848+00:00,stratolink-3-eu,EU,STALE,40.6257961,-6.428663,10009.0,7.0,sg50-eui-c0ba1ffffe004945,,,-118,-7.5,False,False,,,,,,float
2026-05-28 13:59:52.660848+00:00,stratolink-3-eu,EU,STALE,40.6257961,-6.428663,10009.0,7.0,sg50-perte-malpica-07,,,-118,-4.5,False,False,,,,,,float
2026-05-28 13:59:52.660848+00:00,stratolink-3-eu,EU,STALE,40.6257961,-6.428663,10009.0,7.0,ext-sg50-024,,,-119,-6.8,False,False,,,,,,float
2026-05-28 13:59:52.660848+00:00,stratolink-3-eu,EU,STALE,40.6257961,-6.428663,10009.0,7.0,mitigasmart-cc,,,-119,-5.8,False,False,,,,,,float
2026-05-28 13:59:52.660848+00:00,stratolink-3-eu,EU,STALE,40.6257961,-6.428663,10009.0,7.0,ext-sg50-028,,,-119,-6.2,False,False,,,,,,float
2026-05-28 13:59:52.660848+00:00,stratolink-3-eu,EU,STALE,40.6257961,-6.428663,10009.0,7.0,cicytex-unex-1,,,-119,-5.8,False,False,,,,,,float
2026-05-28 13:59:52.660848+00:00,stratolink-3-eu,EU,STALE,40.6257961,-6.428663,10009.0,7.0,italr0005,40.954279046747715,-4.142631590366364,-121,-7.0,False,True,195.88281833147107,196.28426214013473,2.0417625947977536,3.803376669090203,78.50829551505217,float
2026-05-28 13:59:52.660848+00:00,stratolink-3-eu,EU,STALE,40.6257961,-6.428663,10009.0,7.0,meceiot-013-dragout-a84041ffff29dc56,40.970672,-5.141641,-123,-7.75,False,True,114.92237375103964,115.44575407559824,4.456752514798385,5.490272824417167,70.08762740753605,float
2026-05-28 14:05:00.592666+00:00,stratolink-3-eu,EU,STALE,40.6257961,-6.428663,10009.0,7.0,packetbroker,40.962541751597406,-5.675446072867432,-108,4.25,True,True,73.63739668553853,74.37139657481511,7.403161798178406,8.065397901887811,59.19070782295381,float
2026-05-28 14:05:00.592666+00:00,stratolink-3-eu,EU,STALE,40.6257961,-6.428663,10009.0,7.0,cicytex-ic003,,,-109,-4.2,False,False,,,,,,float
2026-05-28 14:05:00.592666+00:00,stratolink-3-eu,EU,STALE,40.6257961,-6.428663,10009.0,7.0,mtcdtip02-l4e1-9,,,-110,-4.2,False,False,,,,,,float
2026-05-28 14:05:00.592666+00:00,stratolink-3-eu,EU,STALE,40.6257961,-6.428663,10009.0,7.0,niharramikrotik,40.589325292876616,-4.838257133960725,-111,-0.5,False,True,134.31778160937742,134.7928799760389,3.654187665070918,4.862134827187417,91.2124281497683,float
2026-05-28 14:05:00.592666+00:00,stratolink-3-eu,EU,STALE,40.6257961,-6.428663,10009.0,7.0,ext-sg50-018,,,-114,-8.5,False,False,,,,,,float
2026-05-28 14:05:00.592666+00:00,stratolink-3-eu,EU,STALE,40.6257961,-6.428663,10009.0,7.0,meceiot-004-5030354163554750,40.5481739449056,-5.16353885114368,-114,-2.0,False,True,107.17888454101507,107.72775344099033,4.848917346444827,5.8127988807346185,94.20729341885351,float
2026-05-28 14:05:00.592666+00:00,stratolink-3-eu,EU,STALE,40.6257961,-6.428663,10009.0,7.0,packetbroker,,,-117,-6.5,True,False,,,,,,float
2026-05-28 14:05:00.592666+00:00,stratolink-3-eu,EU,STALE,40.6257961,-6.428663,10009.0,7.0,ext-sg50-028,,,-118,-6.8,False,False,,,,,,float
2026-05-28 14:05:00.592666+00:00,stratolink-3-eu,EU,STALE,40.6257961,-6.428663,10009.0,7.0,sg50-perte-malpica-05,,,-118,-7.5,False,False,,,,,,float
2026-05-28 14:05:00.592666+00:00,stratolink-3-eu,EU,STALE,40.6257961,-6.428663,10009.0,7.0,ext-sg50-029,,,-118,-7.0,False,False,,,,,,float
2026-05-28 14:05:00.592666+00:00,stratolink-3-eu,EU,STALE,40.6257961,-6.428663,10009.0,7.0,ext-sg50-024,,,-119,-4.8,False,False,,,,,,float
2026-05-28 14:05:00.592666+00:00,stratolink-3-eu,EU,STALE,40.6257961,-6.428663,10009.0,7.0,ext-sg50-022,,,-120,-9.5,False,False,,,,,,float
2026-05-28 14:05:00.592666+00:00,stratolink-3-eu,EU,STALE,40.6257961,-6.428663,10009.0,7.0,meceiot-013-dragout-a84041ffff29dc56,40.970672,-5.141641,-122,-8.0,False,True,114.92237375103964,115.44575407559824,4.456752514798385,5.490272824417167,70.08762740753605,float
2026-05-28 14:10:08.659962+00:00,stratolink-3-eu,EU,STALE,40.6257961,-6.428663,10009.0,7.0,packetbroker,40.962758045083945,-5.675633842073217,-108,3.5,True,True,73.6359324656191,74.36994456081506,7.403320316988313,8.065543252669633,59.1683601017869,float
2026-05-28 14:10:08.659962+00:00,stratolink-3-eu,EU,STALE,40.6257961,-6.428663,10009.0,7.0,cicytex-ic003,,,-108,-6.8,False,False,,,,,,float
2026-05-28 14:10:08.659962+00:00,stratolink-3-eu,EU,STALE,40.6257961,-6.428663,10009.0,7.0,mtcdtip02-l4e1-9,,,-110,-5.8,False,False,,,,,,float
2026-05-28 14:10:08.659962+00:00,stratolink-3-eu,EU,STALE,40.6257961,-6.428663,10009.0,7.0,meceiot-004-5030354163554750,40.5481739449056,-5.16353885114368,-110,,False,True,107.17888454101507,107.72775344099033,4.848917346444827,5.8127988807346185,94.20729341885351,float
2026-05-28 14:10:08.659962+00:00,stratolink-3-eu,EU,STALE,40.6257961,-6.428663,10009.0,7.0,ext-dlos8-011,,,-110,-7.0,False,False,,,,,,float
2026-05-28 14:10:08.659962+00:00,stratolink-3-eu,EU,STALE,40.6257961,-6.428663,10009.0,7.0,niharramikrotik,40.589325292876616,-4.838257133960725,-113,,False,True,134.31778160937742,134.7928799760389,3.654187665070918,4.862134827187417,91.2124281497683,float
2026-05-28 14:10:08.659962+00:00,stratolink-3-eu,EU,STALE,40.6257961,-6.428663,10009.0,7.0,ext-sg50-018,,,-113,-8.8,False,False,,,,,,float
2026-05-28 14:10:08.659962+00:00,stratolink-3-eu,EU,STALE,40.6257961,-6.428663,10009.0,7.0,packetbroker,40.962541751597406,-5.675446072867432,-114,-4.25,True,True,73.63739668553853,74.37139657481511,7.403161798178406,8.065397901887811,59.19070782295381,float
2026-05-28 14:10:08.659962+00:00,stratolink-3-eu,EU,STALE,40.6257961,-6.428663,10009.0,7.0,italr0005,40.954279046747715,-4.142631590366364,-114,-1.0,False,True,195.88281833147107,196.28426214013473,2.0417625947977536,3.803376669090203,78.50829551505217,float
2026-05-28 14:10:08.659962+00:00,stratolink-3-eu,EU,STALE,40.6257961,-6.428663,10009.0,7.0,mjv-casas,,,-115,-2.5,False,False,,,,,,float
2026-05-28 14:10:08.659962+00:00,stratolink-3-eu,EU,STALE,40.6257961,-6.428663,10009.0,7.0,rio-tormes-1b,40.968865323719,-5.64232170581818,-116,-6.25,False,True,76.39753112398147,77.10941705634951,7.1145192715146495,7.801577826295318,59.78802396762984,float
2026-05-28 14:10:08.659962+00:00,stratolink-3-eu,EU,STALE,40.6257961,-6.428663,10009.0,7.0,italr0001,41.70253250763931,-4.708266556262971,-116,-4.25,False,True,187.27657100298967,187.68394848002842,2.2145389629131254,3.8987553024280377,49.69771685783297,float
2026-05-28 14:10:08.659962+00:00,stratolink-3-eu,EU,STALE,40.6257961,-6.428663,10009.0,7.0,mitigasmart-cc,,,-118,-5.2,False,False,,,,,,float
2026-05-28 14:10:08.659962+00:00,stratolink-3-eu,EU,STALE,40.6257961,-6.428663,10009.0,7.0,ext-sg50-029,,,-118,-9.8,False,False,,,,,,float
2026-05-28 14:10:08.659962+00:00,stratolink-3-eu,EU,STALE,40.6257961,-6.428663,10009.0,7.0,sg50-perte-malpica-07,,,-118,-7.8,False,False,,,,,,float
2026-05-28 14:10:08.659962+00:00,stratolink-3-eu,EU,STALE,40.6257961,-6.428663,10009.0,7.0,ext-sg50-024,,,-119,-8.5,False,False,,,,,,float
2026-05-28 14:10:08.659962+00:00,stratolink-3-eu,EU,STALE,40.6257961,-6.428663,10009.0,7.0,ext-sg50-023,,,-119,-6.0,False,False,,,,,,float
2026-05-28 14:10:08.659962+00:00,stratolink-3-eu,EU,STALE,40.6257961,-6.428663,10009.0,7.0,meceiot-013-dragout-a84041ffff29dc56,40.970672,-5.141641,-120,-6.0,False,True,114.92237375103964,115.44575407559824,4.456752514798385,5.490272824417167,70.08762740753605,float
2026-05-28 14:15:16.646826+00:00,stratolink-3-eu,EU,STALE,40.6257961,-6.428663,10009.0,7.0,niharramikrotik,40.589325292876616,-4.838257133960725,-101,-9.0,False,True,134.31778160937742,134.7928799760389,3.654187665070918,4.862134827187417,91.2124281497683,float
2026-05-28 14:15:16.646826+00:00,stratolink-3-eu,EU,STALE,40.6257961,-6.428663,10009.0,7.0,mtcdtip02-l4e1-5,,,-108,-6.0,False,False,,,,,,float
2026-05-28 14:15:16.646826+00:00,stratolink-3-eu,EU,STALE,40.6257961,-6.428663,10009.0,7.0,cicytex-ic003,,,-109,-3.8,False,False,,,,,,float
2026-05-28 14:15:16.646826+00:00,stratolink-3-eu,EU,STALE,40.6257961,-6.428663,10009.0,7.0,meceiot-004-5030354163554750,40.5481739449056,-5.16353885114368,-109,6.5,False,True,107.17888454101507,107.72775344099033,4.848917346444827,5.8127988807346185,94.20729341885351,float
2026-05-28 14:15:16.646826+00:00,stratolink-3-eu,EU,STALE,40.6257961,-6.428663,10009.0,7.0,sg50-perte-malpica-02,39.94336757279527,-4.661850929260255,-111,-7.2,False,True,167.97978027441147,168.40451103014465,2.6517065343207107,4.162382905268337,116.28117507161642,float
2026-05-28 14:15:16.646826+00:00,stratolink-3-eu,EU,STALE,40.6257961,-6.428663,10009.0,7.0,packetbroker,40.962541751597406,-5.675446072867432,-113,2.0,True,True,73.63739668553853,74.37139657481511,7.403161798178406,8.065397901887811,59.19070782295381,float
2026-05-28 14:15:16.646826+00:00,stratolink-3-eu,EU,STALE,40.6257961,-6.428663,10009.0,7.0,ext-sg50-018,,,-113,-8.0,False,False,,,,,,float
2026-05-28 14:15:16.646826+00:00,stratolink-3-eu,EU,STALE,40.6257961,-6.428663,10009.0,7.0,mjv-casas,,,-114,-0.8,False,False,,,,,,float
2026-05-28 14:15:16.646826+00:00,stratolink-3-eu,EU,STALE,40.6257961,-6.428663,10009.0,7.0,dlps8-103,,,-114,-6.2,False,False,,,,,,float
2026-05-28 14:15:16.646826+00:00,stratolink-3-eu,EU,STALE,40.6257961,-6.428663,10009.0,7.0,cdtic-multitech-4,39.4920534590841,-6.57908320426941,-114,-4.8,False,True,126.71486734239434,127.20665440104555,3.9428580999060583,5.0824307057827465,185.84688660018682,float
2026-05-28 14:15:16.646826+00:00,stratolink-3-eu,EU,STALE,40.6257961,-6.428663,10009.0,7.0,dlps8-105,,,-114,-10.0,False,False,,,,,,float
2026-05-28 14:15:16.646826+00:00,stratolink-3-eu,EU,STALE,40.6257961,-6.428663,10009.0,7.0,sg50-perte-malpica-07,,,-114,-6.8,False,False,,,,,,float
2026-05-28 14:15:16.646826+00:00,stratolink-3-eu,EU,STALE,40.6257961,-6.428663,10009.0,7.0,packetbroker,40.962758045083945,-5.675633842073217,-116,-6.5,True,True,73.6359324656191,74.36994456081506,7.403320316988313,8.065543252669633,59.1683601017869,float
2026-05-28 14:15:16.646826+00:00,stratolink-3-eu,EU,STALE,40.6257961,-6.428663,10009.0,7.0,packetbroker,,,-117,-5.75,True,False,,,,,,float
2026-05-28 14:15:16.646826+00:00,stratolink-3-eu,EU,STALE,40.6257961,-6.428663,10009.0,7.0,sg50-perte-malpica-05,,,-117,-1.0,False,False,,,,,,float
2026-05-28 14:15:16.646826+00:00,stratolink-3-eu,EU,STALE,40.6257961,-6.428663,10009.0,7.0,italr0005,40.954279046747715,-4.142631590366364,-118,-3.25,False,True,195.88281833147107,196.28426214013473,2.0417625947977536,3.803376669090203,78.50829551505217,float
2026-05-28 14:15:16.646826+00:00,stratolink-3-eu,EU,STALE,40.6257961,-6.428663,10009.0,7.0,mitigasmart-cc,,,-118,-3.0,False,False,,,,,,float
2026-05-28 14:15:16.646826+00:00,stratolink-3-eu,EU,STALE,40.6257961,-6.428663,10009.0,7.0,ext-sg50-029,,,-118,-6.5,False,False,,,,,,float
2026-05-28 14:15:16.646826+00:00,stratolink-3-eu,EU,STALE,40.6257961,-6.428663,10009.0,7.0,tef-mls-01,40.108033,-6.632828,-119,-4.8,False,True,60.1148739870506,60.98875847646064,9.17524615805839,9.715871461450847,196.78846730955854,float
2026-05-28 14:15:16.646826+00:00,stratolink-3-eu,EU,STALE,40.6257961,-6.428663,10009.0,7.0,sg50-eui-c0ba1ffffe004945,,,-119,-6.8,False,False,,,,,,float
2026-05-28 14:15:16.646826+00:00,stratolink-3-eu,EU,STALE,40.6257961,-6.428663,10009.0,7.0,ext-sg50-011,,,-120,-7.5,False,False,,,,,,float
2026-05-28 14:15:16.646826+00:00,stratolink-3-eu,EU,STALE,40.6257961,-6.428663,10009.0,7.0,meceiot-013-dragout-a84041ffff29dc56,40.970672,-5.141641,-121,-6.0,False,True,114.92237375103964,115.44575407559824,4.456752514798385,5.490272824417167,70.08762740753605,float
2026-05-28 14:20:24.714596+00:00,stratolink-3-eu,EU,STALE,40.6257961,-6.428663,10009.0,7.0,cicytex-ic003,,,-108,-5.0,False,False,,,,,,float
2026-05-28 14:20:24.714596+00:00,stratolink-3-eu,EU,STALE,40.6257961,-6.428663,10009.0,7.0,mtcdtip02-l4e1-1,,,-109,-5.8,False,False,,,,,,float
2026-05-28 14:20:24.714596+00:00,stratolink-3-eu,EU,STALE,40.6257961,-6.428663,10009.0,7.0,niharramikrotik,40.589325292876616,-4.838257133960725,-109,4.0,False,True,134.31778160937742,134.7928799760389,3.654187665070918,4.862134827187417,91.2124281497683,float
2026-05-28 14:20:24.714596+00:00,stratolink-3-eu,EU,STALE,40.6257961,-6.428663,10009.0,7.0,packetbroker,40.962541751597406,-5.675446072867432,-110,1.0,True,True,73.63739668553853,74.37139657481511,7.403161798178406,8.065397901887811,59.19070782295381,float
2026-05-28 14:20:24.714596+00:00,stratolink-3-eu,EU,STALE,40.6257961,-6.428663,10009.0,7.0,mjv-casas,,,-111,,False,False,,,,,,float
2026-05-28 14:20:24.714596+00:00,stratolink-3-eu,EU,STALE,40.6257961,-6.428663,10009.0,7.0,cicytex-icmc-002,,,-111,-9.3,False,False,,,,,,float
2026-05-28 14:20:24.714596+00:00,stratolink-3-eu,EU,STALE,40.6257961,-6.428663,10009.0,7.0,packetbroker,40.962758045083945,-5.675633842073217,-113,-3.5,True,True,73.6359324656191,74.36994456081506,7.403320316988313,8.065543252669633,59.1683601017869,float
2026-05-28 14:20:24.714596+00:00,stratolink-3-eu,EU,STALE,40.6257961,-6.428663,10009.0,7.0,dlps8-103,,,-113,-7.2,False,False,,,,,,float
2026-05-28 14:20:24.714596+00:00,stratolink-3-eu,EU,STALE,40.6257961,-6.428663,10009.0,7.0,sg50-perte-malpica-02,39.94336757279527,-4.661850929260255,-113,-4.0,False,True,167.97978027441147,168.40451103014465,2.6517065343207107,4.162382905268337,116.28117507161642,float
2026-05-28 14:20:24.714596+00:00,stratolink-3-eu,EU,STALE,40.6257961,-6.428663,10009.0,7.0,ext-sg50-018,,,-114,-7.2,False,False,,,,,,float
2026-05-28 14:20:24.714596+00:00,stratolink-3-eu,EU,STALE,40.6257961,-6.428663,10009.0,7.0,cdtic-multitech-4,39.4920534590841,-6.57908320426941,-114,-2.2,False,True,126.71486734239434,127.20665440104555,3.9428580999060583,5.0824307057827465,185.84688660018682,float
2026-05-28 14:20:24.714596+00:00,stratolink-3-eu,EU,STALE,40.6257961,-6.428663,10009.0,7.0,sg50-perte-malpica-06,,,-115,-5.2,False,False,,,,,,float
2026-05-28 14:20:24.714596+00:00,stratolink-3-eu,EU,STALE,40.6257961,-6.428663,10009.0,7.0,sg50-perte-malpica-05,,,-116,-0.5,False,False,,,,,,float
2026-05-28 14:20:24.714596+00:00,stratolink-3-eu,EU,STALE,40.6257961,-6.428663,10009.0,7.0,mitigasmart-cc,,,-117,-3.2,False,False,,,,,,float
2026-05-28 14:20:24.714596+00:00,stratolink-3-eu,EU,STALE,40.6257961,-6.428663,10009.0,7.0,v3-eui-b827ebfffebf1f02,40.13814,-7.50059,-118,-7.8,False,True,105.75302120153279,106.30707519171335,4.926785523119559,5.8778439780386424,239.50121508522003,float
2026-05-28 14:20:24.714596+00:00,stratolink-3-eu,EU,STALE,40.6257961,-6.428663,10009.0,7.0,packetbroker,,,-118,-6.75,True,False,,,,,,float
2026-05-28 14:20:24.714596+00:00,stratolink-3-eu,EU,STALE,40.6257961,-6.428663,10009.0,7.0,italr0005,40.954279046747715,-4.142631590366364,-118,-3.75,False,True,195.88281833147107,196.28426214013473,2.0417625947977536,3.803376669090203,78.50829551505217,float
2026-05-28 14:20:24.714596+00:00,stratolink-3-eu,EU,STALE,40.6257961,-6.428663,10009.0,7.0,sg50-perte-malpica-07,,,-118,-5.8,False,False,,,,,,float
2026-05-28 14:20:24.714596+00:00,stratolink-3-eu,EU,STALE,40.6257961,-6.428663,10009.0,7.0,ext-sg50-022,,,-120,-8.5,False,False,,,,,,float
2026-05-28 14:20:24.714596+00:00,stratolink-3-eu,EU,STALE,40.6257961,-6.428663,10009.0,7.0,meceiot-013-dragout-a84041ffff29dc56,40.970672,-5.141641,-120,-6.25,False,True,114.92237375103964,115.44575407559824,4.456752514798385,5.490272824417167,70.08762740753605,float
2026-05-28 14:25:32.714699+00:00,stratolink-3-eu,EU,STALE,40.6257961,-6.428663,10009.0,7.0,meceiot-004-5030354163554750,40.5481739449056,-5.16353885114368,-107,3.75,False,True,107.17888454101507,107.72775344099033,4.848917346444827,5.8127988807346185,94.20729341885351,float
2026-05-28 14:25:32.714699+00:00,stratolink-3-eu,EU,STALE,40.6257961,-6.428663,10009.0,7.0,niharramikrotik,40.589325292876616,-4.838257133960725,-109,2.0,False,True,134.31778160937742,134.7928799760389,3.654187665070918,4.862134827187417,91.2124281497683,float
2026-05-28 14:25:32.714699+00:00,stratolink-3-eu,EU,STALE,40.6257961,-6.428663,10009.0,7.0,packetbroker,40.962541751597406,-5.675446072867432,-109,2.75,True,True,73.63739668553853,74.37139657481511,7.403161798178406,8.065397901887811,59.19070782295381,float
2026-05-28 14:25:32.714699+00:00,stratolink-3-eu,EU,STALE,40.6257961,-6.428663,10009.0,7.0,sg50-perte-malpica-02,39.94336757279527,-4.661850929260255,-111,-5.0,False,True,167.97978027441147,168.40451103014465,2.6517065343207107,4.162382905268337,116.28117507161642,float
2026-05-28 14:25:32.714699+00:00,stratolink-3-eu,EU,STALE,40.6257961,-6.428663,10009.0,7.0,dlps8-103,,,-113,-9.0,False,False,,,,,,float
2026-05-28 14:25:32.714699+00:00,stratolink-3-eu,EU,STALE,40.6257961,-6.428663,10009.0,7.0,packetbroker,40.962758045083945,-5.675633842073217,-114,-1.25,True,True,73.6359324656191,74.36994456081506,7.403320316988313,8.065543252669633,59.1683601017869,float
2026-05-28 14:25:32.714699+00:00,stratolink-3-eu,EU,STALE,40.6257961,-6.428663,10009.0,7.0,sg50-perte-malpica-06,,,-114,-8.2,False,False,,,,,,float
2026-05-28 14:25:32.714699+00:00,stratolink-3-eu,EU,STALE,40.6257961,-6.428663,10009.0,7.0,mvj-cabezuela,,,-115,-7.0,False,False,,,,,,float
2026-05-28 14:25:32.714699+00:00,stratolink-3-eu,EU,STALE,40.6257961,-6.428663,10009.0,7.0,cdtic-multitech-4,39.4920534590841,-6.57908320426941,-115,-3.0,False,True,126.71486734239434,127.20665440104555,3.9428580999060583,5.0824307057827465,185.84688660018682,float
2026-05-28 14:25:32.714699+00:00,stratolink-3-eu,EU,STALE,40.6257961,-6.428663,10009.0,7.0,italr0001,41.70253250763931,-4.708266556262971,-116,-8.25,False,True,187.27657100298967,187.68394848002842,2.2145389629131254,3.8987553024280377,49.69771685783297,float
2026-05-28 14:25:32.714699+00:00,stratolink-3-eu,EU,STALE,40.6257961,-6.428663,10009.0,7.0,italr0005,40.954279046747715,-4.142631590366364,-117,-3.75,False,True,195.88281833147107,196.28426214013473,2.0417625947977536,3.803376669090203,78.50829551505217,float
2026-05-28 14:25:32.714699+00:00,stratolink-3-eu,EU,STALE,40.6257961,-6.428663,10009.0,7.0,mitigasmart-cc,,,-117,-5.8,False,False,,,,,,float
2026-05-28 14:25:32.714699+00:00,stratolink-3-eu,EU,STALE,40.6257961,-6.428663,10009.0,7.0,sg50-perte-malpica-01,,,-117,-8.5,False,False,,,,,,float
2026-05-28 14:25:32.714699+00:00,stratolink-3-eu,EU,STALE,40.6257961,-6.428663,10009.0,7.0,sg50-perte-malpica-05,,,-117,-2.2,False,False,,,,,,float
2026-05-28 14:25:32.714699+00:00,stratolink-3-eu,EU,STALE,40.6257961,-6.428663,10009.0,7.0,sg50-eui-c0ba1ffffe004945,,,-118,-8.0,False,False,,,,,,float
2026-05-28 14:25:32.714699+00:00,stratolink-3-eu,EU,STALE,40.6257961,-6.428663,10009.0,7.0,ext-sg50-023,,,-118,-5.0,False,False,,,,,,float
2026-05-28 14:25:32.714699+00:00,stratolink-3-eu,EU,STALE,40.6257961,-6.428663,10009.0,7.0,meceiot-013-dragout-a84041ffff29dc56,40.970672,-5.141641,-119,-4.75,False,True,114.92237375103964,115.44575407559824,4.456752514798385,5.490272824417167,70.08762740753605,float
2026-05-28 14:30:40.755758+00:00,stratolink-3-eu,EU,STALE,40.6257961,-6.428663,10009.0,7.0,cicytex-ic003,,,-106,-0.2,False,False,,,,,,float
2026-05-28 14:30:40.755758+00:00,stratolink-3-eu,EU,STALE,40.6257961,-6.428663,10009.0,7.0,packetbroker,40.962541751597406,-5.675446072867432,-108,5.25,True,True,73.63739668553853,74.37139657481511,7.403161798178406,8.065397901887811,59.19070782295381,float
2026-05-28 14:30:40.755758+00:00,stratolink-3-eu,EU,STALE,40.6257961,-6.428663,10009.0,7.0,mtcdtip02-l4e1-9,,,-110,-2.2,False,False,,,,,,float
2026-05-28 14:30:40.755758+00:00,stratolink-3-eu,EU,STALE,40.6257961,-6.428663,10009.0,7.0,mvj-cabezuela,,,-111,,False,False,,,,,,float
2026-05-28 14:30:40.755758+00:00,stratolink-3-eu,EU,STALE,40.6257961,-6.428663,10009.0,7.0,packetbroker,40.962758045083945,-5.675633842073217,-111,2.0,True,True,73.6359324656191,74.36994456081506,7.403320316988313,8.065543252669633,59.1683601017869,float
2026-05-28 14:30:40.755758+00:00,stratolink-3-eu,EU,STALE,40.6257961,-6.428663,10009.0,7.0,mtcdtip02-l4e1-1,,,-111,-4.0,False,False,,,,,,float
2026-05-28 14:30:40.755758+00:00,stratolink-3-eu,EU,STALE,40.6257961,-6.428663,10009.0,7.0,meceiot-004-5030354163554750,40.5481739449056,-5.16353885114368,-111,2.75,False,True,107.17888454101507,107.72775344099033,4.848917346444827,5.8127988807346185,94.20729341885351,float
2026-05-28 14:30:40.755758+00:00,stratolink-3-eu,EU,STALE,40.6257961,-6.428663,10009.0,7.0,cicytex-icmc-002,,,-112,-5.3,False,False,,,,,,float
2026-05-28 14:30:40.755758+00:00,stratolink-3-eu,EU,STALE,40.6257961,-6.428663,10009.0,7.0,mjv-casas,,,-113,2.5,False,False,,,,,,float
2026-05-28 14:30:40.755758+00:00,stratolink-3-eu,EU,STALE,40.6257961,-6.428663,10009.0,7.0,dlps8-103,,,-113,-4.8,False,False,,,,,,float
2026-05-28 14:30:40.755758+00:00,stratolink-3-eu,EU,STALE,40.6257961,-6.428663,10009.0,7.0,cdtic-multitech-4,39.4920534590841,-6.57908320426941,-113,-3.2,False,True,126.71486734239434,127.20665440104555,3.9428580999060583,5.0824307057827465,185.84688660018682,float
2026-05-28 14:30:40.755758+00:00,stratolink-3-eu,EU,STALE,40.6257961,-6.428663,10009.0,7.0,mtcdtip02-l4e1-7,,,-114,-7.0,False,False,,,,,,float
2026-05-28 14:30:40.755758+00:00,stratolink-3-eu,EU,STALE,40.6257961,-6.428663,10009.0,7.0,mtcdtip02-l4e1-16,,,-114,-7.0,False,False,,,,,,float
2026-05-28 14:30:40.755758+00:00,stratolink-3-eu,EU,STALE,40.6257961,-6.428663,10009.0,7.0,mtcdtip02-l4e1-5,,,-114,-4.8,False,False,,,,,,float
2026-05-28 14:30:40.755758+00:00,stratolink-3-eu,EU,STALE,40.6257961,-6.428663,10009.0,7.0,mtcdtip02-l4e1-13,,,-115,-8.2,False,False,,,,,,float
2026-05-28 14:30:40.755758+00:00,stratolink-3-eu,EU,STALE,40.6257961,-6.428663,10009.0,7.0,niharramikrotik,40.589325292876616,-4.838257133960725,-116,-3.0,False,True,134.31778160937742,134.7928799760389,3.654187665070918,4.862134827187417,91.2124281497683,float
2026-05-28 14:30:40.755758+00:00,stratolink-3-eu,EU,STALE,40.6257961,-6.428663,10009.0,7.0,mtcdtip02-l4e1-15,,,-116,-5.8,False,False,,,,,,float
2026-05-28 14:30:40.755758+00:00,stratolink-3-eu,EU,STALE,40.6257961,-6.428663,10009.0,7.0,ext-sg50-015,,,-116,-2.5,False,False,,,,,,float
2026-05-28 14:30:40.755758+00:00,stratolink-3-eu,EU,STALE,40.6257961,-6.428663,10009.0,7.0,cicytex-unex-1,,,-117,-2.5,False,False,,,,,,float
2026-05-28 14:30:40.755758+00:00,stratolink-3-eu,EU,STALE,40.6257961,-6.428663,10009.0,7.0,mitigasmart-cc,,,-117,-2.5,False,False,,,,,,float
2026-05-28 14:30:40.755758+00:00,stratolink-3-eu,EU,STALE,40.6257961,-6.428663,10009.0,7.0,ext-sg50-029,,,-117,-3.2,False,False,,,,,,float
2026-05-28 14:30:40.755758+00:00,stratolink-3-eu,EU,STALE,40.6257961,-6.428663,10009.0,7.0,ext-sg50-024,,,-118,-1.2,False,False,,,,,,float
2026-05-28 14:30:40.755758+00:00,stratolink-3-eu,EU,STALE,40.6257961,-6.428663,10009.0,7.0,sg50-perte-malpica-05,,,-118,-1.8,False,False,,,,,,float
2026-05-28 14:30:40.755758+00:00,stratolink-3-eu,EU,STALE,40.6257961,-6.428663,10009.0,7.0,sg50-perte-malpica-07,,,-118,-2.5,False,False,,,,,,float
2026-05-28 14:30:40.755758+00:00,stratolink-3-eu,EU,STALE,40.6257961,-6.428663,10009.0,7.0,ext-sg50-028,,,-119,-6.8,False,False,,,,,,float
2026-05-28 14:30:40.755758+00:00,stratolink-3-eu,EU,STALE,40.6257961,-6.428663,10009.0,7.0,sg50-eui-c0ba1ffffe004945,,,-119,-6.8,False,False,,,,,,float
2026-05-28 14:30:40.755758+00:00,stratolink-3-eu,EU,STALE,40.6257961,-6.428663,10009.0,7.0,packetbroker,,,-120,-8.25,True,False,,,,,,float
2026-05-28 14:30:40.755758+00:00,stratolink-3-eu,EU,STALE,40.6257961,-6.428663,10009.0,7.0,ext-sg50-022,,,-120,-6.0,False,False,,,,,,float
2026-05-28 14:30:40.755758+00:00,stratolink-3-eu,EU,STALE,40.6257961,-6.428663,10009.0,7.0,ext-sg50-011,,,-120,-7.2,False,False,,,,,,float
2026-05-28 14:30:40.755758+00:00,stratolink-3-eu,EU,STALE,40.6257961,-6.428663,10009.0,7.0,tef-mls-01,40.108033,-6.632828,-120,-6.2,False,True,60.1148739870506,60.98875847646064,9.17524615805839,9.715871461450847,196.78846730955854,float
2026-05-28 14:30:40.755758+00:00,stratolink-3-eu,EU,STALE,40.6257961,-6.428663,10009.0,7.0,italr0005,40.954279046747715,-4.142631590366364,-122,-7.5,False,True,195.88281833147107,196.28426214013473,2.0417625947977536,3.803376669090203,78.50829551505217,float
2026-05-28 14:30:40.755758+00:00,stratolink-3-eu,EU,STALE,40.6257961,-6.428663,10009.0,7.0,meceiot-013-dragout-a84041ffff29dc56,40.970672,-5.141641,-123,-8.25,False,True,114.92237375103964,115.44575407559824,4.456752514798385,5.490272824417167,70.08762740753605,float
2026-05-28 14:35:48.641691+00:00,stratolink-3-eu,EU,STALE,40.6257961,-6.428663,10009.0,7.0,packetbroker,40.962541751597406,-5.675446072867432,-105,4.75,True,True,73.63739668553853,74.37139657481511,7.403161798178406,8.065397901887811,59.19070782295381,float
2026-05-28 14:35:48.641691+00:00,stratolink-3-eu,EU,STALE,40.6257961,-6.428663,10009.0,7.0,cicytex-ic003,,,-108,-6.2,False,False,,,,,,float
2026-05-28 14:35:48.641691+00:00,stratolink-3-eu,EU,STALE,40.6257961,-6.428663,10009.0,7.0,packetbroker,40.962758045083945,-5.675633842073217,-109,3.75,True,True,73.6359324656191,74.36994456081506,7.403320316988313,8.065543252669633,59.1683601017869,float
2026-05-28 14:35:48.641691+00:00,stratolink-3-eu,EU,STALE,40.6257961,-6.428663,10009.0,7.0,mtcdtip02-l4e1-9,,,-109,-5.8,False,False,,,,,,float
2026-05-28 14:35:48.641691+00:00,stratolink-3-eu,EU,STALE,40.6257961,-6.428663,10009.0,7.0,meceiot-004-5030354163554750,40.5481739449056,-5.16353885114368,-109,1.75,False,True,107.17888454101507,107.72775344099033,4.848917346444827,5.8127988807346185,94.20729341885351,float
2026-05-28 14:35:48.641691+00:00,stratolink-3-eu,EU,STALE,40.6257961,-6.428663,10009.0,7.0,mvj-cabezuela,,,-111,-4.8,False,False,,,,,,float
2026-05-28 14:35:48.641691+00:00,stratolink-3-eu,EU,STALE,40.6257961,-6.428663,10009.0,7.0,ext-dlos8-011,,,-111,-7.5,False,False,,,,,,float
2026-05-28 14:35:48.641691+00:00,stratolink-3-eu,EU,STALE,40.6257961,-6.428663,10009.0,7.0,packetbroker,,,-113,-4.25,True,False,,,,,,float
2026-05-28 14:35:48.641691+00:00,stratolink-3-eu,EU,STALE,40.6257961,-6.428663,10009.0,7.0,packetbroker,41.62916384851624,-4.713819387616739,-114,-7.25,True,True,181.86594477074613,182.27757519201526,2.3296382533441506,3.9651957293472737,51.59910411686474,float
2026-05-28 14:35:48.641691+00:00,stratolink-3-eu,EU,STALE,40.6257961,-6.428663,10009.0,7.0,niharramikrotik,40.589325292876616,-4.838257133960725,-115,-3.5,False,True,134.31778160937742,134.7928799760389,3.654187665070918,4.862134827187417,91.2124281497683,float
2026-05-28 14:35:48.641691+00:00,stratolink-3-eu,EU,STALE,40.6257961,-6.428663,10009.0,7.0,elecrowgw,,,-116,-6.0,False,False,,,,,,float
2026-05-28 14:35:48.641691+00:00,stratolink-3-eu,EU,STALE,40.6257961,-6.428663,10009.0,7.0,mjv-casas,,,-116,-3.5,False,False,,,,,,float
2026-05-28 14:35:48.641691+00:00,stratolink-3-eu,EU,STALE,40.6257961,-6.428663,10009.0,7.0,meceiot-013-dragout-a84041ffff29dc56,40.970672,-5.141641,-116,-2.0,False,True,114.92237375103964,115.44575407559824,4.456752514798385,5.490272824417167,70.08762740753605,float
2026-05-28 14:35:48.641691+00:00,stratolink-3-eu,EU,STALE,40.6257961,-6.428663,10009.0,7.0,cdtic-multitech-4,39.4920534590841,-6.57908320426941,-116,-6.8,False,True,126.71486734239434,127.20665440104555,3.9428580999060583,5.0824307057827465,185.84688660018682,float
2026-05-28 14:35:48.641691+00:00,stratolink-3-eu,EU,STALE,40.6257961,-6.428663,10009.0,7.0,italr0005,40.954279046747715,-4.142631590366364,-117,-3.25,False,True,195.88281833147107,196.28426214013473,2.0417625947977536,3.803376669090203,78.50829551505217,float
2026-05-28 14:35:48.641691+00:00,stratolink-3-eu,EU,STALE,40.6257961,-6.428663,10009.0,7.0,mitigasmart-cc,,,-118,-6.0,False,False,,,,,,float
2026-05-28 14:35:48.641691+00:00,stratolink-3-eu,EU,STALE,40.6257961,-6.428663,10009.0,7.0,sg50-perte-malpica-05,,,-118,-6.2,False,False,,,,,,float
2026-05-28 14:35:48.641691+00:00,stratolink-3-eu,EU,STALE,40.6257961,-6.428663,10009.0,7.0,ext-sg50-024,,,-119,-6.8,False,False,,,,,,float
2026-05-28 14:40:56.572559+00:00,stratolink-3-eu,EU,STALE,40.6257961,-6.428663,10009.0,7.0,packetbroker,40.962541751597406,-5.675446072867432,-105,4.25,True,True,73.63739668553853,74.37139657481511,7.403161798178406,8.065397901887811,59.19070782295381,float
2026-05-28 14:40:56.572559+00:00,stratolink-3-eu,EU,STALE,40.6257961,-6.428663,10009.0,7.0,cicytex-ic003,,,-106,1.0,False,False,,,,,,float
2026-05-28 14:40:56.572559+00:00,stratolink-3-eu,EU,STALE,40.6257961,-6.428663,10009.0,7.0,mtcdtip02-l4e1-9,,,-109,-2.0,False,False,,,,,,float
2026-05-28 14:40:56.572559+00:00,stratolink-3-eu,EU,STALE,40.6257961,-6.428663,10009.0,7.0,meceiot-004-5030354163554750,40.5481739449056,-5.16353885114368,-110,2.0,False,True,107.17888454101507,107.72775344099033,4.848917346444827,5.8127988807346185,94.20729341885351,float
2026-05-28 14:40:56.572559+00:00,stratolink-3-eu,EU,STALE,40.6257961,-6.428663,10009.0,7.0,mjv-casas,,,-111,2.8,False,False,,,,,,float
2026-05-28 14:40:56.572559+00:00,stratolink-3-eu,EU,STALE,40.6257961,-6.428663,10009.0,7.0,mvj-cabezuela,,,-111,0.2,False,False,,,,,,float
2026-05-28 14:40:56.572559+00:00,stratolink-3-eu,EU,STALE,40.6257961,-6.428663,10009.0,7.0,cicytex-icmc-002,,,-111,-4.5,False,False,,,,,,float
2026-05-28 14:40:56.572559+00:00,stratolink-3-eu,EU,STALE,40.6257961,-6.428663,10009.0,7.0,dlps8-103,,,-112,-3.8,False,False,,,,,,float
2026-05-28 14:40:56.572559+00:00,stratolink-3-eu,EU,STALE,40.6257961,-6.428663,10009.0,7.0,mtcdtip02-l4e1-7,,,-113,-6.8,False,False,,,,,,float
2026-05-28 14:40:56.572559+00:00,stratolink-3-eu,EU,STALE,40.6257961,-6.428663,10009.0,7.0,ext-sg50-018,,,-113,-4.2,False,False,,,,,,float
2026-05-28 14:40:56.572559+00:00,stratolink-3-eu,EU,STALE,40.6257961,-6.428663,10009.0,7.0,sg50-perte-malpica-02,39.94336757279527,-4.661850929260255,-114,-7.0,False,True,167.97978027441147,168.40451103014465,2.6517065343207107,4.162382905268337,116.28117507161642,float
2026-05-28 14:40:56.572559+00:00,stratolink-3-eu,EU,STALE,40.6257961,-6.428663,10009.0,7.0,niharramikrotik,40.589325292876616,-4.838257133960725,-115,-4.5,False,True,134.31778160937742,134.7928799760389,3.654187665070918,4.862134827187417,91.2124281497683,float
2026-05-28 14:40:56.572559+00:00,stratolink-3-eu,EU,STALE,40.6257961,-6.428663,10009.0,7.0,sg50-perte-malpica-06,,,-115,-6.0,False,False,,,,,,float
2026-05-28 14:40:56.572559+00:00,stratolink-3-eu,EU,STALE,40.6257961,-6.428663,10009.0,7.0,cicytex-unex-1,,,-116,-6.8,False,False,,,,,,float
2026-05-28 14:40:56.572559+00:00,stratolink-3-eu,EU,STALE,40.6257961,-6.428663,10009.0,7.0,mitigasmart-cc,,,-116,-0.8,False,False,,,,,,float
2026-05-28 14:40:56.572559+00:00,stratolink-3-eu,EU,STALE,40.6257961,-6.428663,10009.0,7.0,ext-sg50-029,,,-116,-3.2,False,False,,,,,,float
2026-05-28 14:40:56.572559+00:00,stratolink-3-eu,EU,STALE,40.6257961,-6.428663,10009.0,7.0,elecrowgw,,,-117,-8.5,False,False,,,,,,float
2026-05-28 14:40:56.572559+00:00,stratolink-3-eu,EU,STALE,40.6257961,-6.428663,10009.0,7.0,rio-tormes-1b,40.968865323719,-5.64232170581818,-117,-2.5,False,True,76.39753112398147,77.10941705634951,7.1145192715146495,7.801577826295318,59.78802396762984,float
2026-05-28 14:40:56.572559+00:00,stratolink-3-eu,EU,STALE,40.6257961,-6.428663,10009.0,7.0,ext-sg50-028,,,-118,-6.5,False,False,,,,,,float
2026-05-28 14:40:56.572559+00:00,stratolink-3-eu,EU,STALE,40.6257961,-6.428663,10009.0,7.0,ext-sg50-024,,,-118,-3.0,False,False,,,,,,float
2026-05-28 14:40:56.572559+00:00,stratolink-3-eu,EU,STALE,40.6257961,-6.428663,10009.0,7.0,ext-sg50-022,,,-118,-3.5,False,False,,,,,,float
2026-05-28 14:40:56.572559+00:00,stratolink-3-eu,EU,STALE,40.6257961,-6.428663,10009.0,7.0,tef-mls-01,40.108033,-6.632828,-118,-7.5,False,True,60.1148739870506,60.98875847646064,9.17524615805839,9.715871461450847,196.78846730955854,float
2026-05-28 14:40:56.572559+00:00,stratolink-3-eu,EU,STALE,40.6257961,-6.428663,10009.0,7.0,sg50-eui-c0ba1ffffe004945,,,-118,-8.8,False,False,,,,,,float
2026-05-28 14:40:56.572559+00:00,stratolink-3-eu,EU,STALE,40.6257961,-6.428663,10009.0,7.0,ext-sg50-011,,,-119,-7.2,False,False,,,,,,float
2026-05-28 14:40:56.572559+00:00,stratolink-3-eu,EU,STALE,40.6257961,-6.428663,10009.0,7.0,meceiot-013-dragout-a84041ffff29dc56,40.970672,-5.141641,-122,-7.5,False,True,114.92237375103964,115.44575407559824,4.456752514798385,5.490272824417167,70.08762740753605,float
2026-05-28 14:40:56.572559+00:00,stratolink-3-eu,EU,STALE,40.6257961,-6.428663,10009.0,7.0,italr0005,40.954279046747715,-4.142631590366364,-123,-9.5,False,True,195.88281833147107,196.28426214013473,2.0417625947977536,3.803376669090203,78.50829551505217,float
2026-05-28 14:46:04.445827+00:00,stratolink-3-eu,EU,STALE,40.6257961,-6.428663,10009.0,7.0,cicytex-ic003,,,-106,1.2,False,False,,,,,,float
2026-05-28 14:46:04.445827+00:00,stratolink-3-eu,EU,STALE,40.6257961,-6.428663,10009.0,7.0,packetbroker,40.962541751597406,-5.675446072867432,-107,6.5,True,True,73.63739668553853,74.37139657481511,7.403161798178406,8.065397901887811,59.19070782295381,float
2026-05-28 14:46:04.445827+00:00,stratolink-3-eu,EU,STALE,40.6257961,-6.428663,10009.0,7.0,mtcdtip02-l4e1-9,,,-108,-6.0,False,False,,,,,,float
2026-05-28 14:46:04.445827+00:00,stratolink-3-eu,EU,STALE,40.6257961,-6.428663,10009.0,7.0,mjv-casas,,,-111,3.0,False,False,,,,,,float
2026-05-28 14:46:04.445827+00:00,stratolink-3-eu,EU,STALE,40.6257961,-6.428663,10009.0,7.0,packetbroker,40.962758045083945,-5.675633842073217,-111,1.75,True,True,73.6359324656191,74.36994456081506,7.403320316988313,8.065543252669633,59.1683601017869,float
2026-05-28 14:46:04.445827+00:00,stratolink-3-eu,EU,STALE,40.6257961,-6.428663,10009.0,7.0,cicytex-icmc-002,,,-112,-7.5,False,False,,,,,,float
2026-05-28 14:46:04.445827+00:00,stratolink-3-eu,EU,STALE,40.6257961,-6.428663,10009.0,7.0,dlps8-103,,,-114,-5.8,False,False,,,,,,float
2026-05-28 14:46:04.445827+00:00,stratolink-3-eu,EU,STALE,40.6257961,-6.428663,10009.0,7.0,mvj-cabezuela,,,-115,-4.5,False,False,,,,,,float
2026-05-28 14:46:04.445827+00:00,stratolink-3-eu,EU,STALE,40.6257961,-6.428663,10009.0,7.0,cdtic-multitech-4,39.4920534590841,-6.57908320426941,-115,-0.2,False,True,126.71486734239434,127.20665440104555,3.9428580999060583,5.0824307057827465,185.84688660018682,float
2026-05-28 14:46:04.445827+00:00,stratolink-3-eu,EU,STALE,40.6257961,-6.428663,10009.0,7.0,ext-sg50-018,,,-115,-4.5,False,False,,,,,,float
2026-05-28 14:46:04.445827+00:00,stratolink-3-eu,EU,STALE,40.6257961,-6.428663,10009.0,7.0,ext-sg50-015,,,-115,-4.0,False,False,,,,,,float
2026-05-28 14:46:04.445827+00:00,stratolink-3-eu,EU,STALE,40.6257961,-6.428663,10009.0,7.0,meceiot-004-5030354163554750,40.5481739449056,-5.16353885114368,-115,0.5,False,True,107.17888454101507,107.72775344099033,4.848917346444827,5.8127988807346185,94.20729341885351,float
2026-05-28 14:46:04.445827+00:00,stratolink-3-eu,EU,STALE,40.6257961,-6.428663,10009.0,7.0,mtcdtip02-l4e1-16,,,-116,-6.5,False,False,,,,,,float
2026-05-28 14:46:04.445827+00:00,stratolink-3-eu,EU,STALE,40.6257961,-6.428663,10009.0,7.0,niharramikrotik,40.589325292876616,-4.838257133960725,-117,-5.25,False,True,134.31778160937742,134.7928799760389,3.654187665070918,4.862134827187417,91.2124281497683,float
2026-05-28 14:46:04.445827+00:00,stratolink-3-eu,EU,STALE,40.6257961,-6.428663,10009.0,7.0,mitigasmart-cc,,,-117,-1.5,False,False,,,,,,float
2026-05-28 14:46:04.445827+00:00,stratolink-3-eu,EU,STALE,40.6257961,-6.428663,10009.0,7.0,cicytex-unex-1,,,-117,-7.2,False,False,,,,,,float
2026-05-28 14:46:04.445827+00:00,stratolink-3-eu,EU,STALE,40.6257961,-6.428663,10009.0,7.0,elecrowgw,,,-118,-6.8,False,False,,,,,,float
2026-05-28 14:46:04.445827+00:00,stratolink-3-eu,EU,STALE,40.6257961,-6.428663,10009.0,7.0,sg50-perte-malpica-05,,,-118,-3.2,False,False,,,,,,float
2026-05-28 14:46:04.445827+00:00,stratolink-3-eu,EU,STALE,40.6257961,-6.428663,10009.0,7.0,ext-sg50-029,,,-118,-4.0,False,False,,,,,,float
2026-05-28 14:46:04.445827+00:00,stratolink-3-eu,EU,STALE,40.6257961,-6.428663,10009.0,7.0,ext-sg50-023,,,-118,-1.5,False,False,,,,,,float
2026-05-28 14:46:04.445827+00:00,stratolink-3-eu,EU,STALE,40.6257961,-6.428663,10009.0,7.0,ext-sg50-022,,,-119,-3.2,False,False,,,,,,float
2026-05-28 14:46:04.445827+00:00,stratolink-3-eu,EU,STALE,40.6257961,-6.428663,10009.0,7.0,ext-sg50-024,,,-119,-2.5,False,False,,,,,,float
2026-05-28 14:46:04.445827+00:00,stratolink-3-eu,EU,STALE,40.6257961,-6.428663,10009.0,7.0,ext-sg50-028,,,-119,-6.5,False,False,,,,,,float
2026-05-28 14:46:04.445827+00:00,stratolink-3-eu,EU,STALE,40.6257961,-6.428663,10009.0,7.0,sg50-perte-malpica-07,,,-119,-8.0,False,False,,,,,,float
2026-05-28 14:46:04.445827+00:00,stratolink-3-eu,EU,STALE,40.6257961,-6.428663,10009.0,7.0,sg50-eui-c0ba1ffffe004945,,,-119,-8.5,False,False,,,,,,float
2026-05-28 14:46:04.445827+00:00,stratolink-3-eu,EU,STALE,40.6257961,-6.428663,10009.0,7.0,v3-eui-b827ebfffebf1f02,40.13814,-7.50059,-120,-4.8,False,True,105.75302120153279,106.30707519171335,4.926785523119559,5.8778439780386424,239.50121508522003,float
2026-05-28 14:46:04.445827+00:00,stratolink-3-eu,EU,STALE,40.6257961,-6.428663,10009.0,7.0,ext-sg50-011,,,-120,-7.2,False,False,,,,,,float
2026-05-28 14:46:04.445827+00:00,stratolink-3-eu,EU,STALE,40.6257961,-6.428663,10009.0,7.0,meceiot-013-dragout-a84041ffff29dc56,40.970672,-5.141641,-122,-7.0,False,True,114.92237375103964,115.44575407559824,4.456752514798385,5.490272824417167,70.08762740753605,float
2026-05-28 14:46:04.445827+00:00,stratolink-3-eu,EU,STALE,40.6257961,-6.428663,10009.0,7.0,italr0005,40.954279046747715,-4.142631590366364,-122,-8.5,False,True,195.88281833147107,196.28426214013473,2.0417625947977536,3.803376669090203,78.50829551505217,float
2026-05-28 14:51:12.627545+00:00,stratolink-3-eu,EU,STALE,40.6257961,-6.428663,10009.0,7.0,packetbroker,40.962541751597406,-5.675446072867432,-107,4.0,True,True,73.63739668553853,74.37139657481511,7.403161798178406,8.065397901887811,59.19070782295381,float
2026-05-28 14:51:12.627545+00:00,stratolink-3-eu,EU,STALE,40.6257961,-6.428663,10009.0,7.0,meceiot-004-5030354163554750,40.5481739449056,-5.16353885114368,-107,5.0,False,True,107.17888454101507,107.72775344099033,4.848917346444827,5.8127988807346185,94.20729341885351,float
2026-05-28 14:51:12.627545+00:00,stratolink-3-eu,EU,STALE,40.6257961,-6.428663,10009.0,7.0,niharramikrotik,40.589325292876616,-4.838257133960725,-108,1.5,False,True,134.31778160937742,134.7928799760389,3.654187665070918,4.862134827187417,91.2124281497683,float
2026-05-28 14:51:12.627545+00:00,stratolink-3-eu,EU,STALE,40.6257961,-6.428663,10009.0,7.0,mjv-casas,,,-110,4.0,False,False,,,,,,float
2026-05-28 14:51:12.627545+00:00,stratolink-3-eu,EU,STALE,40.6257961,-6.428663,10009.0,7.0,cicytex-icmc-002,,,-110,-2.0,False,False,,,,,,float
2026-05-28 14:51:12.627545+00:00,stratolink-3-eu,EU,STALE,40.6257961,-6.428663,10009.0,7.0,mtcdtip02-l4e1-9,,,-110,-4.2,False,False,,,,,,float
2026-05-28 14:51:12.627545+00:00,stratolink-3-eu,EU,STALE,40.6257961,-6.428663,10009.0,7.0,mtcdtip02-l4e1-1,,,-110,-5.8,False,False,,,,,,float
2026-05-28 14:51:12.627545+00:00,stratolink-3-eu,EU,STALE,40.6257961,-6.428663,10009.0,7.0,packetbroker,40.962758045083945,-5.675633842073217,-111,-0.75,True,True,73.6359324656191,74.36994456081506,7.403320316988313,8.065543252669633,59.1683601017869,float
2026-05-28 14:51:12.627545+00:00,stratolink-3-eu,EU,STALE,40.6257961,-6.428663,10009.0,7.0,mvj-cabezuela,,,-113,-8.0,False,False,,,,,,float
2026-05-28 14:51:12.627545+00:00,stratolink-3-eu,EU,STALE,40.6257961,-6.428663,10009.0,7.0,dlps8-103,,,-113,-6.0,False,False,,,,,,float
2026-05-28 14:51:12.627545+00:00,stratolink-3-eu,EU,STALE,40.6257961,-6.428663,10009.0,7.0,sg50-perte-malpica-02,39.94336757279527,-4.661850929260255,-113,-4.8,False,True,167.97978027441147,168.40451103014465,2.6517065343207107,4.162382905268337,116.28117507161642,float
2026-05-28 14:51:12.627545+00:00,stratolink-3-eu,EU,STALE,40.6257961,-6.428663,10009.0,7.0,ext-sg50-029,,,-114,-9.5,False,False,,,,,,float
2026-05-28 14:51:12.627545+00:00,stratolink-3-eu,EU,STALE,40.6257961,-6.428663,10009.0,7.0,mitigasmart-cc,,,-117,-5.2,False,False,,,,,,float
2026-05-28 14:51:12.627545+00:00,stratolink-3-eu,EU,STALE,40.6257961,-6.428663,10009.0,7.0,sg50-perte-malpica-01,,,-117,-7.8,False,False,,,,,,float
2026-05-28 14:51:12.627545+00:00,stratolink-3-eu,EU,STALE,40.6257961,-6.428663,10009.0,7.0,sg50-perte-malpica-06,,,-117,-7.5,False,False,,,,,,float
2026-05-28 14:51:12.627545+00:00,stratolink-3-eu,EU,STALE,40.6257961,-6.428663,10009.0,7.0,sg50-perte-malpica-05,,,-117,-1.2,False,False,,,,,,float
2026-05-28 14:51:12.627545+00:00,stratolink-3-eu,EU,STALE,40.6257961,-6.428663,10009.0,7.0,elecrowgw,,,-118,-8.8,False,False,,,,,,float
2026-05-28 14:51:12.627545+00:00,stratolink-3-eu,EU,STALE,40.6257961,-6.428663,10009.0,7.0,ext-sg50-015,,,-118,-4.2,False,False,,,,,,float
2026-05-28 14:51:12.627545+00:00,stratolink-3-eu,EU,STALE,40.6257961,-6.428663,10009.0,7.0,sg50-eui-c0ba1ffffe004945,,,-118,-5.2,False,False,,,,,,float
2026-05-28 14:51:12.627545+00:00,stratolink-3-eu,EU,STALE,40.6257961,-6.428663,10009.0,7.0,ext-sg50-028,,,-119,-7.0,False,False,,,,,,float
2026-05-28 14:51:12.627545+00:00,stratolink-3-eu,EU,STALE,40.6257961,-6.428663,10009.0,7.0,italr0005,40.954279046747715,-4.142631590366364,-119,-6.0,False,True,195.88281833147107,196.28426214013473,2.0417625947977536,3.803376669090203,78.50829551505217,float
2026-05-28 14:51:12.627545+00:00,stratolink-3-eu,EU,STALE,40.6257961,-6.428663,10009.0,7.0,ext-sg50-024,,,-119,-5.2,False,False,,,,,,float
2026-05-28 14:51:12.627545+00:00,stratolink-3-eu,EU,STALE,40.6257961,-6.428663,10009.0,7.0,sg50-perte-malpica-07,,,-119,-7.2,False,False,,,,,,float
2026-05-28 14:51:12.627545+00:00,stratolink-3-eu,EU,STALE,40.6257961,-6.428663,10009.0,7.0,ext-sg50-011,,,-119,-6.2,False,False,,,,,,float
2026-05-28 14:51:12.627545+00:00,stratolink-3-eu,EU,STALE,40.6257961,-6.428663,10009.0,7.0,ext-sg50-023,,,-119,-3.2,False,False,,,,,,float
2026-05-28 14:51:12.627545+00:00,stratolink-3-eu,EU,STALE,40.6257961,-6.428663,10009.0,7.0,meceiot-013-dragout-a84041ffff29dc56,40.970672,-5.141641,-121,-6.0,False,True,114.92237375103964,115.44575407559824,4.456752514798385,5.490272824417167,70.08762740753605,float
2026-05-28 14:56:20.629230+00:00,stratolink-3-eu,EU,STALE,40.6257961,-6.428663,10009.0,7.0,cicytex-ic003,,,-106,-0.8,False,False,,,,,,float
2026-05-28 14:56:20.629230+00:00,stratolink-3-eu,EU,STALE,40.6257961,-6.428663,10009.0,7.0,packetbroker,40.962541751597406,-5.675446072867432,-106,3.25,True,True,73.63739668553853,74.37139657481511,7.403161798178406,8.065397901887811,59.19070782295381,float
2026-05-28 14:56:20.629230+00:00,stratolink-3-eu,EU,STALE,40.6257961,-6.428663,10009.0,7.0,mtcdtip02-l4e1-9,,,-109,-2.0,False,False,,,,,,float
2026-05-28 14:56:20.629230+00:00,stratolink-3-eu,EU,STALE,40.6257961,-6.428663,10009.0,7.0,mtcdtip02-l4e1-1,,,-110,-4.5,False,False,,,,,,float
2026-05-28 14:56:20.629230+00:00,stratolink-3-eu,EU,STALE,40.6257961,-6.428663,10009.0,7.0,packetbroker,40.962758045083945,-5.675633842073217,-110,2.75,True,True,73.6359324656191,74.36994456081506,7.403320316988313,8.065543252669633,59.1683601017869,float
2026-05-28 14:56:20.629230+00:00,stratolink-3-eu,EU,STALE,40.6257961,-6.428663,10009.0,7.0,cicytex-icmc-002,,,-111,-6.0,False,False,,,,,,float
2026-05-28 14:56:20.629230+00:00,stratolink-3-eu,EU,STALE,40.6257961,-6.428663,10009.0,7.0,meceiot-004-5030354163554750,40.5481739449056,-5.16353885114368,-111,-1.5,False,True,107.17888454101507,107.72775344099033,4.848917346444827,5.8127988807346185,94.20729341885351,float
2026-05-28 14:56:20.629230+00:00,stratolink-3-eu,EU,STALE,40.6257961,-6.428663,10009.0,7.0,dlps8-103,,,-112,-5.0,False,False,,,,,,float
2026-05-28 14:56:20.629230+00:00,stratolink-3-eu,EU,STALE,40.6257961,-6.428663,10009.0,7.0,mtcdtip02-l4e1-7,,,-112,-7.5,False,False,,,,,,float
2026-05-28 14:56:20.629230+00:00,stratolink-3-eu,EU,STALE,40.6257961,-6.428663,10009.0,7.0,mtcdtip02-l4e1-5,,,-112,-5.5,False,False,,,,,,float
2026-05-28 14:56:20.629230+00:00,stratolink-3-eu,EU,STALE,40.6257961,-6.428663,10009.0,7.0,mjv-casas,,,-113,0.5,False,False,,,,,,float
2026-05-28 14:56:20.629230+00:00,stratolink-3-eu,EU,STALE,40.6257961,-6.428663,10009.0,7.0,sg50-perte-malpica-02,39.94336757279527,-4.661850929260255,-113,-6.5,False,True,167.97978027441147,168.40451103014465,2.6517065343207107,4.162382905268337,116.28117507161642,float
2026-05-28 14:56:20.629230+00:00,stratolink-3-eu,EU,STALE,40.6257961,-6.428663,10009.0,7.0,cdtic-multitech-4,39.4920534590841,-6.57908320426941,-114,-0.2,False,True,126.71486734239434,127.20665440104555,3.9428580999060583,5.0824307057827465,185.84688660018682,float
2026-05-28 14:56:20.629230+00:00,stratolink-3-eu,EU,STALE,40.6257961,-6.428663,10009.0,7.0,ext-sg50-015,,,-114,-4.5,False,False,,,,,,float
2026-05-28 14:56:20.629230+00:00,stratolink-3-eu,EU,STALE,40.6257961,-6.428663,10009.0,7.0,niharramikrotik,40.589325292876616,-4.838257133960725,-115,-5.75,False,True,134.31778160937742,134.7928799760389,3.654187665070918,4.862134827187417,91.2124281497683,float
2026-05-28 14:56:20.629230+00:00,stratolink-3-eu,EU,STALE,40.6257961,-6.428663,10009.0,7.0,mitigasmart-cc,,,-115,0.2,False,False,,,,,,float
2026-05-28 14:56:20.629230+00:00,stratolink-3-eu,EU,STALE,40.6257961,-6.428663,10009.0,7.0,sg50-perte-malpica-06,,,-115,-8.2,False,False,,,,,,float
2026-05-28 14:56:20.629230+00:00,stratolink-3-eu,EU,STALE,40.6257961,-6.428663,10009.0,7.0,elecrowgw,,,-117,-8.2,False,False,,,,,,float
2026-05-28 14:56:20.629230+00:00,stratolink-3-eu,EU,STALE,40.6257961,-6.428663,10009.0,7.0,ext-sg50-029,,,-117,-6.0,False,False,,,,,,float
2026-05-28 14:56:20.629230+00:00,stratolink-3-eu,EU,STALE,40.6257961,-6.428663,10009.0,7.0,sg50-perte-malpica-07,,,-117,-8.0,False,False,,,,,,float
2026-05-28 14:56:20.629230+00:00,stratolink-3-eu,EU,STALE,40.6257961,-6.428663,10009.0,7.0,sg50-perte-malpica-01,,,-117,-8.0,False,False,,,,,,float
2026-05-28 14:56:20.629230+00:00,stratolink-3-eu,EU,STALE,40.6257961,-6.428663,10009.0,7.0,sg50-eui-c0ba1ffffe004945,,,-117,-8.8,False,False,,,,,,float
2026-05-28 14:56:20.629230+00:00,stratolink-3-eu,EU,STALE,40.6257961,-6.428663,10009.0,7.0,ext-sg50-028,,,-118,-7.5,False,False,,,,,,float
2026-05-28 14:56:20.629230+00:00,stratolink-3-eu,EU,STALE,40.6257961,-6.428663,10009.0,7.0,ext-sg50-024,,,-118,-4.0,False,False,,,,,,float
2026-05-28 14:56:20.629230+00:00,stratolink-3-eu,EU,STALE,40.6257961,-6.428663,10009.0,7.0,ext-sg50-011,,,-119,-6.8,False,False,,,,,,float
2026-05-28 14:56:20.629230+00:00,stratolink-3-eu,EU,STALE,40.6257961,-6.428663,10009.0,7.0,italr0005,40.954279046747715,-4.142631590366364,-122,-8.5,False,True,195.88281833147107,196.28426214013473,2.0417625947977536,3.803376669090203,78.50829551505217,float
2026-05-28 14:56:20.629230+00:00,stratolink-3-eu,EU,STALE,40.6257961,-6.428663,10009.0,7.0,meceiot-013-dragout-a84041ffff29dc56,40.970672,-5.141641,-122,-7.0,False,True,114.92237375103964,115.44575407559824,4.456752514798385,5.490272824417167,70.08762740753605,float
2026-05-28 15:01:29.133492+00:00,stratolink-3-eu,EU,STALE,40.6257961,-6.428663,10009.0,7.0,cicytex-ic003,,,-108,-7.8,False,False,,,,,,float
2026-05-28 15:01:29.133492+00:00,stratolink-3-eu,EU,STALE,40.6257961,-6.428663,10009.0,7.0,packetbroker,40.962541751597406,-5.675446072867432,-108,4.25,True,True,73.63739668553853,74.37139657481511,7.403161798178406,8.065397901887811,59.19070782295381,float
2026-05-28 15:01:29.133492+00:00,stratolink-3-eu,EU,STALE,40.6257961,-6.428663,10009.0,7.0,packetbroker,40.962758045083945,-5.675633842073217,-109,3.25,True,True,73.6359324656191,74.36994456081506,7.403320316988313,8.065543252669633,59.1683601017869,float
2026-05-28 15:01:29.133492+00:00,stratolink-3-eu,EU,STALE,40.6257961,-6.428663,10009.0,7.0,niharramikrotik,40.589325292876616,-4.838257133960725,-111,1.5,False,True,134.31778160937742,134.7928799760389,3.654187665070918,4.862134827187417,91.2124281497683,float
2026-05-28 15:01:29.133492+00:00,stratolink-3-eu,EU,STALE,40.6257961,-6.428663,10009.0,7.0,ext-dlos8-011,,,-111,-5.5,False,False,,,,,,float
2026-05-28 15:01:29.133492+00:00,stratolink-3-eu,EU,STALE,40.6257961,-6.428663,10009.0,7.0,meceiot-004-5030354163554750,40.5481739449056,-5.16353885114368,-111,2.75,False,True,107.17888454101507,107.72775344099033,4.848917346444827,5.8127988807346185,94.20729341885351,float
2026-05-28 15:01:29.133492+00:00,stratolink-3-eu,EU,STALE,40.6257961,-6.428663,10009.0,7.0,mtcdtip02-l4e1-9,,,-113,-4.8,False,False,,,,,,float
2026-05-28 15:01:29.133492+00:00,stratolink-3-eu,EU,STALE,40.6257961,-6.428663,10009.0,7.0,meceiot-013-dragout-a84041ffff29dc56,40.970672,-5.141641,-116,-0.75,False,True,114.92237375103964,115.44575407559824,4.456752514798385,5.490272824417167,70.08762740753605,float
2026-05-28 15:01:29.133492+00:00,stratolink-3-eu,EU,STALE,40.6257961,-6.428663,10009.0,7.0,italr0001,41.70253250763931,-4.708266556262971,-116,-8.5,False,True,187.27657100298967,187.68394848002842,2.2145389629131254,3.8987553024280377,49.69771685783297,float
2026-05-28 15:01:29.133492+00:00,stratolink-3-eu,EU,STALE,40.6257961,-6.428663,10009.0,7.0,ext-sg50-015,,,-117,-4.8,False,False,,,,,,float
2026-05-28 15:01:29.133492+00:00,stratolink-3-eu,EU,STALE,40.6257961,-6.428663,10009.0,7.0,packetbroker,,,-118,-6.75,True,False,,,,,,float
2026-05-28 15:01:29.133492+00:00,stratolink-3-eu,EU,STALE,40.6257961,-6.428663,10009.0,7.0,italr0005,40.954279046747715,-4.142631590366364,-118,-4.5,False,True,195.88281833147107,196.28426214013473,2.0417625947977536,3.803376669090203,78.50829551505217,float
2026-05-28 15:01:29.133492+00:00,stratolink-3-eu,EU,STALE,40.6257961,-6.428663,10009.0,7.0,mitigasmart-cc,,,-118,-5.0,False,False,,,,,,float
2026-05-28 15:01:29.133492+00:00,stratolink-3-eu,EU,STALE,40.6257961,-6.428663,10009.0,7.0,sg50-perte-malpica-05,,,-118,-2.8,False,False,,,,,,float
2026-05-28 15:01:29.133492+00:00,stratolink-3-eu,EU,STALE,40.6257961,-6.428663,10009.0,7.0,ext-sg50-029,,,-119,-9.0,False,False,,,,,,float
2026-05-28 15:01:29.133492+00:00,stratolink-3-eu,EU,STALE,40.6257961,-6.428663,10009.0,7.0,ext-sg50-024,,,-120,-7.0,False,False,,,,,,float
2026-05-28 15:06:37.316215+00:00,stratolink-3-eu,EU,STALE,40.6257961,-6.428663,10009.0,7.0,cicytex-ic003,,,-106,-0.8,False,False,,,,,,float
2026-05-28 15:06:37.316215+00:00,stratolink-3-eu,EU,STALE,40.6257961,-6.428663,10009.0,7.0,packetbroker,40.962541751597406,-5.675446072867432,-108,3.25,True,True,73.63739668553853,74.37139657481511,7.403161798178406,8.065397901887811,59.19070782295381,float
2026-05-28 15:06:37.316215+00:00,stratolink-3-eu,EU,STALE,40.6257961,-6.428663,10009.0,7.0,mtcdtip02-l4e1-9,,,-110,-1.0,False,False,,,,,,float
2026-05-28 15:06:37.316215+00:00,stratolink-3-eu,EU,STALE,40.6257961,-6.428663,10009.0,7.0,cicytex-icmc-002,,,-111,-6.8,False,False,,,,,,float
2026-05-28 15:06:37.316215+00:00,stratolink-3-eu,EU,STALE,40.6257961,-6.428663,10009.0,7.0,mtcdtip02-l4e1-1,,,-111,-6.0,False,False,,,,,,float
2026-05-28 15:06:37.316215+00:00,stratolink-3-eu,EU,STALE,40.6257961,-6.428663,10009.0,7.0,mtcdtip02-l4e1-16,,,-113,-6.2,False,False,,,,,,float
2026-05-28 15:06:37.316215+00:00,stratolink-3-eu,EU,STALE,40.6257961,-6.428663,10009.0,7.0,dlps8-103,,,-114,-7.5,False,False,,,,,,float
2026-05-28 15:06:37.316215+00:00,stratolink-3-eu,EU,STALE,40.6257961,-6.428663,10009.0,7.0,ext-sg50-015,,,-114,-4.2,False,False,,,,,,float
2026-05-28 15:06:37.316215+00:00,stratolink-3-eu,EU,STALE,40.6257961,-6.428663,10009.0,7.0,niharramikrotik,40.589325292876616,-4.838257133960725,-115,-5.25,False,True,134.31778160937742,134.7928799760389,3.654187665070918,4.862134827187417,91.2124281497683,float
2026-05-28 15:06:37.316215+00:00,stratolink-3-eu,EU,STALE,40.6257961,-6.428663,10009.0,7.0,ext-sg50-027,,,-115,-8.5,False,False,,,,,,float
2026-05-28 15:06:37.316215+00:00,stratolink-3-eu,EU,STALE,40.6257961,-6.428663,10009.0,7.0,meceiot-004-5030354163554750,40.5481739449056,-5.16353885114368,-115,-1.5,False,True,107.17888454101507,107.72775344099033,4.848917346444827,5.8127988807346185,94.20729341885351,float
2026-05-28 15:06:37.316215+00:00,stratolink-3-eu,EU,STALE,40.6257961,-6.428663,10009.0,7.0,mjv-casas,,,-116,-3.8,False,False,,,,,,float
2026-05-28 15:06:37.316215+00:00,stratolink-3-eu,EU,STALE,40.6257961,-6.428663,10009.0,7.0,mitigasmart-cc,,,-116,-1.2,False,False,,,,,,float
2026-05-28 15:06:37.316215+00:00,stratolink-3-eu,EU,STALE,40.6257961,-6.428663,10009.0,7.0,rio-tormes-1b,40.968865323719,-5.64232170581818,-118,-7.0,False,True,76.39753112398147,77.10941705634951,7.1145192715146495,7.801577826295318,59.78802396762984,float
2026-05-28 15:06:37.316215+00:00,stratolink-3-eu,EU,STALE,40.6257961,-6.428663,10009.0,7.0,sg50-perte-malpica-05,,,-118,-4.5,False,False,,,,,,float
2026-05-28 15:06:37.316215+00:00,stratolink-3-eu,EU,STALE,40.6257961,-6.428663,10009.0,7.0,packetbroker,,,-119,-8.5,True,False,,,,,,float
2026-05-28 15:06:37.316215+00:00,stratolink-3-eu,EU,STALE,40.6257961,-6.428663,10009.0,7.0,ext-sg50-024,,,-119,-6.0,False,False,,,,,,float
2026-05-28 15:06:37.316215+00:00,stratolink-3-eu,EU,STALE,40.6257961,-6.428663,10009.0,7.0,meceiot-013-dragout-a84041ffff29dc56,40.970672,-5.141641,-120,-5.0,False,True,114.92237375103964,115.44575407559824,4.456752514798385,5.490272824417167,70.08762740753605,float
2026-05-28 15:06:37.316215+00:00,stratolink-3-eu,EU,STALE,40.6257961,-6.428663,10009.0,7.0,italr0005,40.954279046747715,-4.142631590366364,-120,-6.75,False,True,195.88281833147107,196.28426214013473,2.0417625947977536,3.803376669090203,78.50829551505217,float
2026-05-28 15:06:37.316215+00:00,stratolink-3-eu,EU,STALE,40.6257961,-6.428663,10009.0,7.0,ext-sg50-011,,,-120,-7.8,False,False,,,,,,float
2026-05-28 15:11:45.252847+00:00,stratolink-3-eu,EU,STALE,40.6257961,-6.428663,10009.0,7.0,packetbroker,40.962541751597406,-5.675446072867432,-104,3.75,True,True,73.63739668553853,74.37139657481511,7.403161798178406,8.065397901887811,59.19070782295381,float
2026-05-28 15:11:45.252847+00:00,stratolink-3-eu,EU,STALE,40.6257961,-6.428663,10009.0,7.0,cicytex-ic003,,,-108,-3.8,False,False,,,,,,float
2026-05-28 15:11:45.252847+00:00,stratolink-3-eu,EU,STALE,40.6257961,-6.428663,10009.0,7.0,packetbroker,40.962758045083945,-5.675633842073217,-109,4.0,True,True,73.6359324656191,74.36994456081506,7.403320316988313,8.065543252669633,59.1683601017869,float
2026-05-28 15:11:45.252847+00:00,stratolink-3-eu,EU,STALE,40.6257961,-6.428663,10009.0,7.0,meceiot-004-5030354163554750,40.5481739449056,-5.16353885114368,-109,3.5,False,True,107.17888454101507,107.72775344099033,4.848917346444827,5.8127988807346185,94.20729341885351,float
2026-05-28 15:11:45.252847+00:00,stratolink-3-eu,EU,STALE,40.6257961,-6.428663,10009.0,7.0,ext-dlos8-011,,,-110,-8.2,False,False,,,,,,float
2026-05-28 15:11:45.252847+00:00,stratolink-3-eu,EU,STALE,40.6257961,-6.428663,10009.0,7.0,mtcdtip02-l4e1-9,,,-110,-7.8,False,False,,,,,,float
2026-05-28 15:11:45.252847+00:00,stratolink-3-eu,EU,STALE,40.6257961,-6.428663,10009.0,7.0,niharramikrotik,40.589325292876616,-4.838257133960725,-111,1.5,False,True,134.31778160937742,134.7928799760389,3.654187665070918,4.862134827187417,91.2124281497683,float
2026-05-28 15:11:45.252847+00:00,stratolink-3-eu,EU,STALE,40.6257961,-6.428663,10009.0,7.0,meceiot-013-dragout-a84041ffff29dc56,40.970672,-5.141641,-115,-1.0,False,True,114.92237375103964,115.44575407559824,4.456752514798385,5.490272824417167,70.08762740753605,float
2026-05-28 15:11:45.252847+00:00,stratolink-3-eu,EU,STALE,40.6257961,-6.428663,10009.0,7.0,alarad-multitech,,,-115,-9.5,False,False,,,,,,float
2026-05-28 15:11:45.252847+00:00,stratolink-3-eu,EU,STALE,40.6257961,-6.428663,10009.0,7.0,italr0001,41.70253250763931,-4.708266556262971,-115,-2.5,False,True,187.27657100298967,187.68394848002842,2.2145389629131254,3.8987553024280377,49.69771685783297,float
2026-05-28 15:11:45.252847+00:00,stratolink-3-eu,EU,STALE,40.6257961,-6.428663,10009.0,7.0,mjv-casas,,,-116,-5.0,False,False,,,,,,float
2026-05-28 15:11:45.252847+00:00,stratolink-3-eu,EU,STALE,40.6257961,-6.428663,10009.0,7.0,italr0005,40.954279046747715,-4.142631590366364,-117,-4.25,False,True,195.88281833147107,196.28426214013473,2.0417625947977536,3.803376669090203,78.50829551505217,float
2026-05-28 15:11:45.252847+00:00,stratolink-3-eu,EU,STALE,40.6257961,-6.428663,10009.0,7.0,sg50-perte-malpica-05,,,-117,-7.0,False,False,,,,,,float
2026-05-28 15:11:45.252847+00:00,stratolink-3-eu,EU,STALE,40.6257961,-6.428663,10009.0,7.0,mitigasmart-cc,,,-118,-7.8,False,False,,,,,,float
2026-05-28 15:16:53.169426+00:00,stratolink-3-eu,EU,STALE,40.6257961,-6.428663,10009.0,7.0,cicytex-ic003,,,-108,-4.5,False,False,,,,,,float
2026-05-28 15:16:53.169426+00:00,stratolink-3-eu,EU,STALE,40.6257961,-6.428663,10009.0,7.0,meceiot-004-5030354163554750,40.5481739449056,-5.16353885114368,-108,5.75,False,True,107.17888454101507,107.72775344099033,4.848917346444827,5.8127988807346185,94.20729341885351,float
2026-05-28 15:16:53.169426+00:00,stratolink-3-eu,EU,STALE,40.6257961,-6.428663,10009.0,7.0,mikrotikepsa,40.65110091852006,-4.679304063320161,-111,-8.0,False,True,147.63293591777082,148.08419308632423,3.211465264179429,4.539158320452129,88.33833292165804,float
2026-05-28 15:16:53.169426+00:00,stratolink-3-eu,EU,STALE,40.6257961,-6.428663,10009.0,7.0,niharramikrotik,40.589325292876616,-4.838257133960725,-111,3.5,False,True,134.31778160937742,134.7928799760389,3.654187665070918,4.862134827187417,91.2124281497683,float
2026-05-28 15:16:53.169426+00:00,stratolink-3-eu,EU,STALE,40.6257961,-6.428663,10009.0,7.0,mtcdtip02-l4e1-1,,,-111,-6.8,False,False,,,,,,float
2026-05-28 15:16:53.169426+00:00,stratolink-3-eu,EU,STALE,40.6257961,-6.428663,10009.0,7.0,cicytex-icmc-002,,,-112,-10.3,False,False,,,,,,float
2026-05-28 15:16:53.169426+00:00,stratolink-3-eu,EU,STALE,40.6257961,-6.428663,10009.0,7.0,sg50-perte-malpica-06,,,-112,-8.5,False,False,,,,,,float
2026-05-28 15:16:53.169426+00:00,stratolink-3-eu,EU,STALE,40.6257961,-6.428663,10009.0,7.0,sg50-perte-malpica-02,39.94336757279527,-4.661850929260255,-113,-6.2,False,True,167.97978027441147,168.40451103014465,2.6517065343207107,4.162382905268337,116.28117507161642,float
2026-05-28 15:16:53.169426+00:00,stratolink-3-eu,EU,STALE,40.6257961,-6.428663,10009.0,7.0,dlps8-103,,,-114,-9.2,False,False,,,,,,float
2026-05-28 15:16:53.169426+00:00,stratolink-3-eu,EU,STALE,40.6257961,-6.428663,10009.0,7.0,italr0001,41.70253250763931,-4.708266556262971,-115,-4.75,False,True,187.27657100298967,187.68394848002842,2.2145389629131254,3.8987553024280377,49.69771685783297,float
2026-05-28 15:16:53.169426+00:00,stratolink-3-eu,EU,STALE,40.6257961,-6.428663,10009.0,7.0,mvj-cabezuela,,,-116,-8.0,False,False,,,,,,float
2026-05-28 15:16:53.169426+00:00,stratolink-3-eu,EU,STALE,40.6257961,-6.428663,10009.0,7.0,packetbroker,40.962541751597406,-5.675446072867432,-116,-4.75,True,True,73.63739668553853,74.37139657481511,7.403161798178406,8.065397901887811,59.19070782295381,float
2026-05-28 15:16:53.169426+00:00,stratolink-3-eu,EU,STALE,40.6257961,-6.428663,10009.0,7.0,cdtic-multitech-4,39.4920534590841,-6.57908320426941,-116,-4.0,False,True,126.71486734239434,127.20665440104555,3.9428580999060583,5.0824307057827465,185.84688660018682,float
2026-05-28 15:16:53.169426+00:00,stratolink-3-eu,EU,STALE,40.6257961,-6.428663,10009.0,7.0,sg50-perte-malpica-05,,,-116,0.5,False,False,,,,,,float
2026-05-28 15:16:53.169426+00:00,stratolink-3-eu,EU,STALE,40.6257961,-6.428663,10009.0,7.0,sg50-perte-malpica-01,,,-118,-7.5,False,False,,,,,,float
2026-05-28 15:16:53.169426+00:00,stratolink-3-eu,EU,STALE,40.6257961,-6.428663,10009.0,7.0,packetbroker,,,-119,-7.75,True,False,,,,,,float
2026-05-28 15:16:53.169426+00:00,stratolink-3-eu,EU,STALE,40.6257961,-6.428663,10009.0,7.0,mitigasmart-cc,,,-119,-8.0,False,False,,,,,,float
2026-05-28 15:16:53.169426+00:00,stratolink-3-eu,EU,STALE,40.6257961,-6.428663,10009.0,7.0,sg50-perte-malpica-03,,,-121,-8.0,False,False,,,,,,float
2026-05-28 15:22:01.184127+00:00,stratolink-3-eu,EU,STALE,40.6257961,-6.428663,10009.0,7.0,meceiot-004-5030354163554750,40.5481739449056,-5.16353885114368,-106,5.25,False,True,107.17888454101507,107.72775344099033,4.848917346444827,5.8127988807346185,94.20729341885351,float
2026-05-28 15:22:01.184127+00:00,stratolink-3-eu,EU,STALE,40.6257961,-6.428663,10009.0,7.0,cicytex-ic003,,,-108,-4.0,False,False,,,,,,float
2026-05-28 15:22:01.184127+00:00,stratolink-3-eu,EU,STALE,40.6257961,-6.428663,10009.0,7.0,packetbroker,40.962541751597406,-5.675446072867432,-109,-1.75,True,True,73.63739668553853,74.37139657481511,7.403161798178406,8.065397901887811,59.19070782295381,float
2026-05-28 15:22:01.184127+00:00,stratolink-3-eu,EU,STALE,40.6257961,-6.428663,10009.0,7.0,mtcdtip02-l4e1-9,,,-110,-6.0,False,False,,,,,,float
2026-05-28 15:22:01.184127+00:00,stratolink-3-eu,EU,STALE,40.6257961,-6.428663,10009.0,7.0,mvj-cabezuela,,,-113,-3.5,False,False,,,,,,float
2026-05-28 15:22:01.184127+00:00,stratolink-3-eu,EU,STALE,40.6257961,-6.428663,10009.0,7.0,alarad-multitech,,,-114,-8.0,False,False,,,,,,float
2026-05-28 15:22:01.184127+00:00,stratolink-3-eu,EU,STALE,40.6257961,-6.428663,10009.0,7.0,mjv-casas,,,-115,-2.5,False,False,,,,,,float
2026-05-28 15:22:01.184127+00:00,stratolink-3-eu,EU,STALE,40.6257961,-6.428663,10009.0,7.0,cdtic-multitech-4,39.4920534590841,-6.57908320426941,-115,-6.8,False,True,126.71486734239434,127.20665440104555,3.9428580999060583,5.0824307057827465,185.84688660018682,float
2026-05-28 15:22:01.184127+00:00,stratolink-3-eu,EU,STALE,40.6257961,-6.428663,10009.0,7.0,sg50-perte-malpica-05,,,-116,-0.5,False,False,,,,,,float
2026-05-28 15:22:01.184127+00:00,stratolink-3-eu,EU,STALE,40.6257961,-6.428663,10009.0,7.0,meceiot-013-dragout-a84041ffff29dc56,40.970672,-5.141641,-117,-2.75,False,True,114.92237375103964,115.44575407559824,4.456752514798385,5.490272824417167,70.08762740753605,float
2026-05-28 15:22:01.184127+00:00,stratolink-3-eu,EU,STALE,40.6257961,-6.428663,10009.0,7.0,italr0005,40.954279046747715,-4.142631590366364,-117,-2.75,False,True,195.88281833147107,196.28426214013473,2.0417625947977536,3.803376669090203,78.50829551505217,float
2026-05-28 15:22:01.184127+00:00,stratolink-3-eu,EU,STALE,40.6257961,-6.428663,10009.0,7.0,sg50-perte-malpica-01,,,-117,-8.0,False,False,,,,,,float
2026-05-28 15:27:09.005908+00:00,stratolink-3-eu,EU,STALE,40.6257961,-6.428663,10009.0,7.0,packetbroker,40.962758045083945,-5.675633842073217,-107,3.0,True,True,73.6359324656191,74.36994456081506,7.403320316988313,8.065543252669633,59.1683601017869,float
2026-05-28 15:27:09.005908+00:00,stratolink-3-eu,EU,STALE,40.6257961,-6.428663,10009.0,7.0,cicytex-ic003,,,-107,-6.0,False,False,,,,,,float
2026-05-28 15:27:09.005908+00:00,stratolink-3-eu,EU,STALE,40.6257961,-6.428663,10009.0,7.0,niharramikrotik,40.589325292876616,-4.838257133960725,-110,2.0,False,True,134.31778160937742,134.7928799760389,3.654187665070918,4.862134827187417,91.2124281497683,float
2026-05-28 15:27:09.005908+00:00,stratolink-3-eu,EU,STALE,40.6257961,-6.428663,10009.0,7.0,mtcdtip02-l4e1-9,,,-110,-3.5,False,False,,,,,,float
2026-05-28 15:27:09.005908+00:00,stratolink-3-eu,EU,STALE,40.6257961,-6.428663,10009.0,7.0,packetbroker,40.962541751597406,-5.675446072867432,-110,0.75,True,True,73.63739668553853,74.37139657481511,7.403161798178406,8.065397901887811,59.19070782295381,float
2026-05-28 15:27:09.005908+00:00,stratolink-3-eu,EU,STALE,40.6257961,-6.428663,10009.0,7.0,mvj-cabezuela,,,-111,0.2,False,False,,,,,,float
2026-05-28 15:27:09.005908+00:00,stratolink-3-eu,EU,STALE,40.6257961,-6.428663,10009.0,7.0,lora-more,41.81858911263017,-6.7508557295156235,-112,-3.5,False,True,135.34213528228818,135.8151719294709,3.617467950903412,4.834627334196793,348.6214371376065,float
2026-05-28 15:27:09.005908+00:00,stratolink-3-eu,EU,STALE,40.6257961,-6.428663,10009.0,7.0,mjv-casas,,,-113,-1.2,False,False,,,,,,float
2026-05-28 15:27:09.005908+00:00,stratolink-3-eu,EU,STALE,40.6257961,-6.428663,10009.0,7.0,mikrotikepsa,40.65110091852006,-4.679304063320161,-113,-7.8,False,True,147.63293591777082,148.08419308632423,3.211465264179429,4.539158320452129,88.33833292165804,float
2026-05-28 15:27:09.005908+00:00,stratolink-3-eu,EU,STALE,40.6257961,-6.428663,10009.0,7.0,sg50-perte-malpica-02,39.94336757279527,-4.661850929260255,-114,-9.8,False,True,167.97978027441147,168.40451103014465,2.6517065343207107,4.162382905268337,116.28117507161642,float
2026-05-28 15:27:09.005908+00:00,stratolink-3-eu,EU,STALE,40.6257961,-6.428663,10009.0,7.0,rio-tormes-1b,40.968865323719,-5.64232170581818,-116,-8.75,False,True,76.39753112398147,77.10941705634951,7.1145192715146495,7.801577826295318,59.78802396762984,float
2026-05-28 15:27:09.005908+00:00,stratolink-3-eu,EU,STALE,40.6257961,-6.428663,10009.0,7.0,cicytex-unex-1,,,-116,-7.8,False,False,,,,,,float
2026-05-28 15:27:09.005908+00:00,stratolink-3-eu,EU,STALE,40.6257961,-6.428663,10009.0,7.0,sg50-perte-malpica-05,,,-118,-7.0,False,False,,,,,,float
2026-05-28 15:27:09.005908+00:00,stratolink-3-eu,EU,STALE,40.6257961,-6.428663,10009.0,7.0,packetbroker,,,-119,-7.25,True,False,,,,,,float
2026-05-28 15:27:09.005908+00:00,stratolink-3-eu,EU,STALE,40.6257961,-6.428663,10009.0,7.0,ext-sg50-024,,,-119,-7.5,False,False,,,,,,float
2026-05-28 15:27:09.005908+00:00,stratolink-3-eu,EU,STALE,40.6257961,-6.428663,10009.0,7.0,italr0005,40.954279046747715,-4.142631590366364,-121,-7.25,False,True,195.88281833147107,196.28426214013473,2.0417625947977536,3.803376669090203,78.50829551505217,float
2026-05-28 15:27:09.005908+00:00,stratolink-3-eu,EU,STALE,40.6257961,-6.428663,10009.0,7.0,meceiot-013-dragout-a84041ffff29dc56,40.970672,-5.141641,-121,-6.75,False,True,114.92237375103964,115.44575407559824,4.456752514798385,5.490272824417167,70.08762740753605,float
2026-05-28 15:32:17.087608+00:00,stratolink-3-eu,EU,STALE,40.6257961,-6.428663,10009.0,7.0,cicytex-ic003,,,-109,-4.8,False,False,,,,,,float
2026-05-28 15:32:17.087608+00:00,stratolink-3-eu,EU,STALE,40.6257961,-6.428663,10009.0,7.0,mvj-cabezuela,,,-111,-7.2,False,False,,,,,,float
2026-05-28 15:32:17.087608+00:00,stratolink-3-eu,EU,STALE,40.6257961,-6.428663,10009.0,7.0,rio-tormes-1b,40.968865323719,-5.64232170581818,-112,-5.0,False,True,76.39753112398147,77.10941705634951,7.1145192715146495,7.801577826295318,59.78802396762984,float
2026-05-28 15:32:17.087608+00:00,stratolink-3-eu,EU,STALE,40.6257961,-6.428663,10009.0,7.0,mjv-casas,,,-114,-1.2,False,False,,,,,,float
2026-05-28 15:32:17.087608+00:00,stratolink-3-eu,EU,STALE,40.6257961,-6.428663,10009.0,7.0,packetbroker,40.962758045083945,-5.675633842073217,-114,1.5,True,True,73.6359324656191,74.36994456081506,7.403320316988313,8.065543252669633,59.1683601017869,float
2026-05-28 15:32:17.087608+00:00,stratolink-3-eu,EU,STALE,40.6257961,-6.428663,10009.0,7.0,packetbroker,41.62916384851624,-4.713819387616739,-115,-7.5,True,True,181.86594477074613,182.27757519201526,2.3296382533441506,3.9651957293472737,51.59910411686474,float
2026-05-28 15:32:17.087608+00:00,stratolink-3-eu,EU,STALE,40.6257961,-6.428663,10009.0,7.0,alarad-multitech,,,-116,-7.0,False,False,,,,,,float
2026-05-28 15:32:17.087608+00:00,stratolink-3-eu,EU,STALE,40.6257961,-6.428663,10009.0,7.0,packetbroker,40.962541751597406,-5.675446072867432,-116,-1.75,True,True,73.63739668553853,74.37139657481511,7.403161798178406,8.065397901887811,59.19070782295381,float
2026-05-28 15:32:17.087608+00:00,stratolink-3-eu,EU,STALE,40.6257961,-6.428663,10009.0,7.0,italr0005,40.954279046747715,-4.142631590366364,-117,-3.0,False,True,195.88281833147107,196.28426214013473,2.0417625947977536,3.803376669090203,78.50829551505217,float
2026-05-28 15:32:17.087608+00:00,stratolink-3-eu,EU,STALE,40.6257961,-6.428663,10009.0,7.0,italr0001,41.70253250763931,-4.708266556262971,-117,-6.75,False,True,187.27657100298967,187.68394848002842,2.2145389629131254,3.8987553024280377,49.69771685783297,float
2026-05-28 15:32:17.087608+00:00,stratolink-3-eu,EU,STALE,40.6257961,-6.428663,10009.0,7.0,meceiot-013-dragout-a84041ffff29dc56,40.970672,-5.141641,-117,-1.75,False,True,114.92237375103964,115.44575407559824,4.456752514798385,5.490272824417167,70.08762740753605,float
2026-05-28 15:32:17.087608+00:00,stratolink-3-eu,EU,STALE,40.6257961,-6.428663,10009.0,7.0,packetbroker,,,-119,-8.5,True,False,,,,,,float
2026-05-28 15:32:17.087608+00:00,stratolink-3-eu,EU,STALE,40.6257961,-6.428663,10009.0,7.0,sg50-perte-malpica-05,,,-119,-6.0,False,False,,,,,,float
2026-05-28 15:32:17.087608+00:00,stratolink-3-eu,EU,STALE,40.6257961,-6.428663,10009.0,7.0,sg50-perte-malpica-03,,,-121,-8.2,False,False,,,,,,float
2026-05-28 15:37:24.955239+00:00,stratolink-3-eu,EU,STALE,40.6257961,-6.428663,10009.0,7.0,cicytex-ic003,,,-107,-1.5,False,False,,,,,,float
2026-05-28 15:37:24.955239+00:00,stratolink-3-eu,EU,STALE,40.6257961,-6.428663,10009.0,7.0,niharramikrotik,40.589325292876616,-4.838257133960725,-109,3.25,False,True,134.31778160937742,134.7928799760389,3.654187665070918,4.862134827187417,91.2124281497683,float
2026-05-28 15:37:24.955239+00:00,stratolink-3-eu,EU,STALE,40.6257961,-6.428663,10009.0,7.0,mtcdtip02-l4e1-1,,,-109,-5.2,False,False,,,,,,float
2026-05-28 15:37:24.955239+00:00,stratolink-3-eu,EU,STALE,40.6257961,-6.428663,10009.0,7.0,mtcdtip02-l4e1-9,,,-109,-6.0,False,False,,,,,,float
2026-05-28 15:37:24.955239+00:00,stratolink-3-eu,EU,STALE,40.6257961,-6.428663,10009.0,7.0,mjv-casas,,,-110,-2.8,False,False,,,,,,float
2026-05-28 15:37:24.955239+00:00,stratolink-3-eu,EU,STALE,40.6257961,-6.428663,10009.0,7.0,packetbroker,40.962541751597406,-5.675446072867432,-110,-0.75,True,True,73.63739668553853,74.37139657481511,7.403161798178406,8.065397901887811,59.19070782295381,float
2026-05-28 15:37:24.955239+00:00,stratolink-3-eu,EU,STALE,40.6257961,-6.428663,10009.0,7.0,mvj-cabezuela,,,-111,2.5,False,False,,,,,,float
2026-05-28 15:37:24.955239+00:00,stratolink-3-eu,EU,STALE,40.6257961,-6.428663,10009.0,7.0,sg50-perte-malpica-02,39.94336757279527,-4.661850929260255,-111,-2.2,False,True,167.97978027441147,168.40451103014465,2.6517065343207107,4.162382905268337,116.28117507161642,float
2026-05-28 15:37:24.955239+00:00,stratolink-3-eu,EU,STALE,40.6257961,-6.428663,10009.0,7.0,meceiot-004-5030354163554750,40.5481739449056,-5.16353885114368,-112,-0.75,False,True,107.17888454101507,107.72775344099033,4.848917346444827,5.8127988807346185,94.20729341885351,float
2026-05-28 15:37:24.955239+00:00,stratolink-3-eu,EU,STALE,40.6257961,-6.428663,10009.0,7.0,cdtic-multitech-4,39.4920534590841,-6.57908320426941,-113,-4.0,False,True,126.71486734239434,127.20665440104555,3.9428580999060583,5.0824307057827465,185.84688660018682,float
2026-05-28 15:37:24.955239+00:00,stratolink-3-eu,EU,STALE,40.6257961,-6.428663,10009.0,7.0,dlps8-103,,,-114,-9.0,False,False,,,,,,float
2026-05-28 15:37:24.955239+00:00,stratolink-3-eu,EU,STALE,40.6257961,-6.428663,10009.0,7.0,sg50-perte-malpica-06,,,-115,-6.2,False,False,,,,,,float
2026-05-28 15:37:24.955239+00:00,stratolink-3-eu,EU,STALE,40.6257961,-6.428663,10009.0,7.0,sg50-perte-malpica-05,,,-116,-0.5,False,False,,,,,,float
2026-05-28 15:37:24.955239+00:00,stratolink-3-eu,EU,STALE,40.6257961,-6.428663,10009.0,7.0,italr0005,40.954279046747715,-4.142631590366364,-117,-3.0,False,True,195.88281833147107,196.28426214013473,2.0417625947977536,3.803376669090203,78.50829551505217,float
2026-05-28 15:37:24.955239+00:00,stratolink-3-eu,EU,STALE,40.6257961,-6.428663,10009.0,7.0,mitigasmart-cc,,,-118,-7.0,False,False,,,,,,float
2026-05-28 15:37:24.955239+00:00,stratolink-3-eu,EU,STALE,40.6257961,-6.428663,10009.0,7.0,sg50-eui-c0ba1ffffe004945,,,-118,-6.8,False,False,,,,,,float
2026-05-28 15:37:24.955239+00:00,stratolink-3-eu,EU,STALE,40.6257961,-6.428663,10009.0,7.0,sg50-perte-malpica-03,,,-119,-5.2,False,False,,,,,,float
2026-05-28 15:37:24.955239+00:00,stratolink-3-eu,EU,STALE,40.6257961,-6.428663,10009.0,7.0,meceiot-013-dragout-a84041ffff29dc56,40.970672,-5.141641,-120,-5.75,False,True,114.92237375103964,115.44575407559824,4.456752514798385,5.490272824417167,70.08762740753605,float
2026-05-28 15:42:32.939101+00:00,stratolink-3-eu,EU,STALE,40.6257961,-6.428663,10009.0,7.0,meceiot-004-5030354163554750,40.5481739449056,-5.16353885114368,-105,5.0,False,True,107.17888454101507,107.72775344099033,4.848917346444827,5.8127988807346185,94.20729341885351,float
2026-05-28 15:42:32.939101+00:00,stratolink-3-eu,EU,STALE,40.6257961,-6.428663,10009.0,7.0,cicytex-ic003,,,-108,-6.2,False,False,,,,,,float
2026-05-28 15:42:32.939101+00:00,stratolink-3-eu,EU,STALE,40.6257961,-6.428663,10009.0,7.0,niharramikrotik,40.589325292876616,-4.838257133960725,-110,3.75,False,True,134.31778160937742,134.7928799760389,3.654187665070918,4.862134827187417,91.2124281497683,float
2026-05-28 15:42:32.939101+00:00,stratolink-3-eu,EU,STALE,40.6257961,-6.428663,10009.0,7.0,mtcdtip02-l4e1-13,,,-110,-7.5,False,False,,,,,,float
2026-05-28 15:42:32.939101+00:00,stratolink-3-eu,EU,STALE,40.6257961,-6.428663,10009.0,7.0,mvj-cabezuela,,,-111,1.8,False,False,,,,,,float
2026-05-28 15:42:32.939101+00:00,stratolink-3-eu,EU,STALE,40.6257961,-6.428663,10009.0,7.0,cicytex-icmc-002,,,-111,-7.0,False,False,,,,,,float
2026-05-28 15:42:32.939101+00:00,stratolink-3-eu,EU,STALE,40.6257961,-6.428663,10009.0,7.0,mjv-casas,,,-112,0.2,False,False,,,,,,float
2026-05-28 15:42:32.939101+00:00,stratolink-3-eu,EU,STALE,40.6257961,-6.428663,10009.0,7.0,packetbroker,40.962541751597406,-5.675446072867432,-112,-2.25,True,True,73.63739668553853,74.37139657481511,7.403161798178406,8.065397901887811,59.19070782295381,float
2026-05-28 15:42:32.939101+00:00,stratolink-3-eu,EU,STALE,40.6257961,-6.428663,10009.0,7.0,sg50-perte-malpica-02,39.94336757279527,-4.661850929260255,-112,-3.8,False,True,167.97978027441147,168.40451103014465,2.6517065343207107,4.162382905268337,116.28117507161642,float
2026-05-28 15:42:32.939101+00:00,stratolink-3-eu,EU,STALE,40.6257961,-6.428663,10009.0,7.0,uah-outdoor,40.513016253496716,-3.3499574594000614,-113,-7.8,False,True,260.3343663648936,260.71285394234724,1.0290975758923302,3.3703375463850724,91.75897108984071,float
2026-05-28 15:42:32.939101+00:00,stratolink-3-eu,EU,STALE,40.6257961,-6.428663,10009.0,7.0,packetbroker,40.962758045083945,-5.675633842073217,-114,,True,True,73.6359324656191,74.36994456081506,7.403320316988313,8.065543252669633,59.1683601017869,float
2026-05-28 15:42:32.939101+00:00,stratolink-3-eu,EU,STALE,40.6257961,-6.428663,10009.0,7.0,mtcdtip02-l4e1-16,,,-114,-7.0,False,False,,,,,,float
2026-05-28 15:42:32.939101+00:00,stratolink-3-eu,EU,STALE,40.6257961,-6.428663,10009.0,7.0,italr0005,40.954279046747715,-4.142631590366364,-114,,False,True,195.88281833147107,196.28426214013473,2.0417625947977536,3.803376669090203,78.50829551505217,float
2026-05-28 15:42:32.939101+00:00,stratolink-3-eu,EU,STALE,40.6257961,-6.428663,10009.0,7.0,sg50-perte-malpica-06,,,-114,-7.2,False,False,,,,,,float
2026-05-28 15:42:32.939101+00:00,stratolink-3-eu,EU,STALE,40.6257961,-6.428663,10009.0,7.0,cdtic-multitech-4,39.4920534590841,-6.57908320426941,-116,-5.8,False,True,126.71486734239434,127.20665440104555,3.9428580999060583,5.0824307057827465,185.84688660018682,float
2026-05-28 15:42:32.939101+00:00,stratolink-3-eu,EU,STALE,40.6257961,-6.428663,10009.0,7.0,cicytex-unex-1,,,-116,-7.2,False,False,,,,,,float
2026-05-28 15:42:32.939101+00:00,stratolink-3-eu,EU,STALE,40.6257961,-6.428663,10009.0,7.0,upm-etsime-tellus-001,40.4433240038774,-3.70036411460872,-117,-6.5,False,True,231.44963053887213,231.83478824475242,1.4332536759132088,3.5147273351144555,94.14146072417549,float
2026-05-28 15:42:32.939101+00:00,stratolink-3-eu,EU,STALE,40.6257961,-6.428663,10009.0,7.0,sg50-perte-malpica-01,,,-117,-9.0,False,False,,,,,,float
2026-05-28 15:42:32.939101+00:00,stratolink-3-eu,EU,STALE,40.6257961,-6.428663,10009.0,7.0,rio-tormes-1b,40.968865323719,-5.64232170581818,-118,-7.0,False,True,76.39753112398147,77.10941705634951,7.1145192715146495,7.801577826295318,59.78802396762984,float
2026-05-28 15:42:32.939101+00:00,stratolink-3-eu,EU,STALE,40.6257961,-6.428663,10009.0,7.0,mitigasmart-cc,,,-118,-6.2,False,False,,,,,,float
2026-05-28 15:42:32.939101+00:00,stratolink-3-eu,EU,STALE,40.6257961,-6.428663,10009.0,7.0,sg50-eui-c0ba1ffffe004945,,,-118,-8.8,False,False,,,,,,float
2026-05-28 15:42:32.939101+00:00,stratolink-3-eu,EU,STALE,40.6257961,-6.428663,10009.0,7.0,sg50-perte-malpica-03,,,-118,-3.5,False,False,,,,,,float
2026-05-28 15:42:32.939101+00:00,stratolink-3-eu,EU,STALE,40.6257961,-6.428663,10009.0,7.0,sg50-perte-malpica-05,,,-118,-5.2,False,False,,,,,,float
2026-05-28 15:42:32.939101+00:00,stratolink-3-eu,EU,STALE,40.6257961,-6.428663,10009.0,7.0,sg50-perte-malpica-07,,,-118,-8.2,False,False,,,,,,float
2026-05-28 15:42:32.939101+00:00,stratolink-3-eu,EU,STALE,40.6257961,-6.428663,10009.0,7.0,meceiot-013-dragout-a84041ffff29dc56,40.970672,-5.141641,-119,-4.5,False,True,114.92237375103964,115.44575407559824,4.456752514798385,5.490272824417167,70.08762740753605,float
2026-05-28 15:42:32.939101+00:00,stratolink-3-eu,EU,STALE,40.6257961,-6.428663,10009.0,7.0,ext-sg50-022,,,-119,-8.5,False,False,,,,,,float
2026-05-28 15:42:32.939101+00:00,stratolink-3-eu,EU,STALE,40.6257961,-6.428663,10009.0,7.0,ext-sg50-011,,,-119,-7.5,False,False,,,,,,float
2026-05-28 15:47:41.253050+00:00,stratolink-3-eu,EU,STALE,40.6257961,-6.428663,10009.0,7.0,cicytex-ic003,,,-109,-5.0,False,False,,,,,,float
2026-05-28 15:47:41.253050+00:00,stratolink-3-eu,EU,STALE,40.6257961,-6.428663,10009.0,7.0,meceiot-004-5030354163554750,40.5481739449056,-5.16353885114368,-110,4.5,False,True,107.17888454101507,107.72775344099033,4.848917346444827,5.8127988807346185,94.20729341885351,float
2026-05-28 15:47:41.253050+00:00,stratolink-3-eu,EU,STALE,40.6257961,-6.428663,10009.0,7.0,packetbroker,,,-111,,True,False,,,,,,float
2026-05-28 15:47:41.253050+00:00,stratolink-3-eu,EU,STALE,40.6257961,-6.428663,10009.0,7.0,packetbroker,40.962758045083945,-5.675633842073217,-111,3.0,True,True,73.6359324656191,74.36994456081506,7.403320316988313,8.065543252669633,59.1683601017869,float
2026-05-28 15:47:41.253050+00:00,stratolink-3-eu,EU,STALE,40.6257961,-6.428663,10009.0,7.0,niharramikrotik,40.589325292876616,-4.838257133960725,-111,1.0,False,True,134.31778160937742,134.7928799760389,3.654187665070918,4.862134827187417,91.2124281497683,float
2026-05-28 15:47:41.253050+00:00,stratolink-3-eu,EU,STALE,40.6257961,-6.428663,10009.0,7.0,ext-dlos8-011,,,-112,-7.5,False,False,,,,,,float
2026-05-28 15:47:41.253050+00:00,stratolink-3-eu,EU,STALE,40.6257961,-6.428663,10009.0,7.0,mvj-cabezuela,,,-113,1.0,False,False,,,,,,float
2026-05-28 15:47:41.253050+00:00,stratolink-3-eu,EU,STALE,40.6257961,-6.428663,10009.0,7.0,lora-more,41.81858911263017,-6.7508557295156235,-113,-6.5,False,True,135.34213528228818,135.8151719294709,3.617467950903412,4.834627334196793,348.6214371376065,float
2026-05-28 15:47:41.253050+00:00,stratolink-3-eu,EU,STALE,40.6257961,-6.428663,10009.0,7.0,packetbroker,,,-114,-8.5,True,False,,,,,,float
2026-05-28 15:47:41.253050+00:00,stratolink-3-eu,EU,STALE,40.6257961,-6.428663,10009.0,7.0,packetbroker,41.62916384851624,-4.713819387616739,-114,-8.5,True,True,181.86594477074613,182.27757519201526,2.3296382533441506,3.9651957293472737,51.59910411686474,float
2026-05-28 15:47:41.253050+00:00,stratolink-3-eu,EU,STALE,40.6257961,-6.428663,10009.0,7.0,sg50-perte-malpica-02,39.94336757279527,-4.661850929260255,-114,-10.2,False,True,167.97978027441147,168.40451103014465,2.6517065343207107,4.162382905268337,116.28117507161642,float
2026-05-28 15:47:41.253050+00:00,stratolink-3-eu,EU,STALE,40.6257961,-6.428663,10009.0,7.0,italr0002,42.0074540232199,-4.55747170209175,-115,-4.5,False,True,219.13430491423532,219.5238541012961,1.6275109693867533,3.598230397386754,44.87354889546077,float
2026-05-28 15:47:41.253050+00:00,stratolink-3-eu,EU,STALE,40.6257961,-6.428663,10009.0,7.0,meceiot-013-dragout-a84041ffff29dc56,40.970672,-5.141641,-115,0.5,False,True,114.92237375103964,115.44575407559824,4.456752514798385,5.490272824417167,70.08762740753605,float
2026-05-28 15:47:41.253050+00:00,stratolink-3-eu,EU,STALE,40.6257961,-6.428663,10009.0,7.0,packetbroker,40.962541751597406,-5.675446072867432,-116,-3.5,True,True,73.63739668553853,74.37139657481511,7.403161798178406,8.065397901887811,59.19070782295381,float
2026-05-28 15:47:41.253050+00:00,stratolink-3-eu,EU,STALE,40.6257961,-6.428663,10009.0,7.0,rio-tormes-1b,40.968865323719,-5.64232170581818,-117,-4.25,False,True,76.39753112398147,77.10941705634951,7.1145192715146495,7.801577826295318,59.78802396762984,float
2026-05-28 15:47:41.253050+00:00,stratolink-3-eu,EU,STALE,40.6257961,-6.428663,10009.0,7.0,italr0001,41.70253250763931,-4.708266556262971,-117,-2.25,False,True,187.27657100298967,187.68394848002842,2.2145389629131254,3.8987553024280377,49.69771685783297,float
2026-05-28 15:47:41.253050+00:00,stratolink-3-eu,EU,STALE,40.6257961,-6.428663,10009.0,7.0,italr0005,40.954279046747715,-4.142631590366364,-119,-4.75,False,True,195.88281833147107,196.28426214013473,2.0417625947977536,3.803376669090203,78.50829551505217,float
2026-05-28 15:47:41.253050+00:00,stratolink-3-eu,EU,STALE,40.6257961,-6.428663,10009.0,7.0,mitigasmart-cc,,,-119,-7.2,False,False,,,,,,float
2026-05-28 15:47:41.253050+00:00,stratolink-3-eu,EU,STALE,40.6257961,-6.428663,10009.0,7.0,ext-sg50-024,,,-120,-8.0,False,False,,,,,,float
2026-05-28 15:52:49.131836+00:00,stratolink-3-eu,EU,STALE,40.6257961,-6.428663,10009.0,7.0,cicytex-ic003,,,-108,-4.0,False,False,,,,,,float
2026-05-28 15:52:49.131836+00:00,stratolink-3-eu,EU,STALE,40.6257961,-6.428663,10009.0,7.0,meceiot-004-5030354163554750,40.5481739449056,-5.16353885114368,-108,4.75,False,True,107.17888454101507,107.72775344099033,4.848917346444827,5.8127988807346185,94.20729341885351,float
2026-05-28 15:52:49.131836+00:00,stratolink-3-eu,EU,STALE,40.6257961,-6.428663,10009.0,7.0,packetbroker,40.962758045083945,-5.675633842073217,-109,4.75,True,True,73.6359324656191,74.36994456081506,7.403320316988313,8.065543252669633,59.1683601017869,float
2026-05-28 15:52:49.131836+00:00,stratolink-3-eu,EU,STALE,40.6257961,-6.428663,10009.0,7.0,mtcdtip02-l4e1-9,,,-109,-6.2,False,False,,,,,,float
2026-05-28 15:52:49.131836+00:00,stratolink-3-eu,EU,STALE,40.6257961,-6.428663,10009.0,7.0,niharramikrotik,40.589325292876616,-4.838257133960725,-110,2.0,False,True,134.31778160937742,134.7928799760389,3.654187665070918,4.862134827187417,91.2124281497683,float
2026-05-28 15:52:49.131836+00:00,stratolink-3-eu,EU,STALE,40.6257961,-6.428663,10009.0,7.0,mvj-cabezuela,,,-111,-1.2,False,False,,,,,,float
2026-05-28 15:52:49.131836+00:00,stratolink-3-eu,EU,STALE,40.6257961,-6.428663,10009.0,7.0,rio-tormes-1b,40.968865323719,-5.64232170581818,-112,-4.25,False,True,76.39753112398147,77.10941705634951,7.1145192715146495,7.801577826295318,59.78802396762984,float
2026-05-28 15:52:49.131836+00:00,stratolink-3-eu,EU,STALE,40.6257961,-6.428663,10009.0,7.0,ext-dlos8-011,,,-112,-8.0,False,False,,,,,,float
2026-05-28 15:52:49.131836+00:00,stratolink-3-eu,EU,STALE,40.6257961,-6.428663,10009.0,7.0,lora-more,41.81858911263017,-6.7508557295156235,-113,-8.0,False,True,135.34213528228818,135.8151719294709,3.617467950903412,4.834627334196793,348.6214371376065,float
2026-05-28 15:52:49.131836+00:00,stratolink-3-eu,EU,STALE,40.6257961,-6.428663,10009.0,7.0,5031395365454751,42.195765,-6.006521,-114,-7.25,False,True,178.0863879551528,178.50125504881117,2.413301930799312,4.014869082701203,11.26215914003194,float
2026-05-28 15:52:49.131836+00:00,stratolink-3-eu,EU,STALE,40.6257961,-6.428663,10009.0,7.0,packetbroker,40.962541751597406,-5.675446072867432,-114,-5.25,True,True,73.63739668553853,74.37139657481511,7.403161798178406,8.065397901887811,59.19070782295381,float
2026-05-28 15:52:49.131836+00:00,stratolink-3-eu,EU,STALE,40.6257961,-6.428663,10009.0,7.0,meceiot-013-dragout-a84041ffff29dc56,40.970672,-5.141641,-115,-1.25,False,True,114.92237375103964,115.44575407559824,4.456752514798385,5.490272824417167,70.08762740753605,float
2026-05-28 15:52:49.131836+00:00,stratolink-3-eu,EU,STALE,40.6257961,-6.428663,10009.0,7.0,italr0001,41.70253250763931,-4.708266556262971,-116,-2.0,False,True,187.27657100298967,187.68394848002842,2.2145389629131254,3.8987553024280377,49.69771685783297,float
2026-05-28 15:52:49.131836+00:00,stratolink-3-eu,EU,STALE,40.6257961,-6.428663,10009.0,7.0,mitigasmart-cc,,,-118,-7.8,False,False,,,,,,float
2026-05-28 15:52:49.131836+00:00,stratolink-3-eu,EU,STALE,40.6257961,-6.428663,10009.0,7.0,ext-sg50-022,,,-119,-6.8,False,False,,,,,,float
2026-05-28 15:52:49.131836+00:00,stratolink-3-eu,EU,STALE,40.6257961,-6.428663,10009.0,7.0,ext-sg50-023,,,-119,-5.0,False,False,,,,,,float
2026-05-28 15:52:49.131836+00:00,stratolink-3-eu,EU,STALE,40.6257961,-6.428663,10009.0,7.0,sg50-perte-malpica-03,,,-120,-8.0,False,False,,,,,,float
2026-05-28 15:57:56.979299+00:00,stratolink-3-eu,EU,STALE,40.6257961,-6.428663,10009.0,7.0,niharramikrotik,40.589325292876616,-4.838257133960725,-108,2.75,False,True,134.31778160937742,134.7928799760389,3.654187665070918,4.862134827187417,91.2124281497683,float
2026-05-28 15:57:56.979299+00:00,stratolink-3-eu,EU,STALE,40.6257961,-6.428663,10009.0,7.0,mikrotikepsa,40.65110091852006,-4.679304063320161,-109,-9.0,False,True,147.63293591777082,148.08419308632423,3.211465264179429,4.539158320452129,88.33833292165804,float
2026-05-28 15:57:56.979299+00:00,stratolink-3-eu,EU,STALE,40.6257961,-6.428663,10009.0,7.0,cicytex-ic003,,,-109,-6.8,False,False,,,,,,float
2026-05-28 15:57:56.979299+00:00,stratolink-3-eu,EU,STALE,40.6257961,-6.428663,10009.0,7.0,meceiot-004-5030354163554750,40.5481739449056,-5.16353885114368,-110,1.5,False,True,107.17888454101507,107.72775344099033,4.848917346444827,5.8127988807346185,94.20729341885351,float
2026-05-28 15:57:56.979299+00:00,stratolink-3-eu,EU,STALE,40.6257961,-6.428663,10009.0,7.0,mvj-cabezuela,,,-112,-0.2,False,False,,,,,,float
2026-05-28 15:57:56.979299+00:00,stratolink-3-eu,EU,STALE,40.6257961,-6.428663,10009.0,7.0,lora-more,41.81858911263017,-6.7508557295156235,-113,-6.8,False,True,135.34213528228818,135.8151719294709,3.617467950903412,4.834627334196793,348.6214371376065,float
2026-05-28 15:57:56.979299+00:00,stratolink-3-eu,EU,STALE,40.6257961,-6.428663,10009.0,7.0,uah-outdoor,40.513016253496716,-3.3499574594000614,-113,-8.2,False,True,260.3343663648936,260.71285394234724,1.0290975758923302,3.3703375463850724,91.75897108984071,float
2026-05-28 15:57:56.979299+00:00,stratolink-3-eu,EU,STALE,40.6257961,-6.428663,10009.0,7.0,packetbroker,40.962541751597406,-5.675446072867432,-113,-5.25,True,True,73.63739668553853,74.37139657481511,7.403161798178406,8.065397901887811,59.19070782295381,float
2026-05-28 15:57:56.979299+00:00,stratolink-3-eu,EU,STALE,40.6257961,-6.428663,10009.0,7.0,packetbroker,,,-114,-3.0,True,False,,,,,,float
2026-05-28 15:57:56.979299+00:00,stratolink-3-eu,EU,STALE,40.6257961,-6.428663,10009.0,7.0,packetbroker,40.962758045083945,-5.675633842073217,-114,,True,True,73.6359324656191,74.36994456081506,7.403320316988313,8.065543252669633,59.1683601017869,float
2026-05-28 15:57:56.979299+00:00,stratolink-3-eu,EU,STALE,40.6257961,-6.428663,10009.0,7.0,mjv-casas,,,-115,-3.2,False,False,,,,,,float
2026-05-28 15:57:56.979299+00:00,stratolink-3-eu,EU,STALE,40.6257961,-6.428663,10009.0,7.0,rio-tormes-1b,40.968865323719,-5.64232170581818,-115,-6.5,False,True,76.39753112398147,77.10941705634951,7.1145192715146495,7.801577826295318,59.78802396762984,float
2026-05-28 15:57:56.979299+00:00,stratolink-3-eu,EU,STALE,40.6257961,-6.428663,10009.0,7.0,packetbroker,41.62916384851624,-4.713819387616739,-115,-7.0,True,True,181.86594477074613,182.27757519201526,2.3296382533441506,3.9651957293472737,51.59910411686474,float
2026-05-28 15:57:56.979299+00:00,stratolink-3-eu,EU,STALE,40.6257961,-6.428663,10009.0,7.0,italr0001,41.70253250763931,-4.708266556262971,-115,-2.75,False,True,187.27657100298967,187.68394848002842,2.2145389629131254,3.8987553024280377,49.69771685783297,float
2026-05-28 15:57:56.979299+00:00,stratolink-3-eu,EU,STALE,40.6257961,-6.428663,10009.0,7.0,meceiot-013-dragout-a84041ffff29dc56,40.970672,-5.141641,-115,-1.25,False,True,114.92237375103964,115.44575407559824,4.456752514798385,5.490272824417167,70.08762740753605,float
2026-05-28 15:57:56.979299+00:00,stratolink-3-eu,EU,STALE,40.6257961,-6.428663,10009.0,7.0,cdtic-multitech-4,39.4920534590841,-6.57908320426941,-116,-8.0,False,True,126.71486734239434,127.20665440104555,3.9428580999060583,5.0824307057827465,185.84688660018682,float
2026-05-28 15:57:56.979299+00:00,stratolink-3-eu,EU,STALE,40.6257961,-6.428663,10009.0,7.0,sg50-perte-malpica-06,,,-116,-8.2,False,False,,,,,,float
2026-05-28 15:57:56.979299+00:00,stratolink-3-eu,EU,STALE,40.6257961,-6.428663,10009.0,7.0,italr0005,40.954279046747715,-4.142631590366364,-117,-3.0,False,True,195.88281833147107,196.28426214013473,2.0417625947977536,3.803376669090203,78.50829551505217,float
2026-05-28 15:57:56.979299+00:00,stratolink-3-eu,EU,STALE,40.6257961,-6.428663,10009.0,7.0,mitigasmart-cc,,,-117,-4.8,False,False,,,,,,float
2026-05-28 15:57:56.979299+00:00,stratolink-3-eu,EU,STALE,40.6257961,-6.428663,10009.0,7.0,ext-sg50-024,,,-119,-8.2,False,False,,,,,,float
2026-05-28 16:03:04.910236+00:00,stratolink-3-eu,EU,STALE,40.6257961,-6.428663,10009.0,7.0,mvj-cabezuela,,,-108,2.8,False,False,,,,,,float
2026-05-28 16:03:04.910236+00:00,stratolink-3-eu,EU,STALE,40.6257961,-6.428663,10009.0,7.0,cicytex-ic003,,,-108,-1.2,False,False,,,,,,float
2026-05-28 16:03:04.910236+00:00,stratolink-3-eu,EU,STALE,40.6257961,-6.428663,10009.0,7.0,mtcdtip02-l4e1-9,,,-110,-3.5,False,False,,,,,,float
2026-05-28 16:03:04.910236+00:00,stratolink-3-eu,EU,STALE,40.6257961,-6.428663,10009.0,7.0,packetbroker,,,-112,-1.75,True,False,,,,,,float
2026-05-28 16:03:04.910236+00:00,stratolink-3-eu,EU,STALE,40.6257961,-6.428663,10009.0,7.0,niharramikrotik,40.589325292876616,-4.838257133960725,-113,-0.25,False,True,134.31778160937742,134.7928799760389,3.654187665070918,4.862134827187417,91.2124281497683,float
2026-05-28 16:03:04.910236+00:00,stratolink-3-eu,EU,STALE,40.6257961,-6.428663,10009.0,7.0,packetbroker,40.962541751597406,-5.675446072867432,-114,-2.25,True,True,73.63739668553853,74.37139657481511,7.403161798178406,8.065397901887811,59.19070782295381,float
2026-05-28 16:03:04.910236+00:00,stratolink-3-eu,EU,STALE,40.6257961,-6.428663,10009.0,7.0,mitigasmart-cc,,,-114,3.0,False,False,,,,,,float
2026-05-28 16:03:04.910236+00:00,stratolink-3-eu,EU,STALE,40.6257961,-6.428663,10009.0,7.0,mjv-casas,,,-115,1.5,False,False,,,,,,float
2026-05-28 16:03:04.910236+00:00,stratolink-3-eu,EU,STALE,40.6257961,-6.428663,10009.0,7.0,ext-sg50-018,,,-115,-5.0,False,False,,,,,,float
2026-05-28 16:03:04.910236+00:00,stratolink-3-eu,EU,STALE,40.6257961,-6.428663,10009.0,7.0,cdtic-multitech-4,39.4920534590841,-6.57908320426941,-116,-3.0,False,True,126.71486734239434,127.20665440104555,3.9428580999060583,5.0824307057827465,185.84688660018682,float
2026-05-28 16:03:04.910236+00:00,stratolink-3-eu,EU,STALE,40.6257961,-6.428663,10009.0,7.0,rio-tormes-1b,40.968865323719,-5.64232170581818,-118,-2.75,False,True,76.39753112398147,77.10941705634951,7.1145192715146495,7.801577826295318,59.78802396762984,float
2026-05-28 16:03:04.910236+00:00,stratolink-3-eu,EU,STALE,40.6257961,-6.428663,10009.0,7.0,ext-sg50-022,,,-118,-1.8,False,False,,,,,,float
2026-05-28 16:03:04.910236+00:00,stratolink-3-eu,EU,STALE,40.6257961,-6.428663,10009.0,7.0,ext-sg50-029,,,-118,-5.8,False,False,,,,,,float
2026-05-28 16:03:04.910236+00:00,stratolink-3-eu,EU,STALE,40.6257961,-6.428663,10009.0,7.0,meceiot-013-dragout-a84041ffff29dc56,40.970672,-5.141641,-119,-3.75,False,True,114.92237375103964,115.44575407559824,4.456752514798385,5.490272824417167,70.08762740753605,float
2026-05-28 16:03:04.910236+00:00,stratolink-3-eu,EU,STALE,40.6257961,-6.428663,10009.0,7.0,ext-sg50-024,,,-119,-4.0,False,False,,,,,,float
2026-05-28 16:03:04.910236+00:00,stratolink-3-eu,EU,STALE,40.6257961,-6.428663,10009.0,7.0,ext-sg50-012,,,-119,-7.5,False,False,,,,,,float
2026-05-28 16:03:04.910236+00:00,stratolink-3-eu,EU,STALE,40.6257961,-6.428663,10009.0,7.0,v3-eui-b827ebfffebf1f02,40.13814,-7.50059,-120,-4.5,False,True,105.75302120153279,106.30707519171335,4.926785523119559,5.8778439780386424,239.50121508522003,float
2026-05-28 16:03:04.910236+00:00,stratolink-3-eu,EU,STALE,40.6257961,-6.428663,10009.0,7.0,sg50-perte-malpica-03,,,-120,-8.2,False,False,,,,,,float
2026-05-28 16:08:12.826148+00:00,stratolink-3-eu,EU,STALE,40.6257961,-6.428663,10009.0,7.0,cicytex-ic003,,,-108,-3.5,False,False,,,,,,float
2026-05-28 16:08:12.826148+00:00,stratolink-3-eu,EU,STALE,40.6257961,-6.428663,10009.0,7.0,meceiot-004-5030354163554750,40.5481739449056,-5.16353885114368,-109,4.0,False,True,107.17888454101507,107.72775344099033,4.848917346444827,5.8127988807346185,94.20729341885351,float
2026-05-28 16:08:12.826148+00:00,stratolink-3-eu,EU,STALE,40.6257961,-6.428663,10009.0,7.0,mvj-cabezuela,,,-110,3.5,False,False,,,,,,float
2026-05-28 16:08:12.826148+00:00,stratolink-3-eu,EU,STALE,40.6257961,-6.428663,10009.0,7.0,mtcdtip02-l4e1-9,,,-110,-3.2,False,False,,,,,,float
2026-05-28 16:08:12.826148+00:00,stratolink-3-eu,EU,STALE,40.6257961,-6.428663,10009.0,7.0,mtcdtip02-l4e1-1,,,-110,-7.0,False,False,,,,,,float
2026-05-28 16:08:12.826148+00:00,stratolink-3-eu,EU,STALE,40.6257961,-6.428663,10009.0,7.0,niharramikrotik,40.589325292876616,-4.838257133960725,-112,-0.75,False,True,134.31778160937742,134.7928799760389,3.654187665070918,4.862134827187417,91.2124281497683,float
2026-05-28 16:08:12.826148+00:00,stratolink-3-eu,EU,STALE,40.6257961,-6.428663,10009.0,7.0,mjv-casas,,,-113,1.2,False,False,,,,,,float
2026-05-28 16:08:12.826148+00:00,stratolink-3-eu,EU,STALE,40.6257961,-6.428663,10009.0,7.0,mtcdtip02-l4e1-16,,,-113,-4.2,False,False,,,,,,float
2026-05-28 16:08:12.826148+00:00,stratolink-3-eu,EU,STALE,40.6257961,-6.428663,10009.0,7.0,mtcdtip02-l4e1-5,,,-113,-5.8,False,False,,,,,,float
2026-05-28 16:08:12.826148+00:00,stratolink-3-eu,EU,STALE,40.6257961,-6.428663,10009.0,7.0,ext-sg50-018,,,-113,-5.0,False,False,,,,,,float
2026-05-28 16:08:12.826148+00:00,stratolink-3-eu,EU,STALE,40.6257961,-6.428663,10009.0,7.0,mitigasmart-cc,,,-114,2.5,False,False,,,,,,float
2026-05-28 16:08:12.826148+00:00,stratolink-3-eu,EU,STALE,40.6257961,-6.428663,10009.0,7.0,packetbroker,,,-115,-4.25,True,False,,,,,,float
2026-05-28 16:08:12.826148+00:00,stratolink-3-eu,EU,STALE,40.6257961,-6.428663,10009.0,7.0,cdtic-multitech-4,39.4920534590841,-6.57908320426941,-115,-3.5,False,True,126.71486734239434,127.20665440104555,3.9428580999060583,5.0824307057827465,185.84688660018682,float
2026-05-28 16:08:12.826148+00:00,stratolink-3-eu,EU,STALE,40.6257961,-6.428663,10009.0,7.0,ext-sg50-012,,,-117,-4.5,False,False,,,,,,float
2026-05-28 16:08:12.826148+00:00,stratolink-3-eu,EU,STALE,40.6257961,-6.428663,10009.0,7.0,ext-sg50-024,,,-118,-4.0,False,False,,,,,,float
2026-05-28 16:08:12.826148+00:00,stratolink-3-eu,EU,STALE,40.6257961,-6.428663,10009.0,7.0,ext-sg50-029,,,-118,-6.5,False,False,,,,,,float
2026-05-28 16:08:12.826148+00:00,stratolink-3-eu,EU,STALE,40.6257961,-6.428663,10009.0,7.0,ext-sg50-023,,,-118,-2.2,False,False,,,,,,float
2026-05-28 16:08:12.826148+00:00,stratolink-3-eu,EU,STALE,40.6257961,-6.428663,10009.0,7.0,ext-sg50-022,,,-119,-5.5,False,False,,,,,,float
2026-05-28 16:08:12.826148+00:00,stratolink-3-eu,EU,STALE,40.6257961,-6.428663,10009.0,7.0,v3-eui-b827ebfffebf1f02,40.13814,-7.50059,-120,-7.5,False,True,105.75302120153279,106.30707519171335,4.926785523119559,5.8778439780386424,239.50121508522003,float
2026-05-28 16:08:12.826148+00:00,stratolink-3-eu,EU,STALE,40.6257961,-6.428663,10009.0,7.0,sg50-perte-malpica-03,,,-120,-7.0,False,False,,,,,,float
2026-05-28 16:08:12.826148+00:00,stratolink-3-eu,EU,STALE,40.6257961,-6.428663,10009.0,7.0,meceiot-013-dragout-a84041ffff29dc56,40.970672,-5.141641,-121,-6.5,False,True,114.92237375103964,115.44575407559824,4.456752514798385,5.490272824417167,70.08762740753605,float
2026-05-28 16:08:12.826148+00:00,stratolink-3-eu,EU,STALE,40.6257961,-6.428663,10009.0,7.0,italr0005,40.954279046747715,-4.142631590366364,-122,-8.5,False,True,195.88281833147107,196.28426214013473,2.0417625947977536,3.803376669090203,78.50829551505217,float
2026-05-28 16:13:20.669795+00:00,stratolink-3-eu,EU,STALE,40.6257961,-6.428663,10009.0,7.0,meceiot-004-5030354163554750,40.5481739449056,-5.16353885114368,-106,4.5,False,True,107.17888454101507,107.72775344099033,4.848917346444827,5.8127988807346185,94.20729341885351,float
2026-05-28 16:13:20.669795+00:00,stratolink-3-eu,EU,STALE,40.6257961,-6.428663,10009.0,7.0,cicytex-ic003,,,-109,-9.0,False,False,,,,,,float
2026-05-28 16:13:20.669795+00:00,stratolink-3-eu,EU,STALE,40.6257961,-6.428663,10009.0,7.0,niharramikrotik,40.589325292876616,-4.838257133960725,-110,1.0,False,True,134.31778160937742,134.7928799760389,3.654187665070918,4.862134827187417,91.2124281497683,float
2026-05-28 16:13:20.669795+00:00,stratolink-3-eu,EU,STALE,40.6257961,-6.428663,10009.0,7.0,packetbroker,,,-110,-8.25,True,False,,,,,,float
2026-05-28 16:13:20.669795+00:00,stratolink-3-eu,EU,STALE,40.6257961,-6.428663,10009.0,7.0,packetbroker,40.962758045083945,-5.675633842073217,-111,1.0,True,True,73.6359324656191,74.36994456081506,7.403320316988313,8.065543252669633,59.1683601017869,float
2026-05-28 16:13:20.669795+00:00,stratolink-3-eu,EU,STALE,40.6257961,-6.428663,10009.0,7.0,packetbroker,40.962541751597406,-5.675446072867432,-111,0.5,True,True,73.63739668553853,74.37139657481511,7.403161798178406,8.065397901887811,59.19070782295381,float
2026-05-28 16:13:20.669795+00:00,stratolink-3-eu,EU,STALE,40.6257961,-6.428663,10009.0,7.0,italr0002,42.0074540232199,-4.55747170209175,-112,-8.0,False,True,219.13430491423532,219.5238541012961,1.6275109693867533,3.598230397386754,44.87354889546077,float
2026-05-28 16:13:20.669795+00:00,stratolink-3-eu,EU,STALE,40.6257961,-6.428663,10009.0,7.0,mvj-cabezuela,,,-113,-1.5,False,False,,,,,,float
2026-05-28 16:13:20.669795+00:00,stratolink-3-eu,EU,STALE,40.6257961,-6.428663,10009.0,7.0,lora-more,41.81858911263017,-6.7508557295156235,-113,-4.0,False,True,135.34213528228818,135.8151719294709,3.617467950903412,4.834627334196793,348.6214371376065,float
2026-05-28 16:13:20.669795+00:00,stratolink-3-eu,EU,STALE,40.6257961,-6.428663,10009.0,7.0,packetbroker,41.62916384851624,-4.713819387616739,-113,-4.25,True,True,181.86594477074613,182.27757519201526,2.3296382533441506,3.9651957293472737,51.59910411686474,float
2026-05-28 16:13:20.669795+00:00,stratolink-3-eu,EU,STALE,40.6257961,-6.428663,10009.0,7.0,mjv-casas,,,-115,-5.0,False,False,,,,,,float
2026-05-28 16:13:20.669795+00:00,stratolink-3-eu,EU,STALE,40.6257961,-6.428663,10009.0,7.0,italr0001,41.70253250763931,-4.708266556262971,-115,-4.25,False,True,187.27657100298967,187.68394848002842,2.2145389629131254,3.8987553024280377,49.69771685783297,float
2026-05-28 16:13:20.669795+00:00,stratolink-3-eu,EU,STALE,40.6257961,-6.428663,10009.0,7.0,sg50-perte-malpica-01,,,-116,-7.0,False,False,,,,,,float
2026-05-28 16:13:20.669795+00:00,stratolink-3-eu,EU,STALE,40.6257961,-6.428663,10009.0,7.0,packetbroker,,,-117,-4.5,True,False,,,,,,float
2026-05-28 16:13:20.669795+00:00,stratolink-3-eu,EU,STALE,40.6257961,-6.428663,10009.0,7.0,meceiot-013-dragout-a84041ffff29dc56,40.970672,-5.141641,-117,-3.25,False,True,114.92237375103964,115.44575407559824,4.456752514798385,5.490272824417167,70.08762740753605,float
2026-05-28 16:13:20.669795+00:00,stratolink-3-eu,EU,STALE,40.6257961,-6.428663,10009.0,7.0,mitigasmart-cc,,,-117,-3.5,False,False,,,,,,float
2026-05-28 16:13:20.669795+00:00,stratolink-3-eu,EU,STALE,40.6257961,-6.428663,10009.0,7.0,ext-sg50-024,,,-119,-9.2,False,False,,,,,,float
2026-05-28 16:13:20.669795+00:00,stratolink-3-eu,EU,STALE,40.6257961,-6.428663,10009.0,7.0,italr0005,40.954279046747715,-4.142631590366364,-122,-8.0,False,True,195.88281833147107,196.28426214013473,2.0417625947977536,3.803376669090203,78.50829551505217,float
2026-05-28 16:18:28.751955+00:00,stratolink-3-eu,EU,STALE,40.6257961,-6.428663,10009.0,7.0,meceiot-004-5030354163554750,40.5481739449056,-5.16353885114368,-104,8.0,False,True,107.17888454101507,107.72775344099033,4.848917346444827,5.8127988807346185,94.20729341885351,float
2026-05-28 16:18:28.751955+00:00,stratolink-3-eu,EU,STALE,40.6257961,-6.428663,10009.0,7.0,sg50-perte-malpica-02,39.94336757279527,-4.661850929260255,-108,-9.0,False,True,167.97978027441147,168.40451103014465,2.6517065343207107,4.162382905268337,116.28117507161642,float
2026-05-28 16:18:28.751955+00:00,stratolink-3-eu,EU,STALE,40.6257961,-6.428663,10009.0,7.0,cicytex-ic003,,,-109,-6.5,False,False,,,,,,float
2026-05-28 16:18:28.751955+00:00,stratolink-3-eu,EU,STALE,40.6257961,-6.428663,10009.0,7.0,niharramikrotik,40.589325292876616,-4.838257133960725,-110,4.25,False,True,134.31778160937742,134.7928799760389,3.654187665070918,4.862134827187417,91.2124281497683,float
2026-05-28 16:18:28.751955+00:00,stratolink-3-eu,EU,STALE,40.6257961,-6.428663,10009.0,7.0,mtcdtip02-l4e1-1,,,-110,-7.5,False,False,,,,,,float
2026-05-28 16:18:28.751955+00:00,stratolink-3-eu,EU,STALE,40.6257961,-6.428663,10009.0,7.0,mvj-cabezuela,,,-111,3.0,False,False,,,,,,float
2026-05-28 16:18:28.751955+00:00,stratolink-3-eu,EU,STALE,40.6257961,-6.428663,10009.0,7.0,mjv-casas,,,-113,0.5,False,False,,,,,,float
2026-05-28 16:18:28.751955+00:00,stratolink-3-eu,EU,STALE,40.6257961,-6.428663,10009.0,7.0,packetbroker,,,-113,-4.0,True,False,,,,,,float
2026-05-28 16:18:28.751955+00:00,stratolink-3-eu,EU,STALE,40.6257961,-6.428663,10009.0,7.0,packetbroker,40.962758045083945,-5.675633842073217,-113,-0.25,True,True,73.6359324656191,74.36994456081506,7.403320316988313,8.065543252669633,59.1683601017869,float
2026-05-28 16:18:28.751955+00:00,stratolink-3-eu,EU,STALE,40.6257961,-6.428663,10009.0,7.0,mtcdtip02-l4e1-13,,,-114,-7.2,False,False,,,,,,float
2026-05-28 16:18:28.751955+00:00,stratolink-3-eu,EU,STALE,40.6257961,-6.428663,10009.0,7.0,cdtic-multitech-4,39.4920534590841,-6.57908320426941,-114,-6.5,False,True,126.71486734239434,127.20665440104555,3.9428580999060583,5.0824307057827465,185.84688660018682,float
2026-05-28 16:18:28.751955+00:00,stratolink-3-eu,EU,STALE,40.6257961,-6.428663,10009.0,7.0,mtcdtip02-l4e1-5,,,-114,-7.8,False,False,,,,,,float
2026-05-28 16:18:28.751955+00:00,stratolink-3-eu,EU,STALE,40.6257961,-6.428663,10009.0,7.0,ext-sg50-018,,,-115,-6.8,False,False,,,,,,float
2026-05-28 16:18:28.751955+00:00,stratolink-3-eu,EU,STALE,40.6257961,-6.428663,10009.0,7.0,mitigasmart-cc,,,-115,2.5,False,False,,,,,,float
2026-05-28 16:18:28.751955+00:00,stratolink-3-eu,EU,STALE,40.6257961,-6.428663,10009.0,7.0,packetbroker,40.962541751597406,-5.675446072867432,-116,-1.75,True,True,73.63739668553853,74.37139657481511,7.403161798178406,8.065397901887811,59.19070782295381,float
2026-05-28 16:18:28.751955+00:00,stratolink-3-eu,EU,STALE,40.6257961,-6.428663,10009.0,7.0,sg50-perte-malpica-01,,,-116,-2.5,False,False,,,,,,float
2026-05-28 16:18:28.751955+00:00,stratolink-3-eu,EU,STALE,40.6257961,-6.428663,10009.0,7.0,cicytex-unex-1,,,-117,-7.0,False,False,,,,,,float
2026-05-28 16:18:28.751955+00:00,stratolink-3-eu,EU,STALE,40.6257961,-6.428663,10009.0,7.0,ext-sg50-012,,,-117,-1.0,False,False,,,,,,float
2026-05-28 16:18:28.751955+00:00,stratolink-3-eu,EU,STALE,40.6257961,-6.428663,10009.0,7.0,italr0005,40.954279046747715,-4.142631590366364,-118,-4.0,False,True,195.88281833147107,196.28426214013473,2.0417625947977536,3.803376669090203,78.50829551505217,float
2026-05-28 16:18:28.751955+00:00,stratolink-3-eu,EU,STALE,40.6257961,-6.428663,10009.0,7.0,sg50-perte-malpica-07,,,-119,-6.5,False,False,,,,,,float
2026-05-28 16:18:28.751955+00:00,stratolink-3-eu,EU,STALE,40.6257961,-6.428663,10009.0,7.0,sg50-perte-malpica-03,,,-119,-2.8,False,False,,,,,,float
2026-05-28 16:18:28.751955+00:00,stratolink-3-eu,EU,STALE,40.6257961,-6.428663,10009.0,7.0,ext-sg50-024,,,-120,-9.0,False,False,,,,,,float
2026-05-28 16:18:28.751955+00:00,stratolink-3-eu,EU,STALE,40.6257961,-6.428663,10009.0,7.0,sg50-perte-malpica-05,,,-120,-8.0,False,False,,,,,,float
2026-05-28 16:18:28.751955+00:00,stratolink-3-eu,EU,STALE,40.6257961,-6.428663,10009.0,7.0,ext-sg50-011,,,-120,-8.8,False,False,,,,,,float
2026-05-28 16:18:28.751955+00:00,stratolink-3-eu,EU,STALE,40.6257961,-6.428663,10009.0,7.0,meceiot-013-dragout-a84041ffff29dc56,40.970672,-5.141641,-122,-7.25,False,True,114.92237375103964,115.44575407559824,4.456752514798385,5.490272824417167,70.08762740753605,float
2026-05-28 16:18:28.751955+00:00,stratolink-3-eu,EU,STALE,40.6257961,-6.428663,10009.0,7.0,antena-granjas-rendondo-01,,,-127,-7.5,False,False,,,,,,float
2026-05-28 16:23:36.937299+00:00,stratolink-3-eu,EU,STALE,40.6257961,-6.428663,10009.0,7.0,meceiot-004-5030354163554750,40.5481739449056,-5.16353885114368,-102,8.0,False,True,107.17888454101507,107.72775344099033,4.848917346444827,5.8127988807346185,94.20729341885351,float
2026-05-28 16:23:36.937299+00:00,stratolink-3-eu,EU,STALE,40.6257961,-6.428663,10009.0,7.0,cicytex-ic003,,,-109,-5.8,False,False,,,,,,float
2026-05-28 16:23:36.937299+00:00,stratolink-3-eu,EU,STALE,40.6257961,-6.428663,10009.0,7.0,niharramikrotik,40.589325292876616,-4.838257133960725,-111,0.75,False,True,134.31778160937742,134.7928799760389,3.654187665070918,4.862134827187417,91.2124281497683,float
2026-05-28 16:23:36.937299+00:00,stratolink-3-eu,EU,STALE,40.6257961,-6.428663,10009.0,7.0,sg50-perte-malpica-02,39.94336757279527,-4.661850929260255,-112,-5.8,False,True,167.97978027441147,168.40451103014465,2.6517065343207107,4.162382905268337,116.28117507161642,float
2026-05-28 16:23:36.937299+00:00,stratolink-3-eu,EU,STALE,40.6257961,-6.428663,10009.0,7.0,packetbroker,,,-113,-2.25,True,False,,,,,,float
2026-05-28 16:23:36.937299+00:00,stratolink-3-eu,EU,STALE,40.6257961,-6.428663,10009.0,7.0,italr0005,40.954279046747715,-4.142631590366364,-113,0.5,False,True,195.88281833147107,196.28426214013473,2.0417625947977536,3.803376669090203,78.50829551505217,float
2026-05-28 16:23:36.937299+00:00,stratolink-3-eu,EU,STALE,40.6257961,-6.428663,10009.0,7.0,sg50-perte-malpica-06,,,-113,-4.5,False,False,,,,,,float
2026-05-28 16:23:36.937299+00:00,stratolink-3-eu,EU,STALE,40.6257961,-6.428663,10009.0,7.0,packetbroker,40.962541751597406,-5.675446072867432,-114,-2.5,True,True,73.63739668553853,74.37139657481511,7.403161798178406,8.065397901887811,59.19070782295381,float
2026-05-28 16:23:36.937299+00:00,stratolink-3-eu,EU,STALE,40.6257961,-6.428663,10009.0,7.0,mvj-cabezuela,,,-115,-1.8,False,False,,,,,,float
2026-05-28 16:23:36.937299+00:00,stratolink-3-eu,EU,STALE,40.6257961,-6.428663,10009.0,7.0,mjv-casas,,,-115,-3.0,False,False,,,,,,float
2026-05-28 16:23:36.937299+00:00,stratolink-3-eu,EU,STALE,40.6257961,-6.428663,10009.0,7.0,mitigasmart-cc,,,-116,-1.2,False,False,,,,,,float
2026-05-28 16:23:36.937299+00:00,stratolink-3-eu,EU,STALE,40.6257961,-6.428663,10009.0,7.0,meceiot-013-dragout-a84041ffff29dc56,40.970672,-5.141641,-118,-3.5,False,True,114.92237375103964,115.44575407559824,4.456752514798385,5.490272824417167,70.08762740753605,float
2026-05-28 16:23:36.937299+00:00,stratolink-3-eu,EU,STALE,40.6257961,-6.428663,10009.0,7.0,sg50-perte-malpica-05,,,-118,-6.0,False,False,,,,,,float
2026-05-28 16:23:36.937299+00:00,stratolink-3-eu,EU,STALE,40.6257961,-6.428663,10009.0,7.0,sg50-perte-malpica-07,,,-118,-5.8,False,False,,,,,,float
2026-05-28 16:23:36.937299+00:00,stratolink-3-eu,EU,STALE,40.6257961,-6.428663,10009.0,7.0,meceiot-dragino-lps8n-001,40.64962954290437,-4.690829015625737,-119,-7.25,False,True,146.65926997484982,147.112070525428,3.241494630167422,4.560431310341089,88.39876606500229,float
2026-05-28 16:23:36.937299+00:00,stratolink-3-eu,EU,STALE,40.6257961,-6.428663,10009.0,7.0,packetbroker,,,-119,-6.5,True,False,,,,,,float
2026-05-28 16:23:36.937299+00:00,stratolink-3-eu,EU,STALE,40.6257961,-6.428663,10009.0,7.0,sg50-perte-malpica-03,,,-119,-4.0,False,False,,,,,,float
2026-05-28 16:23:36.937299+00:00,stratolink-3-eu,EU,STALE,40.6257961,-6.428663,10009.0,7.0,ext-sg50-024,,,-120,-10.0,False,False,,,,,,float
2026-05-28 16:28:37.153020+00:00,stratolink-3-eu,EU,FRESH,40.6167805,-5.3651522,10041.0,7.0,meceiot-004-5030354163554750,40.5481739449056,-5.16353885114368,-105,5.25,False,True,18.657055203620104,21.200371215194586,28.18585601565983,28.353642712380125,114.06960881992336,float
2026-05-28 16:28:37.153020+00:00,stratolink-3-eu,EU,FRESH,40.6167805,-5.3651522,10041.0,7.0,mvj-cabezuela,,,-108,4.5,False,False,,,,,,float
2026-05-28 16:28:37.153020+00:00,stratolink-3-eu,EU,FRESH,40.6167805,-5.3651522,10041.0,7.0,cicytex-ic003,,,-108,-1.8,False,False,,,,,,float
2026-05-28 16:28:37.153020+00:00,stratolink-3-eu,EU,FRESH,40.6167805,-5.3651522,10041.0,7.0,niharramikrotik,40.589325292876616,-4.838257133960725,-109,0.25,False,True,44.586832700757554,45.737647081422985,12.481136189840191,12.882114655856805,93.75465430162467,float
2026-05-28 16:28:37.153020+00:00,stratolink-3-eu,EU,FRESH,40.6167805,-5.3651522,10041.0,7.0,ext-sg50-018,,,-109,-6.5,False,False,,,,,,float
2026-05-28 16:28:37.153020+00:00,stratolink-3-eu,EU,FRESH,40.6167805,-5.3651522,10041.0,7.0,mjv-casas,,,-110,2.2,False,False,,,,,,float
2026-05-28 16:28:37.153020+00:00,stratolink-3-eu,EU,FRESH,40.6167805,-5.3651522,10041.0,7.0,sg50-perte-malpica-02,39.94336757279527,-4.661850929260255,-112,-6.5,False,True,95.74098027158145,96.34018255014182,5.551805579866784,6.412823711878696,141.22594246967333,float
2026-05-28 16:28:37.153020+00:00,stratolink-3-eu,EU,FRESH,40.6167805,-5.3651522,10041.0,7.0,packetbroker,,,-113,-3.25,True,False,,,,,,float
2026-05-28 16:28:37.153020+00:00,stratolink-3-eu,EU,FRESH,40.6167805,-5.3651522,10041.0,7.0,mtcdtip02-l4e1-7,,,-113,-8.2,False,False,,,,,,float
2026-05-28 16:28:37.153020+00:00,stratolink-3-eu,EU,FRESH,40.6167805,-5.3651522,10041.0,7.0,mtcdtip02-l4e1-5,,,-113,-7.8,False,False,,,,,,float
2026-05-28 16:28:37.153020+00:00,stratolink-3-eu,EU,FRESH,40.6167805,-5.3651522,10041.0,7.0,sg50-perte-malpica-06,,,-114,-4.8,False,False,,,,,,float
2026-05-28 16:28:37.153020+00:00,stratolink-3-eu,EU,FRESH,40.6167805,-5.3651522,10041.0,7.0,cicytex-lo-04,,,-115,-6.5,False,False,,,,,,float
2026-05-28 16:28:37.153020+00:00,stratolink-3-eu,EU,FRESH,40.6167805,-5.3651522,10041.0,7.0,packetbroker,40.962541751597406,-5.675446072867432,-115,-7.75,True,True,46.481828411749355,47.58967951373884,11.97134843162481,12.389368979963564,325.90709897084065,float
2026-05-28 16:28:37.153020+00:00,stratolink-3-eu,EU,FRESH,40.6167805,-5.3651522,10041.0,7.0,packetbroker,40.962758045083945,-5.675633842073217,-115,-2.25,True,True,46.510581598612454,47.61780774727255,11.96391371461007,12.382192846213515,325.90774740860564,float
2026-05-28 16:28:37.153020+00:00,stratolink-3-eu,EU,FRESH,40.6167805,-5.3651522,10041.0,7.0,cicytex-unex-1,,,-115,-4.5,False,False,,,,,,float
2026-05-28 16:28:37.153020+00:00,stratolink-3-eu,EU,FRESH,40.6167805,-5.3651522,10041.0,7.0,mitigasmart-cc,,,-115,-0.8,False,False,,,,,,float
2026-05-28 16:28:37.153020+00:00,stratolink-3-eu,EU,FRESH,40.6167805,-5.3651522,10041.0,7.0,sg50-perte-malpica-01,,,-115,-4.0,False,False,,,,,,float
2026-05-28 16:28:37.153020+00:00,stratolink-3-eu,EU,FRESH,40.6167805,-5.3651522,10041.0,7.0,cdtic-multitech-4,39.4920534590841,-6.57908320426941,-116,-4.2,False,True,162.2188422692926,162.65246424098743,2.8095614094816312,4.268428491807834,219.95364531565176,float
2026-05-28 16:28:37.153020+00:00,stratolink-3-eu,EU,FRESH,40.6167805,-5.3651522,10041.0,7.0,sg50-perte-malpica-05,,,-117,-2.8,False,False,,,,,,float
2026-05-28 16:28:37.153020+00:00,stratolink-3-eu,EU,FRESH,40.6167805,-5.3651522,10041.0,7.0,sg50-eui-c0ba1ffffe004945,,,-118,-8.5,False,False,,,,,,float
2026-05-28 16:28:37.153020+00:00,stratolink-3-eu,EU,FRESH,40.6167805,-5.3651522,10041.0,7.0,sg50-perte-malpica-07,,,-118,-6.0,False,False,,,,,,float
2026-05-28 16:28:37.153020+00:00,stratolink-3-eu,EU,FRESH,40.6167805,-5.3651522,10041.0,7.0,sg50-perte-malpica-03,,,-118,-5.0,False,False,,,,,,float
2026-05-28 16:28:37.153020+00:00,stratolink-3-eu,EU,FRESH,40.6167805,-5.3651522,10041.0,7.0,ext-sg50-024,,,-119,-7.2,False,False,,,,,,float
2026-05-28 16:28:37.153020+00:00,stratolink-3-eu,EU,FRESH,40.6167805,-5.3651522,10041.0,7.0,tef-mls-01,40.108033,-6.632828,-119,-8.0,False,True,121.39096260391368,121.89899595879963,4.178829517584308,5.270523164002633,242.6359464193331,float
2026-05-28 16:28:37.153020+00:00,stratolink-3-eu,EU,FRESH,40.6167805,-5.3651522,10041.0,7.0,ext-sg50-011,,,-119,-7.2,False,False,,,,,,float
2026-05-28 16:28:37.153020+00:00,stratolink-3-eu,EU,FRESH,40.6167805,-5.3651522,10041.0,7.0,meceiot-013-dragout-a84041ffff29dc56,40.970672,-5.141641,-123,-8.25,False,True,43.61794480872115,44.79216241248012,12.75778873727097,13.150053797174788,25.481797277750502,float
2026-05-28 16:33:45.444434+00:00,stratolink-3-eu,EU,STALE,40.6167805,-5.3651522,10041.0,7.0,mvj-cabezuela,,,-109,5.2,False,False,,,,,,float
2026-05-28 16:33:45.444434+00:00,stratolink-3-eu,EU,STALE,40.6167805,-5.3651522,10041.0,7.0,meceiot-004-5030354163554750,40.5481739449056,-5.16353885114368,-109,2.25,False,True,18.657055203620104,21.200371215194586,28.18585601565983,28.353642712380125,114.06960881992336,float
2026-05-28 16:33:45.444434+00:00,stratolink-3-eu,EU,STALE,40.6167805,-5.3651522,10041.0,7.0,cicytex-ic003,,,-110,-4.2,False,False,,,,,,float
2026-05-28 16:33:45.444434+00:00,stratolink-3-eu,EU,STALE,40.6167805,-5.3651522,10041.0,7.0,mtcdtip02-l4e1-9,,,-110,-4.5,False,False,,,,,,float
2026-05-28 16:33:45.444434+00:00,stratolink-3-eu,EU,STALE,40.6167805,-5.3651522,10041.0,7.0,packetbroker,40.962758045083945,-5.675633842073217,-111,-8.0,True,True,46.510581598612454,47.61780774727255,11.96391371461007,12.382192846213515,325.90774740860564,float
2026-05-28 16:33:45.444434+00:00,stratolink-3-eu,EU,STALE,40.6167805,-5.3651522,10041.0,7.0,mtcdtip02-l4e1-1,,,-111,-5.8,False,False,,,,,,float
2026-05-28 16:33:45.444434+00:00,stratolink-3-eu,EU,STALE,40.6167805,-5.3651522,10041.0,7.0,ext-sg50-018,,,-113,-3.8,False,False,,,,,,float
2026-05-28 16:33:45.444434+00:00,stratolink-3-eu,EU,STALE,40.6167805,-5.3651522,10041.0,7.0,mjv-casas,,,-114,2.8,False,False,,,,,,float
2026-05-28 16:33:45.444434+00:00,stratolink-3-eu,EU,STALE,40.6167805,-5.3651522,10041.0,7.0,packetbroker,,,-114,-0.5,True,False,,,,,,float
2026-05-28 16:33:45.444434+00:00,stratolink-3-eu,EU,STALE,40.6167805,-5.3651522,10041.0,7.0,mtcdtip02-l4e1-13,,,-114,-8.2,False,False,,,,,,float
2026-05-28 16:33:45.444434+00:00,stratolink-3-eu,EU,STALE,40.6167805,-5.3651522,10041.0,7.0,packetbroker,40.962541751597406,-5.675446072867432,-115,-5.25,True,True,46.481828411749355,47.58967951373884,11.97134843162481,12.389368979963564,325.90709897084065,float
2026-05-28 16:33:45.444434+00:00,stratolink-3-eu,EU,STALE,40.6167805,-5.3651522,10041.0,7.0,ext-sg50-027,,,-115,-6.2,False,False,,,,,,float
2026-05-28 16:33:45.444434+00:00,stratolink-3-eu,EU,STALE,40.6167805,-5.3651522,10041.0,7.0,mitigasmart-cc,,,-115,1.0,False,False,,,,,,float
2026-05-28 16:33:45.444434+00:00,stratolink-3-eu,EU,STALE,40.6167805,-5.3651522,10041.0,7.0,niharramikrotik,40.589325292876616,-4.838257133960725,-116,-2.5,False,True,44.586832700757554,45.737647081422985,12.481136189840191,12.882114655856805,93.75465430162467,float
2026-05-28 16:33:45.444434+00:00,stratolink-3-eu,EU,STALE,40.6167805,-5.3651522,10041.0,7.0,sg50-perte-malpica-01,,,-118,-7.8,False,False,,,,,,float
2026-05-28 16:33:45.444434+00:00,stratolink-3-eu,EU,STALE,40.6167805,-5.3651522,10041.0,7.0,tef-mls-01,40.108033,-6.632828,-119,-6.2,False,True,121.39096260391368,121.89899595879963,4.178829517584308,5.270523164002633,242.6359464193331,float
2026-05-28 16:33:45.444434+00:00,stratolink-3-eu,EU,STALE,40.6167805,-5.3651522,10041.0,7.0,sg50-perte-malpica-05,,,-119,-7.2,False,False,,,,,,float
2026-05-28 16:33:45.444434+00:00,stratolink-3-eu,EU,STALE,40.6167805,-5.3651522,10041.0,7.0,ext-sg50-024,,,-120,-5.2,False,False,,,,,,float
2026-05-28 16:33:45.444434+00:00,stratolink-3-eu,EU,STALE,40.6167805,-5.3651522,10041.0,7.0,ext-sg50-022,,,-120,-5.5,False,False,,,,,,float
2026-05-28 16:33:45.444434+00:00,stratolink-3-eu,EU,STALE,40.6167805,-5.3651522,10041.0,7.0,sg50-perte-malpica-07,,,-120,-7.2,False,False,,,,,,float
2026-05-28 16:33:45.444434+00:00,stratolink-3-eu,EU,STALE,40.6167805,-5.3651522,10041.0,7.0,sg50-perte-malpica-03,,,-120,-4.0,False,False,,,,,,float
2026-05-28 16:33:45.444434+00:00,stratolink-3-eu,EU,STALE,40.6167805,-5.3651522,10041.0,7.0,italr0005,40.954279046747715,-4.142631590366364,-123,-9.0,False,True,109.55394938087446,110.09772524998161,4.739877231772101,5.725118207819173,69.56908475211372,float
2026-05-28 16:33:45.444434+00:00,stratolink-3-eu,EU,STALE,40.6167805,-5.3651522,10041.0,7.0,antena-granjas-rendondo-01,,,-126,-7.0,False,False,,,,,,float
2026-05-28 16:38:53.749522+00:00,stratolink-3-eu,EU,STALE,40.6167805,-5.3651522,10041.0,7.0,mvj-cabezuela,,,-109,3.5,False,False,,,,,,float
2026-05-28 16:38:53.749522+00:00,stratolink-3-eu,EU,STALE,40.6167805,-5.3651522,10041.0,7.0,mtcdtip02-l4e1-9,,,-109,-5.0,False,False,,,,,,float
2026-05-28 16:38:53.749522+00:00,stratolink-3-eu,EU,STALE,40.6167805,-5.3651522,10041.0,7.0,cicytex-ic003,,,-110,-4.5,False,False,,,,,,float
2026-05-28 16:38:53.749522+00:00,stratolink-3-eu,EU,STALE,40.6167805,-5.3651522,10041.0,7.0,packetbroker,40.962758045083945,-5.675633842073217,-111,0.5,True,True,46.510581598612454,47.61780774727255,11.96391371461007,12.382192846213515,325.90774740860564,float
2026-05-28 16:38:53.749522+00:00,stratolink-3-eu,EU,STALE,40.6167805,-5.3651522,10041.0,7.0,mjv-casas,,,-112,-0.2,False,False,,,,,,float
2026-05-28 16:38:53.749522+00:00,stratolink-3-eu,EU,STALE,40.6167805,-5.3651522,10041.0,7.0,jfmateos-rak7250-rioseco,39.9775352459947,-6.04510360141884,-112,-5.25,False,True,91.5297972820783,92.14979539827222,5.843856627845854,6.667002733679519,219.27167313166447,float
2026-05-28 16:38:53.749522+00:00,stratolink-3-eu,EU,STALE,40.6167805,-5.3651522,10041.0,7.0,mtcdtip02-l4e1-16,,,-112,-4.8,False,False,,,,,,float
2026-05-28 16:38:53.749522+00:00,stratolink-3-eu,EU,STALE,40.6167805,-5.3651522,10041.0,7.0,cdtic-multitech-4,39.4920534590841,-6.57908320426941,-113,-5.5,False,True,162.2188422692926,162.65246424098743,2.8095614094816312,4.268428491807834,219.95364531565176,float
2026-05-28 16:38:53.749522+00:00,stratolink-3-eu,EU,STALE,40.6167805,-5.3651522,10041.0,7.0,packetbroker,,,-114,-2.5,True,False,,,,,,float
2026-05-28 16:38:53.749522+00:00,stratolink-3-eu,EU,STALE,40.6167805,-5.3651522,10041.0,7.0,mitigasmart-cc,,,-114,2.8,False,False,,,,,,float
2026-05-28 16:38:53.749522+00:00,stratolink-3-eu,EU,STALE,40.6167805,-5.3651522,10041.0,7.0,niharramikrotik,40.589325292876616,-4.838257133960725,-115,-6.5,False,True,44.586832700757554,45.737647081422985,12.481136189840191,12.882114655856805,93.75465430162467,float
2026-05-28 16:38:53.749522+00:00,stratolink-3-eu,EU,STALE,40.6167805,-5.3651522,10041.0,7.0,cdtic-multitech-6,40.1338,-5.94651,-116,-7.0,False,True,72.86597304817914,73.61101600266831,7.512164027564343,8.167462561412309,222.70916939156643,float
2026-05-28 16:38:53.749522+00:00,stratolink-3-eu,EU,STALE,40.6167805,-5.3651522,10041.0,7.0,cdtic-multitech-5,40.0702558044694,-6.65818959474564,-116,-7.0,False,True,125.30578379442937,125.80381760719631,4.014245480182454,5.141145910770472,241.4089897228315,float
2026-05-28 16:38:53.749522+00:00,stratolink-3-eu,EU,STALE,40.6167805,-5.3651522,10041.0,7.0,ext-sg50-024,,,-118,-2.8,False,False,,,,,,float
2026-05-28 16:38:53.749522+00:00,stratolink-3-eu,EU,STALE,40.6167805,-5.3651522,10041.0,7.0,sg50-perte-malpica-05,,,-118,-7.0,False,False,,,,,,float
2026-05-28 16:38:53.749522+00:00,stratolink-3-eu,EU,STALE,40.6167805,-5.3651522,10041.0,7.0,sg50-perte-malpica-03,,,-119,-3.0,False,False,,,,,,float
2026-05-28 16:38:53.749522+00:00,stratolink-3-eu,EU,STALE,40.6167805,-5.3651522,10041.0,7.0,meceiot-013-dragout-a84041ffff29dc56,40.970672,-5.141641,-121,-6.25,False,True,43.61794480872115,44.79216241248012,12.75778873727097,13.150053797174788,25.481797277750502,float
2026-05-28 16:44:01.250128+00:00,stratolink-3-eu,EU,STALE,40.6167805,-5.3651522,10041.0,7.0,cicytex-ic003,,,-109,-8.5,False,False,,,,,,float
2026-05-28 16:44:01.250128+00:00,stratolink-3-eu,EU,STALE,40.6167805,-5.3651522,10041.0,7.0,packetbroker,40.962758045083945,-5.675633842073217,-110,1.25,True,True,46.510581598612454,47.61780774727255,11.96391371461007,12.382192846213515,325.90774740860564,float
2026-05-28 16:44:01.250128+00:00,stratolink-3-eu,EU,STALE,40.6167805,-5.3651522,10041.0,7.0,niharramikrotik,40.589325292876616,-4.838257133960725,-113,-1.25,False,True,44.586832700757554,45.737647081422985,12.481136189840191,12.882114655856805,93.75465430162467,float
2026-05-28 16:44:01.250128+00:00,stratolink-3-eu,EU,STALE,40.6167805,-5.3651522,10041.0,7.0,packetbroker,,,-113,-1.5,True,False,,,,,,float
2026-05-28 16:44:01.250128+00:00,stratolink-3-eu,EU,STALE,40.6167805,-5.3651522,10041.0,7.0,italr0001,41.70253250763931,-4.708266556262971,-113,-7.25,False,True,132.66355524849865,133.14481383298298,3.7282474240764785,4.92131779166713,24.273430112704887,float
2026-05-28 16:44:01.250128+00:00,stratolink-3-eu,EU,STALE,40.6167805,-5.3651522,10041.0,7.0,mjv-casas,,,-115,-1.5,False,False,,,,,,float
2026-05-28 16:44:01.250128+00:00,stratolink-3-eu,EU,STALE,40.6167805,-5.3651522,10041.0,7.0,mvj-cabezuela,,,-115,-1.8,False,False,,,,,,float
2026-05-28 16:44:01.250128+00:00,stratolink-3-eu,EU,STALE,40.6167805,-5.3651522,10041.0,7.0,rio-tormes-1b,40.968865323719,-5.64232170581818,-117,-2.5,False,True,45.57580861167552,46.70375605246508,12.210124021416238,12.619996549193617,329.2959819088294,float
2026-05-28 16:44:01.250128+00:00,stratolink-3-eu,EU,STALE,40.6167805,-5.3651522,10041.0,7.0,mitigasmart-cc,,,-117,-4.0,False,False,,,,,,float
2026-05-28 16:44:01.250128+00:00,stratolink-3-eu,EU,STALE,40.6167805,-5.3651522,10041.0,7.0,sg50-perte-malpica-01,,,-117,-7.5,False,False,,,,,,float
2026-05-28 16:44:01.250128+00:00,stratolink-3-eu,EU,STALE,40.6167805,-5.3651522,10041.0,7.0,sg50-perte-malpica-05,,,-118,-8.0,False,False,,,,,,float
2026-05-28 16:44:01.250128+00:00,stratolink-3-eu,EU,STALE,40.6167805,-5.3651522,10041.0,7.0,italr0005,40.954279046747715,-4.142631590366364,-120,-6.25,False,True,109.55394938087446,110.09772524998161,4.739877231772101,5.725118207819173,69.56908475211372,float
2026-05-28 16:44:01.250128+00:00,stratolink-3-eu,EU,STALE,40.6167805,-5.3651522,10041.0,7.0,ext-sg50-022,,,-120,-7.8,False,False,,,,,,float
2026-05-28 16:44:01.250128+00:00,stratolink-3-eu,EU,STALE,40.6167805,-5.3651522,10041.0,7.0,meceiot-013-dragout-a84041ffff29dc56,40.970672,-5.141641,-122,-8.0,False,True,43.61794480872115,44.79216241248012,12.75778873727097,13.150053797174788,25.481797277750502,float
2026-05-28 16:44:01.250128+00:00,stratolink-3-eu,EU,STALE,40.6167805,-5.3651522,10041.0,7.0,antena-granjas-rendondo-01,,,-125,-5.25,False,False,,,,,,float
2026-05-28 16:49:09.690791+00:00,stratolink-3-eu,EU,STALE,40.6167805,-5.3651522,10041.0,7.0,meceiot-004-5030354163554750,40.5481739449056,-5.16353885114368,-101,9.0,False,True,18.657055203620104,21.200371215194586,28.18585601565983,28.353642712380125,114.06960881992336,float
2026-05-28 16:49:09.690791+00:00,stratolink-3-eu,EU,STALE,40.6167805,-5.3651522,10041.0,7.0,mvj-cabezuela,,,-111,-0.8,False,False,,,,,,float
2026-05-28 16:49:09.690791+00:00,stratolink-3-eu,EU,STALE,40.6167805,-5.3651522,10041.0,7.0,niharramikrotik,40.589325292876616,-4.838257133960725,-111,1.75,False,True,44.586832700757554,45.737647081422985,12.481136189840191,12.882114655856805,93.75465430162467,float
2026-05-28 16:49:09.690791+00:00,stratolink-3-eu,EU,STALE,40.6167805,-5.3651522,10041.0,7.0,mtcdtip02-l4e1-9,,,-111,-7.0,False,False,,,,,,float
2026-05-28 16:49:09.690791+00:00,stratolink-3-eu,EU,STALE,40.6167805,-5.3651522,10041.0,7.0,mtcdtip02-l4e1-13,,,-113,-6.8,False,False,,,,,,float
2026-05-28 16:49:09.690791+00:00,stratolink-3-eu,EU,STALE,40.6167805,-5.3651522,10041.0,7.0,mjv-casas,,,-115,-1.2,False,False,,,,,,float
2026-05-28 16:49:09.690791+00:00,stratolink-3-eu,EU,STALE,40.6167805,-5.3651522,10041.0,7.0,mtcdtip02-l4e1-5,,,-115,-6.5,False,False,,,,,,float
2026-05-28 16:49:09.690791+00:00,stratolink-3-eu,EU,STALE,40.6167805,-5.3651522,10041.0,7.0,sg50-perte-malpica-05,,,-116,0.2,False,False,,,,,,float
2026-05-28 16:49:09.690791+00:00,stratolink-3-eu,EU,STALE,40.6167805,-5.3651522,10041.0,7.0,sg50-perte-malpica-01,,,-116,-2.8,False,False,,,,,,float
2026-05-28 16:49:09.690791+00:00,stratolink-3-eu,EU,STALE,40.6167805,-5.3651522,10041.0,7.0,ext-sg50-012,,,-116,-1.5,False,False,,,,,,float
2026-05-28 16:49:09.690791+00:00,stratolink-3-eu,EU,STALE,40.6167805,-5.3651522,10041.0,7.0,cicytex-lo-04,,,-117,-4.2,False,False,,,,,,float
2026-05-28 16:49:09.690791+00:00,stratolink-3-eu,EU,STALE,40.6167805,-5.3651522,10041.0,7.0,cdtic-multitech-6,40.1338,-5.94651,-117,-4.2,False,True,72.86597304817914,73.61101600266831,7.512164027564343,8.167462561412309,222.70916939156643,float
2026-05-28 16:49:09.690791+00:00,stratolink-3-eu,EU,STALE,40.6167805,-5.3651522,10041.0,7.0,mitigasmart-cc,,,-117,-1.8,False,False,,,,,,float
2026-05-28 16:49:09.690791+00:00,stratolink-3-eu,EU,STALE,40.6167805,-5.3651522,10041.0,7.0,sg50-perte-malpica-03,,,-117,1.0,False,False,,,,,,float
2026-05-28 16:49:09.690791+00:00,stratolink-3-eu,EU,STALE,40.6167805,-5.3651522,10041.0,7.0,sg50-perte-malpica-07,,,-118,-1.5,False,False,,,,,,float
2026-05-28 16:49:09.690791+00:00,stratolink-3-eu,EU,STALE,40.6167805,-5.3651522,10041.0,7.0,ext-sg50-024,,,-120,-9.0,False,False,,,,,,float
2026-05-28 16:49:09.690791+00:00,stratolink-3-eu,EU,STALE,40.6167805,-5.3651522,10041.0,7.0,ext-sg50-011,,,-120,-7.8,False,False,,,,,,float
2026-05-28 16:49:09.690791+00:00,stratolink-3-eu,EU,STALE,40.6167805,-5.3651522,10041.0,7.0,italr0005,40.954279046747715,-4.142631590366364,-120,-5.5,False,True,109.55394938087446,110.09772524998161,4.739877231772101,5.725118207819173,69.56908475211372,float
2026-05-28 16:54:17.602900+00:00,stratolink-3-eu,EU,STALE,40.6167805,-5.3651522,10041.0,7.0,meceiot-004-5030354163554750,40.5481739449056,-5.16353885114368,-103,7.75,False,True,18.657055203620104,21.200371215194586,28.18585601565983,28.353642712380125,114.06960881992336,float
2026-05-28 16:54:17.602900+00:00,stratolink-3-eu,EU,STALE,40.6167805,-5.3651522,10041.0,7.0,mvj-cabezuela,,,-107,2.8,False,False,,,,,,float
2026-05-28 16:54:17.602900+00:00,stratolink-3-eu,EU,STALE,40.6167805,-5.3651522,10041.0,7.0,cicytex-ic003,,,-107,-3.0,False,False,,,,,,float
2026-05-28 16:54:17.602900+00:00,stratolink-3-eu,EU,STALE,40.6167805,-5.3651522,10041.0,7.0,mtcdtip02-l4e1-9,,,-110,-5.8,False,False,,,,,,float
2026-05-28 16:54:17.602900+00:00,stratolink-3-eu,EU,STALE,40.6167805,-5.3651522,10041.0,7.0,jfmateos-rak7250-rioseco,39.9775352459947,-6.04510360141884,-112,-7.25,False,True,91.5297972820783,92.14979539827222,5.843856627845854,6.667002733679519,219.27167313166447,float
2026-05-28 16:54:17.602900+00:00,stratolink-3-eu,EU,STALE,40.6167805,-5.3651522,10041.0,7.0,ext-sg50-018,,,-113,-3.2,False,False,,,,,,float
2026-05-28 16:54:17.602900+00:00,stratolink-3-eu,EU,STALE,40.6167805,-5.3651522,10041.0,7.0,mitigasmart-cc,,,-113,3.2,False,False,,,,,,float
2026-05-28 16:54:17.602900+00:00,stratolink-3-eu,EU,STALE,40.6167805,-5.3651522,10041.0,7.0,mjv-casas,,,-114,1.0,False,False,,,,,,float
2026-05-28 16:54:17.602900+00:00,stratolink-3-eu,EU,STALE,40.6167805,-5.3651522,10041.0,7.0,cdtic-multitech-4,39.4920534590841,-6.57908320426941,-114,-5.8,False,True,162.2188422692926,162.65246424098743,2.8095614094816312,4.268428491807834,219.95364531565176,float
2026-05-28 16:54:17.602900+00:00,stratolink-3-eu,EU,STALE,40.6167805,-5.3651522,10041.0,7.0,packetbroker,40.962541751597406,-5.675446072867432,-115,-4.25,True,True,46.481828411749355,47.58967951373884,11.97134843162481,12.389368979963564,325.90709897084065,float
2026-05-28 16:54:17.602900+00:00,stratolink-3-eu,EU,STALE,40.6167805,-5.3651522,10041.0,7.0,mtcdtip02-l4e1-5,,,-115,-3.5,False,False,,,,,,float
2026-05-28 16:54:17.602900+00:00,stratolink-3-eu,EU,STALE,40.6167805,-5.3651522,10041.0,7.0,cdtic-multitech-6,40.1338,-5.94651,-115,0.2,False,True,72.86597304817914,73.61101600266831,7.512164027564343,8.167462561412309,222.70916939156643,float
2026-05-28 16:54:17.602900+00:00,stratolink-3-eu,EU,STALE,40.6167805,-5.3651522,10041.0,7.0,ext-sg50-024,,,-118,-4.0,False,False,,,,,,float
2026-05-28 16:54:17.602900+00:00,stratolink-3-eu,EU,STALE,40.6167805,-5.3651522,10041.0,7.0,sg50-perte-malpica-07,,,-118,-5.5,False,False,,,,,,float
2026-05-28 16:54:17.602900+00:00,stratolink-3-eu,EU,STALE,40.6167805,-5.3651522,10041.0,7.0,sg50-perte-malpica-05,,,-118,-6.2,False,False,,,,,,float
2026-05-28 16:54:17.602900+00:00,stratolink-3-eu,EU,STALE,40.6167805,-5.3651522,10041.0,7.0,sg50-perte-malpica-03,,,-118,-3.8,False,False,,,,,,float
2026-05-28 16:54:17.602900+00:00,stratolink-3-eu,EU,STALE,40.6167805,-5.3651522,10041.0,7.0,ext-sg50-022,,,-119,-4.5,False,False,,,,,,float
2026-05-28 16:54:17.602900+00:00,stratolink-3-eu,EU,STALE,40.6167805,-5.3651522,10041.0,7.0,ext-sg50-011,,,-119,-8.0,False,False,,,,,,float
2026-05-28 16:54:17.602900+00:00,stratolink-3-eu,EU,STALE,40.6167805,-5.3651522,10041.0,7.0,packetbroker,,,-120,-9.25,True,False,,,,,,float
2026-05-28 16:54:17.602900+00:00,stratolink-3-eu,EU,STALE,40.6167805,-5.3651522,10041.0,7.0,packetbroker,,,-120,-8.5,True,False,,,,,,float
2026-05-28 16:54:17.602900+00:00,stratolink-3-eu,EU,STALE,40.6167805,-5.3651522,10041.0,7.0,antena-granjas-rendondo-01,,,-126,-6.5,False,False,,,,,,float
2026-05-28 16:59:25.685602+00:00,stratolink-3-eu,EU,STALE,40.6167805,-5.3651522,10041.0,7.0,meceiot-004-5030354163554750,40.5481739449056,-5.16353885114368,-104,6.0,False,True,18.657055203620104,21.200371215194586,28.18585601565983,28.353642712380125,114.06960881992336,float
2026-05-28 16:59:25.685602+00:00,stratolink-3-eu,EU,STALE,40.6167805,-5.3651522,10041.0,7.0,cicytex-ic003,,,-108,-8.2,False,False,,,,,,float
2026-05-28 16:59:25.685602+00:00,stratolink-3-eu,EU,STALE,40.6167805,-5.3651522,10041.0,7.0,niharramikrotik,40.589325292876616,-4.838257133960725,-109,1.25,False,True,44.586832700757554,45.737647081422985,12.481136189840191,12.882114655856805,93.75465430162467,float
2026-05-28 16:59:25.685602+00:00,stratolink-3-eu,EU,STALE,40.6167805,-5.3651522,10041.0,7.0,mvj-cabezuela,,,-111,,False,False,,,,,,float
2026-05-28 16:59:25.685602+00:00,stratolink-3-eu,EU,STALE,40.6167805,-5.3651522,10041.0,7.0,packetbroker,40.962541751597406,-5.675446072867432,-111,-4.5,True,True,46.481828411749355,47.58967951373884,11.97134843162481,12.389368979963564,325.90709897084065,float
2026-05-28 16:59:25.685602+00:00,stratolink-3-eu,EU,STALE,40.6167805,-5.3651522,10041.0,7.0,italr0001,41.70253250763931,-4.708266556262971,-114,-4.75,False,True,132.66355524849865,133.14481383298298,3.7282474240764785,4.92131779166713,24.273430112704887,float
2026-05-28 16:59:25.685602+00:00,stratolink-3-eu,EU,STALE,40.6167805,-5.3651522,10041.0,7.0,sg50-perte-malpica-06,,,-114,-8.2,False,False,,,,,,float
2026-05-28 16:59:25.685602+00:00,stratolink-3-eu,EU,STALE,40.6167805,-5.3651522,10041.0,7.0,packetbroker,41.62916384851624,-4.713819387616739,-115,-7.5,True,True,125.09494139429428,125.59349358378952,4.022876693493797,5.147880975441951,25.643364488442558,float
2026-05-28 16:59:25.685602+00:00,stratolink-3-eu,EU,STALE,40.6167805,-5.3651522,10041.0,7.0,cdtic-multitech-6,40.1338,-5.94651,-115,-5.8,False,True,72.86597304817914,73.61101600266831,7.512164027564343,8.167462561412309,222.70916939156643,float
2026-05-28 16:59:25.685602+00:00,stratolink-3-eu,EU,STALE,40.6167805,-5.3651522,10041.0,7.0,mtcdtip-l4e1-868-dattera-2,40.31007631707678,-3.733453631302837,-115,-6.5,False,True,142.18885910933892,142.651732551855,3.3966665657099857,4.6753999306278375,103.34705031238315,float
2026-05-28 16:59:25.685602+00:00,stratolink-3-eu,EU,STALE,40.6167805,-5.3651522,10041.0,7.0,tidop-solar-milesight-001,40.6508109351282,-4.73721027374268,-115,-0.2,False,True,53.123413710850265,54.104991840097405,10.45619146016558,10.933941137572956,85.71090711817766,float
2026-05-28 16:59:25.685602+00:00,stratolink-3-eu,EU,STALE,40.6167805,-5.3651522,10041.0,7.0,mjv-casas,,,-116,-6.2,False,False,,,,,,float
2026-05-28 16:59:25.685602+00:00,stratolink-3-eu,EU,STALE,40.6167805,-5.3651522,10041.0,7.0,sg50-perte-malpica-01,,,-116,-5.5,False,False,,,,,,float
2026-05-28 16:59:25.685602+00:00,stratolink-3-eu,EU,STALE,40.6167805,-5.3651522,10041.0,7.0,sg50-perte-malpica-07,,,-117,-4.0,False,False,,,,,,float
2026-05-28 16:59:25.685602+00:00,stratolink-3-eu,EU,STALE,40.6167805,-5.3651522,10041.0,7.0,mitigasmart-cc,,,-117,-4.0,False,False,,,,,,float
2026-05-28 16:59:25.685602+00:00,stratolink-3-eu,EU,STALE,40.6167805,-5.3651522,10041.0,7.0,italr0005,40.954279046747715,-4.142631590366364,-118,-4.75,False,True,109.55394938087446,110.09772524998161,4.739877231772101,5.725118207819173,69.56908475211372,float
2026-05-28 16:59:25.685602+00:00,stratolink-3-eu,EU,STALE,40.6167805,-5.3651522,10041.0,7.0,ext-sg50-024,,,-119,-7.5,False,False,,,,,,float
2026-05-28 16:59:25.685602+00:00,stratolink-3-eu,EU,STALE,40.6167805,-5.3651522,10041.0,7.0,sg50-perte-malpica-03,,,-119,-6.2,False,False,,,,,,float
2026-05-28 16:59:25.685602+00:00,stratolink-3-eu,EU,STALE,40.6167805,-5.3651522,10041.0,7.0,antena-granjas-rendondo-01,,,-125,-5.25,False,False,,,,,,float
2026-05-28 17:04:33.698437+00:00,stratolink-3-eu,EU,STALE,40.6167805,-5.3651522,10041.0,7.0,meceiot-004-5030354163554750,40.5481739449056,-5.16353885114368,-105,6.75,False,True,18.657055203620104,21.200371215194586,28.18585601565983,28.353642712380125,114.06960881992336,float
2026-05-28 17:04:33.698437+00:00,stratolink-3-eu,EU,STALE,40.6167805,-5.3651522,10041.0,7.0,cicytex-ic003,,,-108,-2.2,False,False,,,,,,float
2026-05-28 17:04:33.698437+00:00,stratolink-3-eu,EU,STALE,40.6167805,-5.3651522,10041.0,7.0,mvj-cabezuela,,,-110,4.8,False,False,,,,,,float
2026-05-28 17:04:33.698437+00:00,stratolink-3-eu,EU,STALE,40.6167805,-5.3651522,10041.0,7.0,mtcdtip02-l4e1-9,,,-111,-7.2,False,False,,,,,,float
2026-05-28 17:04:33.698437+00:00,stratolink-3-eu,EU,STALE,40.6167805,-5.3651522,10041.0,7.0,packetbroker,40.962541751597406,-5.675446072867432,-112,0.75,True,True,46.481828411749355,47.58967951373884,11.97134843162481,12.389368979963564,325.90709897084065,float
2026-05-28 17:04:33.698437+00:00,stratolink-3-eu,EU,STALE,40.6167805,-5.3651522,10041.0,7.0,ext-sg50-012,,,-112,4.8,False,False,,,,,,float
2026-05-28 17:04:33.698437+00:00,stratolink-3-eu,EU,STALE,40.6167805,-5.3651522,10041.0,7.0,mjv-casas,,,-113,2.0,False,False,,,,,,float
2026-05-28 17:04:33.698437+00:00,stratolink-3-eu,EU,STALE,40.6167805,-5.3651522,10041.0,7.0,cdtic-multitech-6,40.1338,-5.94651,-113,1.5,False,True,72.86597304817914,73.61101600266831,7.512164027564343,8.167462561412309,222.70916939156643,float
2026-05-28 17:04:33.698437+00:00,stratolink-3-eu,EU,STALE,40.6167805,-5.3651522,10041.0,7.0,sg50-perte-malpica-04,,,-113,-8.8,False,False,,,,,,float
2026-05-28 17:04:33.698437+00:00,stratolink-3-eu,EU,STALE,40.6167805,-5.3651522,10041.0,7.0,mtcdtip02-l4e1-13,,,-114,-6.0,False,False,,,,,,float
2026-05-28 17:04:33.698437+00:00,stratolink-3-eu,EU,STALE,40.6167805,-5.3651522,10041.0,7.0,ext-sg50-018,,,-114,-3.5,False,False,,,,,,float
2026-05-28 17:04:33.698437+00:00,stratolink-3-eu,EU,STALE,40.6167805,-5.3651522,10041.0,7.0,mitigasmart-cc,,,-114,2.8,False,False,,,,,,float
2026-05-28 17:04:33.698437+00:00,stratolink-3-eu,EU,STALE,40.6167805,-5.3651522,10041.0,7.0,niharramikrotik,40.589325292876616,-4.838257133960725,-115,1.0,False,True,44.586832700757554,45.737647081422985,12.481136189840191,12.882114655856805,93.75465430162467,float
2026-05-28 17:04:33.698437+00:00,stratolink-3-eu,EU,STALE,40.6167805,-5.3651522,10041.0,7.0,sg50-perte-malpica-07,,,-115,1.2,False,False,,,,,,float
2026-05-28 17:04:33.698437+00:00,stratolink-3-eu,EU,STALE,40.6167805,-5.3651522,10041.0,7.0,ext-sg50-027,,,-116,-8.8,False,False,,,,,,float
2026-05-28 17:04:33.698437+00:00,stratolink-3-eu,EU,STALE,40.6167805,-5.3651522,10041.0,7.0,sg50-perte-malpica-01,,,-116,-3.0,False,False,,,,,,float
2026-05-28 17:04:33.698437+00:00,stratolink-3-eu,EU,STALE,40.6167805,-5.3651522,10041.0,7.0,rio-tormes-1b,40.968865323719,-5.64232170581818,-118,-7.5,False,True,45.57580861167552,46.70375605246508,12.210124021416238,12.619996549193617,329.2959819088294,float
2026-05-28 17:04:33.698437+00:00,stratolink-3-eu,EU,STALE,40.6167805,-5.3651522,10041.0,7.0,ext-sg50-024,,,-118,-4.5,False,False,,,,,,float
2026-05-28 17:04:33.698437+00:00,stratolink-3-eu,EU,STALE,40.6167805,-5.3651522,10041.0,7.0,tef-mls-01,40.108033,-6.632828,-119,-5.8,False,True,121.39096260391368,121.89899595879963,4.178829517584308,5.270523164002633,242.6359464193331,float
2026-05-28 17:04:33.698437+00:00,stratolink-3-eu,EU,STALE,40.6167805,-5.3651522,10041.0,7.0,ext-sg50-022,,,-120,-4.5,False,False,,,,,,float
2026-05-28 17:04:33.698437+00:00,stratolink-3-eu,EU,STALE,40.6167805,-5.3651522,10041.0,7.0,sg50-eui-c0ba1ffffe004945,,,-120,-8.2,False,False,,,,,,float
2026-05-28 17:04:33.698437+00:00,stratolink-3-eu,EU,STALE,40.6167805,-5.3651522,10041.0,7.0,ext-sg50-011,,,-120,-7.2,False,False,,,,,,float
2026-05-28 17:04:33.698437+00:00,stratolink-3-eu,EU,STALE,40.6167805,-5.3651522,10041.0,7.0,italr0005,40.954279046747715,-4.142631590366364,-122,-8.5,False,True,109.55394938087446,110.09772524998161,4.739877231772101,5.725118207819173,69.56908475211372,float
2026-05-28 17:04:33.698437+00:00,stratolink-3-eu,EU,STALE,40.6167805,-5.3651522,10041.0,7.0,antena-granjas-rendondo-01,,,-129,-8.5,False,False,,,,,,float
2026-05-28 17:09:35.131401+00:00,stratolink-3-eu,EU,FRESH,40.6167805,-5.3064298,10020.0,7.0,meceiot-004-5030354163554750,40.5481739449056,-5.16353885114368,-105,6.0,False,True,14.276232992618963,17.450836266362902,34.978323678297976,35.10671274877492,122.25431922394961,float
2026-05-28 17:09:35.131401+00:00,stratolink-3-eu,EU,FRESH,40.6167805,-5.3064298,10020.0,7.0,cicytex-ic003,,,-107,-5.2,False,False,,,,,,float
2026-05-28 17:09:35.131401+00:00,stratolink-3-eu,EU,FRESH,40.6167805,-5.3064298,10020.0,7.0,packetbroker,40.962758045083945,-5.675633842073217,-109,-0.5,True,True,49.45817628546291,50.50095462044331,11.221636675069771,11.666424125931085,321.1843670376813,float
2026-05-28 17:09:35.131401+00:00,stratolink-3-eu,EU,FRESH,40.6167805,-5.3064298,10020.0,7.0,ext-sg50-012,,,-109,-9.5,False,False,,,,,,float
2026-05-28 17:09:35.131401+00:00,stratolink-3-eu,EU,FRESH,40.6167805,-5.3064298,10020.0,7.0,packetbroker,40.962541751597406,-5.675446072867432,-110,2.0,True,True,49.42956609121295,50.47289172308707,11.228214359261331,11.672744512820563,321.1809926261036,float
2026-05-28 17:09:35.131401+00:00,stratolink-3-eu,EU,FRESH,40.6167805,-5.3064298,10020.0,7.0,mvj-cabezuela,,,-111,0.5,False,False,,,,,,float
2026-05-28 17:09:35.131401+00:00,stratolink-3-eu,EU,FRESH,40.6167805,-5.3064298,10020.0,7.0,niharramikrotik,40.589325292876616,-4.838257133960725,-113,,False,True,39.642397204368436,40.91926910719472,13.995967515580322,14.352479666306783,94.26437704601312,float
2026-05-28 17:09:35.131401+00:00,stratolink-3-eu,EU,FRESH,40.6167805,-5.3064298,10020.0,7.0,tidop-solar-milesight-001,40.6508109351282,-4.73721027374268,-114,2.2,False,True,48.18205995399725,49.24988704558916,11.522169169974985,11.955480246802928,85.31029114397796,float
2026-05-28 17:09:35.131401+00:00,stratolink-3-eu,EU,FRESH,40.6167805,-5.3064298,10020.0,7.0,italr0001,41.70253250763931,-4.708266556262971,-116,-6.25,False,True,130.70254908906736,131.18621944960634,3.7925682235775886,4.9680028634426145,22.33115217431981,float
2026-05-28 17:09:35.131401+00:00,stratolink-3-eu,EU,FRESH,40.6167805,-5.3064298,10020.0,7.0,mitigasmart-cc,,,-117,-3.2,False,False,,,,,,float
2026-05-28 17:09:35.131401+00:00,stratolink-3-eu,EU,FRESH,40.6167805,-5.3064298,10020.0,7.0,italr0005,40.954279046747715,-4.142631590366364,-117,-3.0,False,True,104.92288364727054,105.48116801688116,4.978950085263864,5.922542944110421,68.66338135900583,float
2026-05-28 17:09:35.131401+00:00,stratolink-3-eu,EU,FRESH,40.6167805,-5.3064298,10020.0,7.0,sg50-perte-malpica-07,,,-118,-3.5,False,False,,,,,,float
2026-05-28 17:09:35.131401+00:00,stratolink-3-eu,EU,FRESH,40.6167805,-5.3064298,10020.0,7.0,packetbroker,,,-119,-6.5,True,False,,,,,,float
2026-05-28 17:09:35.131401+00:00,stratolink-3-eu,EU,FRESH,40.6167805,-5.3064298,10020.0,7.0,sg50-perte-malpica-03,,,-120,-8.8,False,False,,,,,,float
2026-05-28 17:09:35.131401+00:00,stratolink-3-eu,EU,FRESH,40.6167805,-5.3064298,10020.0,7.0,antena-granjas-rendondo-01,,,-126,-6.25,False,False,,,,,,float
2026-05-28 17:14:41.657506+00:00,stratolink-3-eu,EU,FRESH,40.5472281,-5.3064298,10020.0,7.0,meceiot-004-5030354163554750,40.5481739449056,-5.16353885114368,-104,6.0,False,True,12.073777545940104,15.697316006262431,39.61277078339133,39.72135272353188,89.45445164425848,float
2026-05-28 17:14:41.657506+00:00,stratolink-3-eu,EU,FRESH,40.5472281,-5.3064298,10020.0,7.0,mvj-cabezuela,,,-107,3.0,False,False,,,,,,float
2026-05-28 17:14:41.657506+00:00,stratolink-3-eu,EU,FRESH,40.5472281,-5.3064298,10020.0,7.0,cicytex-ic003,,,-107,-4.0,False,False,,,,,,float
2026-05-28 17:14:41.657506+00:00,stratolink-3-eu,EU,FRESH,40.5472281,-5.3064298,10020.0,7.0,mtcdtip02-l4e1-9,,,-110,-6.5,False,False,,,,,,float
2026-05-28 17:14:41.657506+00:00,stratolink-3-eu,EU,FRESH,40.5472281,-5.3064298,10020.0,7.0,niharramikrotik,40.589325292876616,-4.838257133960725,-111,0.25,False,True,39.82130859823407,41.09289250041223,13.934030088286228,14.292151225610578,83.09707061655962,float
2026-05-28 17:14:41.657506+00:00,stratolink-3-eu,EU,FRESH,40.5472281,-5.3064298,10020.0,7.0,packetbroker,40.962541751597406,-5.675446072867432,-111,-0.5,True,True,55.666778009165405,56.60427942014389,9.945729341319057,10.446352011784558,326.17716803822304,float
2026-05-28 17:14:41.657506+00:00,stratolink-3-eu,EU,FRESH,40.5472281,-5.3064298,10020.0,7.0,mtcdtip02-l4e1-13,,,-113,-5.8,False,False,,,,,,float
2026-05-28 17:14:41.657506+00:00,stratolink-3-eu,EU,FRESH,40.5472281,-5.3064298,10020.0,7.0,ext-sg50-018,,,-113,-6.0,False,False,,,,,,float
2026-05-28 17:14:41.657506+00:00,stratolink-3-eu,EU,FRESH,40.5472281,-5.3064298,10020.0,7.0,mjv-casas,,,-114,0.2,False,False,,,,,,float
2026-05-28 17:14:41.657506+00:00,stratolink-3-eu,EU,FRESH,40.5472281,-5.3064298,10020.0,7.0,cicytex-lo-04,,,-114,-6.5,False,False,,,,,,float
2026-05-28 17:14:41.657506+00:00,stratolink-3-eu,EU,FRESH,40.5472281,-5.3064298,10020.0,7.0,cdtic-multitech-6,40.1338,-5.94651,-114,-6.2,False,True,71.10762504138638,71.8651128957359,7.694872923206974,8.334358275365615,229.9294545890845,float
2026-05-28 17:14:41.657506+00:00,stratolink-3-eu,EU,FRESH,40.5472281,-5.3064298,10020.0,7.0,sg50-perte-malpica-06,,,-114,-6.2,False,False,,,,,,float
2026-05-28 17:14:41.657506+00:00,stratolink-3-eu,EU,FRESH,40.5472281,-5.3064298,10020.0,7.0,ext-sg50-012,,,-114,-0.2,False,False,,,,,,float
2026-05-28 17:14:41.657506+00:00,stratolink-3-eu,EU,FRESH,40.5472281,-5.3064298,10020.0,7.0,sg50-perte-malpica-07,,,-115,,False,False,,,,,,float
2026-05-28 17:14:41.657506+00:00,stratolink-3-eu,EU,FRESH,40.5472281,-5.3064298,10020.0,7.0,mitigasmart-cc,,,-116,-2.2,False,False,,,,,,float
2026-05-28 17:14:41.657506+00:00,stratolink-3-eu,EU,FRESH,40.5472281,-5.3064298,10020.0,7.0,cicytex-unex-1,,,-116,-5.0,False,False,,,,,,float
2026-05-28 17:14:41.657506+00:00,stratolink-3-eu,EU,FRESH,40.5472281,-5.3064298,10020.0,7.0,sg50-perte-malpica-01,,,-116,-3.5,False,False,,,,,,float
2026-05-28 17:14:41.657506+00:00,stratolink-3-eu,EU,FRESH,40.5472281,-5.3064298,10020.0,7.0,ext-sg50-023,,,-118,-5.8,False,False,,,,,,float
2026-05-28 17:14:41.657506+00:00,stratolink-3-eu,EU,FRESH,40.5472281,-5.3064298,10020.0,7.0,ext-sg50-024,,,-119,-8.0,False,False,,,,,,float
2026-05-28 17:14:41.657506+00:00,stratolink-3-eu,EU,FRESH,40.5472281,-5.3064298,10020.0,7.0,ext-sg50-022,,,-119,-9.2,False,False,,,,,,float
2026-05-28 17:14:41.657506+00:00,stratolink-3-eu,EU,FRESH,40.5472281,-5.3064298,10020.0,7.0,ext-sg50-011,,,-119,-8.0,False,False,,,,,,float
2026-05-28 17:14:41.657506+00:00,stratolink-3-eu,EU,FRESH,40.5472281,-5.3064298,10020.0,7.0,antena-granjas-rendondo-01,,,-120,-0.5,False,False,,,,,,float
2026-05-28 17:19:49.822819+00:00,stratolink-3-eu,EU,STALE,40.5472281,-5.3064298,10020.0,7.0,meceiot-004-5030354163554750,40.5481739449056,-5.16353885114368,-107,6.0,False,True,12.073777545940104,15.697316006262431,39.61277078339133,39.72135272353188,89.45445164425848,float
2026-05-28 17:19:49.822819+00:00,stratolink-3-eu,EU,STALE,40.5472281,-5.3064298,10020.0,7.0,mvj-cabezuela,,,-108,4.0,False,False,,,,,,float
2026-05-28 17:19:49.822819+00:00,stratolink-3-eu,EU,STALE,40.5472281,-5.3064298,10020.0,7.0,cicytex-ic003,,,-108,-2.5,False,False,,,,,,float
2026-05-28 17:19:49.822819+00:00,stratolink-3-eu,EU,STALE,40.5472281,-5.3064298,10020.0,7.0,mtcdtip02-l4e1-9,,,-111,-2.5,False,False,,,,,,float
2026-05-28 17:19:49.822819+00:00,stratolink-3-eu,EU,STALE,40.5472281,-5.3064298,10020.0,7.0,tidop-solar-milesight-001,40.6508109351282,-4.73721027374268,-111,6.0,False,True,49.41918209700235,50.46270652702275,11.230603486407217,11.675040254592032,76.33731052888243,float
2026-05-28 17:19:49.822819+00:00,stratolink-3-eu,EU,STALE,40.5472281,-5.3064298,10020.0,7.0,cdtic-multitech-6,40.1338,-5.94651,-112,-0.5,False,True,71.10762504138638,71.8651128957359,7.694872923206974,8.334358275365615,229.9294545890845,float
2026-05-28 17:19:49.822819+00:00,stratolink-3-eu,EU,STALE,40.5472281,-5.3064298,10020.0,7.0,ext-sg50-012,,,-112,3.0,False,False,,,,,,float
2026-05-28 17:19:49.822819+00:00,stratolink-3-eu,EU,STALE,40.5472281,-5.3064298,10020.0,7.0,jfmateos-rak7250-rioseco,39.9775352459947,-6.04510360141884,-113,-6.5,False,True,89.11376965523327,89.74421587734176,6.009610470645406,6.811028748038283,224.9350821469801,float
2026-05-28 17:19:49.822819+00:00,stratolink-3-eu,EU,STALE,40.5472281,-5.3064298,10020.0,7.0,mjv-casas,,,-114,2.0,False,False,,,,,,float
2026-05-28 17:19:49.822819+00:00,stratolink-3-eu,EU,STALE,40.5472281,-5.3064298,10020.0,7.0,mtcdtip02-l4e1-7,,,-114,-7.5,False,False,,,,,,float
2026-05-28 17:19:49.822819+00:00,stratolink-3-eu,EU,STALE,40.5472281,-5.3064298,10020.0,7.0,packetbroker,40.962541751597406,-5.675446072867432,-114,0.75,True,True,55.666778009165405,56.60427942014389,9.945729341319057,10.446352011784558,326.17716803822304,float
2026-05-28 17:19:49.822819+00:00,stratolink-3-eu,EU,STALE,40.5472281,-5.3064298,10020.0,7.0,ext-sg50-018,,,-114,-4.2,False,False,,,,,,float
2026-05-28 17:19:49.822819+00:00,stratolink-3-eu,EU,STALE,40.5472281,-5.3064298,10020.0,7.0,mitigasmart-cc,,,-114,2.8,False,False,,,,,,float
2026-05-28 17:19:49.822819+00:00,stratolink-3-eu,EU,STALE,40.5472281,-5.3064298,10020.0,7.0,sg50-perte-malpica-06,,,-114,-6.8,False,False,,,,,,float
2026-05-28 17:19:49.822819+00:00,stratolink-3-eu,EU,STALE,40.5472281,-5.3064298,10020.0,7.0,niharramikrotik,40.589325292876616,-4.838257133960725,-115,-1.0,False,True,39.82130859823407,41.09289250041223,13.934030088286228,14.292151225610578,83.09707061655962,float
2026-05-28 17:19:49.822819+00:00,stratolink-3-eu,EU,STALE,40.5472281,-5.3064298,10020.0,7.0,cicytex-unex-2,,,-115,-5.2,False,False,,,,,,float
2026-05-28 17:19:49.822819+00:00,stratolink-3-eu,EU,STALE,40.5472281,-5.3064298,10020.0,7.0,cicytex-unex-1,,,-115,-1.8,False,False,,,,,,float
2026-05-28 17:19:49.822819+00:00,stratolink-3-eu,EU,STALE,40.5472281,-5.3064298,10020.0,7.0,mtcdtip02-l4e1-13,,,-115,-7.2,False,False,,,,,,float
2026-05-28 17:19:49.822819+00:00,stratolink-3-eu,EU,STALE,40.5472281,-5.3064298,10020.0,7.0,ext-sg50-027,,,-116,-9.0,False,False,,,,,,float
2026-05-28 17:19:49.822819+00:00,stratolink-3-eu,EU,STALE,40.5472281,-5.3064298,10020.0,7.0,sg50-perte-malpica-07,,,-116,0.5,False,False,,,,,,float
2026-05-28 17:19:49.822819+00:00,stratolink-3-eu,EU,STALE,40.5472281,-5.3064298,10020.0,7.0,packetbroker,40.962758045083945,-5.675633842073217,-117,-5.5,True,True,55.695533089317976,56.63260259193401,9.940446205889119,10.441327476645695,326.17758982901927,float
2026-05-28 17:19:49.822819+00:00,stratolink-3-eu,EU,STALE,40.5472281,-5.3064298,10020.0,7.0,cdtic-multitech-5,40.0702558044694,-6.65818959474564,-117,-9.0,False,True,126.29498961658342,126.7887521632204,3.9646387274524018,5.100435287438145,245.60760672412184,float
2026-05-28 17:19:49.822819+00:00,stratolink-3-eu,EU,STALE,40.5472281,-5.3064298,10020.0,7.0,sg50-perte-malpica-01,,,-117,-5.0,False,False,,,,,,float
2026-05-28 17:19:49.822819+00:00,stratolink-3-eu,EU,STALE,40.5472281,-5.3064298,10020.0,7.0,ext-sg50-026,,,-118,-10.0,False,False,,,,,,float
2026-05-28 17:19:49.822819+00:00,stratolink-3-eu,EU,STALE,40.5472281,-5.3064298,10020.0,7.0,sg50-perte-malpica-05,,,-118,-4.0,False,False,,,,,,float
2026-05-28 17:19:49.822819+00:00,stratolink-3-eu,EU,STALE,40.5472281,-5.3064298,10020.0,7.0,tef-mls-01,40.108033,-6.632828,-119,-6.2,False,True,122.58513406003775,123.08811902001877,4.117902097463135,5.220335170964265,246.95316661237507,float
2026-05-28 17:19:49.822819+00:00,stratolink-3-eu,EU,STALE,40.5472281,-5.3064298,10020.0,7.0,ext-sg50-022,,,-120,-4.5,False,False,,,,,,float
2026-05-28 17:19:49.822819+00:00,stratolink-3-eu,EU,STALE,40.5472281,-5.3064298,10020.0,7.0,ext-sg50-011,,,-120,-6.8,False,False,,,,,,float
2026-05-28 17:19:49.822819+00:00,stratolink-3-eu,EU,STALE,40.5472281,-5.3064298,10020.0,7.0,italr0005,40.954279046747715,-4.142631590366364,-123,-9.5,False,True,107.97738106666701,108.52452519151635,4.811905683303888,5.782968259452956,64.83835817944225,float
2026-05-28 17:24:57.657446+00:00,stratolink-3-eu,EU,STALE,40.5472281,-5.3064298,10020.0,7.0,meceiot-004-5030354163554750,40.5481739449056,-5.16353885114368,-105,6.0,False,True,12.073777545940104,15.697316006262431,39.61277078339133,39.72135272353188,89.45445164425848,float
2026-05-28 17:24:57.657446+00:00,stratolink-3-eu,EU,STALE,40.5472281,-5.3064298,10020.0,7.0,cicytex-ic003,,,-108,-5.0,False,False,,,,,,float
2026-05-28 17:24:57.657446+00:00,stratolink-3-eu,EU,STALE,40.5472281,-5.3064298,10020.0,7.0,mtcdtip02-l4e1-9,,,-110,-3.8,False,False,,,,,,float
2026-05-28 17:24:57.657446+00:00,stratolink-3-eu,EU,STALE,40.5472281,-5.3064298,10020.0,7.0,mvj-cabezuela,,,-111,1.5,False,False,,,,,,float
2026-05-28 17:24:57.657446+00:00,stratolink-3-eu,EU,STALE,40.5472281,-5.3064298,10020.0,7.0,lora-more,41.81858911263017,-6.7508557295156235,-113,-7.8,False,True,185.99648253273827,186.40557880008978,2.244667765058261,3.91737200828664,319.94105058527583,float
2026-05-28 17:24:57.657446+00:00,stratolink-3-eu,EU,STALE,40.5472281,-5.3064298,10020.0,7.0,niharramikrotik,40.589325292876616,-4.838257133960725,-113,-2.5,False,True,39.82130859823407,41.09289250041223,13.934030088286228,14.292151225610578,83.09707061655962,float
2026-05-28 17:24:57.657446+00:00,stratolink-3-eu,EU,STALE,40.5472281,-5.3064298,10020.0,7.0,packetbroker,40.962541751597406,-5.675446072867432,-113,-0.75,True,True,55.666778009165405,56.60427942014389,9.945729341319057,10.446352011784558,326.17716803822304,float
2026-05-28 17:24:57.657446+00:00,stratolink-3-eu,EU,STALE,40.5472281,-5.3064298,10020.0,7.0,tidop-solar-milesight-001,40.6508109351282,-4.73721027374268,-113,3.0,False,True,49.41918209700235,50.46270652702275,11.230603486407217,11.675040254592032,76.33731052888243,float
2026-05-28 17:24:57.657446+00:00,stratolink-3-eu,EU,STALE,40.5472281,-5.3064298,10020.0,7.0,cdtic-multitech-6,40.1338,-5.94651,-114,-3.0,False,True,71.10762504138638,71.8651128957359,7.694872923206974,8.334358275365615,229.9294545890845,float
2026-05-28 17:24:57.657446+00:00,stratolink-3-eu,EU,STALE,40.5472281,-5.3064298,10020.0,7.0,mjv-casas,,,-115,,False,False,,,,,,float
2026-05-28 17:24:57.657446+00:00,stratolink-3-eu,EU,STALE,40.5472281,-5.3064298,10020.0,7.0,packetbroker,,,-117,-7.75,True,False,,,,,,float
2026-05-28 17:24:57.657446+00:00,stratolink-3-eu,EU,STALE,40.5472281,-5.3064298,10020.0,7.0,mitigasmart-cc,,,-117,-3.0,False,False,,,,,,float
2026-05-28 17:24:57.657446+00:00,stratolink-3-eu,EU,STALE,40.5472281,-5.3064298,10020.0,7.0,sg50-perte-malpica-07,,,-117,-3.2,False,False,,,,,,float
2026-05-28 17:24:57.657446+00:00,stratolink-3-eu,EU,STALE,40.5472281,-5.3064298,10020.0,7.0,ext-sg50-024,,,-119,-7.2,False,False,,,,,,float
2026-05-28 17:24:57.657446+00:00,stratolink-3-eu,EU,STALE,40.5472281,-5.3064298,10020.0,7.0,sg50-perte-malpica-05,,,-119,-9.5,False,False,,,,,,float
2026-05-28 17:24:57.657446+00:00,stratolink-3-eu,EU,STALE,40.5472281,-5.3064298,10020.0,7.0,ext-sg50-022,,,-120,-5.8,False,False,,,,,,float
2026-05-28 17:24:57.657446+00:00,stratolink-3-eu,EU,STALE,40.5472281,-5.3064298,10020.0,7.0,sg50-perte-malpica-03,,,-120,-7.5,False,False,,,,,,float
2026-05-28 17:24:57.657446+00:00,stratolink-3-eu,EU,STALE,40.5472281,-5.3064298,10020.0,7.0,italr0005,40.954279046747715,-4.142631590366364,-121,-7.75,False,True,107.97738106666701,108.52452519151635,4.811905683303888,5.782968259452956,64.83835817944225,float
2026-05-28 17:24:57.657446+00:00,stratolink-3-eu,EU,STALE,40.5472281,-5.3064298,10020.0,7.0,antena-granjas-rendondo-01,,,-126,-7.25,False,False,,,,,,float
2026-05-28 17:30:05.556686+00:00,stratolink-3-eu,EU,STALE,40.5472281,-5.3064298,10020.0,7.0,meceiot-004-5030354163554750,40.5481739449056,-5.16353885114368,-104,4.75,False,True,12.073777545940104,15.697316006262431,39.61277078339133,39.72135272353188,89.45445164425848,float
2026-05-28 17:30:05.556686+00:00,stratolink-3-eu,EU,STALE,40.5472281,-5.3064298,10020.0,7.0,cicytex-ic003,,,-108,-9.8,False,False,,,,,,float
2026-05-28 17:30:05.556686+00:00,stratolink-3-eu,EU,STALE,40.5472281,-5.3064298,10020.0,7.0,niharramikrotik,40.589325292876616,-4.838257133960725,-110,0.75,False,True,39.82130859823407,41.09289250041223,13.934030088286228,14.292151225610578,83.09707061655962,float
2026-05-28 17:30:05.556686+00:00,stratolink-3-eu,EU,STALE,40.5472281,-5.3064298,10020.0,7.0,sg50-perte-malpica-02,39.94336757279527,-4.661850929260255,-111,-4.0,False,True,86.61098594978365,87.25563304041373,6.204499660323432,6.983409894192638,140.61979198955783,float
2026-05-28 17:30:05.556686+00:00,stratolink-3-eu,EU,STALE,40.5472281,-5.3064298,10020.0,7.0,mvj-cabezuela,,,-114,-1.2,False,False,,,,,,float
2026-05-28 17:30:05.556686+00:00,stratolink-3-eu,EU,STALE,40.5472281,-5.3064298,10020.0,7.0,tidop-solar-milesight-001,40.6508109351282,-4.73721027374268,-114,2.0,False,True,49.41918209700235,50.46270652702275,11.230603486407217,11.675040254592032,76.33731052888243,float
2026-05-28 17:30:05.556686+00:00,stratolink-3-eu,EU,STALE,40.5472281,-5.3064298,10020.0,7.0,sg50-perte-malpica-04,,,-114,-6.0,False,False,,,,,,float
2026-05-28 17:30:05.556686+00:00,stratolink-3-eu,EU,STALE,40.5472281,-5.3064298,10020.0,7.0,ext-sg50-012,,,-114,1.0,False,False,,,,,,float
2026-05-28 17:30:05.556686+00:00,stratolink-3-eu,EU,STALE,40.5472281,-5.3064298,10020.0,7.0,mjv-casas,,,-115,-1.2,False,False,,,,,,float
2026-05-28 17:30:05.556686+00:00,stratolink-3-eu,EU,STALE,40.5472281,-5.3064298,10020.0,7.0,cdtic-multitech-6,40.1338,-5.94651,-115,-5.8,False,True,71.10762504138638,71.8651128957359,7.694872923206974,8.334358275365615,229.9294545890845,float
2026-05-28 17:30:05.556686+00:00,stratolink-3-eu,EU,STALE,40.5472281,-5.3064298,10020.0,7.0,cicytex-unex-1,,,-115,-6.0,False,False,,,,,,float
2026-05-28 17:30:05.556686+00:00,stratolink-3-eu,EU,STALE,40.5472281,-5.3064298,10020.0,7.0,sg50-perte-malpica-07,,,-115,0.8,False,False,,,,,,float
2026-05-28 17:30:05.556686+00:00,stratolink-3-eu,EU,STALE,40.5472281,-5.3064298,10020.0,7.0,italr0005,40.954279046747715,-4.142631590366364,-116,-2.25,False,True,107.97738106666701,108.52452519151635,4.811905683303888,5.782968259452956,64.83835817944225,float
2026-05-28 17:30:05.556686+00:00,stratolink-3-eu,EU,STALE,40.5472281,-5.3064298,10020.0,7.0,sg50-perte-malpica-05,,,-116,-0.5,False,False,,,,,,float
2026-05-28 17:30:05.556686+00:00,stratolink-3-eu,EU,STALE,40.5472281,-5.3064298,10020.0,7.0,packetbroker,,,-117,-8.0,True,False,,,,,,float
2026-05-28 17:30:05.556686+00:00,stratolink-3-eu,EU,STALE,40.5472281,-5.3064298,10020.0,7.0,mitigasmart-cc,,,-117,-6.0,False,False,,,,,,float
2026-05-28 17:30:05.556686+00:00,stratolink-3-eu,EU,STALE,40.5472281,-5.3064298,10020.0,7.0,sg50-perte-malpica-03,,,-117,-0.5,False,False,,,,,,float
2026-05-28 17:30:05.556686+00:00,stratolink-3-eu,EU,STALE,40.5472281,-5.3064298,10020.0,7.0,antena-granjas-rendondo-01,,,-122,-3.0,False,False,,,,,,float
2026-05-28 17:35:13.603915+00:00,stratolink-3-eu,EU,STALE,40.5472281,-5.3064298,10020.0,7.0,niharramikrotik,40.589325292876616,-4.838257133960725,-111,3.0,False,True,39.82130859823407,41.09289250041223,13.934030088286228,14.292151225610578,83.09707061655962,float
2026-05-28 17:35:13.603915+00:00,stratolink-3-eu,EU,STALE,40.5472281,-5.3064298,10020.0,7.0,meceiot-004-5030354163554750,40.5481739449056,-5.16353885114368,-111,4.0,False,True,12.073777545940104,15.697316006262431,39.61277078339133,39.72135272353188,89.45445164425848,float
2026-05-28 17:35:13.603915+00:00,stratolink-3-eu,EU,STALE,40.5472281,-5.3064298,10020.0,7.0,packetbroker,40.962758045083945,-5.675633842073217,-113,-2.25,True,True,55.695533089317976,56.63260259193401,9.940446205889119,10.441327476645695,326.17758982901927,float
2026-05-28 17:35:13.603915+00:00,stratolink-3-eu,EU,STALE,40.5472281,-5.3064298,10020.0,7.0,italr0005,40.954279046747715,-4.142631590366364,-114,0.25,False,True,107.97738106666701,108.52452519151635,4.811905683303888,5.782968259452956,64.83835817944225,float
2026-05-28 17:35:13.603915+00:00,stratolink-3-eu,EU,STALE,40.5472281,-5.3064298,10020.0,7.0,mjv-casas,,,-114,,False,False,,,,,,float
2026-05-28 17:35:13.603915+00:00,stratolink-3-eu,EU,STALE,40.5472281,-5.3064298,10020.0,7.0,packetbroker,40.962541751597406,-5.675446072867432,-115,-1.75,True,True,55.666778009165405,56.60427942014389,9.945729341319057,10.446352011784558,326.17716803822304,float
2026-05-28 17:35:13.603915+00:00,stratolink-3-eu,EU,STALE,40.5472281,-5.3064298,10020.0,7.0,cdtic-multitech-6,40.1338,-5.94651,-115,-5.0,False,True,71.10762504138638,71.8651128957359,7.694872923206974,8.334358275365615,229.9294545890845,float
2026-05-28 17:35:13.603915+00:00,stratolink-3-eu,EU,STALE,40.5472281,-5.3064298,10020.0,7.0,italr0001,41.70253250763931,-4.708266556262971,-116,-1.5,False,True,137.88772907362312,138.35673321221762,3.53281139890909,4.7728638255452465,21.110190929602823,float
2026-05-28 17:35:13.603915+00:00,stratolink-3-eu,EU,STALE,40.5472281,-5.3064298,10020.0,7.0,ext-sg50-012,,,-116,-0.2,False,False,,,,,,float
2026-05-28 17:35:13.603915+00:00,stratolink-3-eu,EU,STALE,40.5472281,-5.3064298,10020.0,7.0,meceiot-014-dragout-a84041ffff29d5ba,41.11715,-4.78439,-117,-7.0,False,True,77.10425311621862,77.81223342286832,7.0517659083916335,7.745180157963574,34.553892945098426,float
2026-05-28 17:35:13.603915+00:00,stratolink-3-eu,EU,STALE,40.5472281,-5.3064298,10020.0,7.0,sg50-perte-malpica-05,,,-118,-2.0,False,False,,,,,,float
2026-05-28 17:35:13.603915+00:00,stratolink-3-eu,EU,STALE,40.5472281,-5.3064298,10020.0,7.0,packetbroker,,,-120,-7.5,True,False,,,,,,float
2026-05-28 17:35:13.603915+00:00,stratolink-3-eu,EU,STALE,40.5472281,-5.3064298,10020.0,7.0,ext-sg50-022,,,-120,-7.8,False,False,,,,,,float
2026-05-28 17:35:13.603915+00:00,stratolink-3-eu,EU,STALE,40.5472281,-5.3064298,10020.0,7.0,ext-sg50-023,,,-120,-6.0,False,False,,,,,,float
2026-05-28 17:35:13.603915+00:00,stratolink-3-eu,EU,STALE,40.5472281,-5.3064298,10020.0,7.0,meceiot-013-dragout-a84041ffff29dc56,40.970672,-5.141641,-122,-7.0,False,True,49.08792298235313,50.13783380050882,11.307318268686403,11.748775956195418,16.370543915754922,float
2026-05-28 17:35:13.603915+00:00,stratolink-3-eu,EU,STALE,40.5472281,-5.3064298,10020.0,7.0,antena-granjas-rendondo-01,,,-124,-4.25,False,False,,,,,,float
2026-05-28 17:40:21.528044+00:00,stratolink-3-eu,EU,STALE,40.5472281,-5.3064298,10020.0,7.0,cdtic-multitech-6,40.1338,-5.94651,-105,-2.0,False,True,71.10762504138638,71.8651128957359,7.694872923206974,8.334358275365615,229.9294545890845,float
2026-05-28 17:40:21.528044+00:00,stratolink-3-eu,EU,STALE,40.5472281,-5.3064298,10020.0,7.0,niharramikrotik,40.589325292876616,-4.838257133960725,-107,3.75,False,True,39.82130859823407,41.09289250041223,13.934030088286228,14.292151225610578,83.09707061655962,float
2026-05-28 17:40:21.528044+00:00,stratolink-3-eu,EU,STALE,40.5472281,-5.3064298,10020.0,7.0,cicytex-ic003,,,-109,-8.5,False,False,,,,,,float
2026-05-28 17:40:21.528044+00:00,stratolink-3-eu,EU,STALE,40.5472281,-5.3064298,10020.0,7.0,meceiot-004-5030354163554750,40.5481739449056,-5.16353885114368,-109,5.5,False,True,12.073777545940104,15.697316006262431,39.61277078339133,39.72135272353188,89.45445164425848,float
2026-05-28 17:40:21.528044+00:00,stratolink-3-eu,EU,STALE,40.5472281,-5.3064298,10020.0,7.0,mvj-cabezuela,,,-111,-0.8,False,False,,,,,,float
2026-05-28 17:40:21.528044+00:00,stratolink-3-eu,EU,STALE,40.5472281,-5.3064298,10020.0,7.0,mjv-casas,,,-111,1.0,False,False,,,,,,float
2026-05-28 17:40:21.528044+00:00,stratolink-3-eu,EU,STALE,40.5472281,-5.3064298,10020.0,7.0,sg50-perte-malpica-02,39.94336757279527,-4.661850929260255,-111,-1.0,False,True,86.61098594978365,87.25563304041373,6.204499660323432,6.983409894192638,140.61979198955783,float
2026-05-28 17:40:21.528044+00:00,stratolink-3-eu,EU,STALE,40.5472281,-5.3064298,10020.0,7.0,sg50-perte-malpica-07,,,-113,3.5,False,False,,,,,,float
2026-05-28 17:40:21.528044+00:00,stratolink-3-eu,EU,STALE,40.5472281,-5.3064298,10020.0,7.0,sg50-perte-malpica-06,,,-113,-4.5,False,False,,,,,,float
2026-05-28 17:40:21.528044+00:00,stratolink-3-eu,EU,STALE,40.5472281,-5.3064298,10020.0,7.0,sg50-perte-malpica-05,,,-113,4.0,False,False,,,,,,float
2026-05-28 17:40:21.528044+00:00,stratolink-3-eu,EU,STALE,40.5472281,-5.3064298,10020.0,7.0,ext-sg50-012,,,-114,-1.8,False,False,,,,,,float
2026-05-28 17:40:21.528044+00:00,stratolink-3-eu,EU,STALE,40.5472281,-5.3064298,10020.0,7.0,210030,,,-115,-1.2,False,False,,,,,,float
2026-05-28 17:40:21.528044+00:00,stratolink-3-eu,EU,STALE,40.5472281,-5.3064298,10020.0,7.0,sg50-perte-malpica-01,,,-115,-3.2,False,False,,,,,,float
2026-05-28 17:40:21.528044+00:00,stratolink-3-eu,EU,STALE,40.5472281,-5.3064298,10020.0,7.0,packetbroker,40.962541751597406,-5.675446072867432,-116,-3.5,True,True,55.666778009165405,56.60427942014389,9.945729341319057,10.446352011784558,326.17716803822304,float
2026-05-28 17:40:21.528044+00:00,stratolink-3-eu,EU,STALE,40.5472281,-5.3064298,10020.0,7.0,italr0005,40.954279046747715,-4.142631590366364,-116,-2.5,False,True,107.97738106666701,108.52452519151635,4.811905683303888,5.782968259452956,64.83835817944225,float
2026-05-28 17:40:21.528044+00:00,stratolink-3-eu,EU,STALE,40.5472281,-5.3064298,10020.0,7.0,sg50-perte-malpica-03,,,-117,1.0,False,False,,,,,,float
2026-05-28 17:40:21.528044+00:00,stratolink-3-eu,EU,STALE,40.5472281,-5.3064298,10020.0,7.0,mitigasmart-cc,,,-118,-7.8,False,False,,,,,,float
2026-05-28 17:40:21.528044+00:00,stratolink-3-eu,EU,STALE,40.5472281,-5.3064298,10020.0,7.0,tidop-solar-milesight-001,40.6508109351282,-4.73721027374268,-118,-6.5,False,True,49.41918209700235,50.46270652702275,11.230603486407217,11.675040254592032,76.33731052888243,float
2026-05-28 17:40:21.528044+00:00,stratolink-3-eu,EU,STALE,40.5472281,-5.3064298,10020.0,7.0,ext-sg50-011,,,-119,-8.2,False,False,,,,,,float
2026-05-28 17:40:21.528044+00:00,stratolink-3-eu,EU,STALE,40.5472281,-5.3064298,10020.0,7.0,antena-granjas-rendondo-01,,,-120,,False,False,,,,,,float
2026-05-28 17:45:29.806066+00:00,stratolink-3-eu,EU,STALE,40.5472281,-5.3064298,10020.0,7.0,meceiot-004-5030354163554750,40.5481739449056,-5.16353885114368,-98,6.25,False,True,12.073777545940104,15.697316006262431,39.61277078339133,39.72135272353188,89.45445164425848,float
2026-05-28 17:45:29.806066+00:00,stratolink-3-eu,EU,STALE,40.5472281,-5.3064298,10020.0,7.0,cicytex-ic003,,,-107,-3.2,False,False,,,,,,float
2026-05-28 17:45:29.806066+00:00,stratolink-3-eu,EU,STALE,40.5472281,-5.3064298,10020.0,7.0,mvj-cabezuela,,,-108,3.2,False,False,,,,,,float
2026-05-28 17:45:29.806066+00:00,stratolink-3-eu,EU,STALE,40.5472281,-5.3064298,10020.0,7.0,ext-sg50-012,,,-108,-7.2,False,False,,,,,,float
2026-05-28 17:45:29.806066+00:00,stratolink-3-eu,EU,STALE,40.5472281,-5.3064298,10020.0,7.0,mjv-casas,,,-109,4.2,False,False,,,,,,float
2026-05-28 17:45:29.806066+00:00,stratolink-3-eu,EU,STALE,40.5472281,-5.3064298,10020.0,7.0,mtcdtip02-l4e1-9,,,-110,-7.5,False,False,,,,,,float
2026-05-28 17:45:29.806066+00:00,stratolink-3-eu,EU,STALE,40.5472281,-5.3064298,10020.0,7.0,niharramikrotik,40.589325292876616,-4.838257133960725,-111,,False,True,39.82130859823407,41.09289250041223,13.934030088286228,14.292151225610578,83.09707061655962,float
2026-05-28 17:45:29.806066+00:00,stratolink-3-eu,EU,STALE,40.5472281,-5.3064298,10020.0,7.0,cdtic-multitech-6,40.1338,-5.94651,-111,1.8,False,True,71.10762504138638,71.8651128957359,7.694872923206974,8.334358275365615,229.9294545890845,float
2026-05-28 17:45:29.806066+00:00,stratolink-3-eu,EU,STALE,40.5472281,-5.3064298,10020.0,7.0,sg50-perte-malpica-02,39.94336757279527,-4.661850929260255,-111,-1.5,False,True,86.61098594978365,87.25563304041373,6.204499660323432,6.983409894192638,140.61979198955783,float
2026-05-28 17:45:29.806066+00:00,stratolink-3-eu,EU,STALE,40.5472281,-5.3064298,10020.0,7.0,210030,,,-112,,False,False,,,,,,float
2026-05-28 17:45:29.806066+00:00,stratolink-3-eu,EU,STALE,40.5472281,-5.3064298,10020.0,7.0,mtcdtip02-l4e1-5,,,-113,-3.8,False,False,,,,,,float
2026-05-28 17:45:29.806066+00:00,stratolink-3-eu,EU,STALE,40.5472281,-5.3064298,10020.0,7.0,mtcdtip02-l4e1-13,,,-113,-8.2,False,False,,,,,,float
2026-05-28 17:45:29.806066+00:00,stratolink-3-eu,EU,STALE,40.5472281,-5.3064298,10020.0,7.0,packetbroker,40.962541751597406,-5.675446072867432,-113,,True,True,55.666778009165405,56.60427942014389,9.945729341319057,10.446352011784558,326.17716803822304,float
2026-05-28 17:45:29.806066+00:00,stratolink-3-eu,EU,STALE,40.5472281,-5.3064298,10020.0,7.0,mtcdtip-l4e1-868-dattera-2,40.31007631707678,-3.733453631302837,-114,-6.5,False,True,135.72613093583203,136.1993309423371,3.60843824080703,4.82905097520863,100.69227905608028,float
2026-05-28 17:45:29.806066+00:00,stratolink-3-eu,EU,STALE,40.5472281,-5.3064298,10020.0,7.0,sg50-perte-malpica-05,,,-114,0.5,False,False,,,,,,float
2026-05-28 17:45:29.806066+00:00,stratolink-3-eu,EU,STALE,40.5472281,-5.3064298,10020.0,7.0,sg50-perte-malpica-06,,,-114,-7.0,False,False,,,,,,float
2026-05-28 17:45:29.806066+00:00,stratolink-3-eu,EU,STALE,40.5472281,-5.3064298,10020.0,7.0,sg50-perte-malpica-07,,,-114,1.5,False,False,,,,,,float
2026-05-28 17:45:29.806066+00:00,stratolink-3-eu,EU,STALE,40.5472281,-5.3064298,10020.0,7.0,tidop-solar-milesight-001,40.6508109351282,-4.73721027374268,-115,,False,True,49.41918209700235,50.46270652702275,11.230603486407217,11.675040254592032,76.33731052888243,float
2026-05-28 17:45:29.806066+00:00,stratolink-3-eu,EU,STALE,40.5472281,-5.3064298,10020.0,7.0,cicytex-lo-04,,,-116,-5.2,False,False,,,,,,float
2026-05-28 17:45:29.806066+00:00,stratolink-3-eu,EU,STALE,40.5472281,-5.3064298,10020.0,7.0,sg50-perte-malpica-01,,,-116,-6.2,False,False,,,,,,float
2026-05-28 17:45:29.806066+00:00,stratolink-3-eu,EU,STALE,40.5472281,-5.3064298,10020.0,7.0,mitigasmart-cc,,,-117,-2.8,False,False,,,,,,float
2026-05-28 17:45:29.806066+00:00,stratolink-3-eu,EU,STALE,40.5472281,-5.3064298,10020.0,7.0,sg50-perte-malpica-03,,,-117,-1.8,False,False,,,,,,float
2026-05-28 17:45:29.806066+00:00,stratolink-3-eu,EU,STALE,40.5472281,-5.3064298,10020.0,7.0,ext-sg50-024,,,-118,-6.5,False,False,,,,,,float
2026-05-28 17:45:29.806066+00:00,stratolink-3-eu,EU,STALE,40.5472281,-5.3064298,10020.0,7.0,tef-mls-01,40.108033,-6.632828,-118,-6.2,False,True,122.58513406003775,123.08811902001877,4.117902097463135,5.220335170964265,246.95316661237507,float
2026-05-28 17:45:29.806066+00:00,stratolink-3-eu,EU,STALE,40.5472281,-5.3064298,10020.0,7.0,sg50-eui-c0ba1ffffe004945,,,-118,-9.0,False,False,,,,,,float
2026-05-28 17:45:29.806066+00:00,stratolink-3-eu,EU,STALE,40.5472281,-5.3064298,10020.0,7.0,ext-sg50-011,,,-118,-6.2,False,False,,,,,,float
2026-05-28 17:45:29.806066+00:00,stratolink-3-eu,EU,STALE,40.5472281,-5.3064298,10020.0,7.0,italr0005,40.954279046747715,-4.142631590366364,-120,-6.5,False,True,107.97738106666701,108.52452519151635,4.811905683303888,5.782968259452956,64.83835817944225,float
2026-05-28 17:45:29.806066+00:00,stratolink-3-eu,EU,STALE,40.5472281,-5.3064298,10020.0,7.0,antena-granjas-rendondo-01,,,-123,-3.25,False,False,,,,,,float
2026-05-28 17:50:37.839139+00:00,stratolink-3-eu,EU,STALE,40.5472281,-5.3064298,10020.0,7.0,meceiot-004-5030354163554750,40.5481739449056,-5.16353885114368,-101,9.0,False,True,12.073777545940104,15.697316006262431,39.61277078339133,39.72135272353188,89.45445164425848,float
2026-05-28 17:50:37.839139+00:00,stratolink-3-eu,EU,STALE,40.5472281,-5.3064298,10020.0,7.0,cicytex-ic003,,,-108,-3.2,False,False,,,,,,float
2026-05-28 17:50:37.839139+00:00,stratolink-3-eu,EU,STALE,40.5472281,-5.3064298,10020.0,7.0,mtcdtip02-l4e1-9,,,-111,-5.0,False,False,,,,,,float
2026-05-28 17:50:37.839139+00:00,stratolink-3-eu,EU,STALE,40.5472281,-5.3064298,10020.0,7.0,sg50-perte-malpica-02,39.94336757279527,-4.661850929260255,-111,-0.5,False,True,86.61098594978365,87.25563304041373,6.204499660323432,6.983409894192638,140.61979198955783,float
2026-05-28 17:50:37.839139+00:00,stratolink-3-eu,EU,STALE,40.5472281,-5.3064298,10020.0,7.0,210030,,,-112,-1.2,False,False,,,,,,float
2026-05-28 17:50:37.839139+00:00,stratolink-3-eu,EU,STALE,40.5472281,-5.3064298,10020.0,7.0,tidop-solar-milesight-001,40.6508109351282,-4.73721027374268,-112,5.0,False,True,49.41918209700235,50.46270652702275,11.230603486407217,11.675040254592032,76.33731052888243,float
2026-05-28 17:50:37.839139+00:00,stratolink-3-eu,EU,STALE,40.5472281,-5.3064298,10020.0,7.0,mvj-cabezuela,,,-113,1.0,False,False,,,,,,float
2026-05-28 17:50:37.839139+00:00,stratolink-3-eu,EU,STALE,40.5472281,-5.3064298,10020.0,7.0,mjv-casas,,,-113,3.5,False,False,,,,,,float
2026-05-28 17:50:37.839139+00:00,stratolink-3-eu,EU,STALE,40.5472281,-5.3064298,10020.0,7.0,packetbroker,40.962541751597406,-5.675446072867432,-113,-1.75,True,True,55.666778009165405,56.60427942014389,9.945729341319057,10.446352011784558,326.17716803822304,float
2026-05-28 17:50:37.839139+00:00,stratolink-3-eu,EU,STALE,40.5472281,-5.3064298,10020.0,7.0,sg50-perte-malpica-06,,,-114,-5.0,False,False,,,,,,float
2026-05-28 17:50:37.839139+00:00,stratolink-3-eu,EU,STALE,40.5472281,-5.3064298,10020.0,7.0,ext-sg50-012,,,-114,2.5,False,False,,,,,,float
2026-05-28 17:50:37.839139+00:00,stratolink-3-eu,EU,STALE,40.5472281,-5.3064298,10020.0,7.0,niharramikrotik,40.589325292876616,-4.838257133960725,-115,0.25,False,True,39.82130859823407,41.09289250041223,13.934030088286228,14.292151225610578,83.09707061655962,float
2026-05-28 17:50:37.839139+00:00,stratolink-3-eu,EU,STALE,40.5472281,-5.3064298,10020.0,7.0,packetbroker,40.962758045083945,-5.675633842073217,-115,-6.25,True,True,55.695533089317976,56.63260259193401,9.940446205889119,10.441327476645695,326.17758982901927,float
2026-05-28 17:50:37.839139+00:00,stratolink-3-eu,EU,STALE,40.5472281,-5.3064298,10020.0,7.0,cicytex-unex-1,,,-115,-5.8,False,False,,,,,,float
2026-05-28 17:50:37.839139+00:00,stratolink-3-eu,EU,STALE,40.5472281,-5.3064298,10020.0,7.0,sg50-perte-malpica-07,,,-115,2.2,False,False,,,,,,float
2026-05-28 17:50:37.839139+00:00,stratolink-3-eu,EU,STALE,40.5472281,-5.3064298,10020.0,7.0,sg50-perte-malpica-01,,,-115,-3.0,False,False,,,,,,float
2026-05-28 17:50:37.839139+00:00,stratolink-3-eu,EU,STALE,40.5472281,-5.3064298,10020.0,7.0,cicytex-lo-04,,,-116,-2.5,False,False,,,,,,float
2026-05-28 17:50:37.839139+00:00,stratolink-3-eu,EU,STALE,40.5472281,-5.3064298,10020.0,7.0,cdtic-multitech-6,40.1338,-5.94651,-116,-1.0,False,True,71.10762504138638,71.8651128957359,7.694872923206974,8.334358275365615,229.9294545890845,float
2026-05-28 17:50:37.839139+00:00,stratolink-3-eu,EU,STALE,40.5472281,-5.3064298,10020.0,7.0,ext-sg50-027,,,-117,-7.2,False,False,,,,,,float
2026-05-28 17:50:37.839139+00:00,stratolink-3-eu,EU,STALE,40.5472281,-5.3064298,10020.0,7.0,sg50-perte-malpica-05,,,-117,-0.2,False,False,,,,,,float
2026-05-28 17:50:37.839139+00:00,stratolink-3-eu,EU,STALE,40.5472281,-5.3064298,10020.0,7.0,meceiot-014-dragout-a84041ffff29d5ba,41.11715,-4.78439,-118,-9.75,False,True,77.10425311621862,77.81223342286832,7.0517659083916335,7.745180157963574,34.553892945098426,float
2026-05-28 17:50:37.839139+00:00,stratolink-3-eu,EU,STALE,40.5472281,-5.3064298,10020.0,7.0,sg50-perte-malpica-03,,,-118,0.2,False,False,,,,,,float
2026-05-28 17:50:37.839139+00:00,stratolink-3-eu,EU,STALE,40.5472281,-5.3064298,10020.0,7.0,mitigasmart-cc,,,-118,-5.8,False,False,,,,,,float
2026-05-28 17:50:37.839139+00:00,stratolink-3-eu,EU,STALE,40.5472281,-5.3064298,10020.0,7.0,v3-eui-b827ebfffebf1f02,40.13814,-7.50059,-119,-7.5,False,True,191.43505155506173,191.84018068625198,2.132831475142817,3.854445877084174,256.96628241398776,float
2026-05-28 17:50:37.839139+00:00,stratolink-3-eu,EU,STALE,40.5472281,-5.3064298,10020.0,7.0,ext-sg50-028,,,-119,-8.8,False,False,,,,,,float
2026-05-28 17:50:37.839139+00:00,stratolink-3-eu,EU,STALE,40.5472281,-5.3064298,10020.0,7.0,tef-mls-01,40.108033,-6.632828,-119,-6.2,False,True,122.58513406003775,123.08811902001877,4.117902097463135,5.220335170964265,246.95316661237507,float
2026-05-28 17:50:37.839139+00:00,stratolink-3-eu,EU,STALE,40.5472281,-5.3064298,10020.0,7.0,sg50-eui-c0ba1ffffe004945,,,-120,-8.5,False,False,,,,,,float
2026-05-28 17:50:37.839139+00:00,stratolink-3-eu,EU,STALE,40.5472281,-5.3064298,10020.0,7.0,ext-sg50-011,,,-120,-4.8,False,False,,,,,,float
2026-05-28 17:50:37.839139+00:00,stratolink-3-eu,EU,STALE,40.5472281,-5.3064298,10020.0,7.0,italr0005,40.954279046747715,-4.142631590366364,-122,-8.5,False,True,107.97738106666701,108.52452519151635,4.811905683303888,5.782968259452956,64.83835817944225,float
2026-05-28 17:50:37.839139+00:00,stratolink-3-eu,EU,STALE,40.5472281,-5.3064298,10020.0,7.0,meceiot-013-dragout-a84041ffff29dc56,40.970672,-5.141641,-124,-8.75,False,True,49.08792298235313,50.13783380050882,11.307318268686403,11.748775956195418,16.370543915754922,float
2026-05-28 17:50:37.839139+00:00,stratolink-3-eu,EU,STALE,40.5472281,-5.3064298,10020.0,7.0,antena-granjas-rendondo-01,,,-128,-6.5,False,False,,,,,,float
2026-05-28 18:00:43.981379+00:00,stratolink-3-eu,EU,STALE,40.5472281,-5.3064298,10020.0,7.0,meceiot-004-5030354163554750,40.5481739449056,-5.16353885114368,-105,6.5,False,True,12.073777545940104,15.697316006262431,39.61277078339133,39.72135272353188,89.45445164425848,float
2026-05-28 18:00:43.981379+00:00,stratolink-3-eu,EU,STALE,40.5472281,-5.3064298,10020.0,7.0,cicytex-ic003,,,-108,-8.8,False,False,,,,,,float
2026-05-28 18:00:43.981379+00:00,stratolink-3-eu,EU,STALE,40.5472281,-5.3064298,10020.0,7.0,mvj-cabezuela,,,-110,-4.8,False,False,,,,,,float
2026-05-28 18:00:43.981379+00:00,stratolink-3-eu,EU,STALE,40.5472281,-5.3064298,10020.0,7.0,niharramikrotik,40.589325292876616,-4.838257133960725,-111,1.25,False,True,39.82130859823407,41.09289250041223,13.934030088286228,14.292151225610578,83.09707061655962,float
2026-05-28 18:00:43.981379+00:00,stratolink-3-eu,EU,STALE,40.5472281,-5.3064298,10020.0,7.0,packetbroker,40.962758045083945,-5.675633842073217,-111,-5.25,True,True,55.695533089317976,56.63260259193401,9.940446205889119,10.441327476645695,326.17758982901927,float
2026-05-28 18:00:43.981379+00:00,stratolink-3-eu,EU,STALE,40.5472281,-5.3064298,10020.0,7.0,lora-more,41.81858911263017,-6.7508557295156235,-113,-6.5,False,True,185.99648253273827,186.40557880008978,2.244667765058261,3.91737200828664,319.94105058527583,float
2026-05-28 18:00:43.981379+00:00,stratolink-3-eu,EU,STALE,40.5472281,-5.3064298,10020.0,7.0,italr0001,41.70253250763931,-4.708266556262971,-113,-2.75,False,True,137.88772907362312,138.35673321221762,3.53281139890909,4.7728638255452465,21.110190929602823,float
2026-05-28 18:00:43.981379+00:00,stratolink-3-eu,EU,STALE,40.5472281,-5.3064298,10020.0,7.0,sg50-perte-malpica-02,39.94336757279527,-4.661850929260255,-113,-5.8,False,True,86.61098594978365,87.25563304041373,6.204499660323432,6.983409894192638,140.61979198955783,float
2026-05-28 18:00:43.981379+00:00,stratolink-3-eu,EU,STALE,40.5472281,-5.3064298,10020.0,7.0,tidop-solar-milesight-001,40.6508109351282,-4.73721027374268,-113,3.5,False,True,49.41918209700235,50.46270652702275,11.230603486407217,11.675040254592032,76.33731052888243,float
2026-05-28 18:00:43.981379+00:00,stratolink-3-eu,EU,STALE,40.5472281,-5.3064298,10020.0,7.0,meceiot-014-dragout-a84041ffff29d5ba,41.11715,-4.78439,-113,-5.75,False,True,77.10425311621862,77.81223342286832,7.0517659083916335,7.745180157963574,34.553892945098426,float
2026-05-28 18:00:43.981379+00:00,stratolink-3-eu,EU,STALE,40.5472281,-5.3064298,10020.0,7.0,mjv-casas,,,-115,-1.0,False,False,,,,,,float
2026-05-28 18:00:43.981379+00:00,stratolink-3-eu,EU,STALE,40.5472281,-5.3064298,10020.0,7.0,packetbroker,,,-115,-4.5,True,False,,,,,,float
2026-05-28 18:00:43.981379+00:00,stratolink-3-eu,EU,STALE,40.5472281,-5.3064298,10020.0,7.0,packetbroker,40.962541751597406,-5.675446072867432,-115,-4.75,True,True,55.666778009165405,56.60427942014389,9.945729341319057,10.446352011784558,326.17716803822304,float
2026-05-28 18:00:43.981379+00:00,stratolink-3-eu,EU,STALE,40.5472281,-5.3064298,10020.0,7.0,cdtic-multitech-6,40.1338,-5.94651,-115,-2.2,False,True,71.10762504138638,71.8651128957359,7.694872923206974,8.334358275365615,229.9294545890845,float
2026-05-28 18:00:43.981379+00:00,stratolink-3-eu,EU,STALE,40.5472281,-5.3064298,10020.0,7.0,210030,,,-116,-5.2,False,False,,,,,,float
2026-05-28 18:00:43.981379+00:00,stratolink-3-eu,EU,STALE,40.5472281,-5.3064298,10020.0,7.0,sg50-perte-malpica-05,,,-116,-1.0,False,False,,,,,,float
2026-05-28 18:00:43.981379+00:00,stratolink-3-eu,EU,STALE,40.5472281,-5.3064298,10020.0,7.0,italr0005,40.954279046747715,-4.142631590366364,-117,-3.5,False,True,107.97738106666701,108.52452519151635,4.811905683303888,5.782968259452956,64.83835817944225,float
2026-05-28 18:00:43.981379+00:00,stratolink-3-eu,EU,STALE,40.5472281,-5.3064298,10020.0,7.0,sg50-perte-malpica-01,,,-117,-5.8,False,False,,,,,,float
2026-05-28 18:00:43.981379+00:00,stratolink-3-eu,EU,STALE,40.5472281,-5.3064298,10020.0,7.0,mitigasmart-cc,,,-118,-6.8,False,False,,,,,,float
2026-05-28 18:00:43.981379+00:00,stratolink-3-eu,EU,STALE,40.5472281,-5.3064298,10020.0,7.0,sg50-perte-malpica-07,,,-118,-3.5,False,False,,,,,,float
2026-05-28 18:00:43.981379+00:00,stratolink-3-eu,EU,STALE,40.5472281,-5.3064298,10020.0,7.0,meceiot-013-dragout-a84041ffff29dc56,40.970672,-5.141641,-118,-4.0,False,True,49.08792298235313,50.13783380050882,11.307318268686403,11.748775956195418,16.370543915754922,float
2026-05-28 18:00:43.981379+00:00,stratolink-3-eu,EU,STALE,40.5472281,-5.3064298,10020.0,7.0,sg50-perte-malpica-03,,,-120,-6.0,False,False,,,,,,float
2026-05-28 18:00:43.981379+00:00,stratolink-3-eu,EU,STALE,40.5472281,-5.3064298,10020.0,7.0,antena-granjas-rendondo-01,,,-123,-2.25,False,False,,,,,,float
2026-05-28 18:05:51.842517+00:00,stratolink-3-eu,EU,STALE,40.5472281,-5.3064298,10020.0,7.0,niharramikrotik,40.589325292876616,-4.838257133960725,-109,3.75,False,True,39.82130859823407,41.09289250041223,13.934030088286228,14.292151225610578,83.09707061655962,float
2026-05-28 18:05:51.842517+00:00,stratolink-3-eu,EU,STALE,40.5472281,-5.3064298,10020.0,7.0,tidop-solar-milesight-001,40.6508109351282,-4.73721027374268,-110,5.8,False,True,49.41918209700235,50.46270652702275,11.230603486407217,11.675040254592032,76.33731052888243,float
2026-05-28 18:05:51.842517+00:00,stratolink-3-eu,EU,STALE,40.5472281,-5.3064298,10020.0,7.0,sg50-perte-malpica-02,39.94336757279527,-4.661850929260255,-111,-1.0,False,True,86.61098594978365,87.25563304041373,6.204499660323432,6.983409894192638,140.61979198955783,float
2026-05-28 18:05:51.842517+00:00,stratolink-3-eu,EU,STALE,40.5472281,-5.3064298,10020.0,7.0,kenai-instalaciones-y-proyectos,40.6244743091053,-3.90243977308273,-111,-4.75,False,True,118.86953215186202,119.38248792120771,4.2798892725998146,5.348907181505776,85.39978031491785,float
2026-05-28 18:05:51.842517+00:00,stratolink-3-eu,EU,STALE,40.5472281,-5.3064298,10020.0,7.0,italr0005,40.954279046747715,-4.142631590366364,-114,-0.5,False,True,107.97738106666701,108.52452519151635,4.811905683303888,5.782968259452956,64.83835817944225,float
2026-05-28 18:05:51.842517+00:00,stratolink-3-eu,EU,STALE,40.5472281,-5.3064298,10020.0,7.0,mtcdtip-l4e1-868-dattera-2,40.31007631707678,-3.733453631302837,-114,-4.8,False,True,135.72613093583203,136.1993309423371,3.60843824080703,4.82905097520863,100.69227905608028,float
2026-05-28 18:05:51.842517+00:00,stratolink-3-eu,EU,STALE,40.5472281,-5.3064298,10020.0,7.0,sg50-perte-malpica-05,,,-114,2.0,False,False,,,,,,float
2026-05-28 18:05:51.842517+00:00,stratolink-3-eu,EU,STALE,40.5472281,-5.3064298,10020.0,7.0,mvj-cabezuela,,,-115,-3.8,False,False,,,,,,float
2026-05-28 18:05:51.842517+00:00,stratolink-3-eu,EU,STALE,40.5472281,-5.3064298,10020.0,7.0,mjv-casas,,,-115,-3.0,False,False,,,,,,float
2026-05-28 18:05:51.842517+00:00,stratolink-3-eu,EU,STALE,40.5472281,-5.3064298,10020.0,7.0,packetbroker,40.962758045083945,-5.675633842073217,-115,-6.75,True,True,55.695533089317976,56.63260259193401,9.940446205889119,10.441327476645695,326.17758982901927,float
2026-05-28 18:05:51.842517+00:00,stratolink-3-eu,EU,STALE,40.5472281,-5.3064298,10020.0,7.0,cicytex-unex-1,,,-115,-9.0,False,False,,,,,,float
2026-05-28 18:05:51.842517+00:00,stratolink-3-eu,EU,STALE,40.5472281,-5.3064298,10020.0,7.0,meceiot-014-dragout-a84041ffff29d5ba,41.11715,-4.78439,-116,-7.5,False,True,77.10425311621862,77.81223342286832,7.0517659083916335,7.745180157963574,34.553892945098426,float
2026-05-28 18:05:51.842517+00:00,stratolink-3-eu,EU,STALE,40.5472281,-5.3064298,10020.0,7.0,210030,,,-117,-1.5,False,False,,,,,,float
2026-05-28 18:05:51.842517+00:00,stratolink-3-eu,EU,STALE,40.5472281,-5.3064298,10020.0,7.0,mitigasmart-cc,,,-118,-9.8,False,False,,,,,,float
2026-05-28 18:05:51.842517+00:00,stratolink-3-eu,EU,STALE,40.5472281,-5.3064298,10020.0,7.0,sg50-perte-malpica-07,,,-118,-6.8,False,False,,,,,,float
2026-05-28 18:05:51.842517+00:00,stratolink-3-eu,EU,STALE,40.5472281,-5.3064298,10020.0,7.0,antena-granjas-rendondo-01,,,-119,0.5,False,False,,,,,,float
2026-05-28 18:11:00.075121+00:00,stratolink-3-eu,EU,STALE,40.5472281,-5.3064298,10020.0,7.0,meceiot-004-5030354163554750,40.5481739449056,-5.16353885114368,-103,9.5,False,True,12.073777545940104,15.697316006262431,39.61277078339133,39.72135272353188,89.45445164425848,float
2026-05-28 18:11:00.075121+00:00,stratolink-3-eu,EU,STALE,40.5472281,-5.3064298,10020.0,7.0,cicytex-ic003,,,-108,-3.2,False,False,,,,,,float
2026-05-28 18:11:00.075121+00:00,stratolink-3-eu,EU,STALE,40.5472281,-5.3064298,10020.0,7.0,mtcdtip02-l4e1-1,,,-108,-6.2,False,False,,,,,,float
2026-05-28 18:11:00.075121+00:00,stratolink-3-eu,EU,STALE,40.5472281,-5.3064298,10020.0,7.0,mjv-casas,,,-110,2.8,False,False,,,,,,float
2026-05-28 18:11:00.075121+00:00,stratolink-3-eu,EU,STALE,40.5472281,-5.3064298,10020.0,7.0,mvj-cabezuela,,,-110,,False,False,,,,,,float
2026-05-28 18:11:00.075121+00:00,stratolink-3-eu,EU,STALE,40.5472281,-5.3064298,10020.0,7.0,mtcdtip02-l4e1-9,,,-111,-5.8,False,False,,,,,,float
2026-05-28 18:11:00.075121+00:00,stratolink-3-eu,EU,STALE,40.5472281,-5.3064298,10020.0,7.0,sg50-perte-malpica-02,39.94336757279527,-4.661850929260255,-111,-5.2,False,True,86.61098594978365,87.25563304041373,6.204499660323432,6.983409894192638,140.61979198955783,float
2026-05-28 18:11:00.075121+00:00,stratolink-3-eu,EU,STALE,40.5472281,-5.3064298,10020.0,7.0,tidop-solar-milesight-001,40.6508109351282,-4.73721027374268,-111,5.8,False,True,49.41918209700235,50.46270652702275,11.230603486407217,11.675040254592032,76.33731052888243,float
2026-05-28 18:11:00.075121+00:00,stratolink-3-eu,EU,STALE,40.5472281,-5.3064298,10020.0,7.0,sg50-perte-malpica-05,,,-112,4.5,False,False,,,,,,float
2026-05-28 18:11:00.075121+00:00,stratolink-3-eu,EU,STALE,40.5472281,-5.3064298,10020.0,7.0,cicytex-lo-04,,,-113,-5.5,False,False,,,,,,float
2026-05-28 18:11:00.075121+00:00,stratolink-3-eu,EU,STALE,40.5472281,-5.3064298,10020.0,7.0,cdtic-multitech-6,40.1338,-5.94651,-113,3.2,False,True,71.10762504138638,71.8651128957359,7.694872923206974,8.334358275365615,229.9294545890845,float
2026-05-28 18:11:00.075121+00:00,stratolink-3-eu,EU,STALE,40.5472281,-5.3064298,10020.0,7.0,210030,,,-113,2.2,False,False,,,,,,float
2026-05-28 18:11:00.075121+00:00,stratolink-3-eu,EU,STALE,40.5472281,-5.3064298,10020.0,7.0,ext-dlos8-007,,,-113,-9.0,False,False,,,,,,float
2026-05-28 18:11:00.075121+00:00,stratolink-3-eu,EU,STALE,40.5472281,-5.3064298,10020.0,7.0,sg50-perte-malpica-06,,,-113,-6.2,False,False,,,,,,float
2026-05-28 18:11:00.075121+00:00,stratolink-3-eu,EU,STALE,40.5472281,-5.3064298,10020.0,7.0,packetbroker,40.962541751597406,-5.675446072867432,-114,-6.25,True,True,55.666778009165405,56.60427942014389,9.945729341319057,10.446352011784558,326.17716803822304,float
2026-05-28 18:11:00.075121+00:00,stratolink-3-eu,EU,STALE,40.5472281,-5.3064298,10020.0,7.0,packetbroker,40.962758045083945,-5.675633842073217,-116,-8.75,True,True,55.695533089317976,56.63260259193401,9.940446205889119,10.441327476645695,326.17758982901927,float
2026-05-28 18:11:00.075121+00:00,stratolink-3-eu,EU,STALE,40.5472281,-5.3064298,10020.0,7.0,ext-sg50-027,,,-116,-7.2,False,False,,,,,,float
2026-05-28 18:11:00.075121+00:00,stratolink-3-eu,EU,STALE,40.5472281,-5.3064298,10020.0,7.0,cicytex-unex-1,,,-116,-2.2,False,False,,,,,,float
2026-05-28 18:11:00.075121+00:00,stratolink-3-eu,EU,STALE,40.5472281,-5.3064298,10020.0,7.0,mitigasmart-cc,,,-117,-2.0,False,False,,,,,,float
2026-05-28 18:11:00.075121+00:00,stratolink-3-eu,EU,STALE,40.5472281,-5.3064298,10020.0,7.0,sg50-perte-malpica-01,,,-117,-7.8,False,False,,,,,,float
2026-05-28 18:11:00.075121+00:00,stratolink-3-eu,EU,STALE,40.5472281,-5.3064298,10020.0,7.0,ext-sg50-023,,,-117,0.8,False,False,,,,,,float
2026-05-28 18:11:00.075121+00:00,stratolink-3-eu,EU,STALE,40.5472281,-5.3064298,10020.0,7.0,sg50-perte-malpica-07,,,-118,-4.5,False,False,,,,,,float
2026-05-28 18:11:00.075121+00:00,stratolink-3-eu,EU,STALE,40.5472281,-5.3064298,10020.0,7.0,tef-mls-01,40.108033,-6.632828,-119,-6.2,False,True,122.58513406003775,123.08811902001877,4.117902097463135,5.220335170964265,246.95316661237507,float
2026-05-28 18:11:00.075121+00:00,stratolink-3-eu,EU,STALE,40.5472281,-5.3064298,10020.0,7.0,sg50-eui-c0ba1ffffe004945,,,-119,-5.8,False,False,,,,,,float
2026-05-28 18:11:00.075121+00:00,stratolink-3-eu,EU,STALE,40.5472281,-5.3064298,10020.0,7.0,meceiot-014-dragout-a84041ffff29d5ba,41.11715,-4.78439,-119,-9.0,False,True,77.10425311621862,77.81223342286832,7.0517659083916335,7.745180157963574,34.553892945098426,float
2026-05-28 18:11:00.075121+00:00,stratolink-3-eu,EU,STALE,40.5472281,-5.3064298,10020.0,7.0,ext-sg50-022,,,-120,-6.5,False,False,,,,,,float
2026-05-28 18:11:00.075121+00:00,stratolink-3-eu,EU,STALE,40.5472281,-5.3064298,10020.0,7.0,ext-sg50-011,,,-120,-8.2,False,False,,,,,,float
2026-05-28 18:11:00.075121+00:00,stratolink-3-eu,EU,STALE,40.5472281,-5.3064298,10020.0,7.0,antena-granjas-rendondo-01,,,-121,-1.25,False,False,,,,,,float
2026-05-28 18:11:00.075121+00:00,stratolink-3-eu,EU,STALE,40.5472281,-5.3064298,10020.0,7.0,italr0005,40.954279046747715,-4.142631590366364,-122,-8.25,False,True,107.97738106666701,108.52452519151635,4.811905683303888,5.782968259452956,64.83835817944225,float
2026-05-28 18:16:08.243936+00:00,stratolink-3-eu,EU,STALE,40.5472281,-5.3064298,10020.0,7.0,meceiot-004-5030354163554750,40.5481739449056,-5.16353885114368,-98,9.0,False,True,12.073777545940104,15.697316006262431,39.61277078339133,39.72135272353188,89.45445164425848,float
2026-05-28 18:16:08.243936+00:00,stratolink-3-eu,EU,STALE,40.5472281,-5.3064298,10020.0,7.0,cicytex-ic003,,,-107,-3.8,False,False,,,,,,float
2026-05-28 18:16:08.243936+00:00,stratolink-3-eu,EU,STALE,40.5472281,-5.3064298,10020.0,7.0,mvj-cabezuela,,,-109,1.0,False,False,,,,,,float
2026-05-28 18:16:08.243936+00:00,stratolink-3-eu,EU,STALE,40.5472281,-5.3064298,10020.0,7.0,cdtic-multitech-6,40.1338,-5.94651,-111,2.2,False,True,71.10762504138638,71.8651128957359,7.694872923206974,8.334358275365615,229.9294545890845,float
2026-05-28 18:16:08.243936+00:00,stratolink-3-eu,EU,STALE,40.5472281,-5.3064298,10020.0,7.0,210030,,,-111,1.8,False,False,,,,,,float
2026-05-28 18:16:08.243936+00:00,stratolink-3-eu,EU,STALE,40.5472281,-5.3064298,10020.0,7.0,mtcdtip02-l4e1-9,,,-111,-5.8,False,False,,,,,,float
2026-05-28 18:16:08.243936+00:00,stratolink-3-eu,EU,STALE,40.5472281,-5.3064298,10020.0,7.0,sg50-perte-malpica-05,,,-111,6.0,False,False,,,,,,float
2026-05-28 18:16:08.243936+00:00,stratolink-3-eu,EU,STALE,40.5472281,-5.3064298,10020.0,7.0,sg50-perte-malpica-02,39.94336757279527,-4.661850929260255,-112,-3.0,False,True,86.61098594978365,87.25563304041373,6.204499660323432,6.983409894192638,140.61979198955783,float
2026-05-28 18:16:08.243936+00:00,stratolink-3-eu,EU,STALE,40.5472281,-5.3064298,10020.0,7.0,ext-dlos8-007,,,-113,-8.5,False,False,,,,,,float
2026-05-28 18:16:08.243936+00:00,stratolink-3-eu,EU,STALE,40.5472281,-5.3064298,10020.0,7.0,dlps8-105,,,-113,-9.5,False,False,,,,,,float
2026-05-28 18:16:08.243936+00:00,stratolink-3-eu,EU,STALE,40.5472281,-5.3064298,10020.0,7.0,mtcdtip02-l4e1-5,,,-114,-4.0,False,False,,,,,,float
2026-05-28 18:16:08.243936+00:00,stratolink-3-eu,EU,STALE,40.5472281,-5.3064298,10020.0,7.0,cicytex-unex-1,,,-114,,False,False,,,,,,float
2026-05-28 18:16:08.243936+00:00,stratolink-3-eu,EU,STALE,40.5472281,-5.3064298,10020.0,7.0,tidop-solar-milesight-001,40.6508109351282,-4.73721027374268,-114,3.2,False,True,49.41918209700235,50.46270652702275,11.230603486407217,11.675040254592032,76.33731052888243,float
2026-05-28 18:16:08.243936+00:00,stratolink-3-eu,EU,STALE,40.5472281,-5.3064298,10020.0,7.0,cicytex-lo-04,,,-115,-3.8,False,False,,,,,,float
2026-05-28 18:16:08.243936+00:00,stratolink-3-eu,EU,STALE,40.5472281,-5.3064298,10020.0,7.0,packetbroker,40.962541751597406,-5.675446072867432,-116,-6.75,True,True,55.666778009165405,56.60427942014389,9.945729341319057,10.446352011784558,326.17716803822304,float
2026-05-28 18:16:08.243936+00:00,stratolink-3-eu,EU,STALE,40.5472281,-5.3064298,10020.0,7.0,mitigasmart-cc,,,-117,-3.2,False,False,,,,,,float
2026-05-28 18:16:08.243936+00:00,stratolink-3-eu,EU,STALE,40.5472281,-5.3064298,10020.0,7.0,ext-sg50-028,,,-118,-7.5,False,False,,,,,,float
2026-05-28 18:16:08.243936+00:00,stratolink-3-eu,EU,STALE,40.5472281,-5.3064298,10020.0,7.0,sg50-eui-c0ba1ffffe004945,,,-118,-7.5,False,False,,,,,,float
2026-05-28 18:16:08.243936+00:00,stratolink-3-eu,EU,STALE,40.5472281,-5.3064298,10020.0,7.0,sg50-perte-malpica-07,,,-118,-5.8,False,False,,,,,,float
2026-05-28 18:16:08.243936+00:00,stratolink-3-eu,EU,STALE,40.5472281,-5.3064298,10020.0,7.0,tef-mls-01,40.108033,-6.632828,-119,-8.0,False,True,122.58513406003775,123.08811902001877,4.117902097463135,5.220335170964265,246.95316661237507,float
2026-05-28 18:16:08.243936+00:00,stratolink-3-eu,EU,STALE,40.5472281,-5.3064298,10020.0,7.0,sg50-perte-malpica-03,,,-119,-3.5,False,False,,,,,,float
2026-05-28 18:16:08.243936+00:00,stratolink-3-eu,EU,STALE,40.5472281,-5.3064298,10020.0,7.0,ext-sg50-011,,,-119,-7.5,False,False,,,,,,float
2026-05-28 18:16:08.243936+00:00,stratolink-3-eu,EU,STALE,40.5472281,-5.3064298,10020.0,7.0,ext-sg50-024,,,-120,-8.2,False,False,,,,,,float
2026-05-28 18:16:08.243936+00:00,stratolink-3-eu,EU,STALE,40.5472281,-5.3064298,10020.0,7.0,italr0005,40.954279046747715,-4.142631590366364,-120,-6.5,False,True,107.97738106666701,108.52452519151635,4.811905683303888,5.782968259452956,64.83835817944225,float
2026-05-28 18:16:08.243936+00:00,stratolink-3-eu,EU,STALE,40.5472281,-5.3064298,10020.0,7.0,antena-granjas-rendondo-01,,,-121,-0.75,False,False,,,,,,float
2026-05-28 18:21:16.226105+00:00,stratolink-3-eu,EU,STALE,40.5472281,-5.3064298,10020.0,7.0,meceiot-004-5030354163554750,40.5481739449056,-5.16353885114368,-99,6.75,False,True,12.073777545940104,15.697316006262431,39.61277078339133,39.72135272353188,89.45445164425848,float
2026-05-28 18:21:16.226105+00:00,stratolink-3-eu,EU,STALE,40.5472281,-5.3064298,10020.0,7.0,cicytex-ic003,,,-107,-5.0,False,False,,,,,,float
2026-05-28 18:21:16.226105+00:00,stratolink-3-eu,EU,STALE,40.5472281,-5.3064298,10020.0,7.0,mvj-cabezuela,,,-108,-1.2,False,False,,,,,,float
2026-05-28 18:21:16.226105+00:00,stratolink-3-eu,EU,STALE,40.5472281,-5.3064298,10020.0,7.0,mtcdtip02-l4e1-1,,,-109,-4.5,False,False,,,,,,float
2026-05-28 18:21:16.226105+00:00,stratolink-3-eu,EU,STALE,40.5472281,-5.3064298,10020.0,7.0,sg50-perte-malpica-02,39.94336757279527,-4.661850929260255,-110,-2.8,False,True,86.61098594978365,87.25563304041373,6.204499660323432,6.983409894192638,140.61979198955783,float
2026-05-28 18:21:16.226105+00:00,stratolink-3-eu,EU,STALE,40.5472281,-5.3064298,10020.0,7.0,niharramikrotik,40.589325292876616,-4.838257133960725,-111,0.5,False,True,39.82130859823407,41.09289250041223,13.934030088286228,14.292151225610578,83.09707061655962,float
2026-05-28 18:21:16.226105+00:00,stratolink-3-eu,EU,STALE,40.5472281,-5.3064298,10020.0,7.0,mtcdtip02-l4e1-13,,,-111,-7.0,False,False,,,,,,float
2026-05-28 18:21:16.226105+00:00,stratolink-3-eu,EU,STALE,40.5472281,-5.3064298,10020.0,7.0,mtcdtip02-l4e1-9,,,-111,-4.8,False,False,,,,,,float
2026-05-28 18:21:16.226105+00:00,stratolink-3-eu,EU,STALE,40.5472281,-5.3064298,10020.0,7.0,sg50-perte-malpica-05,,,-111,4.8,False,False,,,,,,float
2026-05-28 18:21:16.226105+00:00,stratolink-3-eu,EU,STALE,40.5472281,-5.3064298,10020.0,7.0,kenai-instalaciones-y-proyectos,40.6244743091053,-3.90243977308273,-112,-6.75,False,True,118.86953215186202,119.38248792120771,4.2798892725998146,5.348907181505776,85.39978031491785,float
2026-05-28 18:21:16.226105+00:00,stratolink-3-eu,EU,STALE,40.5472281,-5.3064298,10020.0,7.0,sg50-perte-malpica-06,,,-112,-1.5,False,False,,,,,,float
2026-05-28 18:21:16.226105+00:00,stratolink-3-eu,EU,STALE,40.5472281,-5.3064298,10020.0,7.0,mjv-casas,,,-113,1.0,False,False,,,,,,float
2026-05-28 18:21:16.226105+00:00,stratolink-3-eu,EU,STALE,40.5472281,-5.3064298,10020.0,7.0,210030,,,-113,2.8,False,False,,,,,,float
2026-05-28 18:21:16.226105+00:00,stratolink-3-eu,EU,STALE,40.5472281,-5.3064298,10020.0,7.0,mtcdtip02-l4e1-16,,,-113,-8.5,False,False,,,,,,float
2026-05-28 18:21:16.226105+00:00,stratolink-3-eu,EU,STALE,40.5472281,-5.3064298,10020.0,7.0,ext-sg50-012,,,-113,-4.2,False,False,,,,,,float
2026-05-28 18:21:16.226105+00:00,stratolink-3-eu,EU,STALE,40.5472281,-5.3064298,10020.0,7.0,packetbroker,40.962541751597406,-5.675446072867432,-114,-6.75,True,True,55.666778009165405,56.60427942014389,9.945729341319057,10.446352011784558,326.17716803822304,float
2026-05-28 18:21:16.226105+00:00,stratolink-3-eu,EU,STALE,40.5472281,-5.3064298,10020.0,7.0,cicytex-lo-04,,,-115,-5.2,False,False,,,,,,float
2026-05-28 18:21:16.226105+00:00,stratolink-3-eu,EU,STALE,40.5472281,-5.3064298,10020.0,7.0,cicytex-unex-1,,,-115,-0.8,False,False,,,,,,float
2026-05-28 18:21:16.226105+00:00,stratolink-3-eu,EU,STALE,40.5472281,-5.3064298,10020.0,7.0,cdtic-multitech-6,40.1338,-5.94651,-115,-2.2,False,True,71.10762504138638,71.8651128957359,7.694872923206974,8.334358275365615,229.9294545890845,float
2026-05-28 18:21:16.226105+00:00,stratolink-3-eu,EU,STALE,40.5472281,-5.3064298,10020.0,7.0,cicytex-unex-2,,,-116,-7.0,False,False,,,,,,float
2026-05-28 18:21:16.226105+00:00,stratolink-3-eu,EU,STALE,40.5472281,-5.3064298,10020.0,7.0,meceiot-014-dragout-a84041ffff29d5ba,41.11715,-4.78439,-116,-8.5,False,True,77.10425311621862,77.81223342286832,7.0517659083916335,7.745180157963574,34.553892945098426,float
2026-05-28 18:21:16.226105+00:00,stratolink-3-eu,EU,STALE,40.5472281,-5.3064298,10020.0,7.0,sg50-perte-malpica-01,,,-116,-5.2,False,False,,,,,,float
2026-05-28 18:21:16.226105+00:00,stratolink-3-eu,EU,STALE,40.5472281,-5.3064298,10020.0,7.0,italr0005,40.954279046747715,-4.142631590366364,-117,-3.25,False,True,107.97738106666701,108.52452519151635,4.811905683303888,5.782968259452956,64.83835817944225,float
2026-05-28 18:21:16.226105+00:00,stratolink-3-eu,EU,STALE,40.5472281,-5.3064298,10020.0,7.0,mitigasmart-cc,,,-117,-5.2,False,False,,,,,,float
2026-05-28 18:21:16.226105+00:00,stratolink-3-eu,EU,STALE,40.5472281,-5.3064298,10020.0,7.0,sg50-perte-malpica-07,,,-117,-7.0,False,False,,,,,,float
2026-05-28 18:21:16.226105+00:00,stratolink-3-eu,EU,STALE,40.5472281,-5.3064298,10020.0,7.0,ext-sg50-028,,,-118,-7.5,False,False,,,,,,float
2026-05-28 18:21:16.226105+00:00,stratolink-3-eu,EU,STALE,40.5472281,-5.3064298,10020.0,7.0,sg50-eui-c0ba1ffffe004945,,,-118,-7.5,False,False,,,,,,float
2026-05-28 18:21:16.226105+00:00,stratolink-3-eu,EU,STALE,40.5472281,-5.3064298,10020.0,7.0,ifapa,,,-118,-8.5,False,False,,,,,,float
2026-05-28 18:21:16.226105+00:00,stratolink-3-eu,EU,STALE,40.5472281,-5.3064298,10020.0,7.0,sg50-perte-malpica-03,,,-118,-4.0,False,False,,,,,,float
2026-05-28 18:21:16.226105+00:00,stratolink-3-eu,EU,STALE,40.5472281,-5.3064298,10020.0,7.0,ext-sg50-022,,,-119,-9.2,False,False,,,,,,float
2026-05-28 18:21:16.226105+00:00,stratolink-3-eu,EU,STALE,40.5472281,-5.3064298,10020.0,7.0,antena-granjas-rendondo-01,,,-121,-2.75,False,False,,,,,,float
2026-05-28 18:26:24.191926+00:00,stratolink-3-eu,EU,STALE,40.5472281,-5.3064298,10020.0,7.0,cicytex-ic003,,,-107,-0.8,False,False,,,,,,float
2026-05-28 18:26:24.191926+00:00,stratolink-3-eu,EU,STALE,40.5472281,-5.3064298,10020.0,7.0,mtcdtip02-l4e1-1,,,-109,-5.0,False,False,,,,,,float
2026-05-28 18:26:24.191926+00:00,stratolink-3-eu,EU,STALE,40.5472281,-5.3064298,10020.0,7.0,mvj-cabezuela,,,-111,3.0,False,False,,,,,,float
2026-05-28 18:26:24.191926+00:00,stratolink-3-eu,EU,STALE,40.5472281,-5.3064298,10020.0,7.0,niharramikrotik,40.589325292876616,-4.838257133960725,-111,-1.75,False,True,39.82130859823407,41.09289250041223,13.934030088286228,14.292151225610578,83.09707061655962,float
2026-05-28 18:26:24.191926+00:00,stratolink-3-eu,EU,STALE,40.5472281,-5.3064298,10020.0,7.0,mtcdtip02-l4e1-9,,,-111,-3.2,False,False,,,,,,float
2026-05-28 18:26:24.191926+00:00,stratolink-3-eu,EU,STALE,40.5472281,-5.3064298,10020.0,7.0,sg50-perte-malpica-02,39.94336757279527,-4.661850929260255,-112,-9.0,False,True,86.61098594978365,87.25563304041373,6.204499660323432,6.983409894192638,140.61979198955783,float
2026-05-28 18:26:24.191926+00:00,stratolink-3-eu,EU,STALE,40.5472281,-5.3064298,10020.0,7.0,mjv-casas,,,-113,2.0,False,False,,,,,,float
2026-05-28 18:26:24.191926+00:00,stratolink-3-eu,EU,STALE,40.5472281,-5.3064298,10020.0,7.0,210030,,,-113,5.8,False,False,,,,,,float
2026-05-28 18:26:24.191926+00:00,stratolink-3-eu,EU,STALE,40.5472281,-5.3064298,10020.0,7.0,cicytex-lo-04,,,-114,-7.5,False,False,,,,,,float
2026-05-28 18:26:24.191926+00:00,stratolink-3-eu,EU,STALE,40.5472281,-5.3064298,10020.0,7.0,mtcdtip02-l4e1-16,,,-114,-6.8,False,False,,,,,,float
2026-05-28 18:26:24.191926+00:00,stratolink-3-eu,EU,STALE,40.5472281,-5.3064298,10020.0,7.0,ext-sg50-012,,,-114,2.8,False,False,,,,,,float
2026-05-28 18:26:24.191926+00:00,stratolink-3-eu,EU,STALE,40.5472281,-5.3064298,10020.0,7.0,mtcdtip02-l4e1-7,,,-115,-7.5,False,False,,,,,,float
2026-05-28 18:26:24.191926+00:00,stratolink-3-eu,EU,STALE,40.5472281,-5.3064298,10020.0,7.0,mtcdtip02-l4e1-5,,,-115,-4.5,False,False,,,,,,float
2026-05-28 18:26:24.191926+00:00,stratolink-3-eu,EU,STALE,40.5472281,-5.3064298,10020.0,7.0,cdtic-multitech-6,40.1338,-5.94651,-115,1.2,False,True,71.10762504138638,71.8651128957359,7.694872923206974,8.334358275365615,229.9294545890845,float
2026-05-28 18:26:24.191926+00:00,stratolink-3-eu,EU,STALE,40.5472281,-5.3064298,10020.0,7.0,tidop-solar-milesight-001,40.6508109351282,-4.73721027374268,-115,0.8,False,True,49.41918209700235,50.46270652702275,11.230603486407217,11.675040254592032,76.33731052888243,float
2026-05-28 18:26:24.191926+00:00,stratolink-3-eu,EU,STALE,40.5472281,-5.3064298,10020.0,7.0,ctaex-lora-one,,,-116,-8.8,False,False,,,,,,float
2026-05-28 18:26:24.191926+00:00,stratolink-3-eu,EU,STALE,40.5472281,-5.3064298,10020.0,7.0,cicytex-unex-1,,,-116,-3.0,False,False,,,,,,float
2026-05-28 18:26:24.191926+00:00,stratolink-3-eu,EU,STALE,40.5472281,-5.3064298,10020.0,7.0,ext-sg50-027,,,-116,-5.5,False,False,,,,,,float
2026-05-28 18:26:24.191926+00:00,stratolink-3-eu,EU,STALE,40.5472281,-5.3064298,10020.0,7.0,italr0001,41.70253250763931,-4.708266556262971,-117,-6.5,False,True,137.88772907362312,138.35673321221762,3.53281139890909,4.7728638255452465,21.110190929602823,float
2026-05-28 18:26:24.191926+00:00,stratolink-3-eu,EU,STALE,40.5472281,-5.3064298,10020.0,7.0,meceiot-014-dragout-a84041ffff29d5ba,41.11715,-4.78439,-117,-6.5,False,True,77.10425311621862,77.81223342286832,7.0517659083916335,7.745180157963574,34.553892945098426,float
2026-05-28 18:26:24.191926+00:00,stratolink-3-eu,EU,STALE,40.5472281,-5.3064298,10020.0,7.0,mitigasmart-cc,,,-117,-2.2,False,False,,,,,,float
2026-05-28 18:26:24.191926+00:00,stratolink-3-eu,EU,STALE,40.5472281,-5.3064298,10020.0,7.0,sg50-perte-malpica-05,,,-117,-1.8,False,False,,,,,,float
2026-05-28 18:26:24.191926+00:00,stratolink-3-eu,EU,STALE,40.5472281,-5.3064298,10020.0,7.0,ext-sg50-028,,,-119,-7.2,False,False,,,,,,float
2026-05-28 18:26:24.191926+00:00,stratolink-3-eu,EU,STALE,40.5472281,-5.3064298,10020.0,7.0,ext-sg50-022,,,-119,-4.5,False,False,,,,,,float
2026-05-28 18:26:24.191926+00:00,stratolink-3-eu,EU,STALE,40.5472281,-5.3064298,10020.0,7.0,tef-mls-01,40.108033,-6.632828,-119,-5.8,False,True,122.58513406003775,123.08811902001877,4.117902097463135,5.220335170964265,246.95316661237507,float
2026-05-28 18:26:24.191926+00:00,stratolink-3-eu,EU,STALE,40.5472281,-5.3064298,10020.0,7.0,sg50-eui-c0ba1ffffe004945,,,-119,-8.0,False,False,,,,,,float
2026-05-28 18:26:24.191926+00:00,stratolink-3-eu,EU,STALE,40.5472281,-5.3064298,10020.0,7.0,italr0005,40.954279046747715,-4.142631590366364,-119,-5.0,False,True,107.97738106666701,108.52452519151635,4.811905683303888,5.782968259452956,64.83835817944225,float
2026-05-28 18:26:24.191926+00:00,stratolink-3-eu,EU,STALE,40.5472281,-5.3064298,10020.0,7.0,ext-sg50-011,,,-120,-7.5,False,False,,,,,,float
2026-05-28 18:26:24.191926+00:00,stratolink-3-eu,EU,STALE,40.5472281,-5.3064298,10020.0,7.0,antena-granjas-rendondo-01,,,-126,-6.25,False,False,,,,,,float
2026-05-28 18:31:32.249545+00:00,stratolink-3-eu,EU,STALE,40.5472281,-5.3064298,10020.0,7.0,meceiot-004-5030354163554750,40.5481739449056,-5.16353885114368,-103,7.25,False,True,12.073777545940104,15.697316006262431,39.61277078339133,39.72135272353188,89.45445164425848,float
2026-05-28 18:31:32.249545+00:00,stratolink-3-eu,EU,STALE,40.5472281,-5.3064298,10020.0,7.0,meceiot-014-dragout-a84041ffff29d5ba,41.11715,-4.78439,-111,-3.0,False,True,77.10425311621862,77.81223342286832,7.0517659083916335,7.745180157963574,34.553892945098426,float
2026-05-28 18:31:32.249545+00:00,stratolink-3-eu,EU,STALE,40.5472281,-5.3064298,10020.0,7.0,tidop-solar-milesight-001,40.6508109351282,-4.73721027374268,-112,4.0,False,True,49.41918209700235,50.46270652702275,11.230603486407217,11.675040254592032,76.33731052888243,float
2026-05-28 18:31:32.249545+00:00,stratolink-3-eu,EU,STALE,40.5472281,-5.3064298,10020.0,7.0,niharramikrotik,40.589325292876616,-4.838257133960725,-113,-0.25,False,True,39.82130859823407,41.09289250041223,13.934030088286228,14.292151225610578,83.09707061655962,float
2026-05-28 18:31:32.249545+00:00,stratolink-3-eu,EU,STALE,40.5472281,-5.3064298,10020.0,7.0,mtcdtip-l4e1-868-dattera-2,40.31007631707678,-3.733453631302837,-113,-6.0,False,True,135.72613093583203,136.1993309423371,3.60843824080703,4.82905097520863,100.69227905608028,float
2026-05-28 18:31:32.249545+00:00,stratolink-3-eu,EU,STALE,40.5472281,-5.3064298,10020.0,7.0,sg50-perte-malpica-06,,,-113,-8.8,False,False,,,,,,float
2026-05-28 18:31:32.249545+00:00,stratolink-3-eu,EU,STALE,40.5472281,-5.3064298,10020.0,7.0,italr0005,40.954279046747715,-4.142631590366364,-114,-0.75,False,True,107.97738106666701,108.52452519151635,4.811905683303888,5.782968259452956,64.83835817944225,float
2026-05-28 18:31:32.249545+00:00,stratolink-3-eu,EU,STALE,40.5472281,-5.3064298,10020.0,7.0,sg50-perte-malpica-02,39.94336757279527,-4.661850929260255,-114,-8.8,False,True,86.61098594978365,87.25563304041373,6.204499660323432,6.983409894192638,140.61979198955783,float
2026-05-28 18:31:32.249545+00:00,stratolink-3-eu,EU,STALE,40.5472281,-5.3064298,10020.0,7.0,italr0001,41.70253250763931,-4.708266556262971,-115,-3.5,False,True,137.88772907362312,138.35673321221762,3.53281139890909,4.7728638255452465,21.110190929602823,float
2026-05-28 18:31:32.249545+00:00,stratolink-3-eu,EU,STALE,40.5472281,-5.3064298,10020.0,7.0,alarad-multitech,,,-115,-5.75,False,False,,,,,,float
2026-05-28 18:31:32.249545+00:00,stratolink-3-eu,EU,STALE,40.5472281,-5.3064298,10020.0,7.0,210030,,,-116,-1.2,False,False,,,,,,float
2026-05-28 18:31:32.249545+00:00,stratolink-3-eu,EU,STALE,40.5472281,-5.3064298,10020.0,7.0,ext-sg50-012,,,-117,-6.2,False,False,,,,,,float
2026-05-28 18:31:32.249545+00:00,stratolink-3-eu,EU,STALE,40.5472281,-5.3064298,10020.0,7.0,mitigasmart-cc,,,-119,-9.2,False,False,,,,,,float
2026-05-28 18:31:32.249545+00:00,stratolink-3-eu,EU,STALE,40.5472281,-5.3064298,10020.0,7.0,ext-sg50-023,,,-119,-5.2,False,False,,,,,,float
2026-05-28 18:31:32.249545+00:00,stratolink-3-eu,EU,STALE,40.5472281,-5.3064298,10020.0,7.0,sg50-perte-malpica-03,,,-120,-8.5,False,False,,,,,,float
2026-05-28 18:31:32.249545+00:00,stratolink-3-eu,EU,STALE,40.5472281,-5.3064298,10020.0,7.0,antena-granjas-rendondo-01,,,-122,-1.75,False,False,,,,,,float
2026-05-28 18:31:32.249545+00:00,stratolink-3-eu,EU,STALE,40.5472281,-5.3064298,10020.0,7.0,meceiot-013-dragout-a84041ffff29dc56,40.970672,-5.141641,-122,-7.25,False,True,49.08792298235313,50.13783380050882,11.307318268686403,11.748775956195418,16.370543915754922,float
2026-05-28 18:36:39.766139+00:00,stratolink-3-eu,EU,STALE,40.5472281,-5.3064298,10020.0,7.0,meceiot-004-5030354163554750,40.5481739449056,-5.16353885114368,-103,6.25,False,True,12.073777545940104,15.697316006262431,39.61277078339133,39.72135272353188,89.45445164425848,float
2026-05-28 18:36:39.766139+00:00,stratolink-3-eu,EU,STALE,40.5472281,-5.3064298,10020.0,7.0,packetbroker,40.962758045083945,-5.675633842073217,-107,-1.5,True,True,55.695533089317976,56.63260259193401,9.940446205889119,10.441327476645695,326.17758982901927,float
2026-05-28 18:36:39.766139+00:00,stratolink-3-eu,EU,STALE,40.5472281,-5.3064298,10020.0,7.0,cicytex-ic003,,,-108,-7.2,False,False,,,,,,float
2026-05-28 18:36:39.766139+00:00,stratolink-3-eu,EU,STALE,40.5472281,-5.3064298,10020.0,7.0,niharramikrotik,40.589325292876616,-4.838257133960725,-110,2.25,False,True,39.82130859823407,41.09289250041223,13.934030088286228,14.292151225610578,83.09707061655962,float
2026-05-28 18:36:39.766139+00:00,stratolink-3-eu,EU,STALE,40.5472281,-5.3064298,10020.0,7.0,meceiot-014-dragout-a84041ffff29d5ba,41.11715,-4.78439,-111,-3.25,False,True,77.10425311621862,77.81223342286832,7.0517659083916335,7.745180157963574,34.553892945098426,float
2026-05-28 18:36:39.766139+00:00,stratolink-3-eu,EU,STALE,40.5472281,-5.3064298,10020.0,7.0,italr0001,41.70253250763931,-4.708266556262971,-113,-4.0,False,True,137.88772907362312,138.35673321221762,3.53281139890909,4.7728638255452465,21.110190929602823,float
2026-05-28 18:36:39.766139+00:00,stratolink-3-eu,EU,STALE,40.5472281,-5.3064298,10020.0,7.0,210030,,,-113,-3.2,False,False,,,,,,float
2026-05-28 18:36:39.766139+00:00,stratolink-3-eu,EU,STALE,40.5472281,-5.3064298,10020.0,7.0,cdtic-multitech-6,40.1338,-5.94651,-113,-6.2,False,True,71.10762504138638,71.8651128957359,7.694872923206974,8.334358275365615,229.9294545890845,float
2026-05-28 18:36:39.766139+00:00,stratolink-3-eu,EU,STALE,40.5472281,-5.3064298,10020.0,7.0,mjv-casas,,,-114,-0.8,False,False,,,,,,float
2026-05-28 18:36:39.766139+00:00,stratolink-3-eu,EU,STALE,40.5472281,-5.3064298,10020.0,7.0,mvj-cabezuela,,,-114,-1.5,False,False,,,,,,float
2026-05-28 18:36:39.766139+00:00,stratolink-3-eu,EU,STALE,40.5472281,-5.3064298,10020.0,7.0,tidop-solar-milesight-001,40.6508109351282,-4.73721027374268,-114,2.2,False,True,49.41918209700235,50.46270652702275,11.230603486407217,11.675040254592032,76.33731052888243,float
2026-05-28 18:36:39.766139+00:00,stratolink-3-eu,EU,STALE,40.5472281,-5.3064298,10020.0,7.0,italr0005,40.954279046747715,-4.142631590366364,-115,-1.5,False,True,107.97738106666701,108.52452519151635,4.811905683303888,5.782968259452956,64.83835817944225,float
2026-05-28 18:36:39.766139+00:00,stratolink-3-eu,EU,STALE,40.5472281,-5.3064298,10020.0,7.0,alarad-multitech,,,-115,-7.25,False,False,,,,,,float
2026-05-28 18:36:39.766139+00:00,stratolink-3-eu,EU,STALE,40.5472281,-5.3064298,10020.0,7.0,luisdelucena,40.64196411603373,-3.1820132085638857,-116,-8.25,False,True,179.67776411932374,180.0920069690594,2.3812258223731533,3.9971045441831903,85.94816533375001,float
2026-05-28 18:36:39.766139+00:00,stratolink-3-eu,EU,STALE,40.5472281,-5.3064298,10020.0,7.0,sg50-perte-malpica-01,,,-116,-8.0,False,False,,,,,,float
2026-05-28 18:36:39.766139+00:00,stratolink-3-eu,EU,STALE,40.5472281,-5.3064298,10020.0,7.0,cicytex-unex-1,,,-117,-8.2,False,False,,,,,,float
2026-05-28 18:36:39.766139+00:00,stratolink-3-eu,EU,STALE,40.5472281,-5.3064298,10020.0,7.0,rio-tormes-1b,40.968865323719,-5.64232170581818,-118,-6.5,False,True,54.75848202696337,55.70986574444923,10.115306101885384,10.607760281621083,329.0014162648185,float
2026-05-28 18:36:39.766139+00:00,stratolink-3-eu,EU,STALE,40.5472281,-5.3064298,10020.0,7.0,ext-sg50-023,,,-118,-3.5,False,False,,,,,,float
2026-05-28 18:36:39.766139+00:00,stratolink-3-eu,EU,STALE,40.5472281,-5.3064298,10020.0,7.0,ext-sg50-022,,,-119,-7.8,False,False,,,,,,float
2026-05-28 18:36:39.766139+00:00,stratolink-3-eu,EU,STALE,40.5472281,-5.3064298,10020.0,7.0,meceiot-013-dragout-a84041ffff29dc56,40.970672,-5.141641,-120,-5.5,False,True,49.08792298235313,50.13783380050882,11.307318268686403,11.748775956195418,16.370543915754922,float
2026-05-28 18:36:39.766139+00:00,stratolink-3-eu,EU,STALE,40.5472281,-5.3064298,10020.0,7.0,eui-7076ff0056081d63,,,-121,-8.2,False,False,,,,,,float
2026-05-28 18:36:39.766139+00:00,stratolink-3-eu,EU,STALE,40.5472281,-5.3064298,10020.0,7.0,antena-granjas-rendondo-01,,,-123,-3.5,False,False,,,,,,float
2026-05-28 18:41:47.316307+00:00,stratolink-3-eu,EU,STALE,40.5472281,-5.3064298,10020.0,7.0,meceiot-004-5030354163554750,40.5481739449056,-5.16353885114368,-102,7.0,False,True,12.073777545940104,15.697316006262431,39.61277078339133,39.72135272353188,89.45445164425848,float
2026-05-28 18:41:47.316307+00:00,stratolink-3-eu,EU,STALE,40.5472281,-5.3064298,10020.0,7.0,meceiot-014-dragout-a84041ffff29d5ba,41.11715,-4.78439,-108,1.5,False,True,77.10425311621862,77.81223342286832,7.0517659083916335,7.745180157963574,34.553892945098426,float
2026-05-28 18:41:47.316307+00:00,stratolink-3-eu,EU,STALE,40.5472281,-5.3064298,10020.0,7.0,niharramikrotik,40.589325292876616,-4.838257133960725,-109,4.75,False,True,39.82130859823407,41.09289250041223,13.934030088286228,14.292151225610578,83.09707061655962,float
2026-05-28 18:41:47.316307+00:00,stratolink-3-eu,EU,STALE,40.5472281,-5.3064298,10020.0,7.0,mvj-cabezuela,,,-114,-4.5,False,False,,,,,,float
2026-05-28 18:41:47.316307+00:00,stratolink-3-eu,EU,STALE,40.5472281,-5.3064298,10020.0,7.0,packetbroker,40.962758045083945,-5.675633842073217,-114,-4.25,True,True,55.695533089317976,56.63260259193401,9.940446205889119,10.441327476645695,326.17758982901927,float
2026-05-28 18:41:47.316307+00:00,stratolink-3-eu,EU,STALE,40.5472281,-5.3064298,10020.0,7.0,alarad-multitech,,,-114,-6.5,False,False,,,,,,float
2026-05-28 18:41:47.316307+00:00,stratolink-3-eu,EU,STALE,40.5472281,-5.3064298,10020.0,7.0,packetbroker,40.962541751597406,-5.675446072867432,-115,-4.5,True,True,55.666778009165405,56.60427942014389,9.945729341319057,10.446352011784558,326.17716803822304,float
2026-05-28 18:41:47.316307+00:00,stratolink-3-eu,EU,STALE,40.5472281,-5.3064298,10020.0,7.0,cdtic-multitech-6,40.1338,-5.94651,-115,-3.8,False,True,71.10762504138638,71.8651128957359,7.694872923206974,8.334358275365615,229.9294545890845,float
2026-05-28 18:41:47.316307+00:00,stratolink-3-eu,EU,STALE,40.5472281,-5.3064298,10020.0,7.0,luisdelucena,40.64196411603373,-3.1820132085638857,-116,-5.25,False,True,179.67776411932374,180.0920069690594,2.3812258223731533,3.9971045441831903,85.94816533375001,float
2026-05-28 18:41:47.316307+00:00,stratolink-3-eu,EU,STALE,40.5472281,-5.3064298,10020.0,7.0,packetbroker,41.62916384851624,-4.713819387616739,-116,-7.5,True,True,130.1533903719668,130.6382699819066,3.813448300855077,4.983944244547997,22.23777561432763,float
2026-05-28 18:41:47.316307+00:00,stratolink-3-eu,EU,STALE,40.5472281,-5.3064298,10020.0,7.0,italr0005,40.954279046747715,-4.142631590366364,-116,-1.5,False,True,107.97738106666701,108.52452519151635,4.811905683303888,5.782968259452956,64.83835817944225,float
2026-05-28 18:41:47.316307+00:00,stratolink-3-eu,EU,STALE,40.5472281,-5.3064298,10020.0,7.0,mjv-casas,,,-117,-2.5,False,False,,,,,,float
2026-05-28 18:41:47.316307+00:00,stratolink-3-eu,EU,STALE,40.5472281,-5.3064298,10020.0,7.0,210030,,,-117,-0.2,False,False,,,,,,float
2026-05-28 18:41:47.316307+00:00,stratolink-3-eu,EU,STALE,40.5472281,-5.3064298,10020.0,7.0,sg50-perte-malpica-01,,,-117,-4.2,False,False,,,,,,float
2026-05-28 18:41:47.316307+00:00,stratolink-3-eu,EU,STALE,40.5472281,-5.3064298,10020.0,7.0,mitigasmart-cc,,,-118,-5.5,False,False,,,,,,float
2026-05-28 18:41:47.316307+00:00,stratolink-3-eu,EU,STALE,40.5472281,-5.3064298,10020.0,7.0,sg50-perte-malpica-05,,,-119,-5.0,False,False,,,,,,float
2026-05-28 18:41:47.316307+00:00,stratolink-3-eu,EU,STALE,40.5472281,-5.3064298,10020.0,7.0,tidop-solar-milesight-001,40.6508109351282,-4.73721027374268,-119,-6.5,False,True,49.41918209700235,50.46270652702275,11.230603486407217,11.675040254592032,76.33731052888243,float
2026-05-28 18:41:47.316307+00:00,stratolink-3-eu,EU,STALE,40.5472281,-5.3064298,10020.0,7.0,ext-sg50-022,,,-120,-8.0,False,False,,,,,,float
2026-05-28 18:41:47.316307+00:00,stratolink-3-eu,EU,STALE,40.5472281,-5.3064298,10020.0,7.0,sg50-perte-malpica-03,,,-120,-5.8,False,False,,,,,,float
2026-05-28 18:41:47.316307+00:00,stratolink-3-eu,EU,STALE,40.5472281,-5.3064298,10020.0,7.0,antena-granjas-rendondo-01,,,-121,-1.25,False,False,,,,,,float
2026-05-28 18:41:47.316307+00:00,stratolink-3-eu,EU,STALE,40.5472281,-5.3064298,10020.0,7.0,meceiot-013-dragout-a84041ffff29dc56,40.970672,-5.141641,-122,-7.25,False,True,49.08792298235313,50.13783380050882,11.307318268686403,11.748775956195418,16.370543915754922,float
2026-05-28 18:41:47.316307+00:00,stratolink-3-eu,EU,STALE,40.5472281,-5.3064298,10020.0,7.0,eui-7076ff0056081d63,,,-123,-7.8,False,False,,,,,,float
2026-05-28 18:46:55.408579+00:00,stratolink-3-eu,EU,STALE,40.5472281,-5.3064298,10020.0,7.0,meceiot-004-5030354163554750,40.5481739449056,-5.16353885114368,-105,6.5,False,True,12.073777545940104,15.697316006262431,39.61277078339133,39.72135272353188,89.45445164425848,float
2026-05-28 18:46:55.408579+00:00,stratolink-3-eu,EU,STALE,40.5472281,-5.3064298,10020.0,7.0,mikrotikepsa,40.65110091852006,-4.679304063320161,-107,-5.5,False,True,54.19218192347118,55.15246218718534,10.223749028500729,10.71111035608416,77.49007284305299,float
2026-05-28 18:46:55.408579+00:00,stratolink-3-eu,EU,STALE,40.5472281,-5.3064298,10020.0,7.0,cicytex-ic003,,,-107,-9.8,False,False,,,,,,float
2026-05-28 18:46:55.408579+00:00,stratolink-3-eu,EU,STALE,40.5472281,-5.3064298,10020.0,7.0,niharramikrotik,40.589325292876616,-4.838257133960725,-109,4.0,False,True,39.82130859823407,41.09289250041223,13.934030088286228,14.292151225610578,83.09707061655962,float
2026-05-28 18:46:55.408579+00:00,stratolink-3-eu,EU,STALE,40.5472281,-5.3064298,10020.0,7.0,meceiot-014-dragout-a84041ffff29d5ba,41.11715,-4.78439,-111,-3.75,False,True,77.10425311621862,77.81223342286832,7.0517659083916335,7.745180157963574,34.553892945098426,float
2026-05-28 18:46:55.408579+00:00,stratolink-3-eu,EU,STALE,40.5472281,-5.3064298,10020.0,7.0,mjv-casas,,,-113,-2.8,False,False,,,,,,float
2026-05-28 18:46:55.408579+00:00,stratolink-3-eu,EU,STALE,40.5472281,-5.3064298,10020.0,7.0,italr0005,40.954279046747715,-4.142631590366364,-113,-0.25,False,True,107.97738106666701,108.52452519151635,4.811905683303888,5.782968259452956,64.83835817944225,float
2026-05-28 18:46:55.408579+00:00,stratolink-3-eu,EU,STALE,40.5472281,-5.3064298,10020.0,7.0,sg50-perte-malpica-02,39.94336757279527,-4.661850929260255,-113,-8.8,False,True,86.61098594978365,87.25563304041373,6.204499660323432,6.983409894192638,140.61979198955783,float
2026-05-28 18:46:55.408579+00:00,stratolink-3-eu,EU,STALE,40.5472281,-5.3064298,10020.0,7.0,packetbroker,,,-114,-7.25,True,False,,,,,,float
2026-05-28 18:46:55.408579+00:00,stratolink-3-eu,EU,STALE,40.5472281,-5.3064298,10020.0,7.0,alarad-multitech,,,-114,-6.25,False,False,,,,,,float
2026-05-28 18:46:55.408579+00:00,stratolink-3-eu,EU,STALE,40.5472281,-5.3064298,10020.0,7.0,cdtic-multitech-6,40.1338,-5.94651,-114,-5.0,False,True,71.10762504138638,71.8651128957359,7.694872923206974,8.334358275365615,229.9294545890845,float
2026-05-28 18:46:55.408579+00:00,stratolink-3-eu,EU,STALE,40.5472281,-5.3064298,10020.0,7.0,sg50-perte-malpica-06,,,-114,-5.5,False,False,,,,,,float
2026-05-28 18:46:55.408579+00:00,stratolink-3-eu,EU,STALE,40.5472281,-5.3064298,10020.0,7.0,tidop-solar-milesight-001,40.6508109351282,-4.73721027374268,-114,2.8,False,True,49.41918209700235,50.46270652702275,11.230603486407217,11.675040254592032,76.33731052888243,float
2026-05-28 18:46:55.408579+00:00,stratolink-3-eu,EU,STALE,40.5472281,-5.3064298,10020.0,7.0,sg50-perte-malpica-05,,,-115,2.0,False,False,,,,,,float
2026-05-28 18:46:55.408579+00:00,stratolink-3-eu,EU,STALE,40.5472281,-5.3064298,10020.0,7.0,sg50-perte-malpica-01,,,-116,-4.0,False,False,,,,,,float
2026-05-28 18:46:55.408579+00:00,stratolink-3-eu,EU,STALE,40.5472281,-5.3064298,10020.0,7.0,ext-sg50-012,,,-116,-5.0,False,False,,,,,,float
2026-05-28 18:46:55.408579+00:00,stratolink-3-eu,EU,STALE,40.5472281,-5.3064298,10020.0,7.0,mitigasmart-cc,,,-118,-6.2,False,False,,,,,,float
2026-05-28 18:46:55.408579+00:00,stratolink-3-eu,EU,STALE,40.5472281,-5.3064298,10020.0,7.0,sg50-perte-malpica-03,,,-118,-3.8,False,False,,,,,,float
2026-05-28 18:46:55.408579+00:00,stratolink-3-eu,EU,STALE,40.5472281,-5.3064298,10020.0,7.0,ext-sg50-023,,,-119,-6.5,False,False,,,,,,float
2026-05-28 18:46:55.408579+00:00,stratolink-3-eu,EU,STALE,40.5472281,-5.3064298,10020.0,7.0,sg50-perte-malpica-07,,,-119,-7.8,False,False,,,,,,float
2026-05-28 18:46:55.408579+00:00,stratolink-3-eu,EU,STALE,40.5472281,-5.3064298,10020.0,7.0,antena-granjas-rendondo-01,,,-120,0.25,False,False,,,,,,float
2026-05-28 18:46:55.408579+00:00,stratolink-3-eu,EU,STALE,40.5472281,-5.3064298,10020.0,7.0,ext-sg50-022,,,-120,-8.0,False,False,,,,,,float
2026-05-28 18:46:55.408579+00:00,stratolink-3-eu,EU,STALE,40.5472281,-5.3064298,10020.0,7.0,eui-7076ff0056081d63,,,-121,-6.8,False,False,,,,,,float
2026-05-28 18:46:55.408579+00:00,stratolink-3-eu,EU,STALE,40.5472281,-5.3064298,10020.0,7.0,meceiot-013-dragout-a84041ffff29dc56,40.970672,-5.141641,-125,-10.25,False,True,49.08792298235313,50.13783380050882,11.307318268686403,11.748775956195418,16.370543915754922,float
2026-05-28 18:52:03.355429+00:00,stratolink-3-eu,EU,STALE,40.5472281,-5.3064298,10020.0,7.0,meceiot-004-5030354163554750,40.5481739449056,-5.16353885114368,-101,6.0,False,True,12.073777545940104,15.697316006262431,39.61277078339133,39.72135272353188,89.45445164425848,float
2026-05-28 18:52:03.355429+00:00,stratolink-3-eu,EU,STALE,40.5472281,-5.3064298,10020.0,7.0,meceiot-014-dragout-a84041ffff29d5ba,41.11715,-4.78439,-106,1.5,False,True,77.10425311621862,77.81223342286832,7.0517659083916335,7.745180157963574,34.553892945098426,float
2026-05-28 18:52:03.355429+00:00,stratolink-3-eu,EU,STALE,40.5472281,-5.3064298,10020.0,7.0,cicytex-ic003,,,-108,-6.5,False,False,,,,,,float
2026-05-28 18:52:03.355429+00:00,stratolink-3-eu,EU,STALE,40.5472281,-5.3064298,10020.0,7.0,mtcdtip02-l4e1-9,,,-109,-7.0,False,False,,,,,,float
2026-05-28 18:52:03.355429+00:00,stratolink-3-eu,EU,STALE,40.5472281,-5.3064298,10020.0,7.0,mikrotikepsa,40.65110091852006,-4.679304063320161,-112,-6.2,False,True,54.19218192347118,55.15246218718534,10.223749028500729,10.71111035608416,77.49007284305299,float
2026-05-28 18:52:03.355429+00:00,stratolink-3-eu,EU,STALE,40.5472281,-5.3064298,10020.0,7.0,lora-more,41.81858911263017,-6.7508557295156235,-112,-3.0,False,True,185.99648253273827,186.40557880008978,2.244667765058261,3.91737200828664,319.94105058527583,float
2026-05-28 18:52:03.355429+00:00,stratolink-3-eu,EU,STALE,40.5472281,-5.3064298,10020.0,7.0,packetbroker,40.962541751597406,-5.675446072867432,-113,-3.25,True,True,55.666778009165405,56.60427942014389,9.945729341319057,10.446352011784558,326.17716803822304,float
2026-05-28 18:52:03.355429+00:00,stratolink-3-eu,EU,STALE,40.5472281,-5.3064298,10020.0,7.0,mvj-cabezuela,,,-114,-2.8,False,False,,,,,,float
2026-05-28 18:52:03.355429+00:00,stratolink-3-eu,EU,STALE,40.5472281,-5.3064298,10020.0,7.0,cdtic-multitech-6,40.1338,-5.94651,-114,-4.0,False,True,71.10762504138638,71.8651128957359,7.694872923206974,8.334358275365615,229.9294545890845,float
2026-05-28 18:52:03.355429+00:00,stratolink-3-eu,EU,STALE,40.5472281,-5.3064298,10020.0,7.0,sg50-perte-malpica-06,,,-114,-8.5,False,False,,,,,,float
2026-05-28 18:52:03.355429+00:00,stratolink-3-eu,EU,STALE,40.5472281,-5.3064298,10020.0,7.0,rio-tormes-1b,40.968865323719,-5.64232170581818,-115,-8.5,False,True,54.75848202696337,55.70986574444923,10.115306101885384,10.607760281621083,329.0014162648185,float
2026-05-28 18:52:03.355429+00:00,stratolink-3-eu,EU,STALE,40.5472281,-5.3064298,10020.0,7.0,mjv-casas,,,-115,-2.2,False,False,,,,,,float
2026-05-28 18:52:03.355429+00:00,stratolink-3-eu,EU,STALE,40.5472281,-5.3064298,10020.0,7.0,packetbroker,40.962758045083945,-5.675633842073217,-115,-2.5,True,True,55.695533089317976,56.63260259193401,9.940446205889119,10.441327476645695,326.17758982901927,float
2026-05-28 18:52:03.355429+00:00,stratolink-3-eu,EU,STALE,40.5472281,-5.3064298,10020.0,7.0,ext-sg50-012,,,-115,-7.2,False,False,,,,,,float
2026-05-28 18:52:03.355429+00:00,stratolink-3-eu,EU,STALE,40.5472281,-5.3064298,10020.0,7.0,niharramikrotik,40.589325292876616,-4.838257133960725,-115,-2.25,False,True,39.82130859823407,41.09289250041223,13.934030088286228,14.292151225610578,83.09707061655962,float
2026-05-28 18:52:03.355429+00:00,stratolink-3-eu,EU,STALE,40.5472281,-5.3064298,10020.0,7.0,210030,,,-117,-1.8,False,False,,,,,,float
2026-05-28 18:52:03.355429+00:00,stratolink-3-eu,EU,STALE,40.5472281,-5.3064298,10020.0,7.0,sg50-perte-malpica-05,,,-117,-3.8,False,False,,,,,,float
2026-05-28 18:52:03.355429+00:00,stratolink-3-eu,EU,STALE,40.5472281,-5.3064298,10020.0,7.0,italr0005,40.954279046747715,-4.142631590366364,-118,-4.25,False,True,107.97738106666701,108.52452519151635,4.811905683303888,5.782968259452956,64.83835817944225,float
2026-05-28 18:52:03.355429+00:00,stratolink-3-eu,EU,STALE,40.5472281,-5.3064298,10020.0,7.0,mitigasmart-cc,,,-118,-7.8,False,False,,,,,,float
2026-05-28 18:52:03.355429+00:00,stratolink-3-eu,EU,STALE,40.5472281,-5.3064298,10020.0,7.0,tef-mls-01,40.108033,-6.632828,-118,-7.2,False,True,122.58513406003775,123.08811902001877,4.117902097463135,5.220335170964265,246.95316661237507,float
2026-05-28 18:52:03.355429+00:00,stratolink-3-eu,EU,STALE,40.5472281,-5.3064298,10020.0,7.0,sg50-perte-malpica-07,,,-118,-6.0,False,False,,,,,,float
2026-05-28 18:52:03.355429+00:00,stratolink-3-eu,EU,STALE,40.5472281,-5.3064298,10020.0,7.0,sg50-perte-malpica-03,,,-119,-7.8,False,False,,,,,,float
2026-05-28 18:52:03.355429+00:00,stratolink-3-eu,EU,STALE,40.5472281,-5.3064298,10020.0,7.0,meceiot-013-dragout-a84041ffff29dc56,40.970672,-5.141641,-120,-6.5,False,True,49.08792298235313,50.13783380050882,11.307318268686403,11.748775956195418,16.370543915754922,float
2026-05-28 18:57:11.301998+00:00,stratolink-3-eu,EU,STALE,40.5472281,-5.3064298,10020.0,7.0,meceiot-004-5030354163554750,40.5481739449056,-5.16353885114368,-107,5.75,False,True,12.073777545940104,15.697316006262431,39.61277078339133,39.72135272353188,89.45445164425848,float
2026-05-28 18:57:11.301998+00:00,stratolink-3-eu,EU,STALE,40.5472281,-5.3064298,10020.0,7.0,kenai-instalaciones-y-proyectos,40.6244743091053,-3.90243977308273,-111,-2.25,False,True,118.86953215186202,119.38248792120771,4.2798892725998146,5.348907181505776,85.39978031491785,float
2026-05-28 18:57:11.301998+00:00,stratolink-3-eu,EU,STALE,40.5472281,-5.3064298,10020.0,7.0,meceiot-014-dragout-a84041ffff29d5ba,41.11715,-4.78439,-111,-0.75,False,True,77.10425311621862,77.81223342286832,7.0517659083916335,7.745180157963574,34.553892945098426,float
2026-05-28 18:57:11.301998+00:00,stratolink-3-eu,EU,STALE,40.5472281,-5.3064298,10020.0,7.0,italr0005,40.954279046747715,-4.142631590366364,-112,1.75,False,True,107.97738106666701,108.52452519151635,4.811905683303888,5.782968259452956,64.83835817944225,float
2026-05-28 18:57:11.301998+00:00,stratolink-3-eu,EU,STALE,40.5472281,-5.3064298,10020.0,7.0,mvj-cabezuela,,,-115,-3.8,False,False,,,,,,float
2026-05-28 18:57:11.301998+00:00,stratolink-3-eu,EU,STALE,40.5472281,-5.3064298,10020.0,7.0,niharramikrotik,40.589325292876616,-4.838257133960725,-115,1.0,False,True,39.82130859823407,41.09289250041223,13.934030088286228,14.292151225610578,83.09707061655962,float
2026-05-28 18:57:11.301998+00:00,stratolink-3-eu,EU,STALE,40.5472281,-5.3064298,10020.0,7.0,sg50-perte-malpica-05,,,-115,1.8,False,False,,,,,,float
2026-05-28 18:57:11.301998+00:00,stratolink-3-eu,EU,STALE,40.5472281,-5.3064298,10020.0,7.0,sg50-perte-malpica-02,39.94336757279527,-4.661850929260255,-115,-5.8,False,True,86.61098594978365,87.25563304041373,6.204499660323432,6.983409894192638,140.61979198955783,float
2026-05-28 18:57:11.301998+00:00,stratolink-3-eu,EU,STALE,40.5472281,-5.3064298,10020.0,7.0,sg50-perte-malpica-06,,,-115,-2.5,False,False,,,,,,float
2026-05-28 18:57:11.301998+00:00,stratolink-3-eu,EU,STALE,40.5472281,-5.3064298,10020.0,7.0,cdtic-multitech-6,40.1338,-5.94651,-116,-4.5,False,True,71.10762504138638,71.8651128957359,7.694872923206974,8.334358275365615,229.9294545890845,float
2026-05-28 18:57:11.301998+00:00,stratolink-3-eu,EU,STALE,40.5472281,-5.3064298,10020.0,7.0,alarad-multitech,,,-116,-5.75,False,False,,,,,,float
2026-05-28 18:57:11.301998+00:00,stratolink-3-eu,EU,STALE,40.5472281,-5.3064298,10020.0,7.0,sg50-perte-malpica-01,,,-116,-3.8,False,False,,,,,,float
2026-05-28 18:57:11.301998+00:00,stratolink-3-eu,EU,STALE,40.5472281,-5.3064298,10020.0,7.0,ext-sg50-012,,,-116,-0.8,False,False,,,,,,float
2026-05-28 18:57:11.301998+00:00,stratolink-3-eu,EU,STALE,40.5472281,-5.3064298,10020.0,7.0,mjv-casas,,,-117,-6.0,False,False,,,,,,float
2026-05-28 18:57:11.301998+00:00,stratolink-3-eu,EU,STALE,40.5472281,-5.3064298,10020.0,7.0,sg50-perte-malpica-07,,,-117,-1.5,False,False,,,,,,float
2026-05-28 18:57:11.301998+00:00,stratolink-3-eu,EU,STALE,40.5472281,-5.3064298,10020.0,7.0,tidop-solar-milesight-001,40.6508109351282,-4.73721027374268,-118,-3.2,False,True,49.41918209700235,50.46270652702275,11.230603486407217,11.675040254592032,76.33731052888243,float
2026-05-28 18:57:11.301998+00:00,stratolink-3-eu,EU,STALE,40.5472281,-5.3064298,10020.0,7.0,210030,,,-119,-1.8,False,False,,,,,,float
2026-05-28 18:57:11.301998+00:00,stratolink-3-eu,EU,STALE,40.5472281,-5.3064298,10020.0,7.0,tef-mls-01,40.108033,-6.632828,-119,-8.5,False,True,122.58513406003775,123.08811902001877,4.117902097463135,5.220335170964265,246.95316661237507,float
2026-05-28 18:57:11.301998+00:00,stratolink-3-eu,EU,STALE,40.5472281,-5.3064298,10020.0,7.0,ext-sg50-023,,,-120,-8.0,False,False,,,,,,float
2026-05-28 18:57:11.301998+00:00,stratolink-3-eu,EU,STALE,40.5472281,-5.3064298,10020.0,7.0,sg50-perte-malpica-03,,,-120,-8.0,False,False,,,,,,float
2026-05-28 18:57:11.301998+00:00,stratolink-3-eu,EU,STALE,40.5472281,-5.3064298,10020.0,7.0,eui-7076ff0056081d63,,,-123,-5.8,False,False,,,,,,float
2026-05-28 18:57:11.301998+00:00,stratolink-3-eu,EU,STALE,40.5472281,-5.3064298,10020.0,7.0,meceiot-013-dragout-a84041ffff29dc56,40.970672,-5.141641,-123,-8.0,False,True,49.08792298235313,50.13783380050882,11.307318268686403,11.748775956195418,16.370543915754922,float
2026-05-28 18:57:11.301998+00:00,stratolink-3-eu,EU,STALE,40.5472281,-5.3064298,10020.0,7.0,antena-granjas-rendondo-01,,,-125,-3.75,False,False,,,,,,float
2026-05-28 19:02:19.230180+00:00,stratolink-3-eu,EU,STALE,40.5472281,-5.3064298,10020.0,7.0,meceiot-014-dragout-a84041ffff29d5ba,41.11715,-4.78439,-108,-1.25,False,True,77.10425311621862,77.81223342286832,7.0517659083916335,7.745180157963574,34.553892945098426,float
2026-05-28 19:02:19.230180+00:00,stratolink-3-eu,EU,STALE,40.5472281,-5.3064298,10020.0,7.0,mikrotikepsa,40.65110091852006,-4.679304063320161,-109,-1.8,False,True,54.19218192347118,55.15246218718534,10.223749028500729,10.71111035608416,77.49007284305299,float
2026-05-28 19:02:19.230180+00:00,stratolink-3-eu,EU,STALE,40.5472281,-5.3064298,10020.0,7.0,niharramikrotik,40.589325292876616,-4.838257133960725,-110,3.75,False,True,39.82130859823407,41.09289250041223,13.934030088286228,14.292151225610578,83.09707061655962,float
2026-05-28 19:02:19.230180+00:00,stratolink-3-eu,EU,STALE,40.5472281,-5.3064298,10020.0,7.0,alarad-multitech,,,-113,-7.0,False,False,,,,,,float
2026-05-28 19:02:19.230180+00:00,stratolink-3-eu,EU,STALE,40.5472281,-5.3064298,10020.0,7.0,italr0005,40.954279046747715,-4.142631590366364,-113,0.75,False,True,107.97738106666701,108.52452519151635,4.811905683303888,5.782968259452956,64.83835817944225,float
2026-05-28 19:02:19.230180+00:00,stratolink-3-eu,EU,STALE,40.5472281,-5.3064298,10020.0,7.0,sg50-perte-malpica-02,39.94336757279527,-4.661850929260255,-114,-6.2,False,True,86.61098594978365,87.25563304041373,6.204499660323432,6.983409894192638,140.61979198955783,float
2026-05-28 19:02:19.230180+00:00,stratolink-3-eu,EU,STALE,40.5472281,-5.3064298,10020.0,7.0,sg50-perte-malpica-06,,,-115,-5.8,False,False,,,,,,float
2026-05-28 19:02:19.230180+00:00,stratolink-3-eu,EU,STALE,40.5472281,-5.3064298,10020.0,7.0,sg50-perte-malpica-01,,,-117,-5.5,False,False,,,,,,float
2026-05-28 19:02:19.230180+00:00,stratolink-3-eu,EU,STALE,40.5472281,-5.3064298,10020.0,7.0,210030,,,-118,-3.2,False,False,,,,,,float
2026-05-28 19:02:19.230180+00:00,stratolink-3-eu,EU,STALE,40.5472281,-5.3064298,10020.0,7.0,sg50-perte-malpica-07,,,-118,-3.2,False,False,,,,,,float
2026-05-28 19:02:19.230180+00:00,stratolink-3-eu,EU,STALE,40.5472281,-5.3064298,10020.0,7.0,tidop-solar-milesight-001,40.6508109351282,-4.73721027374268,-119,-8.8,False,True,49.41918209700235,50.46270652702275,11.230603486407217,11.675040254592032,76.33731052888243,float
2026-05-28 19:02:19.230180+00:00,stratolink-3-eu,EU,STALE,40.5472281,-5.3064298,10020.0,7.0,ext-sg50-023,,,-119,-8.8,False,False,,,,,,float
2026-05-28 19:02:19.230180+00:00,stratolink-3-eu,EU,STALE,40.5472281,-5.3064298,10020.0,7.0,eui-7076ff0056081d63,,,-120,-6.0,False,False,,,,,,float
2026-05-28 19:02:19.230180+00:00,stratolink-3-eu,EU,STALE,40.5472281,-5.3064298,10020.0,7.0,sg50-perte-malpica-03,,,-120,-6.0,False,False,,,,,,float
2026-05-28 19:02:19.230180+00:00,stratolink-3-eu,EU,STALE,40.5472281,-5.3064298,10020.0,7.0,antena-granjas-rendondo-01,,,-124,-4.75,False,False,,,,,,float
2026-05-28 19:07:27.498056+00:00,stratolink-3-eu,EU,STALE,40.5472281,-5.3064298,10020.0,7.0,meceiot-004-5030354163554750,40.5481739449056,-5.16353885114368,-105,6.0,False,True,12.073777545940104,15.697316006262431,39.61277078339133,39.72135272353188,89.45445164425848,float
2026-05-28 19:07:27.498056+00:00,stratolink-3-eu,EU,STALE,40.5472281,-5.3064298,10020.0,7.0,kenai-instalaciones-y-proyectos,40.6244743091053,-3.90243977308273,-110,-5.5,False,True,118.86953215186202,119.38248792120771,4.2798892725998146,5.348907181505776,85.39978031491785,float
2026-05-28 19:07:27.498056+00:00,stratolink-3-eu,EU,STALE,40.5472281,-5.3064298,10020.0,7.0,meceiot-014-dragout-a84041ffff29d5ba,41.11715,-4.78439,-110,-2.0,False,True,77.10425311621862,77.81223342286832,7.0517659083916335,7.745180157963574,34.553892945098426,float
2026-05-28 19:07:27.498056+00:00,stratolink-3-eu,EU,STALE,40.5472281,-5.3064298,10020.0,7.0,sg50-perte-malpica-05,,,-110,-5.2,False,False,,,,,,float
2026-05-28 19:07:27.498056+00:00,stratolink-3-eu,EU,STALE,40.5472281,-5.3064298,10020.0,7.0,sg50-perte-malpica-02,39.94336757279527,-4.661850929260255,-111,-5.2,False,True,86.61098594978365,87.25563304041373,6.204499660323432,6.983409894192638,140.61979198955783,float
2026-05-28 19:07:27.498056+00:00,stratolink-3-eu,EU,STALE,40.5472281,-5.3064298,10020.0,7.0,italr0005,40.954279046747715,-4.142631590366364,-112,1.5,False,True,107.97738106666701,108.52452519151635,4.811905683303888,5.782968259452956,64.83835817944225,float
2026-05-28 19:07:27.498056+00:00,stratolink-3-eu,EU,STALE,40.5472281,-5.3064298,10020.0,7.0,packetbroker,40.962758045083945,-5.675633842073217,-114,-6.75,True,True,55.695533089317976,56.63260259193401,9.940446205889119,10.441327476645695,326.17758982901927,float
2026-05-28 19:07:27.498056+00:00,stratolink-3-eu,EU,STALE,40.5472281,-5.3064298,10020.0,7.0,mvj-cabezuela,,,-115,-3.8,False,False,,,,,,float
2026-05-28 19:07:27.498056+00:00,stratolink-3-eu,EU,STALE,40.5472281,-5.3064298,10020.0,7.0,mjv-casas,,,-115,-6.5,False,False,,,,,,float
2026-05-28 19:07:27.498056+00:00,stratolink-3-eu,EU,STALE,40.5472281,-5.3064298,10020.0,7.0,upm-etsime-tellus-001,40.4433240038774,-3.70036411460872,-115,-5.5,False,True,136.29651925739634,136.7685947629112,3.588280386762196,4.814022739491704,94.34081718452626,float
2026-05-28 19:07:27.498056+00:00,stratolink-3-eu,EU,STALE,40.5472281,-5.3064298,10020.0,7.0,packetbroker,,,-115,-7.0,True,False,,,,,,float
2026-05-28 19:07:27.498056+00:00,stratolink-3-eu,EU,STALE,40.5472281,-5.3064298,10020.0,7.0,mtcdtip-l4e1-868-dattera-2,40.31007631707678,-3.733453631302837,-115,-8.8,False,True,135.72613093583203,136.1993309423371,3.60843824080703,4.82905097520863,100.69227905608028,float
2026-05-28 19:07:27.498056+00:00,stratolink-3-eu,EU,STALE,40.5472281,-5.3064298,10020.0,7.0,ext-sg50-012,,,-115,-4.5,False,False,,,,,,float
2026-05-28 19:07:27.498056+00:00,stratolink-3-eu,EU,STALE,40.5472281,-5.3064298,10020.0,7.0,sg50-perte-malpica-07,,,-115,-0.2,False,False,,,,,,float
2026-05-28 19:07:27.498056+00:00,stratolink-3-eu,EU,STALE,40.5472281,-5.3064298,10020.0,7.0,luisdelucena,40.64196411603373,-3.1820132085638857,-116,-5.75,False,True,179.67776411932374,180.0920069690594,2.3812258223731533,3.9971045441831903,85.94816533375001,float
2026-05-28 19:07:27.498056+00:00,stratolink-3-eu,EU,STALE,40.5472281,-5.3064298,10020.0,7.0,cdtic-multitech-6,40.1338,-5.94651,-116,-4.0,False,True,71.10762504138638,71.8651128957359,7.694872923206974,8.334358275365615,229.9294545890845,float
2026-05-28 19:07:27.498056+00:00,stratolink-3-eu,EU,STALE,40.5472281,-5.3064298,10020.0,7.0,tidop-solar-milesight-001,40.6508109351282,-4.73721027374268,-117,-5.0,False,True,49.41918209700235,50.46270652702275,11.230603486407217,11.675040254592032,76.33731052888243,float
2026-05-28 19:07:27.498056+00:00,stratolink-3-eu,EU,STALE,40.5472281,-5.3064298,10020.0,7.0,sg50-perte-malpica-03,,,-119,-4.8,False,False,,,,,,float
2026-05-28 19:07:27.498056+00:00,stratolink-3-eu,EU,STALE,40.5472281,-5.3064298,10020.0,7.0,eui-7076ff0056081d63,,,-120,-6.5,False,False,,,,,,float
2026-05-28 19:07:27.498056+00:00,stratolink-3-eu,EU,STALE,40.5472281,-5.3064298,10020.0,7.0,antena-granjas-rendondo-01,,,-121,-1.0,False,False,,,,,,float
2026-05-28 19:12:36.308305+00:00,stratolink-3-eu,EU,STALE,40.5472281,-5.3064298,10020.0,7.0,niharramikrotik,40.589325292876616,-4.838257133960725,-109,4.0,False,True,39.82130859823407,41.09289250041223,13.934030088286228,14.292151225610578,83.09707061655962,float
2026-05-28 19:12:36.308305+00:00,stratolink-3-eu,EU,STALE,40.5472281,-5.3064298,10020.0,7.0,meceiot-004-5030354163554750,40.5481739449056,-5.16353885114368,-110,3.25,False,True,12.073777545940104,15.697316006262431,39.61277078339133,39.72135272353188,89.45445164425848,float
2026-05-28 19:12:36.308305+00:00,stratolink-3-eu,EU,STALE,40.5472281,-5.3064298,10020.0,7.0,tidop-solar-milesight-001,40.6508109351282,-4.73721027374268,-111,5.2,False,True,49.41918209700235,50.46270652702275,11.230603486407217,11.675040254592032,76.33731052888243,float
2026-05-28 19:12:36.308305+00:00,stratolink-3-eu,EU,STALE,40.5472281,-5.3064298,10020.0,7.0,sg50-perte-malpica-02,39.94336757279527,-4.661850929260255,-112,-4.5,False,True,86.61098594978365,87.25563304041373,6.204499660323432,6.983409894192638,140.61979198955783,float
2026-05-28 19:12:36.308305+00:00,stratolink-3-eu,EU,STALE,40.5472281,-5.3064298,10020.0,7.0,meceiot-014-dragout-a84041ffff29d5ba,41.11715,-4.78439,-112,-2.0,False,True,77.10425311621862,77.81223342286832,7.0517659083916335,7.745180157963574,34.553892945098426,float
2026-05-28 19:12:36.308305+00:00,stratolink-3-eu,EU,STALE,40.5472281,-5.3064298,10020.0,7.0,sg50-perte-malpica-06,,,-113,-3.8,False,False,,,,,,float
2026-05-28 19:12:36.308305+00:00,stratolink-3-eu,EU,STALE,40.5472281,-5.3064298,10020.0,7.0,kenai-instalaciones-y-proyectos,40.6244743091053,-3.90243977308273,-114,-5.5,False,True,118.86953215186202,119.38248792120771,4.2798892725998146,5.348907181505776,85.39978031491785,float
2026-05-28 19:12:36.308305+00:00,stratolink-3-eu,EU,STALE,40.5472281,-5.3064298,10020.0,7.0,italr0005,40.954279046747715,-4.142631590366364,-116,-2.0,False,True,107.97738106666701,108.52452519151635,4.811905683303888,5.782968259452956,64.83835817944225,float
2026-05-28 19:12:36.308305+00:00,stratolink-3-eu,EU,STALE,40.5472281,-5.3064298,10020.0,7.0,cdtic-multitech-6,40.1338,-5.94651,-116,-5.0,False,True,71.10762504138638,71.8651128957359,7.694872923206974,8.334358275365615,229.9294545890845,float
2026-05-28 19:12:36.308305+00:00,stratolink-3-eu,EU,STALE,40.5472281,-5.3064298,10020.0,7.0,sg50-perte-malpica-07,,,-116,-0.2,False,False,,,,,,float
2026-05-28 19:12:36.308305+00:00,stratolink-3-eu,EU,STALE,40.5472281,-5.3064298,10020.0,7.0,mjv-casas,,,-117,-8.5,False,False,,,,,,float
2026-05-28 19:12:36.308305+00:00,stratolink-3-eu,EU,STALE,40.5472281,-5.3064298,10020.0,7.0,italr0001,41.70253250763931,-4.708266556262971,-117,-6.5,False,True,137.88772907362312,138.35673321221762,3.53281139890909,4.7728638255452465,21.110190929602823,float
2026-05-28 19:12:36.308305+00:00,stratolink-3-eu,EU,STALE,40.5472281,-5.3064298,10020.0,7.0,ext-sg50-003,,,-117,-8.0,False,False,,,,,,float
2026-05-28 19:12:36.308305+00:00,stratolink-3-eu,EU,STALE,40.5472281,-5.3064298,10020.0,7.0,sg50-perte-malpica-01,,,-117,-4.8,False,False,,,,,,float
2026-05-28 19:12:36.308305+00:00,stratolink-3-eu,EU,STALE,40.5472281,-5.3064298,10020.0,7.0,210030,,,-118,-1.8,False,False,,,,,,float
2026-05-28 19:12:36.308305+00:00,stratolink-3-eu,EU,STALE,40.5472281,-5.3064298,10020.0,7.0,sg50-perte-malpica-05,,,-118,-3.5,False,False,,,,,,float
2026-05-28 19:12:36.308305+00:00,stratolink-3-eu,EU,STALE,40.5472281,-5.3064298,10020.0,7.0,sg50-perte-malpica-03,,,-120,-5.5,False,False,,,,,,float
2026-05-28 19:17:44.375610+00:00,stratolink-3-eu,EU,STALE,40.5472281,-5.3064298,10020.0,7.0,niharramikrotik,40.589325292876616,-4.838257133960725,-105,4.5,False,True,39.82130859823407,41.09289250041223,13.934030088286228,14.292151225610578,83.09707061655962,float
2026-05-28 19:17:44.375610+00:00,stratolink-3-eu,EU,STALE,40.5472281,-5.3064298,10020.0,7.0,meceiot-004-5030354163554750,40.5481739449056,-5.16353885114368,-105,6.25,False,True,12.073777545940104,15.697316006262431,39.61277078339133,39.72135272353188,89.45445164425848,float
2026-05-28 19:17:44.375610+00:00,stratolink-3-eu,EU,STALE,40.5472281,-5.3064298,10020.0,7.0,cicytex-ic003,,,-109,-9.8,False,False,,,,,,float
2026-05-28 19:17:44.375610+00:00,stratolink-3-eu,EU,STALE,40.5472281,-5.3064298,10020.0,7.0,meceiot-014-dragout-a84041ffff29d5ba,41.11715,-4.78439,-110,-2.5,False,True,77.10425311621862,77.81223342286832,7.0517659083916335,7.745180157963574,34.553892945098426,float
2026-05-28 19:17:44.375610+00:00,stratolink-3-eu,EU,STALE,40.5472281,-5.3064298,10020.0,7.0,sg50-perte-malpica-02,39.94336757279527,-4.661850929260255,-110,-6.5,False,True,86.61098594978365,87.25563304041373,6.204499660323432,6.983409894192638,140.61979198955783,float
2026-05-28 19:17:44.375610+00:00,stratolink-3-eu,EU,STALE,40.5472281,-5.3064298,10020.0,7.0,packetbroker,,,-112,-4.75,True,False,,,,,,float
2026-05-28 19:17:44.375610+00:00,stratolink-3-eu,EU,STALE,40.5472281,-5.3064298,10020.0,7.0,tidop-solar-milesight-001,40.6508109351282,-4.73721027374268,-112,4.2,False,True,49.41918209700235,50.46270652702275,11.230603486407217,11.675040254592032,76.33731052888243,float
2026-05-28 19:17:44.375610+00:00,stratolink-3-eu,EU,STALE,40.5472281,-5.3064298,10020.0,7.0,italr0005,40.954279046747715,-4.142631590366364,-113,,False,True,107.97738106666701,108.52452519151635,4.811905683303888,5.782968259452956,64.83835817944225,float
2026-05-28 19:17:44.375610+00:00,stratolink-3-eu,EU,STALE,40.5472281,-5.3064298,10020.0,7.0,mjv-casas,,,-114,-5.8,False,False,,,,,,float
2026-05-28 19:17:44.375610+00:00,stratolink-3-eu,EU,STALE,40.5472281,-5.3064298,10020.0,7.0,mvj-cabezuela,,,-115,-5.5,False,False,,,,,,float
2026-05-28 19:17:44.375610+00:00,stratolink-3-eu,EU,STALE,40.5472281,-5.3064298,10020.0,7.0,sg50-perte-malpica-07,,,-115,1.2,False,False,,,,,,float
2026-05-28 19:17:44.375610+00:00,stratolink-3-eu,EU,STALE,40.5472281,-5.3064298,10020.0,7.0,sg50-perte-malpica-01,,,-115,-2.0,False,False,,,,,,float
2026-05-28 19:17:44.375610+00:00,stratolink-3-eu,EU,STALE,40.5472281,-5.3064298,10020.0,7.0,sg50-perte-malpica-03,,,-118,-3.0,False,False,,,,,,float
2026-05-28 19:17:44.375610+00:00,stratolink-3-eu,EU,STALE,40.5472281,-5.3064298,10020.0,7.0,tef-mls-01,40.108033,-6.632828,-118,-6.8,False,True,122.58513406003775,123.08811902001877,4.117902097463135,5.220335170964265,246.95316661237507,float
2026-05-28 19:17:44.375610+00:00,stratolink-3-eu,EU,STALE,40.5472281,-5.3064298,10020.0,7.0,sg50-perte-malpica-05,,,-118,-6.2,False,False,,,,,,float
2026-05-28 19:17:44.375610+00:00,stratolink-3-eu,EU,STALE,40.5472281,-5.3064298,10020.0,7.0,sg50-eui-c0ba1ffffe004945,,,-118,-8.5,False,False,,,,,,float
2026-05-28 19:17:44.375610+00:00,stratolink-3-eu,EU,STALE,40.5472281,-5.3064298,10020.0,7.0,meceiot-dragino-lps8n-001,40.64962954290437,-4.690829015625737,-119,-7.25,False,True,53.20722337488539,54.18343848367847,10.417551411492598,10.896054806275991,77.44276645714291,float
2026-05-28 19:17:44.375610+00:00,stratolink-3-eu,EU,STALE,40.5472281,-5.3064298,10020.0,7.0,antena-granjas-rendondo-01,,,-126,-7.75,False,False,,,,,,float
2026-05-28 19:22:52.483996+00:00,stratolink-3-eu,EU,STALE,40.5472281,-5.3064298,10020.0,7.0,niharramikrotik,40.589325292876616,-4.838257133960725,-109,2.75,False,True,39.82130859823407,41.09289250041223,13.934030088286228,14.292151225610578,83.09707061655962,float
2026-05-28 19:22:52.483996+00:00,stratolink-3-eu,EU,STALE,40.5472281,-5.3064298,10020.0,7.0,cicytex-ic003,,,-109,-8.0,False,False,,,,,,float
2026-05-28 19:22:52.483996+00:00,stratolink-3-eu,EU,STALE,40.5472281,-5.3064298,10020.0,7.0,sg50-perte-malpica-02,39.94336757279527,-4.661850929260255,-110,-3.5,False,True,86.61098594978365,87.25563304041373,6.204499660323432,6.983409894192638,140.61979198955783,float
2026-05-28 19:22:52.483996+00:00,stratolink-3-eu,EU,STALE,40.5472281,-5.3064298,10020.0,7.0,sg50-perte-malpica-06,,,-111,-4.5,False,False,,,,,,float
2026-05-28 19:22:52.483996+00:00,stratolink-3-eu,EU,STALE,40.5472281,-5.3064298,10020.0,7.0,italr0005,40.954279046747715,-4.142631590366364,-112,1.75,False,True,107.97738106666701,108.52452519151635,4.811905683303888,5.782968259452956,64.83835817944225,float
2026-05-28 19:22:52.483996+00:00,stratolink-3-eu,EU,STALE,40.5472281,-5.3064298,10020.0,7.0,meceiot-014-dragout-a84041ffff29d5ba,41.11715,-4.78439,-114,-5.75,False,True,77.10425311621862,77.81223342286832,7.0517659083916335,7.745180157963574,34.553892945098426,float
2026-05-28 19:22:52.483996+00:00,stratolink-3-eu,EU,STALE,40.5472281,-5.3064298,10020.0,7.0,meceiot-004-5030354163554750,40.5481739449056,-5.16353885114368,-114,-1.5,False,True,12.073777545940104,15.697316006262431,39.61277078339133,39.72135272353188,89.45445164425848,float
2026-05-28 19:22:52.483996+00:00,stratolink-3-eu,EU,STALE,40.5472281,-5.3064298,10020.0,7.0,tidop-solar-milesight-001,40.6508109351282,-4.73721027374268,-114,1.8,False,True,49.41918209700235,50.46270652702275,11.230603486407217,11.675040254592032,76.33731052888243,float
2026-05-28 19:22:52.483996+00:00,stratolink-3-eu,EU,STALE,40.5472281,-5.3064298,10020.0,7.0,mvj-cabezuela,,,-115,-1.8,False,False,,,,,,float
2026-05-28 19:22:52.483996+00:00,stratolink-3-eu,EU,STALE,40.5472281,-5.3064298,10020.0,7.0,mjv-casas,,,-115,-2.8,False,False,,,,,,float
2026-05-28 19:22:52.483996+00:00,stratolink-3-eu,EU,STALE,40.5472281,-5.3064298,10020.0,7.0,cdtic-multitech-6,40.1338,-5.94651,-115,-4.8,False,True,71.10762504138638,71.8651128957359,7.694872923206974,8.334358275365615,229.9294545890845,float
2026-05-28 19:22:52.483996+00:00,stratolink-3-eu,EU,STALE,40.5472281,-5.3064298,10020.0,7.0,alarad-multitech,,,-115,-7.25,False,False,,,,,,float
2026-05-28 19:22:52.483996+00:00,stratolink-3-eu,EU,STALE,40.5472281,-5.3064298,10020.0,7.0,sg50-perte-malpica-05,,,-115,-1.0,False,False,,,,,,float
2026-05-28 19:22:52.483996+00:00,stratolink-3-eu,EU,STALE,40.5472281,-5.3064298,10020.0,7.0,sg50-perte-malpica-07,,,-115,,False,False,,,,,,float
2026-05-28 19:22:52.483996+00:00,stratolink-3-eu,EU,STALE,40.5472281,-5.3064298,10020.0,7.0,luisdelucena,40.64196411603373,-3.1820132085638857,-116,-5.25,False,True,179.67776411932374,180.0920069690594,2.3812258223731533,3.9971045441831903,85.94816533375001,float
2026-05-28 19:22:52.483996+00:00,stratolink-3-eu,EU,STALE,40.5472281,-5.3064298,10020.0,7.0,ttn-cercedilla,40.73906,-4.05709,-118,-5.0,False,True,107.54576288246913,108.09443556242019,4.834986267959359,5.802167213883863,78.15369296928526,float
2026-05-28 19:22:52.483996+00:00,stratolink-3-eu,EU,STALE,40.5472281,-5.3064298,10020.0,7.0,210030,,,-118,-2.8,False,False,,,,,,float
2026-05-28 19:22:52.483996+00:00,stratolink-3-eu,EU,STALE,40.5472281,-5.3064298,10020.0,7.0,antena-granjas-rendondo-01,,,-119,0.25,False,False,,,,,,float
2026-05-28 19:22:52.483996+00:00,stratolink-3-eu,EU,STALE,40.5472281,-5.3064298,10020.0,7.0,eui-7076ff0056081d63,,,-120,-7.2,False,False,,,,,,float
2026-05-28 19:28:00.735272+00:00,stratolink-3-eu,EU,STALE,40.5472281,-5.3064298,10020.0,7.0,meceiot-004-5030354163554750,40.5481739449056,-5.16353885114368,-105,7.0,False,True,12.073777545940104,15.697316006262431,39.61277078339133,39.72135272353188,89.45445164425848,float
2026-05-28 19:28:00.735272+00:00,stratolink-3-eu,EU,STALE,40.5472281,-5.3064298,10020.0,7.0,mvj-cabezuela,,,-109,-1.0,False,False,,,,,,float
2026-05-28 19:28:00.735272+00:00,stratolink-3-eu,EU,STALE,40.5472281,-5.3064298,10020.0,7.0,cicytex-ic003,,,-110,-8.2,False,False,,,,,,float
2026-05-28 19:28:00.735272+00:00,stratolink-3-eu,EU,STALE,40.5472281,-5.3064298,10020.0,7.0,mtcdtip02-l4e1-1,,,-111,-7.8,False,False,,,,,,float
2026-05-28 19:28:00.735272+00:00,stratolink-3-eu,EU,STALE,40.5472281,-5.3064298,10020.0,7.0,meceiot-014-dragout-a84041ffff29d5ba,41.11715,-4.78439,-112,-2.0,False,True,77.10425311621862,77.81223342286832,7.0517659083916335,7.745180157963574,34.553892945098426,float
2026-05-28 19:28:00.735272+00:00,stratolink-3-eu,EU,STALE,40.5472281,-5.3064298,10020.0,7.0,niharramikrotik,40.589325292876616,-4.838257133960725,-114,-3.5,False,True,39.82130859823407,41.09289250041223,13.934030088286228,14.292151225610578,83.09707061655962,float
2026-05-28 19:28:00.735272+00:00,stratolink-3-eu,EU,STALE,40.5472281,-5.3064298,10020.0,7.0,italr0005,40.954279046747715,-4.142631590366364,-114,-0.25,False,True,107.97738106666701,108.52452519151635,4.811905683303888,5.782968259452956,64.83835817944225,float
2026-05-28 19:28:00.735272+00:00,stratolink-3-eu,EU,STALE,40.5472281,-5.3064298,10020.0,7.0,cdtic-multitech-6,40.1338,-5.94651,-114,-2.8,False,True,71.10762504138638,71.8651128957359,7.694872923206974,8.334358275365615,229.9294545890845,float
2026-05-28 19:28:00.735272+00:00,stratolink-3-eu,EU,STALE,40.5472281,-5.3064298,10020.0,7.0,lora-more,41.81858911263017,-6.7508557295156235,-115,-6.8,False,True,185.99648253273827,186.40557880008978,2.244667765058261,3.91737200828664,319.94105058527583,float
2026-05-28 19:28:00.735272+00:00,stratolink-3-eu,EU,STALE,40.5472281,-5.3064298,10020.0,7.0,mjv-casas,,,-116,-3.5,False,False,,,,,,float
2026-05-28 19:28:00.735272+00:00,stratolink-3-eu,EU,STALE,40.5472281,-5.3064298,10020.0,7.0,packetbroker,41.62916384851624,-4.713819387616739,-116,-5.75,True,True,130.1533903719668,130.6382699819066,3.813448300855077,4.983944244547997,22.23777561432763,float
2026-05-28 19:28:00.735272+00:00,stratolink-3-eu,EU,STALE,40.5472281,-5.3064298,10020.0,7.0,210030,,,-116,-0.5,False,False,,,,,,float
2026-05-28 19:28:00.735272+00:00,stratolink-3-eu,EU,STALE,40.5472281,-5.3064298,10020.0,7.0,cicytex-unex-1,,,-116,-5.5,False,False,,,,,,float
2026-05-28 19:28:00.735272+00:00,stratolink-3-eu,EU,STALE,40.5472281,-5.3064298,10020.0,7.0,tidop-solar-milesight-001,40.6508109351282,-4.73721027374268,-116,-0.2,False,True,49.41918209700235,50.46270652702275,11.230603486407217,11.675040254592032,76.33731052888243,float
2026-05-28 19:28:00.735272+00:00,stratolink-3-eu,EU,STALE,40.5472281,-5.3064298,10020.0,7.0,italr0001,41.70253250763931,-4.708266556262971,-117,-7.5,False,True,137.88772907362312,138.35673321221762,3.53281139890909,4.7728638255452465,21.110190929602823,float
2026-05-28 19:28:00.735272+00:00,stratolink-3-eu,EU,STALE,40.5472281,-5.3064298,10020.0,7.0,ext-sg50-012,,,-117,-5.5,False,False,,,,,,float
2026-05-28 19:28:00.735272+00:00,stratolink-3-eu,EU,STALE,40.5472281,-5.3064298,10020.0,7.0,sg50-perte-malpica-01,,,-117,-8.2,False,False,,,,,,float
2026-05-28 19:28:00.735272+00:00,stratolink-3-eu,EU,STALE,40.5472281,-5.3064298,10020.0,7.0,sg50-perte-malpica-07,,,-118,-2.8,False,False,,,,,,float
2026-05-28 19:28:00.735272+00:00,stratolink-3-eu,EU,STALE,40.5472281,-5.3064298,10020.0,7.0,sg50-perte-malpica-05,,,-118,-2.8,False,False,,,,,,float
2026-05-28 19:28:00.735272+00:00,stratolink-3-eu,EU,STALE,40.5472281,-5.3064298,10020.0,7.0,tef-mls-01,40.108033,-6.632828,-119,-8.0,False,True,122.58513406003775,123.08811902001877,4.117902097463135,5.220335170964265,246.95316661237507,float
2026-05-28 19:28:00.735272+00:00,stratolink-3-eu,EU,STALE,40.5472281,-5.3064298,10020.0,7.0,ext-sg50-022,,,-120,-6.8,False,False,,,,,,float
2026-05-28 19:28:00.735272+00:00,stratolink-3-eu,EU,STALE,40.5472281,-5.3064298,10020.0,7.0,ttn-cercedilla,40.73906,-4.05709,-121,-7.2,False,True,107.54576288246913,108.09443556242019,4.834986267959359,5.802167213883863,78.15369296928526,float
2026-05-28 19:28:00.735272+00:00,stratolink-3-eu,EU,STALE,40.5472281,-5.3064298,10020.0,7.0,antena-granjas-rendondo-01,,,-121,-0.5,False,False,,,,,,float
2026-05-28 19:33:09.971164+00:00,stratolink-3-eu,EU,STALE,40.5472281,-5.3064298,10020.0,7.0,meceiot-004-5030354163554750,40.5481739449056,-5.16353885114368,-105,6.0,False,True,12.073777545940104,15.697316006262431,39.61277078339133,39.72135272353188,89.45445164425848,float
2026-05-28 19:33:09.971164+00:00,stratolink-3-eu,EU,STALE,40.5472281,-5.3064298,10020.0,7.0,niharramikrotik,40.589325292876616,-4.838257133960725,-107,,False,True,39.82130859823407,41.09289250041223,13.934030088286228,14.292151225610578,83.09707061655962,float
2026-05-28 19:33:09.971164+00:00,stratolink-3-eu,EU,STALE,40.5472281,-5.3064298,10020.0,7.0,tidop-solar-milesight-001,40.6508109351282,-4.73721027374268,-107,8.0,False,True,49.41918209700235,50.46270652702275,11.230603486407217,11.675040254592032,76.33731052888243,float
2026-05-28 19:33:09.971164+00:00,stratolink-3-eu,EU,STALE,40.5472281,-5.3064298,10020.0,7.0,kenai-instalaciones-y-proyectos,40.6244743091053,-3.90243977308273,-108,-3.75,False,True,118.86953215186202,119.38248792120771,4.2798892725998146,5.348907181505776,85.39978031491785,float
2026-05-28 19:33:09.971164+00:00,stratolink-3-eu,EU,STALE,40.5472281,-5.3064298,10020.0,7.0,cicytex-ic003,,,-110,-8.0,False,False,,,,,,float
2026-05-28 19:33:09.971164+00:00,stratolink-3-eu,EU,STALE,40.5472281,-5.3064298,10020.0,7.0,sg50-perte-malpica-02,39.94336757279527,-4.661850929260255,-111,-7.2,False,True,86.61098594978365,87.25563304041373,6.204499660323432,6.983409894192638,140.61979198955783,float
2026-05-28 19:33:09.971164+00:00,stratolink-3-eu,EU,STALE,40.5472281,-5.3064298,10020.0,7.0,sg50-perte-malpica-06,,,-111,-6.2,False,False,,,,,,float
2026-05-28 19:33:09.971164+00:00,stratolink-3-eu,EU,STALE,40.5472281,-5.3064298,10020.0,7.0,ttn-cercedilla,40.73906,-4.05709,-114,-7.0,False,True,107.54576288246913,108.09443556242019,4.834986267959359,5.802167213883863,78.15369296928526,float
2026-05-28 19:33:09.971164+00:00,stratolink-3-eu,EU,STALE,40.5472281,-5.3064298,10020.0,7.0,mvj-cabezuela,,,-114,-3.5,False,False,,,,,,float
2026-05-28 19:33:09.971164+00:00,stratolink-3-eu,EU,STALE,40.5472281,-5.3064298,10020.0,7.0,italr0005,40.954279046747715,-4.142631590366364,-114,-0.75,False,True,107.97738106666701,108.52452519151635,4.811905683303888,5.782968259452956,64.83835817944225,float
2026-05-28 19:33:09.971164+00:00,stratolink-3-eu,EU,STALE,40.5472281,-5.3064298,10020.0,7.0,sg50-perte-malpica-05,,,-116,-0.5,False,False,,,,,,float
2026-05-28 19:33:09.971164+00:00,stratolink-3-eu,EU,STALE,40.5472281,-5.3064298,10020.0,7.0,sg50-perte-malpica-07,,,-116,0.2,False,False,,,,,,float
2026-05-28 19:33:09.971164+00:00,stratolink-3-eu,EU,STALE,40.5472281,-5.3064298,10020.0,7.0,sg50-perte-malpica-01,,,-116,-4.0,False,False,,,,,,float
2026-05-28 19:33:09.971164+00:00,stratolink-3-eu,EU,STALE,40.5472281,-5.3064298,10020.0,7.0,210030,,,-117,-4.0,False,False,,,,,,float
2026-05-28 19:33:09.971164+00:00,stratolink-3-eu,EU,STALE,40.5472281,-5.3064298,10020.0,7.0,antena-granjas-rendondo-01,,,-118,-1.0,False,False,,,,,,float
2026-05-28 19:33:09.971164+00:00,stratolink-3-eu,EU,STALE,40.5472281,-5.3064298,10020.0,7.0,sg50-eui-c0ba1ffffe004945,,,-119,-9.2,False,False,,,,,,float
2026-05-28 19:33:09.971164+00:00,stratolink-3-eu,EU,STALE,40.5472281,-5.3064298,10020.0,7.0,sg50-perte-malpica-03,,,-120,-8.5,False,False,,,,,,float
2026-05-28 19:43:13.302496+00:00,stratolink-3-eu,EU,NOGPS,,,,7.0,meceiot-004-5030354163554750,40.5481739449056,-5.16353885114368,-107,4.5,False,False,,,,,,ascent
2026-05-28 19:43:13.302496+00:00,stratolink-3-eu,EU,NOGPS,,,,7.0,cicytex-ic003,,,-109,-7.0,False,False,,,,,,ascent
2026-05-28 19:43:13.302496+00:00,stratolink-3-eu,EU,NOGPS,,,,7.0,mikrotikepsa,40.65110091852006,-4.679304063320161,-110,-0.5,False,False,,,,,,ascent
2026-05-28 19:43:13.302496+00:00,stratolink-3-eu,EU,NOGPS,,,,7.0,kenai-instalaciones-y-proyectos,40.6244743091053,-3.90243977308273,-110,-3.0,False,False,,,,,,ascent
2026-05-28 19:43:13.302496+00:00,stratolink-3-eu,EU,NOGPS,,,,7.0,tidop-solar-milesight-001,40.6508109351282,-4.73721027374268,-110,5.5,False,False,,,,,,ascent
2026-05-28 19:43:13.302496+00:00,stratolink-3-eu,EU,NOGPS,,,,7.0,sg50-perte-malpica-02,39.94336757279527,-4.661850929260255,-111,-1.8,False,False,,,,,,ascent
2026-05-28 19:43:13.302496+00:00,stratolink-3-eu,EU,NOGPS,,,,7.0,italr0005,40.954279046747715,-4.142631590366364,-112,2.0,False,False,,,,,,ascent
2026-05-28 19:43:13.302496+00:00,stratolink-3-eu,EU,NOGPS,,,,7.0,niharramikrotik,40.589325292876616,-4.838257133960725,-112,-4.5,False,False,,,,,,ascent
2026-05-28 19:43:13.302496+00:00,stratolink-3-eu,EU,NOGPS,,,,7.0,mvj-cabezuela,,,-113,-5.8,False,False,,,,,,ascent
2026-05-28 19:43:13.302496+00:00,stratolink-3-eu,EU,NOGPS,,,,7.0,uah-outdoor,40.513016253496716,-3.3499574594000614,-113,-5.8,False,False,,,,,,ascent
2026-05-28 19:43:13.302496+00:00,stratolink-3-eu,EU,NOGPS,,,,7.0,antena-granjas-rendondo-01,,,-113,6.0,False,False,,,,,,ascent
2026-05-28 19:43:13.302496+00:00,stratolink-3-eu,EU,NOGPS,,,,7.0,meceiot-014-dragout-a84041ffff29d5ba,41.11715,-4.78439,-113,-6.0,False,False,,,,,,ascent
2026-05-28 19:43:13.302496+00:00,stratolink-3-eu,EU,NOGPS,,,,7.0,sg50-perte-malpica-06,,,-113,-0.5,False,False,,,,,,ascent
2026-05-28 19:43:13.302496+00:00,stratolink-3-eu,EU,NOGPS,,,,7.0,packetbroker,40.514590326251714,-3.915930162472315,-114,-6.25,True,False,,,,,,ascent
2026-05-28 19:43:13.302496+00:00,stratolink-3-eu,EU,NOGPS,,,,7.0,sg50-perte-malpica-04,,,-114,-8.2,False,False,,,,,,ascent
2026-05-28 19:43:13.302496+00:00,stratolink-3-eu,EU,NOGPS,,,,7.0,ext-sg50-012,,,-116,-7.2,False,False,,,,,,ascent
2026-05-28 19:43:13.302496+00:00,stratolink-3-eu,EU,NOGPS,,,,7.0,sg50-perte-malpica-07,,,-117,-5.2,False,False,,,,,,ascent
2026-05-28 19:43:13.302496+00:00,stratolink-3-eu,EU,NOGPS,,,,7.0,210030,,,-118,-2.2,False,False,,,,,,ascent
2026-05-28 19:43:13.302496+00:00,stratolink-3-eu,EU,NOGPS,,,,7.0,tef-mls-01,40.108033,-6.632828,-118,-9.0,False,False,,,,,,ascent
2026-05-28 19:43:13.302496+00:00,stratolink-3-eu,EU,NOGPS,,,,7.0,sg50-perte-malpica-03,,,-118,-2.0,False,False,,,,,,ascent
2026-05-28 19:43:13.302496+00:00,stratolink-3-eu,EU,NOGPS,,,,7.0,upm-etsime-tellus-001,40.4433240038774,-3.70036411460872,-119,-6.0,False,False,,,,,,ascent
2026-05-28 19:58:20.366112+00:00,stratolink-3-eu,EU,NOGPS,,,,7.0,cicytex-ic003,,,-107,-2.5,False,False,,,,,,ascent
2026-05-28 19:58:20.366112+00:00,stratolink-3-eu,EU,NOGPS,,,,7.0,meceiot-004-5030354163554750,40.5481739449056,-5.16353885114368,-109,5.5,False,False,,,,,,ascent
2026-05-28 19:58:20.366112+00:00,stratolink-3-eu,EU,NOGPS,,,,7.0,meceiot-014-dragout-a84041ffff29d5ba,41.11715,-4.78439,-110,0.25,False,False,,,,,,ascent
2026-05-28 19:58:20.366112+00:00,stratolink-3-eu,EU,NOGPS,,,,7.0,mtcdtip02-l4e1-9,,,-113,-6.5,False,False,,,,,,ascent
2026-05-28 19:58:20.366112+00:00,stratolink-3-eu,EU,NOGPS,,,,7.0,packetbroker,40.962758045083945,-5.675633842073217,-114,-4.5,True,False,,,,,,ascent
2026-05-28 19:58:20.366112+00:00,stratolink-3-eu,EU,NOGPS,,,,7.0,tidop-solar-milesight-001,40.6508109351282,-4.73721027374268,-114,3.5,False,False,,,,,,ascent
2026-05-28 19:58:20.366112+00:00,stratolink-3-eu,EU,NOGPS,,,,7.0,mvj-cabezuela,,,-115,-1.2,False,False,,,,,,ascent
2026-05-28 19:58:20.366112+00:00,stratolink-3-eu,EU,NOGPS,,,,7.0,cicytex-lo-04,,,-115,-6.5,False,False,,,,,,ascent
2026-05-28 19:58:20.366112+00:00,stratolink-3-eu,EU,NOGPS,,,,7.0,210030,,,-115,0.8,False,False,,,,,,ascent
2026-05-28 19:58:20.366112+00:00,stratolink-3-eu,EU,NOGPS,,,,7.0,cdtic-multitech-6,40.1338,-5.94651,-115,-1.8,False,False,,,,,,ascent
2026-05-28 19:58:20.366112+00:00,stratolink-3-eu,EU,NOGPS,,,,7.0,sg50-perte-malpica-06,,,-115,-8.0,False,False,,,,,,ascent
2026-05-28 19:58:20.366112+00:00,stratolink-3-eu,EU,NOGPS,,,,7.0,sg50-perte-malpica-05,,,-116,-0.5,False,False,,,,,,ascent
2026-05-28 19:58:20.366112+00:00,stratolink-3-eu,EU,NOGPS,,,,7.0,lora-more,41.81858911263017,-6.7508557295156235,-117,-5.3,False,False,,,,,,ascent
2026-05-28 19:58:20.366112+00:00,stratolink-3-eu,EU,NOGPS,,,,7.0,cdtic-multitech-5,40.0702558044694,-6.65818959474564,-117,-5.2,False,False,,,,,,ascent
2026-05-28 19:58:20.366112+00:00,stratolink-3-eu,EU,NOGPS,,,,7.0,ext-sg50-028,,,-118,-9.0,False,False,,,,,,ascent
2026-05-28 19:58:20.366112+00:00,stratolink-3-eu,EU,NOGPS,,,,7.0,tef-mls-01,40.108033,-6.632828,-118,-3.5,False,False,,,,,,ascent
2026-05-28 19:58:20.366112+00:00,stratolink-3-eu,EU,NOGPS,,,,7.0,antena-granjas-rendondo-01,,,-119,1.75,False,False,,,,,,ascent
2026-05-28 19:58:20.366112+00:00,stratolink-3-eu,EU,NOGPS,,,,7.0,mitigasmart-cc,,,-119,-7.2,False,False,,,,,,ascent
2026-05-28 19:58:20.366112+00:00,stratolink-3-eu,EU,NOGPS,,,,7.0,ext-sg50-022,,,-120,-7.5,False,False,,,,,,ascent
2026-05-28 19:58:20.366112+00:00,stratolink-3-eu,EU,NOGPS,,,,7.0,italr0005,40.954279046747715,-4.142631590366364,-121,-6.75,False,False,,,,,,ascent
2026-05-28 19:58:20.366112+00:00,stratolink-3-eu,EU,NOGPS,,,,7.0,meceiot-013-dragout-a84041ffff29dc56,40.970672,-5.141641,-123,-7.75,False,False,,,,,,ascent
2026-05-29 17:46:03.175749+00:00,stratolink-3,US,FRESH,36.889307,-4.5321937,10034.0,7.0,etsarquitectura,36.72812749835394,-4.4196555018425,-103,-3.0,False,True,20.532675581501284,22.86778389120755,25.933908360466447,26.118562893186464,150.760195565387,float
2026-05-29 17:46:03.175749+00:00,stratolink-3,US,FRESH,36.889307,-4.5321937,10034.0,7.0,etsiit-rak,36.71460012615546,-4.477698504924775,-107,-10.0,False,True,20.023295552181292,22.410815187873258,26.508080252466154,26.688153826857715,165.96033633803802,float
2026-05-29 17:46:03.175749+00:00,stratolink-3,US,FRESH,36.889307,-4.5321937,10034.0,7.0,eui-hdfenergy,,,-109,-1.0,False,False,,,,,,float
2026-05-29 17:46:03.175749+00:00,stratolink-3,US,FRESH,36.889307,-4.5321937,10034.0,7.0,eui-5030354148104750,36.965073280321086,-4.130834992613251,-111,-3.25,False,True,36.657713511501925,38.033955845690926,15.131764155484271,15.461434437968405,76.59276224661255,float
2026-05-29 17:46:03.175749+00:00,stratolink-3,US,FRESH,36.889307,-4.5321937,10034.0,7.0,ext-dlos8-025,,,-111,-3.8,False,False,,,,,,float
2026-05-29 17:46:03.175749+00:00,stratolink-3,US,FRESH,36.889307,-4.5321937,10034.0,7.0,packetbroker,36.7357156,-4.55457939,-111,2.0,True,True,17.19448308852274,19.919760499822885,30.169133492942784,30.32376698079457,186.66223756602506,float
2026-05-29 17:46:03.175749+00:00,stratolink-3,US,FRESH,36.889307,-4.5321937,10034.0,7.0,ifapa-d686,37.40081,-4.85583,-114,-3.0,False,True,63.70074730113724,64.53544220434725,8.658112607649452,9.230986399972405,333.33375216275806,float
2026-05-29 17:46:03.175749+00:00,stratolink-3,US,FRESH,36.889307,-4.5321937,10034.0,7.0,fuenreal-smartalmond,,,-115,-6.2,False,False,,,,,,float
2026-05-29 17:46:03.175749+00:00,stratolink-3,US,FRESH,36.889307,-4.5321937,10034.0,7.0,ext-sg50-002,,,-115,-2.0,False,False,,,,,,float
2026-05-29 17:46:03.175749+00:00,stratolink-3,US,FRESH,36.889307,-4.5321937,10034.0,7.0,finca,,,-116,2.5,False,False,,,,,,float
2026-05-29 17:46:03.175749+00:00,stratolink-3,US,FRESH,36.889307,-4.5321937,10034.0,7.0,lareina-smartalmond-sg50,,,-117,-4.2,False,False,,,,,,float
2026-05-29 17:46:03.175749+00:00,stratolink-3,US,FRESH,36.889307,-4.5321937,10034.0,7.0,ifapa-d583,,,-118,-4.8,False,False,,,,,,float
2026-05-29 17:46:03.175749+00:00,stratolink-3,US,FRESH,36.889307,-4.5321937,10034.0,7.0,atd-mls-004,37.45954,-7.27598,-119,-8.5,False,True,251.22228731948812,251.6039101888369,1.1554789686613132,3.4147721567398404,285.4449379611202,float
2026-05-29 17:46:03.175749+00:00,stratolink-3,US,FRESH,36.889307,-4.5321937,10034.0,7.0,atd-mls-006,37.2688,-7.19147,-119,-9.2,False,True,239.64508520949892,240.02940473221577,1.317833244099474,3.4730102960533435,280.9413503859688,float
2026-05-29 17:46:03.175749+00:00,stratolink-3,US,FRESH,36.889307,-4.5321937,10034.0,7.0,packetbroker,,,-119,-4.25,True,False,,,,,,float
2026-05-29 17:46:03.175749+00:00,stratolink-3,US,FRESH,36.889307,-4.5321937,10034.0,7.0,anguillas-smartalmond,,,-119,-9.2,False,False,,,,,,float
2026-05-29 17:46:03.175749+00:00,stratolink-3,US,FRESH,36.889307,-4.5321937,10034.0,7.0,crev01,,,-120,-4.5,False,False,,,,,,float
2026-05-29 17:46:03.175749+00:00,stratolink-3,US,FRESH,36.889307,-4.5321937,10034.0,7.0,ies-antonio-gala-palma-del-rio,37.69985544958225,-5.274265758019731,-120,-4.3,False,True,111.49899305803068,112.03556836822099,4.636779420797395,5.639512570716337,324.15749828054015,float
2026-05-29 17:46:03.175749+00:00,stratolink-3,US,FRESH,36.889307,-4.5321937,10034.0,7.0,router-000008-lg308,36.8615275221493,-4.15498316287994,-127,-8.0,False,True,33.69460503355225,35.18228236757613,16.419255289549458,16.72227773409236,95.14675561411161,float
2026-05-29 17:46:03.175749+00:00,stratolink-3,US,FRESH,36.889307,-4.5321937,10034.0,7.0,a840411f51ac4150,,,-128,-7.5,False,False,,,,,,float
2026-05-29 17:51:02.145360+00:00,stratolink-3,US,NOGPS,,,,7.0,etsiit-rak,36.71460012615546,-4.477698504924775,-99,2.8,False,False,,,,,,ascent
2026-05-29 17:51:02.145360+00:00,stratolink-3,US,NOGPS,,,,7.0,packetbroker,36.7357156,-4.55457939,-106,,True,False,,,,,,ascent
2026-05-29 17:51:02.145360+00:00,stratolink-3,US,NOGPS,,,,7.0,fuenreal-smartalmond,,,-113,-5.0,False,False,,,,,,ascent
2026-05-29 17:51:02.145360+00:00,stratolink-3,US,NOGPS,,,,7.0,rabanales-prolive,,,-113,-4.8,False,False,,,,,,ascent
2026-05-29 17:51:02.145360+00:00,stratolink-3,US,NOGPS,,,,7.0,ifapa-d686,37.40081,-4.85583,-113,-1.2,False,False,,,,,,ascent
2026-05-29 17:51:02.145360+00:00,stratolink-3,US,NOGPS,,,,7.0,crev01,,,-114,-2.3,False,False,,,,,,ascent
2026-05-29 17:51:02.145360+00:00,stratolink-3,US,NOGPS,,,,7.0,ext-sg50-002,,,-114,-1.8,False,False,,,,,,ascent
2026-05-29 17:51:02.145360+00:00,stratolink-3,US,NOGPS,,,,7.0,atd-mls-003,36.75348,-4.02812,-116,,False,False,,,,,,ascent
2026-05-29 17:51:02.145360+00:00,stratolink-3,US,NOGPS,,,,7.0,eui-a84041ffff228b44,36.8248571561759,-6.32017478958428,-117,-8.2,False,False,,,,,,ascent
2026-05-29 17:51:02.145360+00:00,stratolink-3,US,NOGPS,,,,7.0,atd-mls-004,37.45954,-7.27598,-117,-8.8,False,False,,,,,,ascent
2026-05-29 17:51:02.145360+00:00,stratolink-3,US,NOGPS,,,,7.0,lareina-smartalmond-sg50,,,-117,-5.5,False,False,,,,,,ascent
2026-05-29 17:51:02.145360+00:00,stratolink-3,US,NOGPS,,,,7.0,finca,,,-118,0.8,False,False,,,,,,ascent
2026-05-29 17:51:02.145360+00:00,stratolink-3,US,NOGPS,,,,7.0,packetbroker,,,-119,-3.5,True,False,,,,,,ascent
2026-05-29 17:51:02.145360+00:00,stratolink-3,US,NOGPS,,,,7.0,iag-agrotech,37.7574787684571,-5.40559535662634,-119,-6.8,False,False,,,,,,ascent
2026-05-29 17:58:47.143355+00:00,stratolink-3,US,STALE,36.889307,-4.5321937,10034.0,7.0,etsiit-rak,36.71460012615546,-4.477698504924775,-99,-6.0,False,True,20.023295552181292,22.410815187873258,26.508080252466154,26.688153826857715,165.96033633803802,float
2026-05-29 17:58:47.143355+00:00,stratolink-3,US,STALE,36.889307,-4.5321937,10034.0,7.0,eui-hdfenergy,,,-109,1.0,False,False,,,,,,float
2026-05-29 17:58:47.143355+00:00,stratolink-3,US,STALE,36.889307,-4.5321937,10034.0,7.0,ifapa-d686,37.40081,-4.85583,-110,1.5,False,True,63.70074730113724,64.53544220434725,8.658112607649452,9.230986399972405,333.33375216275806,float
2026-05-29 17:58:47.143355+00:00,stratolink-3,US,STALE,36.889307,-4.5321937,10034.0,7.0,rabanales-prolive,,,-111,-0.5,False,False,,,,,,float
2026-05-29 17:58:47.143355+00:00,stratolink-3,US,STALE,36.889307,-4.5321937,10034.0,7.0,ext-dlos8-025,,,-112,-5.2,False,False,,,,,,float
2026-05-29 17:58:47.143355+00:00,stratolink-3,US,STALE,36.889307,-4.5321937,10034.0,7.0,fuenreal-smartalmond,,,-113,-2.8,False,False,,,,,,float
2026-05-29 17:58:47.143355+00:00,stratolink-3,US,STALE,36.889307,-4.5321937,10034.0,7.0,eui-5030354148104750,36.965073280321086,-4.130834992613251,-113,-4.5,False,True,36.657713511501925,38.033955845690926,15.131764155484271,15.461434437968405,76.59276224661255,float
2026-05-29 17:58:47.143355+00:00,stratolink-3,US,STALE,36.889307,-4.5321937,10034.0,7.0,cet-cm-001,,,-113,-8.2,False,False,,,,,,float
2026-05-29 17:58:47.143355+00:00,stratolink-3,US,STALE,36.889307,-4.5321937,10034.0,7.0,packetbroker,36.7357156,-4.55457939,-113,0.2,True,True,17.19448308852274,19.919760499822885,30.169133492942784,30.32376698079457,186.66223756602506,float
2026-05-29 17:58:47.143355+00:00,stratolink-3,US,STALE,36.889307,-4.5321937,10034.0,7.0,wisgate-los-cerros-e3,38.01586250073645,-3.383658022157903,-114,-6.8,False,True,161.1512868449637,161.58568182138725,2.8352732409953743,4.284539579996473,38.63698101591666,float
2026-05-29 17:58:47.143355+00:00,stratolink-3,US,STALE,36.889307,-4.5321937,10034.0,7.0,crev01,,,-115,-3.3,False,False,,,,,,float
2026-05-29 17:58:47.143355+00:00,stratolink-3,US,STALE,36.889307,-4.5321937,10034.0,7.0,atd-mls-003,36.75348,-4.02812,-116,-2.0,False,True,47.342554500600315,48.430550778019786,11.744371317101402,12.170132550433609,108.4525626474591,float
2026-05-29 17:58:47.143355+00:00,stratolink-3,US,STALE,36.889307,-4.5321937,10034.0,7.0,ext-sg50-002,,,-116,-4.8,False,False,,,,,,float
2026-05-29 17:58:47.143355+00:00,stratolink-3,US,STALE,36.889307,-4.5321937,10034.0,7.0,eui-a84041ffff228b44,36.8248571561759,-6.32017478958428,-118,-9.0,False,True,159.23743997478093,159.67422022167173,2.8865574489139956,4.318612173280795,267.9570327754177,float
2026-05-29 17:58:47.143355+00:00,stratolink-3,US,STALE,36.889307,-4.5321937,10034.0,7.0,ifapa,,,-118,-3.8,False,False,,,,,,float
2026-05-29 17:58:47.143355+00:00,stratolink-3,US,STALE,36.889307,-4.5321937,10034.0,7.0,ifapa-d583,,,-118,-7.5,False,False,,,,,,float
2026-05-29 17:58:47.143355+00:00,stratolink-3,US,STALE,36.889307,-4.5321937,10034.0,7.0,atd-mls-006,37.2688,-7.19147,-119,-7.2,False,True,239.64508520949892,240.02940473221577,1.317833244099474,3.4730102960533435,280.9413503859688,float
2026-05-29 17:58:47.143355+00:00,stratolink-3,US,STALE,36.889307,-4.5321937,10034.0,7.0,delacalceta-smartalmond,,,-119,-8.0,False,False,,,,,,float
2026-05-29 17:58:47.143355+00:00,stratolink-3,US,STALE,36.889307,-4.5321937,10034.0,7.0,atd-mls-004,37.45954,-7.27598,-119,-6.0,False,True,251.22228731948812,251.6039101888369,1.1554789686613132,3.4147721567398404,285.4449379611202,float
2026-05-29 17:58:47.143355+00:00,stratolink-3,US,STALE,36.889307,-4.5321937,10034.0,7.0,atd-mls-001,36.763839,-4.128103,-120,-6.2,False,True,38.577739557838306,39.890631644154645,14.394990398546456,14.74192786625532,111.08000598455124,float
2026-05-29 17:58:47.143355+00:00,stratolink-3,US,STALE,36.889307,-4.5321937,10034.0,7.0,atd-mls-012,37.9531158415138,-3.30860261429002,-120,-9.0,False,True,160.21067360328783,160.64623020421612,2.860351374278694,4.301158586853541,42.04063773309207,float
2026-05-29 17:58:47.143355+00:00,stratolink-3,US,STALE,36.889307,-4.5321937,10034.0,7.0,finca,,,-121,-6.8,False,False,,,,,,float
2026-05-29 17:58:47.143355+00:00,stratolink-3,US,STALE,36.889307,-4.5321937,10034.0,7.0,d4cbe3b8d0d04ecab529bb5fe0713a7e,,,-122,-8.2,False,False,,,,,,float
2026-05-29 17:58:47.143355+00:00,stratolink-3,US,STALE,36.889307,-4.5321937,10034.0,7.0,atd-mls-000,,,-122,-8.0,False,False,,,,,,float
2026-05-29 18:03:55.424526+00:00,stratolink-3,US,STALE,36.889307,-4.5321937,10034.0,7.0,ext-dlos8-025,,,-105,3.8,False,False,,,,,,float
2026-05-29 18:03:55.424526+00:00,stratolink-3,US,STALE,36.889307,-4.5321937,10034.0,7.0,eui-hdfenergy,,,-107,1.25,False,False,,,,,,float
2026-05-29 18:03:55.424526+00:00,stratolink-3,US,STALE,36.889307,-4.5321937,10034.0,7.0,atd-mls-003,36.75348,-4.02812,-107,-7.2,False,True,47.342554500600315,48.430550778019786,11.744371317101402,12.170132550433609,108.4525626474591,float
2026-05-29 18:03:55.424526+00:00,stratolink-3,US,STALE,36.889307,-4.5321937,10034.0,7.0,ifapa-d686,37.40081,-4.85583,-110,1.2,False,True,63.70074730113724,64.53544220434725,8.658112607649452,9.230986399972405,333.33375216275806,float
2026-05-29 18:03:55.424526+00:00,stratolink-3,US,STALE,36.889307,-4.5321937,10034.0,7.0,eui-3133303733004000,36.770203,-4.099151,-111,0.75,False,True,40.753895249758315,42.002038752050154,13.637897180472512,14.004405259465441,108.83383345472043,float
2026-05-29 18:03:55.424526+00:00,stratolink-3,US,STALE,36.889307,-4.5321937,10034.0,7.0,eui-5030354148104750,36.965073280321086,-4.130834992613251,-111,-1.5,False,True,36.657713511501925,38.033955845690926,15.131764155484271,15.461434437968405,76.59276224661255,float
2026-05-29 18:03:55.424526+00:00,stratolink-3,US,STALE,36.889307,-4.5321937,10034.0,7.0,rabanales-prolive,,,-111,1.0,False,False,,,,,,float
2026-05-29 18:03:55.424526+00:00,stratolink-3,US,STALE,36.889307,-4.5321937,10034.0,7.0,ies-antonio-gala-palma-del-rio,37.69985544958225,-5.274265758019731,-112,-5.3,False,True,111.49899305803068,112.03556836822099,4.636779420797395,5.639512570716337,324.15749828054015,float
2026-05-29 18:03:55.424526+00:00,stratolink-3,US,STALE,36.889307,-4.5321937,10034.0,7.0,eui-a84041ffff251210,37.1943547230777,-6.875614556957453,-112,-9.5,False,True,210.73326294733312,211.128101397383,1.7760888264245829,3.671255973251099,279.9670341769846,float
2026-05-29 18:03:55.424526+00:00,stratolink-3,US,STALE,36.889307,-4.5321937,10034.0,7.0,fuenreal-smartalmond,,,-113,-3.5,False,False,,,,,,float
2026-05-29 18:03:55.424526+00:00,stratolink-3,US,STALE,36.889307,-4.5321937,10034.0,7.0,crev01,,,-114,-1.8,False,False,,,,,,float
2026-05-29 18:03:55.424526+00:00,stratolink-3,US,STALE,36.889307,-4.5321937,10034.0,7.0,cet-cm-001,,,-114,-5.0,False,False,,,,,,float
2026-05-29 18:03:55.424526+00:00,stratolink-3,US,STALE,36.889307,-4.5321937,10034.0,7.0,grhs-inhabit-gw-mtcdt-l4e1-868-002,37.88107243390527,-4.779678200482805,-115,-7.8,False,True,112.42614038140002,112.95971158646819,4.590459408595955,5.601530583195562,348.8600113812098,float
2026-05-29 18:03:55.424526+00:00,stratolink-3,US,STALE,36.889307,-4.5321937,10034.0,7.0,ext-sg50-002,,,-116,-7.8,False,False,,,,,,float
2026-05-29 18:03:55.424526+00:00,stratolink-3,US,STALE,36.889307,-4.5321937,10034.0,7.0,ifapa,,,-116,-2.2,False,False,,,,,,float
2026-05-29 18:03:55.424526+00:00,stratolink-3,US,STALE,36.889307,-4.5321937,10034.0,7.0,lareina-smartalmond-sg50,,,-117,-4.5,False,False,,,,,,float
2026-05-29 18:03:55.424526+00:00,stratolink-3,US,STALE,36.889307,-4.5321937,10034.0,7.0,delacalceta-smartalmond,,,-118,-8.5,False,False,,,,,,float
2026-05-29 18:03:55.424526+00:00,stratolink-3,US,STALE,36.889307,-4.5321937,10034.0,7.0,ext-sg50-006,,,-118,-8.2,False,False,,,,,,float
2026-05-29 18:03:55.424526+00:00,stratolink-3,US,STALE,36.889307,-4.5321937,10034.0,7.0,sg50-eui-c0ba1ffffe004945,,,-118,-8.2,False,False,,,,,,float
2026-05-29 18:03:55.424526+00:00,stratolink-3,US,STALE,36.889307,-4.5321937,10034.0,7.0,packetbroker,,,-119,-4.25,True,False,,,,,,float
2026-05-29 18:03:55.424526+00:00,stratolink-3,US,STALE,36.889307,-4.5321937,10034.0,7.0,router-000008-lg308,36.8615275221493,-4.15498316287994,-120,-2.8,False,True,33.69460503355225,35.18228236757613,16.419255289549458,16.72227773409236,95.14675561411161,float
2026-05-29 18:09:03.375724+00:00,stratolink-3,US,STALE,36.889307,-4.5321937,10034.0,7.0,etsiit-rak,36.71460012615546,-4.477698504924775,-100,4.3,False,True,20.023295552181292,22.410815187873258,26.508080252466154,26.688153826857715,165.96033633803802,float
2026-05-29 18:09:03.375724+00:00,stratolink-3,US,STALE,36.889307,-4.5321937,10034.0,7.0,packetbroker,36.7357156,-4.55457939,-106,5.0,True,True,17.19448308852274,19.919760499822885,30.169133492942784,30.32376698079457,186.66223756602506,float
2026-05-29 18:09:03.375724+00:00,stratolink-3,US,STALE,36.889307,-4.5321937,10034.0,7.0,eui-hdfenergy,,,-110,-1.0,False,False,,,,,,float
2026-05-29 18:09:03.375724+00:00,stratolink-3,US,STALE,36.889307,-4.5321937,10034.0,7.0,etsarquitectura,36.72812749835394,-4.4196555018425,-110,7.0,False,True,20.532675581501284,22.86778389120755,25.933908360466447,26.118562893186464,150.760195565387,float
2026-05-29 18:09:03.375724+00:00,stratolink-3,US,STALE,36.889307,-4.5321937,10034.0,7.0,eco-kerlink,36.72737938425612,-4.417445361614228,-111,4.0,False,True,20.701737420886342,23.01994076508104,25.748367438236002,25.93454237850619,150.39640907181672,float
2026-05-29 18:09:03.375724+00:00,stratolink-3,US,STALE,36.889307,-4.5321937,10034.0,7.0,eui-a84041ffff251210,37.1943547230777,-6.875614556957453,-112,-8.2,False,True,210.73326294733312,211.128101397383,1.7760888264245829,3.671255973251099,279.9670341769846,float
2026-05-29 18:09:03.375724+00:00,stratolink-3,US,STALE,36.889307,-4.5321937,10034.0,7.0,ifapa-d686,37.40081,-4.85583,-114,-7.2,False,True,63.70074730113724,64.53544220434725,8.658112607649452,9.230986399972405,333.33375216275806,float
2026-05-29 18:09:03.375724+00:00,stratolink-3,US,STALE,36.889307,-4.5321937,10034.0,7.0,ext-sg50-002,,,-115,-5.5,False,False,,,,,,float
2026-05-29 18:09:03.375724+00:00,stratolink-3,US,STALE,36.889307,-4.5321937,10034.0,7.0,ifapa-d583,,,-117,-7.8,False,False,,,,,,float
2026-05-29 18:09:03.375724+00:00,stratolink-3,US,STALE,36.889307,-4.5321937,10034.0,7.0,atd-mls-003,36.75348,-4.02812,-117,-0.5,False,True,47.342554500600315,48.430550778019786,11.744371317101402,12.170132550433609,108.4525626474591,float
2026-05-29 18:09:03.375724+00:00,stratolink-3,US,STALE,36.889307,-4.5321937,10034.0,7.0,lareina-smartalmond-sg50,,,-117,-9.5,False,False,,,,,,float
2026-05-29 18:09:03.375724+00:00,stratolink-3,US,STALE,36.889307,-4.5321937,10034.0,7.0,finca,,,-118,-1.5,False,False,,,,,,float
2026-05-29 18:09:03.375724+00:00,stratolink-3,US,STALE,36.889307,-4.5321937,10034.0,7.0,etsia-d54b,36.189429816587435,-5.491463541984559,-120,-6.8,False,True,115.76140370062039,116.28465020481204,4.429371139853526,5.470437016666251,228.04450878122918,float
2026-05-29 18:09:03.375724+00:00,stratolink-3,US,STALE,36.889307,-4.5321937,10034.0,7.0,crev01,,,-120,-6.8,False,False,,,,,,float
2026-05-29 18:14:11.577048+00:00,stratolink-3,US,STALE,36.889307,-4.5321937,10034.0,7.0,etsiit-rak,36.71460012615546,-4.477698504924775,-100,-6.5,False,True,20.023295552181292,22.410815187873258,26.508080252466154,26.688153826857715,165.96033633803802,float
2026-05-29 18:14:11.577048+00:00,stratolink-3,US,STALE,36.889307,-4.5321937,10034.0,7.0,ext-dlos8-025,,,-106,2.5,False,False,,,,,,float
2026-05-29 18:14:11.577048+00:00,stratolink-3,US,STALE,36.889307,-4.5321937,10034.0,7.0,fest-kerlink,36.71525376025787,-4.495701491832734,-107,3.0,False,True,19.6246913689521,22.05483890803083,26.973878668713425,27.150367514509398,170.45926791850275,float
2026-05-29 18:14:11.577048+00:00,stratolink-3,US,STALE,36.889307,-4.5321937,10034.0,7.0,eui-hdfenergy,,,-108,2.25,False,False,,,,,,float
2026-05-29 18:14:11.577048+00:00,stratolink-3,US,STALE,36.889307,-4.5321937,10034.0,7.0,wisgate-los-cerros-e3,38.01586250073645,-3.383658022157903,-111,-8.5,False,True,161.1512868449637,161.58568182138725,2.8352732409953743,4.284539579996473,38.63698101591666,float
2026-05-29 18:14:11.577048+00:00,stratolink-3,US,STALE,36.889307,-4.5321937,10034.0,7.0,atd-mls-003,36.75348,-4.02812,-111,,False,True,47.342554500600315,48.430550778019786,11.744371317101402,12.170132550433609,108.4525626474591,float
2026-05-29 18:14:11.577048+00:00,stratolink-3,US,STALE,36.889307,-4.5321937,10034.0,7.0,rabanales-prolive,,,-112,-6.8,False,False,,,,,,float
2026-05-29 18:14:11.577048+00:00,stratolink-3,US,STALE,36.889307,-4.5321937,10034.0,7.0,fuenreal-smartalmond,,,-114,-6.2,False,False,,,,,,float
2026-05-29 18:14:11.577048+00:00,stratolink-3,US,STALE,36.889307,-4.5321937,10034.0,7.0,ifapa-d686,37.40081,-4.85583,-114,-1.5,False,True,63.70074730113724,64.53544220434725,8.658112607649452,9.230986399972405,333.33375216275806,float
2026-05-29 18:14:11.577048+00:00,stratolink-3,US,STALE,36.889307,-4.5321937,10034.0,7.0,finca,,,-117,1.2,False,False,,,,,,float
2026-05-29 18:14:11.577048+00:00,stratolink-3,US,STALE,36.889307,-4.5321937,10034.0,7.0,ifapa,,,-118,-6.8,False,False,,,,,,float
2026-05-29 18:14:11.577048+00:00,stratolink-3,US,STALE,36.889307,-4.5321937,10034.0,7.0,router-000008-lg308,36.8615275221493,-4.15498316287994,-119,-5.2,False,True,33.69460503355225,35.18228236757613,16.419255289549458,16.72227773409236,95.14675561411161,float
2026-05-29 18:14:11.577048+00:00,stratolink-3,US,STALE,36.889307,-4.5321937,10034.0,7.0,delacalceta-smartalmond,,,-119,-7.8,False,False,,,,,,float
2026-05-29 18:14:11.577048+00:00,stratolink-3,US,STALE,36.889307,-4.5321937,10034.0,7.0,packetbroker,,,-119,-2.75,True,False,,,,,,float
2026-05-29 18:14:11.577048+00:00,stratolink-3,US,STALE,36.889307,-4.5321937,10034.0,7.0,ifapa-d583,,,-119,-9.2,False,False,,,,,,float
2026-05-29 18:19:20.031349+00:00,stratolink-3,US,STALE,36.889307,-4.5321937,10034.0,7.0,etsiit-rak,36.71460012615546,-4.477698504924775,-98,4.0,False,True,20.023295552181292,22.410815187873258,26.508080252466154,26.688153826857715,165.96033633803802,float
2026-05-29 18:19:20.031349+00:00,stratolink-3,US,STALE,36.889307,-4.5321937,10034.0,7.0,fest-kerlink,36.71525376025787,-4.495701491832734,-103,-1.0,False,True,19.6246913689521,22.05483890803083,26.973878668713425,27.150367514509398,170.45926791850275,float
2026-05-29 18:19:20.031349+00:00,stratolink-3,US,STALE,36.889307,-4.5321937,10034.0,7.0,packetbroker,36.7357156,-4.55457939,-103,-7.0,True,True,17.19448308852274,19.919760499822885,30.169133492942784,30.32376698079457,186.66223756602506,float
2026-05-29 18:19:20.031349+00:00,stratolink-3,US,STALE,36.889307,-4.5321937,10034.0,7.0,eui-hdfenergy,,,-110,-2.0,False,False,,,,,,float
2026-05-29 18:19:20.031349+00:00,stratolink-3,US,STALE,36.889307,-4.5321937,10034.0,7.0,ifapa-d686,37.40081,-4.85583,-114,-7.5,False,True,63.70074730113724,64.53544220434725,8.658112607649452,9.230986399972405,333.33375216275806,float
2026-05-29 18:19:20.031349+00:00,stratolink-3,US,STALE,36.889307,-4.5321937,10034.0,7.0,atd-mls-003,36.75348,-4.02812,-115,-1.5,False,True,47.342554500600315,48.430550778019786,11.744371317101402,12.170132550433609,108.4525626474591,float
2026-05-29 18:19:20.031349+00:00,stratolink-3,US,STALE,36.889307,-4.5321937,10034.0,7.0,ext-sg50-002,,,-115,-4.0,False,False,,,,,,float
2026-05-29 18:19:20.031349+00:00,stratolink-3,US,STALE,36.889307,-4.5321937,10034.0,7.0,atd-mls-001,36.763839,-4.128103,-117,-3.2,False,True,38.577739557838306,39.890631644154645,14.394990398546456,14.74192786625532,111.08000598455124,float
2026-05-29 18:19:20.031349+00:00,stratolink-3,US,STALE,36.889307,-4.5321937,10034.0,7.0,finca,,,-120,-6.2,False,False,,,,,,float
2026-05-29 18:29:26.097416+00:00,stratolink-3,US,STALE,36.889307,-4.5321937,10034.0,7.0,etsiit-rak,36.71460012615546,-4.477698504924775,-105,1.8,False,True,20.023295552181292,22.410815187873258,26.508080252466154,26.688153826857715,165.96033633803802,float
2026-05-29 18:29:26.097416+00:00,stratolink-3,US,STALE,36.889307,-4.5321937,10034.0,7.0,eui-3133303733004000,36.770203,-4.099151,-107,1.0,False,True,40.753895249758315,42.002038752050154,13.637897180472512,14.004405259465441,108.83383345472043,float
2026-05-29 18:29:26.097416+00:00,stratolink-3,US,STALE,36.889307,-4.5321937,10034.0,7.0,eui-hdfenergy,,,-107,-1.5,False,False,,,,,,float
2026-05-29 18:29:26.097416+00:00,stratolink-3,US,STALE,36.889307,-4.5321937,10034.0,7.0,fest-kerlink,36.71525376025787,-4.495701491832734,-107,7.0,False,True,19.6246913689521,22.05483890803083,26.973878668713425,27.150367514509398,170.45926791850275,float
2026-05-29 18:29:26.097416+00:00,stratolink-3,US,STALE,36.889307,-4.5321937,10034.0,7.0,packetbroker,36.7357156,-4.55457939,-108,9.0,True,True,17.19448308852274,19.919760499822885,30.169133492942784,30.32376698079457,186.66223756602506,float
2026-05-29 18:29:26.097416+00:00,stratolink-3,US,STALE,36.889307,-4.5321937,10034.0,7.0,etsarquitectura,36.72812749835394,-4.4196555018425,-112,3.0,False,True,20.532675581501284,22.86778389120755,25.933908360466447,26.118562893186464,150.760195565387,float
2026-05-29 18:29:26.097416+00:00,stratolink-3,US,STALE,36.889307,-4.5321937,10034.0,7.0,rabanales-prolive,,,-113,-9.0,False,False,,,,,,float
2026-05-29 18:29:26.097416+00:00,stratolink-3,US,STALE,36.889307,-4.5321937,10034.0,7.0,eco-kerlink,36.72737938425612,-4.417445361614228,-113,1.0,False,True,20.701737420886342,23.01994076508104,25.748367438236002,25.93454237850619,150.39640907181672,float
2026-05-29 18:29:26.097416+00:00,stratolink-3,US,STALE,36.889307,-4.5321937,10034.0,7.0,atd-mls-003,36.75348,-4.02812,-114,3.5,False,True,47.342554500600315,48.430550778019786,11.744371317101402,12.170132550433609,108.4525626474591,float
2026-05-29 18:29:26.097416+00:00,stratolink-3,US,STALE,36.889307,-4.5321937,10034.0,7.0,ifapa-d686,37.40081,-4.85583,-114,-5.5,False,True,63.70074730113724,64.53544220434725,8.658112607649452,9.230986399972405,333.33375216275806,float
2026-05-29 18:29:26.097416+00:00,stratolink-3,US,STALE,36.889307,-4.5321937,10034.0,7.0,ext-sg50-002,,,-115,-5.0,False,False,,,,,,float
2026-05-29 18:29:26.097416+00:00,stratolink-3,US,STALE,36.889307,-4.5321937,10034.0,7.0,finca,,,-118,-1.8,False,False,,,,,,float
2026-05-29 18:29:26.097416+00:00,stratolink-3,US,STALE,36.889307,-4.5321937,10034.0,7.0,packetbroker,,,-118,-6.5,True,False,,,,,,float
2026-05-29 18:29:26.097416+00:00,stratolink-3,US,STALE,36.889307,-4.5321937,10034.0,7.0,atd-mls-001,36.763839,-4.128103,-119,-9.5,False,True,38.577739557838306,39.890631644154645,14.394990398546456,14.74192786625532,111.08000598455124,float
2026-05-29 18:29:26.097416+00:00,stratolink-3,US,STALE,36.889307,-4.5321937,10034.0,7.0,router-000008-lg308,36.8615275221493,-4.15498316287994,-123,-4.2,False,True,33.69460503355225,35.18228236757613,16.419255289549458,16.72227773409236,95.14675561411161,float
2026-05-29 18:34:34.195030+00:00,stratolink-3,US,STALE,36.889307,-4.5321937,10034.0,7.0,etsiit-rak,36.71460012615546,-4.477698504924775,-99,0.3,False,True,20.023295552181292,22.410815187873258,26.508080252466154,26.688153826857715,165.96033633803802,float
2026-05-29 18:34:34.195030+00:00,stratolink-3,US,STALE,36.889307,-4.5321937,10034.0,7.0,eui-3133303733004000,36.770203,-4.099151,-103,-0.25,False,True,40.753895249758315,42.002038752050154,13.637897180472512,14.004405259465441,108.83383345472043,float
2026-05-29 18:34:34.195030+00:00,stratolink-3,US,STALE,36.889307,-4.5321937,10034.0,7.0,packetbroker,36.7357156,-4.55457939,-106,2.0,True,True,17.19448308852274,19.919760499822885,30.169133492942784,30.32376698079457,186.66223756602506,float
2026-05-29 18:34:34.195030+00:00,stratolink-3,US,STALE,36.889307,-4.5321937,10034.0,7.0,eui-hdfenergy,,,-109,-4.75,False,False,,,,,,float
2026-05-29 18:34:34.195030+00:00,stratolink-3,US,STALE,36.889307,-4.5321937,10034.0,7.0,eui-a84041ffff251210,37.1943547230777,-6.875614556957453,-111,-5.2,False,True,210.73326294733312,211.128101397383,1.7760888264245829,3.671255973251099,279.9670341769846,float
2026-05-29 18:34:34.195030+00:00,stratolink-3,US,STALE,36.889307,-4.5321937,10034.0,7.0,ext-sg50-002,,,-113,2.2,False,False,,,,,,float
2026-05-29 18:34:34.195030+00:00,stratolink-3,US,STALE,36.889307,-4.5321937,10034.0,7.0,ext-dlos8-003,,,-113,-5.5,False,False,,,,,,float
2026-05-29 18:34:34.195030+00:00,stratolink-3,US,STALE,36.889307,-4.5321937,10034.0,7.0,rabanales-prolive,,,-114,-7.8,False,False,,,,,,float
2026-05-29 18:34:34.195030+00:00,stratolink-3,US,STALE,36.889307,-4.5321937,10034.0,7.0,ifapa-d686,37.40081,-4.85583,-115,-8.2,False,True,63.70074730113724,64.53544220434725,8.658112607649452,9.230986399972405,333.33375216275806,float
2026-05-29 18:34:34.195030+00:00,stratolink-3,US,STALE,36.889307,-4.5321937,10034.0,7.0,atd-mls-006,37.2688,-7.19147,-117,-3.8,False,True,239.64508520949892,240.02940473221577,1.317833244099474,3.4730102960533435,280.9413503859688,float
2026-05-29 18:34:34.195030+00:00,stratolink-3,US,STALE,36.889307,-4.5321937,10034.0,7.0,eui-a84041ffff228b44,36.8248571561759,-6.32017478958428,-118,-8.5,False,True,159.23743997478093,159.67422022167173,2.8865574489139956,4.318612173280795,267.9570327754177,float
2026-05-29 18:34:34.195030+00:00,stratolink-3,US,STALE,36.889307,-4.5321937,10034.0,7.0,ifapa-d583,,,-118,-8.5,False,False,,,,,,float
2026-05-29 18:34:34.195030+00:00,stratolink-3,US,STALE,36.889307,-4.5321937,10034.0,7.0,atd-mls-001,36.763839,-4.128103,-119,-5.5,False,True,38.577739557838306,39.890631644154645,14.394990398546456,14.74192786625532,111.08000598455124,float
2026-05-29 18:34:34.195030+00:00,stratolink-3,US,STALE,36.889307,-4.5321937,10034.0,7.0,finca,,,-120,-4.8,False,False,,,,,,float
2026-05-29 18:34:34.195030+00:00,stratolink-3,US,STALE,36.889307,-4.5321937,10034.0,7.0,crev01,,,-124,-8.5,False,False,,,,,,float
2026-05-29 18:39:42.053919+00:00,stratolink-3,US,STALE,36.889307,-4.5321937,10034.0,7.0,packetbroker,36.7357156,-4.55457939,-95,-7.0,True,True,17.19448308852274,19.919760499822885,30.169133492942784,30.32376698079457,186.66223756602506,float
2026-05-29 18:39:42.053919+00:00,stratolink-3,US,STALE,36.889307,-4.5321937,10034.0,7.0,etsiit-rak,36.71460012615546,-4.477698504924775,-99,3.0,False,True,20.023295552181292,22.410815187873258,26.508080252466154,26.688153826857715,165.96033633803802,float
2026-05-29 18:39:42.053919+00:00,stratolink-3,US,STALE,36.889307,-4.5321937,10034.0,7.0,eui-hdfenergy,,,-109,-4.0,False,False,,,,,,float
2026-05-29 18:39:42.053919+00:00,stratolink-3,US,STALE,36.889307,-4.5321937,10034.0,7.0,ifapa-d686,37.40081,-4.85583,-112,-4.0,False,True,63.70074730113724,64.53544220434725,8.658112607649452,9.230986399972405,333.33375216275806,float
2026-05-29 18:39:42.053919+00:00,stratolink-3,US,STALE,36.889307,-4.5321937,10034.0,7.0,ext-dlos8-003,,,-113,-8.2,False,False,,,,,,float
2026-05-29 18:39:42.053919+00:00,stratolink-3,US,STALE,36.889307,-4.5321937,10034.0,7.0,rabanales-prolive,,,-113,-5.2,False,False,,,,,,float
2026-05-29 18:39:42.053919+00:00,stratolink-3,US,STALE,36.889307,-4.5321937,10034.0,7.0,delacalceta-smartalmond,,,-116,-8.0,False,False,,,,,,float
2026-05-29 18:39:42.053919+00:00,stratolink-3,US,STALE,36.889307,-4.5321937,10034.0,7.0,atd-mls-003,36.75348,-4.02812,-116,-3.2,False,True,47.342554500600315,48.430550778019786,11.744371317101402,12.170132550433609,108.4525626474591,float
2026-05-29 18:39:42.053919+00:00,stratolink-3,US,STALE,36.889307,-4.5321937,10034.0,7.0,anguillas-smartalmond,,,-118,-8.5,False,False,,,,,,float
2026-05-29 18:39:42.053919+00:00,stratolink-3,US,STALE,36.889307,-4.5321937,10034.0,7.0,router-000008-lg308,36.8615275221493,-4.15498316287994,-119,-0.8,False,True,33.69460503355225,35.18228236757613,16.419255289549458,16.72227773409236,95.14675561411161,float
2026-05-29 18:39:42.053919+00:00,stratolink-3,US,STALE,36.889307,-4.5321937,10034.0,7.0,finca,,,-119,-2.5,False,False,,,,,,float
2026-05-29 18:39:42.053919+00:00,stratolink-3,US,STALE,36.889307,-4.5321937,10034.0,7.0,crev01,,,-119,-6.8,False,False,,,,,,float
2026-05-29 18:39:42.053919+00:00,stratolink-3,US,STALE,36.889307,-4.5321937,10034.0,7.0,packetbroker,,,-120,-7.75,True,False,,,,,,float
2026-05-29 18:44:50.293898+00:00,stratolink-3,US,STALE,36.889307,-4.5321937,10034.0,7.0,etsiit-rak,36.71460012615546,-4.477698504924775,-105,5.0,False,True,20.023295552181292,22.410815187873258,26.508080252466154,26.688153826857715,165.96033633803802,float
2026-05-29 18:44:50.293898+00:00,stratolink-3,US,STALE,36.889307,-4.5321937,10034.0,7.0,fest-kerlink,36.71525376025787,-4.495701491832734,-107,5.0,False,True,19.6246913689521,22.05483890803083,26.973878668713425,27.150367514509398,170.45926791850275,float
2026-05-29 18:44:50.293898+00:00,stratolink-3,US,STALE,36.889307,-4.5321937,10034.0,7.0,eui-a84041ffff251210,37.1943547230777,-6.875614556957453,-110,-4.5,False,True,210.73326294733312,211.128101397383,1.7760888264245829,3.671255973251099,279.9670341769846,float
2026-05-29 18:44:50.293898+00:00,stratolink-3,US,STALE,36.889307,-4.5321937,10034.0,7.0,packetbroker,36.7357156,-4.55457939,-110,1.0,True,True,17.19448308852274,19.919760499822885,30.169133492942784,30.32376698079457,186.66223756602506,float
2026-05-29 18:44:50.293898+00:00,stratolink-3,US,STALE,36.889307,-4.5321937,10034.0,7.0,ifapa-d6bf,37.56199,-4.82682,-111,-7.0,False,True,79.21721151362819,79.91151448699331,6.856972029504365,7.569388544221048,340.8627070563918,float
2026-05-29 18:44:50.293898+00:00,stratolink-3,US,STALE,36.889307,-4.5321937,10034.0,7.0,ifapa-d686,37.40081,-4.85583,-112,-2.2,False,True,63.70074730113724,64.53544220434725,8.658112607649452,9.230986399972405,333.33375216275806,float
2026-05-29 18:44:50.293898+00:00,stratolink-3,US,STALE,36.889307,-4.5321937,10034.0,7.0,wisgate-los-cerros-e3,38.01586250073645,-3.383658022157903,-113,-8.8,False,True,161.1512868449637,161.58568182138725,2.8352732409953743,4.284539579996473,38.63698101591666,float
2026-05-29 18:44:50.293898+00:00,stratolink-3,US,STALE,36.889307,-4.5321937,10034.0,7.0,ext-dlos8-003,,,-113,-8.5,False,False,,,,,,float
2026-05-29 18:44:50.293898+00:00,stratolink-3,US,STALE,36.889307,-4.5321937,10034.0,7.0,etsarquitectura,36.72812749835394,-4.4196555018425,-113,2.0,False,True,20.532675581501284,22.86778389120755,25.933908360466447,26.118562893186464,150.760195565387,float
2026-05-29 18:44:50.293898+00:00,stratolink-3,US,STALE,36.889307,-4.5321937,10034.0,7.0,503139536f424750,37.3568290227487,-6.05310315850327,-114,-6.75,False,True,144.51615302475793,144.97446456911814,3.318651947840764,4.618315140863905,291.5407846216751,float
2026-05-29 18:44:50.293898+00:00,stratolink-3,US,STALE,36.889307,-4.5321937,10034.0,7.0,fuenreal-smartalmond,,,-114,-9.8,False,False,,,,,,float
2026-05-29 18:44:50.293898+00:00,stratolink-3,US,STALE,36.889307,-4.5321937,10034.0,7.0,ext-sg50-002,,,-114,-1.0,False,False,,,,,,float
2026-05-29 18:44:50.293898+00:00,stratolink-3,US,STALE,36.889307,-4.5321937,10034.0,7.0,rabanales-prolive,,,-114,-4.8,False,False,,,,,,float
2026-05-29 18:44:50.293898+00:00,stratolink-3,US,STALE,36.889307,-4.5321937,10034.0,7.0,atd-mls-003,36.75348,-4.02812,-114,2.2,False,True,47.342554500600315,48.430550778019786,11.744371317101402,12.170132550433609,108.4525626474591,float
2026-05-29 18:44:50.293898+00:00,stratolink-3,US,STALE,36.889307,-4.5321937,10034.0,7.0,eco-kerlink,36.72737938425612,-4.417445361614228,-114,-8.0,False,True,20.701737420886342,23.01994076508104,25.748367438236002,25.93454237850619,150.39640907181672,float
2026-05-29 18:44:50.293898+00:00,stratolink-3,US,STALE,36.889307,-4.5321937,10034.0,7.0,atd-mls-004,37.45954,-7.27598,-117,-8.2,False,True,251.22228731948812,251.6039101888369,1.1554789686613132,3.4147721567398404,285.4449379611202,float
2026-05-29 18:44:50.293898+00:00,stratolink-3,US,STALE,36.889307,-4.5321937,10034.0,7.0,ext-sg50-006,,,-117,-7.2,False,False,,,,,,float
2026-05-29 18:44:50.293898+00:00,stratolink-3,US,STALE,36.889307,-4.5321937,10034.0,7.0,anguillas-smartalmond,,,-117,-4.5,False,False,,,,,,float
2026-05-29 18:44:50.293898+00:00,stratolink-3,US,STALE,36.889307,-4.5321937,10034.0,7.0,ifapa,,,-117,-4.5,False,False,,,,,,float
2026-05-29 18:44:50.293898+00:00,stratolink-3,US,STALE,36.889307,-4.5321937,10034.0,7.0,ext-sg50-009,,,-118,-8.0,False,False,,,,,,float
2026-05-29 18:44:50.293898+00:00,stratolink-3,US,STALE,36.889307,-4.5321937,10034.0,7.0,atd-mls-006,37.2688,-7.19147,-119,-8.8,False,True,239.64508520949892,240.02940473221577,1.317833244099474,3.4730102960533435,280.9413503859688,float
2026-05-29 18:44:50.293898+00:00,stratolink-3,US,STALE,36.889307,-4.5321937,10034.0,7.0,finca,,,-120,-6.2,False,False,,,,,,float
2026-05-29 18:44:50.293898+00:00,stratolink-3,US,STALE,36.889307,-4.5321937,10034.0,7.0,ies-antonio-gala-palma-del-rio,37.69985544958225,-5.274265758019731,-120,-7.5,False,True,111.49899305803068,112.03556836822099,4.636779420797395,5.639512570716337,324.15749828054015,float
2026-05-29 18:49:58.540228+00:00,stratolink-3,US,STALE,36.889307,-4.5321937,10034.0,7.0,eui-a84041ffff251210,37.1943547230777,-6.875614556957453,-111,-4.0,False,True,210.73326294733312,211.128101397383,1.7760888264245829,3.671255973251099,279.9670341769846,float
2026-05-29 18:49:58.540228+00:00,stratolink-3,US,STALE,36.889307,-4.5321937,10034.0,7.0,ext-sg50-002,,,-112,-0.5,False,False,,,,,,float
2026-05-29 18:49:58.540228+00:00,stratolink-3,US,STALE,36.889307,-4.5321937,10034.0,7.0,ifapa-d686,37.40081,-4.85583,-114,-7.5,False,True,63.70074730113724,64.53544220434725,8.658112607649452,9.230986399972405,333.33375216275806,float
2026-05-29 18:49:58.540228+00:00,stratolink-3,US,STALE,36.889307,-4.5321937,10034.0,7.0,ext-dlos8-003,,,-114,-8.2,False,False,,,,,,float
2026-05-29 18:49:58.540228+00:00,stratolink-3,US,STALE,36.889307,-4.5321937,10034.0,7.0,atd-mls-003,36.75348,-4.02812,-116,-2.5,False,True,47.342554500600315,48.430550778019786,11.744371317101402,12.170132550433609,108.4525626474591,float
2026-05-29 18:49:58.540228+00:00,stratolink-3,US,STALE,36.889307,-4.5321937,10034.0,7.0,atd-mls-004,37.45954,-7.27598,-117,-7.5,False,True,251.22228731948812,251.6039101888369,1.1554789686613132,3.4147721567398404,285.4449379611202,float
2026-05-29 18:49:58.540228+00:00,stratolink-3,US,STALE,36.889307,-4.5321937,10034.0,7.0,atd-mls-006,37.2688,-7.19147,-118,-7.5,False,True,239.64508520949892,240.02940473221577,1.317833244099474,3.4730102960533435,280.9413503859688,float
2026-05-29 18:49:58.540228+00:00,stratolink-3,US,STALE,36.889307,-4.5321937,10034.0,7.0,ifapa-d583,,,-118,-8.2,False,False,,,,,,float
2026-05-29 18:49:58.540228+00:00,stratolink-3,US,STALE,36.889307,-4.5321937,10034.0,7.0,atd-mls-001,36.763839,-4.128103,-119,-9.8,False,True,38.577739557838306,39.890631644154645,14.394990398546456,14.74192786625532,111.08000598455124,float
2026-05-29 18:55:06.731565+00:00,stratolink-3,US,STALE,36.889307,-4.5321937,10034.0,7.0,fest-kerlink,36.71525376025787,-4.495701491832734,-107,-5.0,False,True,19.6246913689521,22.05483890803083,26.973878668713425,27.150367514509398,170.45926791850275,float
2026-05-29 18:55:06.731565+00:00,stratolink-3,US,STALE,36.889307,-4.5321937,10034.0,7.0,ext-sg50-002,,,-114,-1.5,False,False,,,,,,float
2026-05-29 18:55:06.731565+00:00,stratolink-3,US,STALE,36.889307,-4.5321937,10034.0,7.0,finca,,,-116,2.8,False,False,,,,,,float
2026-05-29 18:55:06.731565+00:00,stratolink-3,US,STALE,36.889307,-4.5321937,10034.0,7.0,atd-mls-003,36.75348,-4.02812,-117,-2.2,False,True,47.342554500600315,48.430550778019786,11.744371317101402,12.170132550433609,108.4525626474591,float
2026-05-29 18:55:06.731565+00:00,stratolink-3,US,STALE,36.889307,-4.5321937,10034.0,7.0,router-000008-lg308,36.8615275221493,-4.15498316287994,-125,-6.8,False,True,33.69460503355225,35.18228236757613,16.419255289549458,16.72227773409236,95.14675561411161,float
2026-05-29 19:00:05.970190+00:00,stratolink-3,US,NOGPS,,,,7.0,etsiit-rak,36.71460012615546,-4.477698504924775,-104,1.0,False,False,,,,,,ascent
2026-05-29 19:00:05.970190+00:00,stratolink-3,US,NOGPS,,,,7.0,ext-sg50-002,,,-114,-2.0,False,False,,,,,,ascent
2026-05-29 19:00:05.970190+00:00,stratolink-3,US,NOGPS,,,,7.0,finca,,,-115,2.8,False,False,,,,,,ascent
2026-05-29 19:00:05.970190+00:00,stratolink-3,US,NOGPS,,,,7.0,ifapa-d583,,,-117,-8.8,False,False,,,,,,ascent
2026-05-29 19:00:05.970190+00:00,stratolink-3,US,NOGPS,,,,7.0,atd-mls-001,36.763839,-4.128103,-118,-3.5,False,False,,,,,,ascent
2026-05-29 19:00:05.970190+00:00,stratolink-3,US,NOGPS,,,,7.0,crev01,,,-121,-9.3,False,False,,,,,,ascent
2026-05-29 19:15:03.066889+00:00,stratolink-3,US,NOGPS,,,,7.0,eui-a84041ffff251210,37.1943547230777,-6.875614556957453,-112,-6.2,False,False,,,,,,ascent
2026-05-29 19:15:03.066889+00:00,stratolink-3,US,NOGPS,,,,7.0,ext-dlos8-003,,,-113,-8.2,False,False,,,,,,ascent
2026-05-29 19:15:03.066889+00:00,stratolink-3,US,NOGPS,,,,7.0,ext-sg50-002,,,-115,-2.2,False,False,,,,,,ascent
2026-05-29 19:15:03.066889+00:00,stratolink-3,US,NOGPS,,,,7.0,atd-mls-006,37.2688,-7.19147,-117,-7.8,False,False,,,,,,ascent
2026-05-29 19:15:03.066889+00:00,stratolink-3,US,NOGPS,,,,7.0,finca,,,-118,0.5,False,False,,,,,,ascent
2026-05-29 19:15:03.066889+00:00,stratolink-3,US,NOGPS,,,,7.0,ifapa-d583,,,-118,-5.2,False,False,,,,,,ascent
2026-05-29 19:15:03.066889+00:00,stratolink-3,US,NOGPS,,,,7.0,atd-mls-004,37.45954,-7.27598,-119,-7.2,False,False,,,,,,ascent
2026-05-29 19:30:00.338280+00:00,stratolink-3,US,NOGPS,,,,7.0,atd-mls-003,36.75348,-4.02812,-111,-6.8,False,False,,,,,,ascent
2026-05-29 19:30:00.338280+00:00,stratolink-3,US,NOGPS,,,,7.0,ext-sg50-002,,,-117,-7.2,False,False,,,,,,ascent
2026-05-29 19:30:00.338280+00:00,stratolink-3,US,NOGPS,,,,7.0,atd-mls-001,36.763839,-4.128103,-117,-8.5,False,False,,,,,,ascent
2026-05-29 19:30:00.338280+00:00,stratolink-3,US,NOGPS,,,,7.0,finca,,,-118,-1.2,False,False,,,,,,ascent
2026-05-29 19:30:00.338280+00:00,stratolink-3,US,NOGPS,,,,7.0,ifapa-d583,,,-118,-6.8,False,False,,,,,,ascent
2026-05-29 19:45:04.098429+00:00,stratolink-3,US,NOGPS,,,,7.0,etsarquitectura,36.72812749835394,-4.4196555018425,-112,3.0,False,False,,,,,,ascent
2026-05-29 19:45:04.098429+00:00,stratolink-3,US,NOGPS,,,,7.0,atd-mls-003,36.75348,-4.02812,-113,-0.5,False,False,,,,,,ascent
2026-05-29 19:45:04.098429+00:00,stratolink-3,US,NOGPS,,,,7.0,ext-dlos8-003,,,-113,-9.0,False,False,,,,,,ascent
2026-05-29 19:45:04.098429+00:00,stratolink-3,US,NOGPS,,,,7.0,finca,,,-114,4.0,False,False,,,,,,ascent
2026-05-29 19:45:04.098429+00:00,stratolink-3,US,NOGPS,,,,7.0,iesromerovargas2,,,-115,-8.0,False,False,,,,,,ascent
2026-05-29 19:45:04.098429+00:00,stratolink-3,US,NOGPS,,,,7.0,ies-antonio-gala-palma-del-rio,37.69985544958225,-5.274265758019731,-116,-3.5,False,False,,,,,,ascent
2026-05-29 19:45:04.098429+00:00,stratolink-3,US,NOGPS,,,,7.0,ifapa-d583,,,-117,-5.8,False,False,,,,,,ascent
2026-05-29 19:45:04.098429+00:00,stratolink-3,US,NOGPS,,,,7.0,sg50-eui-c0ba1ffffe004945,,,-118,-8.8,False,False,,,,,,ascent
2026-05-29 19:45:04.098429+00:00,stratolink-3,US,NOGPS,,,,7.0,iag-agrotech,37.7574787684571,-5.40559535662634,-119,-7.0,False,False,,,,,,ascent
2026-05-29 19:45:04.098429+00:00,stratolink-3,US,NOGPS,,,,7.0,milesight-d499,36.74992,-6.40049,-121,-9.5,False,False,,,,,,ascent
