id,device_id,time,lat,lon,altitude_m,velocity_x,velocity_y,created_at,uv_index,ambient_lux,acoustic_event,temperature,pressure,solar_voltage,battery_voltage,rssi,snr,gps_speed,gps_heading,gps_satellites,mems_accel_x,mems_accel_y,mems_accel_z,firmware_version,uptime_s,tx_count,hdop,power_mode,sleep_ms,lora_sf,lora_bw,frequency_hz,gateways,region
c927b638-8a24-46c4-bdbc-d545eb552bf3,stratolink-3,2026-05-15 14:00:30.323000+00:00,,,,0.0,0.0,2026-05-15 14:00:31.052211+00:00,0.0,45.0,0.0,22.5,101.3,0.42,3.94,-92.0,8.1,0.0,0.0,0.0,0.0,0.0,0.0,,,,,,,,,,,US
ddc4e3c7-3df9-4b9b-bc4a-259a3bf32180,stratolink-3,2026-05-15 16:48:38.570605+00:00,-208.3533648,-122.3978122,4.0,0.0,0.05,2026-05-15 16:48:40.261997+00:00,0.0,6314.0,0.0,27.0,3358.0,3.44,3.68,-47.0,7.5,0.05,0.0,14.0,-0.61,-0.3,9.52,,,,,,,,,,,US
5b3f19b0-c48b-4a69-b090-669c59bafe32,stratolink-3,2026-05-15 16:50:41.571810+00:00,37.7784616,-122.3978122,1.0,0.0,0.02,2026-05-15 16:50:42.102381+00:00,0.0,6324.0,0.0,27.1,3355.0,3.714,4.032,-51.0,8.25,0.02,0.0,16.0,-0.61,-0.3,9.67,,,,,,,,,,,US
a89b006d-0e4f-4fa0-8afe-20406eb1091e,stratolink-3,2026-05-15 16:52:44.588198+00:00,37.7785139,-122.3978633,1.0,0.0,0.04,2026-05-15 16:52:44.997619+00:00,0.0,6325.0,0.0,27.1,3356.0,3.878,4.356,-48.0,9.0,0.04,0.0,16.0,-0.46,-0.3,9.67,,,,,,,,,,,US
c6bb458b-b8e0-4c05-b578-03036e865793,stratolink-3,2026-05-15 16:54:46.584373+00:00,37.7785132,-122.3978603,-8.0,0.0,0.05,2026-05-15 16:54:47.272457+00:00,0.0,6363.0,0.0,27.3,3355.0,4.072,4.684,-51.0,8.0,0.05,0.0,18.0,-0.61,-0.3,9.67,,,,,,,,,,,US
d4e28600-4e6c-4ffa-8fcb-b94102b1e7fe,stratolink-3,2026-05-15 16:55:49.567925+00:00,37.7785257,-122.3979067,-17.0,-0.0166985688062811,0.0471291608223815,2026-05-15 16:55:49.824074+00:00,0.0,6382.0,0.0,27.6,3359.0,4.174,4.806,-50.0,7.0,0.05,340.49,16.0,-0.61,-0.3,9.52,,,,,,,,,,,US
c781db35-692a-4090-9fb0-d6856a59e724,stratolink-3,2026-05-15 16:56:51.595443+00:00,37.7785276,-122.3979245,-19.0,-0.0166985688062811,0.0471291608223815,2026-05-15 16:56:51.981203+00:00,0.0,6382.0,0.0,27.5,3358.0,4.286,4.948,-48.0,8.0,0.05,340.49,20.0,-0.46,-0.3,9.52,,,,,,,,,,,US
c59b0bfe-7dd1-4ed5-aa9c-af5463b5950c,stratolink-3,2026-05-15 16:57:54.572143+00:00,37.7785022,-122.3979193,-17.0,-0.0133588550450249,0.0377033286579052,2026-05-15 16:57:54.732202+00:00,0.0,6406.0,0.0,27.5,3358.0,4.262,5.066,-48.0,8.0,0.04,340.49,20.0,-0.76,-0.3,9.06,,,,,,,,,,,US
f178af72-546b-4469-8745-30163dd766dd,stratolink-3,2026-05-15 16:58:56.407244+00:00,37.7785077,-122.3978832,-11.0,-0.00667942752251243,0.0188516643289526,2026-05-15 16:58:56.595374+00:00,0.0,6416.0,0.0,27.6,3360.0,4.322,5.154,-48.0,6.5,0.02,340.49,17.0,-0.46,-0.15,9.21,,,,,,,,,,,US
fe455146-f44c-44bc-a770-7aa3c496eba7,stratolink-3,2026-05-15 16:59:59.586286+00:00,37.7785077,-122.3979325,-18.0,-0.00667942752251243,0.0188516643289526,2026-05-15 16:59:59.861954+00:00,0.0,6438.0,0.0,27.9,3359.0,4.368,5.244,-48.0,8.25,0.02,340.49,20.0,-0.61,-0.3,9.36,,,,,,,,,,,US
64e9b36b-2bc6-4f7a-bfb7-ce0596261e64,stratolink-3,2026-05-15 17:01:01.601297+00:00,37.7785137,-122.3979325,-16.0,-0.00333971376125621,0.00942583216447629,2026-05-15 17:01:01.967364+00:00,0.0,6451.0,0.0,27.7,3360.0,4.418,5.296,-49.0,8.25,0.01,340.49,20.0,-0.3,-0.3,9.52,,,,,,,,,,,US
97c0e124-7798-4f4d-b1e1-50e1f74b68d2,stratolink-3,2026-05-15 17:02:04.779124+00:00,37.7785049,-122.3978975,-16.0,-0.0298613836490087,0.00288058441409283,2026-05-15 17:02:04.978487+00:00,0.0,6468.0,0.0,28.0,3362.0,4.544,5.356,-47.0,9.25,0.03,275.51,17.0,-0.3,-0.46,9.36,,,,,,,,,,,US
44a36edf-1e6f-4815-9a82-24ac0797f1fb,stratolink-3,2026-05-15 17:03:06.605765+00:00,37.7785305,-122.3979078,-18.0,0.00952410495819013,0.0284480478195847,2026-05-15 17:03:07.482831+00:00,0.0,6485.0,0.0,28.1,3358.0,4.766,5.408,-51.0,6.75,0.03,18.51,20.0,-0.3,-0.46,9.52,,,,,,,,,,,US
eab9a3bd-c6d4-4512-ad7c-e337fad163a9,stratolink-3,2026-05-15 17:04:09.598293+00:00,37.7785263,-122.3979524,-16.0,0.00317470165273004,0.00948268260652823,2026-05-15 17:04:09.822580+00:00,0.0,6509.0,0.0,28.2,3358.0,4.818,5.402,-50.0,9.0,0.01,18.51,21.0,-0.61,-0.46,9.36,,,,,,,,,,,US
0b3c8313-aa01-45ac-8be5-8a246ddbead9,stratolink-3,2026-05-15 17:05:12.593020+00:00,37.778516,-122.3979185,-12.0,0.0126988066109202,0.0379307304261129,2026-05-15 17:05:12.925239+00:00,0.0,6546.0,0.0,28.4,3358.0,4.942,5.392,-51.0,7.75,0.04,18.51,21.0,-0.61,-0.15,9.52,,,,,,,,,,,US
2ec77b64-e6e1-4288-b29c-ab0fb41fa7ea,stratolink-3,2026-05-15 17:06:15.086286+00:00,37.7785123,-122.3979152,-11.0,0.00634940330546009,0.0189653652130565,2026-05-15 17:06:15.260458+00:00,0.0,6558.0,0.0,28.7,3359.0,5.026,5.396,-46.0,8.25,0.02,18.51,18.0,-0.61,-0.3,9.67,,,,,,,,,,,US
bcb5622e-15bf-479b-811a-bca6958bc46c,stratolink-3,2026-05-15 17:07:18.584381+00:00,37.7785123,-122.3978904,-8.0,-0.0220290414813959,-0.0558096885084565,2026-05-15 17:07:18.964388+00:00,0.0,6558.0,0.0,28.8,3360.0,4.974,5.398,-51.0,6.25,0.06,201.54,19.0,-0.3,-0.3,9.36,,,,,,,,,,,US
1dff35c9-0af2-4109-b0c2-8f3ba21b6990,stratolink-3,2026-05-15 17:08:21.591646+00:00,37.7785097,-122.3978904,2.0,-0.0257005483949618,-0.0651113032598659,2026-05-15 17:08:21.884777+00:00,0.0,6561.0,0.0,29.4,3364.0,4.846,5.398,-48.0,8.5,0.07,201.54,19.0,-0.46,-0.46,9.36,,,,,,,,,,,US
fa1ea7d4-dd92-49ff-8861-fc495e67f45e,stratolink-3,2026-05-15 17:09:23.590199+00:00,37.7784794,-122.3978077,-8.0,-0.0038846364662954,-0.0297474301331179,2026-05-15 17:09:23.952836+00:00,0.0,6582.0,0.0,29.4,3364.0,4.94,5.4,-49.0,8.0,0.03,187.44,17.0,-0.46,-0.15,9.36,,,,,,,,,,,US
6ed0afef-8934-4c53-a075-3fb737b5e732,stratolink-3,2026-05-15 17:10:26.596841+00:00,37.7785117,-122.3978912,-8.0,-0.00517951528839387,-0.0396632401774905,2026-05-15 17:10:26.946893+00:00,0.0,6617.0,0.0,30.0,3366.0,4.98,5.412,-47.0,7.0,0.04,187.44,18.0,-0.46,-0.3,9.67,,,,,,,,,,,US
6dd46d0b-74ff-4b4e-9539-514c890bfb15,stratolink-3,2026-05-15 17:11:29.583987+00:00,37.7785203,-122.3979117,-13.0,-0.00517951528839387,-0.0396632401774905,2026-05-15 17:11:29.975983+00:00,0.0,6643.0,0.0,30.4,3364.0,4.922,5.406,-48.0,7.75,0.04,187.44,19.0,-0.3,-0.3,9.21,,,,,,,,,,,US
e95718ff-aa5f-4db4-982f-550ed9e6af13,stratolink-3,2026-05-15 17:12:32.583582+00:00,37.7784805,-122.397923,-5.0,-0.0129487882209847,-0.0991581004437262,2026-05-15 17:12:32.771240+00:00,0.0,6681.0,0.0,30.7,3365.0,5.004,5.406,-47.0,10.5,0.1,187.44,17.0,-0.46,-0.3,9.36,,,,,,,,,,,US
8194870c-f223-473d-a3f5-f9e2a7dddf9e,stratolink-3,2026-05-15 17:13:35.755828+00:00,37.7784858,-122.3979241,-7.0,0.0278526299047479,0.0111458964372159,2026-05-15 17:13:35.963056+00:00,0.0,6771.0,0.0,31.1,3362.0,5.052,5.406,-49.0,9.0,0.03,68.19,17.0,-0.61,0.0,9.67,,,,,,,,,,,US
52486df6-cf46-4e2a-bae6-cce796dafc35,stratolink-3,2026-05-15 17:14:37.965301+00:00,37.7784651,-122.3980311,-14.0,0.00928420996824931,0.00371529881240528,2026-05-15 17:14:38.130683+00:00,0.0,6857.0,0.0,31.8,3360.0,5.258,5.398,-47.0,8.0,0.01,68.19,16.0,-0.61,-0.3,9.36,,,,,,,,,,,US
a6d6b8d7-155d-4158-a41e-2c816a46082e,stratolink-3,2026-05-15 17:15:41.582379+00:00,37.7784651,-122.3978785,0.0,0.0185684199364986,0.00743059762481057,2026-05-15 17:15:41.921451+00:00,0.0,7006.0,0.0,32.4,3357.0,5.0,5.412,-49.0,6.5,0.02,68.19,19.0,-0.46,-0.3,9.36,,,,,,,,,,,US
5505af86-e7ba-4d97-8ad3-40e8b0ff12d2,stratolink-3,2026-05-15 17:16:44.597313+00:00,37.7784598,-122.3978785,-3.0,0.0371368398729972,0.0148611952496211,2026-05-15 17:16:44.852912+00:00,0.0,7192.0,0.0,33.1,3354.0,5.024,5.396,-48.0,7.25,0.04,68.19,20.0,-0.46,-0.46,9.36,,,,,,,,,,,US
811b981a-0d9a-41c1-8ec0-dc5eb3c95d4a,stratolink-3,2026-05-15 17:17:47.577314+00:00,37.7784298,-122.3978506,-3.0,-0.011454366159891,0.0163950448573691,2026-05-15 17:17:47.786115+00:00,0.0,7486.0,0.0,33.7,3355.0,5.064,5.406,-49.0,8.75,0.02,325.06,19.0,-0.46,-0.3,9.36,,,,,,,,,,,US
2fec47d4-8c95-4527-bf36-93c2748e41de,stratolink-3,2026-05-15 17:18:49.580057+00:00,37.7784573,-122.3978732,-9.0,-0.0400902815596184,0.0573826570007918,2026-05-15 17:18:49.761637+00:00,0.0,7824.0,0.0,33.4,3359.0,5.142,5.398,-48.0,8.0,0.07,325.06,20.0,-0.46,-0.3,9.83,,,,,,,,,,,US
5b281615-c1b6-4b61-bc15-d225b5a04efa,stratolink-3,2026-05-15 17:19:53.584952+00:00,37.7784788,-122.3978408,-9.0,-0.0603264390578328,0.0355066296711133,2026-05-15 17:19:53.787354+00:00,0.0,8218.0,0.0,34.1,3358.0,5.172,5.406,-51.0,8.0,0.07,300.48,19.0,-0.46,-0.46,9.67,,,,,,,,,,,US
5d649413-d270-4fde-a455-cf88c32c9b3d,stratolink-3,2026-05-15 17:20:56.583687+00:00,37.7784818,-122.3979137,-22.0,-0.00861806272254755,0.00507237566730189,2026-05-15 17:20:56.891987+00:00,0.0,8738.0,0.0,34.6,3360.0,5.14,5.392,-50.0,9.5,0.01,300.48,21.0,-0.46,-0.3,9.36,,,,,,,,,,,US
dee51216-ed34-4c10-80ef-2f03907ac672,stratolink-3,2026-05-15 17:21:59.590403+00:00,37.7785051,-122.3979396,-10.0,-0.00861806272254755,0.00507237566730189,2026-05-15 17:21:59.914530+00:00,0.0,8738.0,0.0,35.0,3359.0,5.128,5.406,-51.0,8.25,0.01,300.48,21.0,-0.61,-0.3,9.67,,,,,,,,,,,US
0ec726b8-578d-484b-ba93-7d85bd005683,stratolink-3,2026-05-15 17:23:01.724482+00:00,37.7784909,-122.3978914,-12.0,-0.00861806272254755,0.00507237566730189,2026-05-15 17:23:01.926450+00:00,0.0,8738.0,0.0,35.2,3353.0,4.896,5.398,-48.0,8.75,0.01,300.48,21.0,-0.46,-0.46,9.36,,,,,,,,,,,US
5a709a40-2854-43a4-aaf0-e8291a8c65c6,stratolink-3,2026-05-15 17:24:03.586708+00:00,37.7785047,-122.3978942,-9.0,0.0299974298272202,0.000392687867140337,2026-05-15 17:24:03.780287+00:00,0.0,8738.0,0.0,36.1,3362.0,5.032,5.4,-48.0,6.5,0.03,89.25,20.0,-0.46,0.0,9.83,,,,,,,,,,,US
4b12f84d-caf7-42a5-9239-2d4275819578,stratolink-3,2026-05-15 17:25:06.597274+00:00,37.7785047,-122.3978856,-10.0,-0.000779371003013781,0.00996958278162438,2026-05-15 17:25:07.202990+00:00,0.0,8738.0,0.0,36.2,3363.0,5.048,5.406,-48.0,8.0,0.01,355.53,21.0,-0.46,-0.46,9.67,,,,,,,,,,,US
454816a4-e62c-4c50-b5bf-5829a073240c,stratolink-3,2026-05-15 17:26:09.780962+00:00,37.7785054,-122.3978856,-1.0,-0.00155874200602756,0.0199391655632488,2026-05-15 17:26:10.123890+00:00,0.0,8738.0,0.0,36.8,3368.0,5.142,5.406,-52.0,10.0,0.02,355.53,19.0,-0.3,-0.3,9.21,,,,,,,,,,,US
f0436b96-b32a-4d42-af16-a5cacce8ec13,stratolink-3,2026-05-15 17:27:11.606918+00:00,37.778503,-122.3979122,-6.0,-0.000779371003013781,0.00996958278162438,2026-05-15 17:27:11.810593+00:00,0.0,8738.0,0.0,37.2,3365.0,5.09,5.406,-48.0,8.5,0.01,355.53,20.0,-0.3,-0.3,9.52,,,,,,,,,,,US
afd8aa6b-d4b3-4cb5-9988-e249f981931d,stratolink-3,2026-05-15 17:28:15.719732+00:00,37.7784993,-122.3979238,-6.0,0.0,0.0,2026-05-15 17:28:15.949622+00:00,0.0,8738.0,0.0,37.6,3369.0,4.924,5.412,-51.0,7.5,0.0,129.18,20.0,-0.46,-0.46,9.67,,,,,,,,,,,US
7cdddec7-edf8-4a79-af07-624acaa16fab,stratolink-3,2026-05-15 17:29:19.583597+00:00,37.7784888,-122.3979149,-5.0,0.0,0.0,2026-05-15 17:29:19.800478+00:00,0.0,8738.0,0.0,38.0,3370.0,5.102,5.4,-51.0,8.0,0.0,129.18,19.0,-0.3,-0.46,9.52,,,,,,,,,,,US
c7b5b9d8-202e-473b-a1a4-505d65062a10,stratolink-3,2026-05-15 17:30:22.583555+00:00,37.7784946,-122.3979175,-10.0,0.0465099036800036,-0.0379055254504774,2026-05-15 17:30:22.830132+00:00,0.0,8738.0,0.0,38.3,3374.0,5.168,5.386,-47.0,9.25,0.06,129.18,16.0,-0.46,-0.3,9.83,,,,,,,,,,,US
f673a9e1-ad20-4ea0-a991-af1362f76b3e,stratolink-3,2026-05-15 17:31:25.800498+00:00,37.7784624,-122.3978381,-5.0,-0.0261744527609145,-0.198279847747235,2026-05-15 17:31:26.132735+00:00,0.0,8738.0,0.0,38.5,3375.0,4.992,5.412,-48.0,7.75,0.2,187.52,16.0,-0.46,-0.46,9.52,,,,,,,,,,,US
2fed8406-749f-4c7b-96dc-810d0f7d8839,stratolink-3,2026-05-15 17:32:28.124726+00:00,37.7784728,-122.3978765,-5.0,-0.00261744527609145,-0.0198279847747235,2026-05-15 17:32:28.284885+00:00,0.0,8738.0,0.0,39.1,3378.0,5.182,5.398,-51.0,6.25,0.02,187.52,19.0,-0.61,-0.46,9.98,,,,,,,,,,,US
9161db1d-c953-4fe4-8a34-007442eec587,stratolink-3,2026-05-15 17:33:31.580071+00:00,37.7784728,-122.3978576,-6.0,-0.00392616791413717,-0.0297419771620852,2026-05-15 17:33:32.230244+00:00,0.0,8738.0,0.0,39.3,3378.0,5.154,5.404,-48.0,8.0,0.03,187.52,21.0,-0.46,-0.3,9.52,,,,,,,,,,,US
395d91d7-3396-4c99-a3ed-a946512799e1,stratolink-3,2026-05-15 17:34:33.584814+00:00,37.7784543,-122.3978286,-8.0,-0.00261744527609145,-0.0198279847747235,2026-05-15 17:34:33.831065+00:00,0.0,8738.0,0.0,39.4,3381.0,5.19,5.396,-49.0,9.0,0.02,187.52,22.0,-0.61,-0.3,9.83,,,,,,,,,,,US
9c8dce06-9969-4111-a29d-9bf637aaed95,stratolink-3,2026-05-15 17:35:36.581629+00:00,37.7784768,-122.3978286,-5.0,0.00416756810089205,0.00909018020307777,2026-05-15 17:35:36.885562+00:00,0.0,8738.0,0.0,39.6,3379.0,5.464,5.4,-48.0,7.25,0.01,24.63,21.0,-0.46,-0.15,9.36,,,,,,,,,,,US
7d76ffa9-7e98-4942-a184-602cb9f7b873,stratolink-3,2026-05-15 17:36:40.717633+00:00,37.7784762,-122.3978208,-5.0,0.0162468448645399,-0.0252198340983356,2026-05-15 17:36:41.067814+00:00,0.0,8738.0,0.0,39.8,3382.0,5.194,5.404,-48.0,8.0,0.03,147.21,22.0,-0.46,-0.3,9.52,,,,,,,,,,,US
00fbc8a4-4291-459f-8458-1481cff88320,stratolink-3,2026-05-15 17:37:44.584921+00:00,37.7785085,-122.3979483,-15.0,0.0162468448645399,-0.0252198340983356,2026-05-15 17:37:44.858330+00:00,0.0,8738.0,0.0,40.2,3380.0,5.2,5.406,-51.0,10.25,0.03,147.21,20.0,-0.46,-0.3,9.67,,,,,,,,,,,US
9846a7f6-754c-4e67-8bdf-cc9a4c68cdfe,stratolink-3,2026-05-15 17:38:47.596407+00:00,37.7784825,-122.3979162,-8.0,0.00541561495484664,-0.00840661136611188,2026-05-15 17:38:47.857637+00:00,0.0,8738.0,0.0,40.1,3376.0,5.206,5.396,-48.0,9.25,0.01,147.21,22.0,-0.3,-0.3,9.67,,,,,,,,,,,US
e8030c00-5c7f-466b-b22e-42c87d45a008,stratolink-3,2026-05-15 17:39:50.812909+00:00,37.7784824,-122.3979015,-9.0,0.00541561495484664,-0.00840661136611188,2026-05-15 17:39:51.038463+00:00,0.0,8738.0,0.0,40.0,3384.0,5.206,5.398,-47.0,8.25,0.01,147.21,22.0,-0.46,-0.3,9.67,,,,,,,,,,,US
3c426b4e-7fcc-49f3-84ca-92a5bb537a14,stratolink-3,2026-05-15 17:40:53.236230+00:00,37.7784654,-122.3978685,-2.0,0.00541561495484664,-0.00840661136611188,2026-05-15 17:40:53.440457+00:00,0.0,8738.0,0.0,40.4,3381.0,5.2,5.398,-47.0,6.25,0.01,147.21,22.0,-0.46,-0.3,9.83,,,,,,,,,,,US
676afb77-b749-4fd2-ad8c-6b7f62a63c1a,stratolink-3,2026-05-15 17:41:56.576194+00:00,37.7784654,-122.397895,-6.0,0.0541561495484664,-0.0840661136611188,2026-05-15 17:41:56.866515+00:00,0.0,8738.0,0.0,40.2,3392.0,5.198,5.392,-47.0,8.5,0.1,147.21,22.0,-0.46,-0.3,9.67,,,,,,,,,,,US
12455839-0c0d-4739-a85b-6279418a74e2,stratolink-3,2026-05-15 17:42:59.589265+00:00,37.778477,-122.397895,-7.0,0.00434916802325345,0.00900470640862375,2026-05-15 17:42:59.897932+00:00,0.0,8738.0,0.0,40.0,3388.0,5.206,5.4,-52.0,10.75,0.01,25.78,22.0,-0.3,-0.46,9.67,,,,,,,,,,,US
7633de12-7f0a-4b36-a075-d09ed612e239,stratolink-3,2026-05-15 17:44:02.573797+00:00,37.7784721,-122.3978617,-7.0,0.00284350018620053,0.00958720536397743,2026-05-15 17:44:02.828113+00:00,0.0,8738.0,0.0,40.8,3389.0,5.194,5.4,-48.0,8.25,0.01,16.52,22.0,-0.46,-0.3,9.36,,,,,,,,,,,US
fa705703-b7a2-414c-bb03-cc5185f3c1dd,stratolink-3,2026-05-15 17:45:04.580181+00:00,37.7784671,-122.3978314,-7.0,0.0113740007448021,0.0383488214559097,2026-05-15 17:45:04.980647+00:00,0.0,8738.0,0.0,40.6,3393.0,5.206,5.388,-51.0,7.5,0.04,16.52,21.0,-0.61,-0.15,9.67,,,,,,,,,,,US
ff3cb518-9df3-49f7-954f-c9ec17ff8116,stratolink-3,2026-05-15 17:46:08.568213+00:00,37.7784611,-122.3978594,-6.0,0.0113740007448021,0.0383488214559097,2026-05-15 17:46:08.788520+00:00,0.0,8738.0,0.0,40.8,3393.0,5.206,5.388,-51.0,9.75,0.04,16.52,21.0,-0.15,-0.3,9.67,,,,,,,,,,,US
d333a4d8-3e2f-4e14-8e89-cffbc771bc29,stratolink-3,2026-05-15 17:47:12.586294+00:00,37.7784643,-122.3978854,-5.0,0.0170610011172032,0.0575232321838646,2026-05-15 17:47:12.911902+00:00,0.0,8738.0,0.0,40.8,3400.0,5.218,5.398,-49.0,9.75,0.06,16.52,22.0,-0.61,-0.3,9.67,,,,,,,,,,,US
e58792e7-e4f2-43a0-a692-cec199cb3334,stratolink-3,2026-05-15 17:48:16.589959+00:00,37.7784576,-122.3978792,-6.0,-0.0547229134328429,-0.0246049333553573,2026-05-15 17:48:16.791668+00:00,0.0,8738.0,0.0,40.9,3402.0,5.224,5.398,-48.0,9.5,0.06,245.79,22.0,-0.46,-0.46,9.98,,,,,,,,,,,US
2584e0d0-a84c-4949-ae5e-7448a48c86ed,stratolink-3,2026-05-15 17:49:19.504497+00:00,37.7784599,-122.3978331,-1.0,-0.00912048557214049,-0.00410082222589289,2026-05-15 17:49:19.738362+00:00,0.0,8738.0,0.0,41.3,3401.0,5.206,5.4,-47.0,6.5,0.01,245.79,23.0,-0.46,-0.3,9.52,,,,,,,,,,,US
63d87d0b-3e11-4105-be7d-b9a7dafc008e,stratolink-3,2026-05-15 17:50:22.591918+00:00,37.7784599,-122.3978624,-8.0,0.0495266718375269,0.00686358337152837,2026-05-15 17:50:22.832220+00:00,0.0,8738.0,0.0,41.7,3403.0,5.224,5.4,-47.0,7.25,0.05,82.11,22.0,-0.46,-0.3,9.67,,,,,,,,,,,US
23fa5daa-e3a6-420b-b77f-000f923d6f17,stratolink-3,2026-05-15 17:51:25.728303+00:00,37.7784519,-122.3978624,-15.0,0.0495266718375269,0.00686358337152837,2026-05-15 17:51:25.975451+00:00,0.0,8738.0,0.0,41.6,3402.0,5.224,5.392,-49.0,7.5,0.05,82.11,21.0,-0.61,-0.3,9.67,,,,,,,,,,,US
54d08a1e-2f86-4061-af45-baadcf73b9a0,stratolink-3,2026-05-15 17:52:28.578895+00:00,37.7784496,-122.3979859,-15.0,0.0198106687350108,0.00274543334861135,2026-05-15 17:52:29.712990+00:00,0.0,8738.0,0.0,41.6,3403.0,5.214,5.406,-47.0,8.0,0.02,82.11,21.0,-0.3,-0.46,9.67,,,,,,,,,,,US
a411cf95-ecf0-4146-a5f1-29090bd56e91,stratolink-3,2026-05-15 17:53:31.576357+00:00,37.7784602,-122.3979831,-11.0,0.0198106687350108,0.00274543334861135,2026-05-15 17:53:31.964599+00:00,0.0,8738.0,0.0,42.1,3405.0,5.22,5.41,-51.0,8.5,0.02,82.11,23.0,-0.46,-0.46,9.52,,,,,,,,,,,US
aff55206-1e78-4f1b-87e7-0ec75388c6bc,stratolink-3,2026-05-15 17:54:34.585689+00:00,37.7784971,-122.3979308,-13.0,0.0495266718375269,0.00686358337152837,2026-05-15 17:54:34.778681+00:00,0.0,8738.0,0.0,41.7,3405.0,5.23,5.4,-51.0,10.25,0.05,82.11,22.0,-0.46,-0.3,9.52,,,,,,,,,,,US
3f7301b0-4f28-467a-8a4d-0d0b92b5b9c5,stratolink-3,2026-05-15 17:55:37.588709+00:00,37.7785033,-122.3979506,-14.0,0.0,0.0,2026-05-15 17:55:37.859351+00:00,0.0,8738.0,0.0,42.0,3398.0,5.538,5.41,-48.0,8.75,0.0,82.11,22.0,-0.3,-0.3,9.67,,,,,,,,,,,US
ed681f40-62b1-42b3-bdaf-4a4b3f4de999,stratolink-3,2026-05-15 17:56:40.045960+00:00,37.7784803,-122.3979706,-11.0,0.00990533436750538,0.00137271667430567,2026-05-15 17:56:40.278090+00:00,0.0,8738.0,0.0,42.0,3401.0,5.218,5.398,-46.0,8.75,0.01,82.11,23.0,-0.46,-0.46,9.52,,,,,,,,,,,US
6180f9de-d44f-4885-9cdc-d4c8b26a3a3c,stratolink-3,2026-05-15 17:57:43.596533+00:00,37.7784803,-122.397888,-5.0,0.0495266718375269,0.00686358337152837,2026-05-15 17:57:43.909981+00:00,0.0,8738.0,0.0,41.9,3403.0,5.22,5.398,-51.0,6.0,0.05,82.11,21.0,-0.46,-0.15,9.67,,,,,,,,,,,US
a1125bf0-36d7-4a36-bcdb-4456abe45eb7,stratolink-3,2026-05-15 17:58:46.575303+00:00,37.7784498,-122.397888,-13.0,0.0396213374700215,0.0054908666972227,2026-05-15 17:58:46.924550+00:00,0.0,8738.0,0.0,42.0,3401.0,5.228,5.388,-48.0,8.5,0.04,82.11,20.0,-0.46,-0.3,9.67,,,,,,,,,,,US
69124b5a-4c92-452e-8e85-317d06430c87,stratolink-3,2026-05-15 17:59:49.600568+00:00,37.7784341,-122.3979622,-13.0,0.00990533436750538,0.00137271667430567,2026-05-15 17:59:49.827112+00:00,0.0,8738.0,0.0,42.0,3404.0,5.218,5.392,-48.0,9.5,0.01,82.11,20.0,-0.46,-0.3,9.98,,,,,,,,,,,US
a1568cf2-d777-4429-b615-6d3bd980625e,stratolink-3,2026-05-15 18:00:51.591963+00:00,37.7784717,-122.3979027,-5.0,0.0297160031025161,0.00411815002291702,2026-05-15 18:00:52.878879+00:00,0.0,8738.0,0.0,42.5,3410.0,5.232,5.406,-46.0,8.0,0.03,82.11,20.0,-0.46,-0.3,9.67,,,,,,,,,,,US
559969e5-0267-46f2-9df5-acb31b03a731,stratolink-3,2026-05-15 18:01:54.579251+00:00,37.7784729,-122.3979192,-4.0,0.0198106687350108,0.00274543334861135,2026-05-15 18:01:55.012551+00:00,0.0,8738.0,0.0,42.4,3412.0,5.232,5.386,-49.0,6.75,0.02,82.11,21.0,-0.3,-0.3,9.52,,,,,,,,,,,US
1d984093-3eaa-4667-b09b-33d2518015ee,stratolink-3,2026-05-15 18:02:57.592261+00:00,37.7784564,-122.3978998,-5.0,0.0297160031025161,0.00411815002291702,2026-05-15 18:02:57.915592+00:00,0.0,8738.0,0.0,42.8,3408.0,5.22,5.386,-51.0,10.5,0.03,82.11,22.0,-0.46,-0.15,9.98,,,,,,,,,,,US
af4039f1-c56e-4df9-b8a8-8be20c1c123d,stratolink-3,2026-05-15 18:04:01.574688+00:00,37.7784455,-122.397936,-2.0,0.0297160031025161,0.00411815002291702,2026-05-15 18:04:01.802759+00:00,0.0,8738.0,0.0,42.6,3410.0,5.218,5.398,-48.0,9.0,0.03,82.11,21.0,-0.61,-0.15,9.98,,,,,,,,,,,US
0f1c1aec-2153-463b-9d7a-73e45740f757,stratolink-3,2026-05-15 18:05:05.716656+00:00,37.7784576,-122.3978985,0.0,0.00990533436750538,0.00137271667430567,2026-05-15 18:05:06.014223+00:00,0.0,8738.0,0.0,42.7,3417.0,5.224,5.406,-46.0,7.75,0.01,82.11,23.0,-0.76,-0.3,9.67,,,,,,,,,,,US
0c1a941a-c7d5-4f7b-b37e-748f66bf799e,stratolink-3,2026-05-15 18:06:09.582319+00:00,37.7784568,-122.3978699,-1.0,0.0396213374700215,0.0054908666972227,2026-05-15 18:06:09.908105+00:00,0.0,8738.0,0.0,43.0,3418.0,5.23,5.412,-49.0,7.25,0.04,82.11,23.0,-0.46,-0.46,9.36,,,,,,,,,,,US
1856d8ea-5f87-4b1f-88e1-136914f0eec8,stratolink-3,2026-05-15 18:07:12.641067+00:00,37.7784672,-122.3978366,-5.0,0.0352703472590927,0.0718053104179838,2026-05-15 18:07:12.986656+00:00,0.0,8738.0,0.0,42.9,3420.0,5.224,5.392,-49.0,8.75,0.08,26.16,19.0,-0.46,-0.3,9.52,,,,,,,,,,,US
27053250-ad8c-4aac-ae90-df60d9a1f841,stratolink-3,2026-05-15 18:08:16.601393+00:00,37.7784672,-122.3978721,-9.0,0.0469216371280529,-0.0172730995835526,2026-05-15 18:08:16.832592+00:00,0.0,8738.0,0.0,42.6,3423.0,5.22,5.404,-51.0,8.75,0.05,110.21,20.0,-0.46,-0.46,9.83,,,,,,,,,,,US
0a101838-bbee-4e95-b706-18c8a0cb9206,stratolink-3,2026-05-15 18:09:21.589072+00:00,37.778478,-122.3978721,-9.0,0.0187686548512212,-0.00690923983342104,2026-05-15 18:09:21.916002+00:00,0.0,8738.0,0.0,42.6,3419.0,5.22,5.406,-46.0,8.25,0.02,110.21,19.0,-0.46,-0.3,9.83,,,,,,,,,,,US
89f6209d-0469-462f-982e-50e5a7dc57d1,stratolink-3,2026-05-15 18:10:25.745303+00:00,37.7785152,-122.3978976,-18.0,0.0187686548512212,-0.00690923983342104,2026-05-15 18:10:25.983548+00:00,0.0,8738.0,0.0,42.9,3420.0,5.232,5.41,-51.0,9.25,0.02,110.21,21.0,-0.61,-0.3,9.67,,,,,,,,,,,US
bb98a7b9-ee4e-4ad1-a76f-bd3cfbff2a92,stratolink-3,2026-05-15 18:11:28.638116+00:00,37.7785036,-122.3978733,-9.0,0.0375373097024423,-0.0138184796668421,2026-05-15 18:11:28.928855+00:00,0.0,8738.0,0.0,43.1,3424.0,5.206,5.392,-49.0,9.5,0.04,110.21,21.0,-0.46,-0.3,9.52,,,,,,,,,,,US
5ce76e33-c1fe-412b-85a4-f60a8ef2df22,stratolink-3,2026-05-15 18:12:31.439829+00:00,37.7784421,-122.3978063,0.0,-0.0287493329089706,-0.0278114339308346,2026-05-15 18:12:31.692542+00:00,0.0,8738.0,0.0,42.9,3423.0,5.222,5.406,-51.0,10.0,0.04,225.95,22.0,-0.46,-0.15,9.83,,,,,,,,,,,US
109f5644-98ee-495d-b4e0-2e1fd2f4bfca,stratolink-3,2026-05-15 18:13:34.598418+00:00,37.7784421,-122.3978243,0.0,0.0679472197785421,-0.209244295798874,2026-05-15 18:13:35.183700+00:00,0.0,8738.0,0.0,42.8,3426.0,5.206,5.398,-48.0,8.25,0.22,162.01,18.0,-0.3,-0.3,9.52,,,,,,,,,,,US
bdd80a40-a15e-4aaf-b323-b6dd869a5c54,stratolink-3,2026-05-15 18:14:37.589724+00:00,37.7784501,-122.3978243,-6.0,0.00308850998993373,-0.00951110435449425,2026-05-15 18:14:37.970867+00:00,0.0,8738.0,0.0,42.6,3428.0,5.208,5.392,-48.0,6.75,0.01,162.01,22.0,-0.46,-0.3,9.36,,,,,,,,,,,US
3a6f7baa-8c7d-4abf-9609-e5afc34a5a44,stratolink-3,2026-05-15 18:15:40.799300+00:00,37.7784564,-122.3978298,-6.0,0.00617701997986747,-0.0190222087089885,2026-05-15 18:15:41.144442+00:00,0.0,8738.0,0.0,42.9,3433.0,5.22,5.4,-48.0,9.25,0.02,162.01,23.0,-0.46,-0.15,9.67,,,,,,,,,,,US
91554b70-df07-4729-83c9-a95297080bbe,stratolink-3,2026-05-15 18:16:43.589147+00:00,37.7784413,-122.3978265,-2.0,0.00617701997986747,-0.0190222087089885,2026-05-15 18:16:43.946444+00:00,0.0,8738.0,0.0,42.6,3432.0,5.224,5.388,-48.0,9.5,0.02,162.01,18.0,-0.61,-0.46,10.13,,,,,,,,,,,US
79179c1c-176f-4305-ab52-ae8839e5f0a9,stratolink-3,2026-05-15 18:17:46.608982+00:00,37.7784543,-122.3978423,-1.0,0.0123540399597349,-0.038044417417977,2026-05-15 18:17:46.850251+00:00,0.0,8738.0,0.0,43.0,3433.0,5.224,5.406,-48.0,8.0,0.04,162.01,20.0,-0.61,-0.46,9.98,,,,,,,,,,,US
4d6b7482-768f-4d48-8e34-b6c60179abbd,stratolink-3,2026-05-15 18:18:49.581368+00:00,37.7784438,-122.3978862,-2.0,0.00617701997986747,-0.0190222087089885,2026-05-15 18:18:49.867333+00:00,0.0,8738.0,0.0,42.6,3437.0,5.206,5.398,-48.0,6.75,0.02,162.01,20.0,-0.46,-0.3,9.83,,,,,,,,,,,US
de380964-c8e6-47ce-ac0d-d16bbaf3b901,stratolink-3,2026-05-15 18:19:52.194124+00:00,37.7785141,-122.3979149,-20.0,0.00617701997986747,-0.0190222087089885,2026-05-15 18:19:52.485595+00:00,0.0,8738.0,0.0,42.9,3444.0,5.228,5.4,-46.0,7.75,0.02,162.01,19.0,-0.61,-0.46,9.52,,,,,,,,,,,US
2f35ed03-a68a-4285-8af9-6d89619973b5,stratolink-3,2026-05-15 18:20:55.797221+00:00,37.7785141,-122.3979108,-13.0,-0.0299923966134726,0.000675385356782039,2026-05-15 18:20:56.060847+00:00,0.0,8738.0,0.0,43.0,3438.0,5.206,5.388,-51.0,8.75,0.03,271.29,23.0,-0.61,-0.3,9.67,,,,,,,,,,,US
6df4f4de-f352-4b16-89a5-8a5766d6ba81,stratolink-3,2026-05-15 18:21:58.577035+00:00,37.7785127,-122.3979108,-4.0,-0.0399898621512968,0.000900513809042719,2026-05-15 18:21:59.001540+00:00,0.0,8738.0,0.0,43.0,3441.0,5.23,5.386,-47.0,7.0,0.04,271.29,23.0,-0.46,-0.15,9.52,,,,,,,,,,,US
c7b58a35-426d-499f-bf03-51d251af57e4,stratolink-3,2026-05-15 18:23:01.601714+00:00,37.7784936,-122.3979017,-4.0,-0.0399898621512968,0.000900513809042719,2026-05-15 18:23:01.788223+00:00,0.0,8738.0,0.0,42.7,3437.0,5.224,5.406,-48.0,6.75,0.04,271.29,23.0,-0.61,-0.3,9.52,,,,,,,,,,,US
cb709fa5-194f-4148-9509-656ad28015b2,stratolink-3,2026-05-15 18:24:04.585809+00:00,37.7785079,-122.3978839,-5.0,0.039643989894639,0.0053248535410621,2026-05-15 18:24:05.552466+00:00,0.0,8738.0,0.0,42.9,3435.0,5.206,5.4,-47.0,7.75,0.04,82.35,19.0,-0.61,-0.3,9.83,,,,,,,,,,,US
45175dc1-7101-4c69-9c6d-c6d116114f80,stratolink-3,2026-05-15 18:25:07.598053+00:00,37.7785325,-122.3979955,-30.0,0.0693769823156182,0.00931849369685868,2026-05-15 18:25:08.448860+00:00,0.0,8738.0,0.0,43.0,3446.0,5.208,5.398,-49.0,8.5,0.07,82.35,18.0,-0.46,-0.15,9.98,,,,,,,,,,,US
983ea34f-a293-4d50-814d-04c9fd73ddcd,stratolink-3,2026-05-15 18:26:10.876866+00:00,37.7784751,-122.397914,-11.0,0.039643989894639,0.0053248535410621,2026-05-15 18:26:11.472995+00:00,0.0,8738.0,0.0,42.9,3437.0,5.206,5.41,-47.0,7.0,0.04,82.35,18.0,-0.61,-0.46,9.98,,,,,,,,,,,US
90b9324e-7440-454f-a8f1-a6cd888c95c7,stratolink-3,2026-05-15 18:27:13.972670+00:00,37.7784559,-122.3978863,-1.0,0.0198219949473195,0.00266242677053105,2026-05-15 18:27:14.410662+00:00,0.0,8738.0,0.0,42.9,3434.0,5.206,5.406,-49.0,7.5,0.02,82.35,25.0,-0.46,-0.3,9.83,,,,,,,,,,,US
e6652359-3541-4983-b7eb-6a0e1a0a7779,stratolink-3,2026-05-15 18:28:17.576434+00:00,37.7784559,-122.3978636,-17.0,-0.0132863533557872,0.0149490071411168,2026-05-15 18:28:17.920138+00:00,0.0,8738.0,0.0,42.5,3432.0,5.206,5.398,-49.0,9.5,0.02,318.37,25.0,-0.76,-0.15,10.29,,,,,,,,,,,US
c67fc953-65e8-40c4-9695-91e42b591621,stratolink-3,2026-05-15 18:29:20.845931+00:00,37.778426,-122.3978636,-26.0,-0.00664317667789362,0.0074745035705584,2026-05-15 18:29:21.088227+00:00,0.0,8738.0,0.0,42.6,3435.0,5.2,5.4,-51.0,8.75,0.01,318.37,25.0,-0.46,-0.3,9.67,,,,,,,,,,,US
16a64926-526d-4563-8041-435676541ca7,stratolink-3,2026-05-15 18:30:23.591199+00:00,37.7784636,-122.397903,-13.0,-0.0199295300336809,0.0224235107116752,2026-05-15 18:30:23.953946+00:00,0.0,8738.0,0.0,42.6,3441.0,5.192,5.398,-48.0,8.0,0.03,318.37,24.0,-0.46,-0.3,9.67,,,,,,,,,,,US
39c213db-8250-4626-b459-4e90e581c944,stratolink-3,2026-05-15 18:57:55.611868+00:00,37.7785112,-122.397956,-20.0,0.0190178917002777,-0.0061902984804054,2026-05-15 18:57:56.147878+00:00,0.0,8738.0,0.0,36.0,3449.0,5.074,5.36,-47.0,9.75,0.02,108.03,26.0,-0.46,-0.3,9.52,,,,,,,,,,,US
5da39cf5-f989-42b2-afe4-4e667722fd4e,stratolink-3,2026-05-15 18:58:58.586568+00:00,37.7785385,-122.3979442,-23.0,0.104598404351527,-0.0340466416422297,2026-05-15 18:58:58.803408+00:00,0.0,8738.0,0.0,35.4,3441.0,5.078,5.378,-51.0,6.75,0.11,108.03,27.0,-0.46,-0.46,9.67,,,,,,,,,,,US
2ccc7f97-007c-48da-830c-6582045ed3d5,stratolink-3,2026-05-15 19:00:01.623558+00:00,37.7785757,-122.3980372,-36.0,0.0622378036265973,0.078271679423257,2026-05-15 19:00:01.832375+00:00,0.0,8738.0,0.0,34.6,3441.0,5.05,5.364,-48.0,8.25,0.1,38.49,27.0,-0.46,-0.3,9.67,,,,,,,,,,,US
9c8005e4-fb93-4f31-9db9-e60c490c8c50,stratolink-3,2026-05-15 19:01:04.571493+00:00,37.7785515,-122.3980055,-31.0,-0.00912345417759969,-0.209801722070791,2026-05-15 19:01:05.012453+00:00,0.0,7502.0,0.0,34.2,3436.0,5.096,5.366,-51.0,7.5,0.21,182.49,27.0,-0.61,-0.46,9.67,,,,,,,,,,,US
e32eea78-df51-4055-83ff-2a80d8c26f29,stratolink-3,2026-05-15 19:02:06.617699+00:00,37.778511,-122.3979827,-26.0,0.000614352702791089,-0.109998284399151,2026-05-15 19:02:06.850345+00:00,0.0,6184.0,0.0,33.6,3435.0,4.968,5.38,-48.0,8.25,0.11,179.68,22.0,-0.61,-0.15,10.13,,,,,,,,,,,US
1d76528b-7dd6-42e2-9172-d1d0a87fd964,stratolink-3,2026-05-15 19:03:09.909449+00:00,37.778511,-122.3980174,-32.0,-0.056231863983374,-0.0569032290204635,2026-05-15 19:03:10.357831+00:00,0.0,5925.0,0.0,33.2,3430.0,4.974,5.372,-48.0,7.25,0.08,224.66,26.0,-0.46,-0.15,9.52,,,,,,,,,,,US
a9ccec7a-43b2-4821-bf1a-d3fb07e6560d,stratolink-3,2026-05-15 19:04:13.593894+00:00,37.7785317,-122.3980174,-19.0,0.0531770655687237,-0.0277884813816744,2026-05-15 19:04:14.389243+00:00,0.0,5731.0,0.0,32.8,3428.0,4.95,5.366,-50.0,10.0,0.06,117.59,26.0,-0.46,-0.46,9.52,,,,,,,,,,,US
68f5e92c-cea0-4367-8dda-4c446d899093,stratolink-3,2026-05-15 19:05:15.601133+00:00,37.7784501,-122.397991,-21.0,0.014376384351698,-0.0478886163192491,2026-05-15 19:05:15.934455+00:00,0.0,5581.0,0.0,32.6,3429.0,4.78,5.38,-51.0,9.0,0.05,163.29,24.0,-0.46,-0.3,9.52,,,,,,,,,,,US
2030db34-227f-4c4c-983f-055cc529ecc4,stratolink-3,2026-05-15 19:06:18.629139+00:00,37.7784841,-122.3979723,-21.0,-0.00585270966048386,0.0294235584120969,2026-05-15 19:06:18.930653+00:00,0.0,5471.0,0.0,32.3,3423.0,4.522,5.34,-48.0,7.75,0.03,348.75,23.0,-0.61,-0.46,9.36,,,,,,,,,,,US
2f713002-c638-4828-9e14-3439691de80b,stratolink-3,2026-05-15 19:07:21.605551+00:00,37.7784553,-122.3979205,-10.0,-0.00585270966048386,0.0294235584120969,2026-05-15 19:07:21.942712+00:00,0.0,5362.0,0.0,32.3,3418.0,4.316,5.232,-49.0,6.75,0.03,348.75,25.0,-0.61,-0.15,9.67,,,,,,,,,,,US
974d7711-50c2-4d0f-8148-cdb82e4c628c,stratolink-3,2026-05-15 19:08:24.979819+00:00,37.7784609,-122.3979372,-21.0,-0.00585270966048386,0.0294235584120969,2026-05-15 19:08:25.393815+00:00,0.0,5281.0,0.0,32.0,3417.0,4.2,5.076,-48.0,7.75,0.03,348.75,24.0,-0.46,-0.46,9.67,,,,,,,,,,,US
749a44c5-fd30-455e-9c85-84e4406e7f16,stratolink-3,2026-05-15 19:09:27.600537+00:00,37.7784559,-122.3979621,-19.0,-0.0670403632074275,-0.0436530606145342,2026-05-15 19:09:27.839919+00:00,0.0,5215.0,0.0,31.8,3418.0,4.176,4.884,-49.0,8.5,0.08,236.93,24.0,-0.61,-0.3,9.67,,,,,,,,,,,US
b20ad45d-aebd-4e1a-a124-96c362e790d2,stratolink-3,2026-05-15 19:10:30.506560+00:00,37.7785042,-122.3979912,-24.0,-0.0502802724055706,-0.0327397954609007,2026-05-15 19:10:30.720606+00:00,0.0,5120.0,0.0,31.8,3420.0,3.996,4.648,-48.0,7.5,0.06,236.93,21.0,-0.92,-0.15,9.36,,,,,,,,,,,US
b6bb2099-2800-4956-aafd-f4e772f67ea9,stratolink-3,2026-05-15 19:11:33.595975+00:00,37.7785042,-122.3979337,-12.0,-0.0419002270046422,-0.0272831628840839,2026-05-15 19:11:33.917661+00:00,0.0,5035.0,0.0,31.5,3417.0,3.816,4.332,-48.0,7.25,0.05,236.93,25.0,-0.61,-0.46,9.52,,,,,,,,,,,US
5fbec4c3-1ef9-4144-b0ec-3e0a974dae80,stratolink-3,2026-05-15 19:13:36.605621+00:00,37.7784671,-122.3979337,-10.0,-0.0167600908018569,-0.0109132651536336,2026-05-15 19:13:37.037853+00:00,0.0,4929.0,0.0,31.3,3413.0,3.316,3.684,-50.0,10.0,0.02,236.93,25.0,-0.76,-0.3,9.52,,,,,,,,,,,US
1021a902-b5ba-4617-bd28-be97d1e26c29,stratolink-3,2026-05-15 19:15:38.433517+00:00,,,,0.0,0.0,2026-05-15 19:15:39.375576+00:00,0.0,4836.0,0.0,31.1,3331.0,3.3,3.402,-49.0,12.25,0.0,0.0,0.0,-0.61,-0.46,9.52,,,,,,,,,,,US
c5e51d0d-f594-4fa7-82e8-5b83758cd9ee,stratolink-3,2026-05-15 19:20:42.025384+00:00,,,,0.0,0.0,2026-05-15 19:20:42.957772+00:00,0.0,4510.0,0.0,30.0,3305.0,3.146,3.34,-48.0,10.25,0.0,0.0,0.0,-0.46,-0.3,9.36,,,,,,,,,,,US
4c96b395-c864-431b-b2fb-a59f004e669a,stratolink-3,2026-05-15 19:25:45.555500+00:00,,,,0.0,0.0,2026-05-15 19:25:46.558758+00:00,0.0,4228.0,0.0,29.7,3306.0,3.11,3.338,-51.0,7.0,0.0,0.0,0.0,-0.61,-0.3,9.52,,,,,,,,,,,US
4a837dab-2b99-4086-ae6d-4cee6a9ed121,stratolink-3,2026-05-15 19:30:49.057648+00:00,,,,0.0,0.0,2026-05-15 19:30:49.416754+00:00,0.0,3948.0,0.0,29.4,3304.0,3.13,3.34,-48.0,9.75,0.0,0.0,0.0,-0.61,-0.15,9.36,,,,,,,,,,,US
69eaaf4b-e6ae-4e2f-8df0-2fe9641a2a48,stratolink-3,2026-05-15 19:35:52.529593+00:00,,,,0.0,0.0,2026-05-15 19:35:53.576180+00:00,0.0,3773.0,0.0,29.2,3297.0,3.234,3.338,-53.0,11.5,0.0,0.0,0.0,-0.76,-0.3,9.36,,,,,,,,,,,US
b90de183-7014-4bf0-a546-d602deb768a7,stratolink-3,2026-05-15 19:40:55.956575+00:00,,,,0.0,0.0,2026-05-15 19:40:56.995842+00:00,0.0,3590.0,0.0,29.1,3308.0,3.188,3.338,-49.0,11.25,0.0,0.0,0.0,-0.61,-0.46,9.52,,,,,,,,,,,US
6182baca-ad69-49d7-9061-1e915c79f2e6,stratolink-3,2026-05-15 19:45:59.375073+00:00,,,,0.0,0.0,2026-05-15 19:45:59.882087+00:00,0.0,3424.0,0.0,28.9,3305.0,3.114,3.332,-52.0,10.75,0.0,0.0,0.0,-0.61,-0.3,9.36,,,,,,,,,,,US
03c3958c-b17d-4928-9c5e-661ca684f3da,stratolink-3,2026-05-15 19:56:06.203184+00:00,,,,0.0,0.0,2026-05-15 19:56:07.533258+00:00,0.0,2964.0,0.0,28.7,3285.0,3.116,3.338,-52.0,10.5,0.0,0.0,0.0,-0.76,-0.3,9.52,,,,,,,,,,,US
7506b3db-e55d-4708-9f67-1e0313edad8d,stratolink-3,2026-05-15 20:01:09.556434+00:00,,,,0.0,0.0,2026-05-15 20:01:10.022001+00:00,0.0,2812.0,0.0,28.5,3287.0,3.092,3.34,-46.0,9.25,0.0,0.0,0.0,-0.76,-0.3,9.36,,,,,,,,,,,US
c856d366-6484-462f-b495-374a8bc23963,stratolink-3,2026-05-15 20:06:12.897456+00:00,,,,0.0,0.0,2026-05-15 20:06:13.697962+00:00,0.0,2781.0,0.0,28.4,3292.0,3.156,3.338,-51.0,6.75,0.0,0.0,0.0,-0.61,-0.3,9.36,,,,,,,,,,,US
0cb73eb1-3c90-4f6f-9f96-13c762a8a19d,stratolink-3,2026-05-15 20:11:16.210488+00:00,,,,0.0,0.0,2026-05-15 20:11:17.137880+00:00,0.0,2710.0,0.0,28.3,3292.0,3.104,3.334,-49.0,11.5,0.0,0.0,0.0,-0.46,-0.3,9.36,,,,,,,,,,,US
52812117-33f2-4ac8-b7ac-ea304314cb0e,stratolink-3,2026-05-15 20:16:19.531940+00:00,,,,0.0,0.0,2026-05-15 20:16:20.382678+00:00,0.0,2622.0,0.0,28.1,3282.0,3.092,3.338,-51.0,11.0,0.0,0.0,0.0,-0.61,-0.3,9.21,,,,,,,,,,,US
726a27d0-1412-4359-81e3-7ca114d45fca,stratolink-3,2026-05-15 20:21:22.830353+00:00,,,,0.0,0.0,2026-05-15 20:21:23.372908+00:00,0.0,2584.0,0.0,28.1,3280.0,3.16,3.338,-46.0,9.75,0.0,0.0,0.0,-0.46,-0.46,9.67,,,,,,,,,,,US
41c969ae-a668-4934-93c1-c634c37d7ac8,stratolink-3,2026-05-15 20:26:26.134653+00:00,,,,0.0,0.0,2026-05-15 20:26:27.009869+00:00,0.0,2566.0,0.0,28.4,3266.0,3.128,3.338,-50.0,11.75,0.0,0.0,0.0,-0.46,-0.3,9.52,,,,,,,,,,,US
d50064da-710f-484c-b2ba-7eb70bf2d8b9,stratolink-3,2026-05-15 20:31:29.428607+00:00,,,,0.0,0.0,2026-05-15 20:31:29.901059+00:00,0.0,2507.0,0.0,28.1,3277.0,3.088,3.34,-51.0,11.75,0.0,0.0,0.0,-0.46,-0.15,9.36,,,,,,,,,,,US
f00c40f8-7407-4808-9510-7824ace9f802,stratolink-3,2026-05-15 20:36:32.693326+00:00,,,,0.0,0.0,2026-05-15 20:36:33.300284+00:00,0.0,2457.0,0.0,27.9,3277.0,3.126,3.338,-52.0,10.75,0.0,0.0,0.0,-0.61,-0.3,9.36,,,,,,,,,,,US
2613d359-0e89-4aeb-a5af-88d7735220ee,stratolink-3,2026-05-15 20:41:35.925571+00:00,,,,0.0,0.0,2026-05-15 20:41:36.977596+00:00,0.0,2428.0,0.0,27.9,3281.0,3.096,3.34,-48.0,9.0,0.0,0.0,0.0,-0.61,-0.3,9.36,,,,,,,,,,,US
8022ef8a-e9a2-4875-a819-bc8ac0eafcfc,stratolink-3,2026-05-15 20:46:39.175544+00:00,,,,0.0,0.0,2026-05-15 20:46:39.501301+00:00,0.0,2386.0,0.0,27.9,3269.0,3.092,3.336,-51.0,7.0,0.0,0.0,0.0,-0.61,-0.46,9.21,,,,,,,,,,,US
b13c4720-6166-4c30-8bf2-f57402774638,stratolink-3,2026-05-15 20:51:42.479133+00:00,,,,0.0,0.0,2026-05-15 20:51:42.807838+00:00,0.0,2369.0,0.0,27.8,3268.0,3.166,3.34,-48.0,9.25,0.0,0.0,0.0,-0.61,-0.3,9.36,,,,,,,,,,,US
feb6a1b6-2f9f-4d88-b455-0081a7de305b,stratolink-3,2026-05-15 20:56:45.608923+00:00,,,,0.0,0.0,2026-05-15 20:56:46.105519+00:00,0.0,2355.0,0.0,27.6,3265.0,3.074,3.338,-52.0,11.25,0.0,0.0,0.0,-0.61,-0.46,9.36,,,,,,,,,,,US
71f4835d-8252-4027-b945-ec79faca8d84,stratolink-3,2026-05-15 21:01:48.821563+00:00,,,,0.0,0.0,2026-05-15 21:01:49.268988+00:00,0.0,2338.0,0.0,27.7,3252.0,3.088,3.34,-47.0,10.25,0.0,0.0,0.0,-0.46,-0.3,9.21,,,,,,,,,,,US
1816ad2d-b86b-496f-a9e7-624769d7a669,stratolink-3,2026-05-15 21:06:51.976710+00:00,,,,0.0,0.0,2026-05-15 21:06:52.336116+00:00,0.0,2320.0,0.0,27.5,3257.0,3.082,3.336,-52.0,11.75,0.0,0.0,0.0,-0.61,-0.3,9.36,,,,,,,,,,,US
0578d81d-b1cf-4fbd-ab48-52dd009df406,stratolink-3,2026-05-15 21:11:55.172060+00:00,,,,0.0,0.0,2026-05-15 21:11:56.073833+00:00,0.0,2291.0,0.0,27.5,3259.0,3.078,3.334,-50.0,11.5,0.0,0.0,0.0,-0.61,-0.3,9.36,,,,,,,,,,,US
b7470d14-73b2-4e07-829d-6c3fffba3be1,stratolink-3,2026-05-15 21:16:58.345641+00:00,,,,0.0,0.0,2026-05-15 21:16:58.697783+00:00,0.0,2263.0,0.0,27.4,3252.0,3.088,3.336,-52.0,11.25,0.0,0.0,0.0,-0.46,-0.3,9.36,,,,,,,,,,,US
3a592572-2ec1-4acf-8333-ee356ec13e30,stratolink-3,2026-05-15 21:22:01.503671+00:00,,,,0.0,0.0,2026-05-15 21:22:01.870984+00:00,0.0,2229.0,0.0,27.4,3243.0,3.094,3.338,-47.0,10.75,0.0,0.0,0.0,-0.61,-0.3,9.21,,,,,,,,,,,US
f8625d67-daa8-4284-bd2c-75083c4370b9,stratolink-3,2026-05-15 21:27:04.712096+00:00,,,,0.0,0.0,2026-05-15 21:27:05.176105+00:00,0.0,2197.0,0.0,27.4,3242.0,3.078,3.336,-51.0,7.75,0.0,0.0,0.0,-0.76,-0.3,9.21,,,,,,,,,,,US
31185429-8e71-4e23-a180-81f2328ae14d,stratolink-3,2026-05-15 21:32:07.882352+00:00,,,,0.0,0.0,2026-05-15 21:32:08.255725+00:00,0.0,2155.0,0.0,27.4,3243.0,3.874,3.336,-47.0,8.75,0.0,0.0,0.0,-0.46,-0.3,9.36,,,,,,,,,,,US
a84dc53f-d8be-446a-95df-c6b42566d431,stratolink-3,2026-05-15 21:37:11.017707+00:00,,,,0.0,0.0,2026-05-15 21:37:11.690354+00:00,0.0,2103.0,0.0,27.2,3239.0,3.086,3.336,-52.0,10.25,0.0,0.0,0.0,-0.46,-0.3,9.36,,,,,,,10.0,125000.0,904700000.0,,US
d12ae4bd-0f88-43d0-9d3e-ab983640ab9d,stratolink-3,2026-05-15 21:42:14.131149+00:00,,,,0.0,0.0,2026-05-15 21:42:14.700966+00:00,0.0,2053.0,0.0,27.0,3228.0,3.076,3.336,-47.0,8.75,0.0,0.0,0.0,-0.61,-0.3,9.52,,,,,,,10.0,125000.0,904900000.0,,US
90477161-2ef0-47a5-9c22-2653206084fd,stratolink-3,2026-05-15 21:47:17.256301+00:00,,,,0.0,0.0,2026-05-15 21:47:18.172844+00:00,0.0,2002.0,0.0,27.1,3218.0,3.074,3.34,-51.0,10.25,0.0,0.0,0.0,-0.46,-0.3,9.36,,,,,,,10.0,125000.0,905100000.0,,US
99ea34e0-ca47-436d-9444-d74fb662e449,stratolink-3,2026-05-15 21:52:20.371882+00:00,,,,0.0,0.0,2026-05-15 21:52:21.476796+00:00,0.0,1948.0,0.0,27.1,3223.0,3.126,3.34,-51.0,10.75,0.0,0.0,0.0,-0.61,-0.3,9.21,,,,,,,10.0,125000.0,905300000.0,,US
621706da-4253-40b6-ac3b-00d305f614c5,stratolink-3,2026-05-15 21:57:23.495711+00:00,,,,0.0,0.0,2026-05-15 21:57:23.929556+00:00,0.0,1883.0,0.0,27.2,3219.0,3.154,3.336,-53.0,10.25,0.0,0.0,0.0,-0.61,-0.15,9.36,,,,,,,10.0,125000.0,903900000.0,,US
5267b7f5-08f5-41a9-a4dd-54dee43ccb39,stratolink-3,2026-05-15 22:02:26.593378+00:00,,,,0.0,0.0,2026-05-15 22:02:27.881177+00:00,0.0,1821.0,0.0,27.1,3220.0,3.07,3.338,-48.0,10.0,0.0,0.0,0.0,-0.61,-0.15,9.52,,,,,,,10.0,125000.0,904100000.0,,US
c8b841c4-ebf0-4495-8994-ed2f695a845f,stratolink-3,2026-05-15 22:07:29.711792+00:00,,,,0.0,0.0,2026-05-15 22:07:30.132253+00:00,0.0,1746.0,0.0,26.9,3209.0,3.066,3.338,-49.0,6.5,0.0,0.0,0.0,-0.61,-0.15,9.36,,,,,,,10.0,125000.0,904300000.0,,US
7b203a83-182e-4ba2-b3fa-20c27e91732f,stratolink-3,2026-05-15 22:12:32.775169+00:00,,,,0.0,0.0,2026-05-15 22:12:33.142002+00:00,0.0,1669.0,0.0,26.8,3204.0,3.88,3.338,-47.0,9.5,0.0,0.0,0.0,-0.61,-0.3,9.36,,,,,,,10.0,125000.0,904500000.0,,US
a3f1a9c3-d93a-4787-8767-740797ba96bd,stratolink-3,2026-05-15 22:17:35.817430+00:00,,,,0.0,0.0,2026-05-15 22:17:36.235002+00:00,0.0,1588.0,0.0,26.5,3196.0,3.066,3.336,-52.0,10.0,0.0,0.0,0.0,-0.61,-0.3,9.36,,,,,,,10.0,125000.0,904700000.0,,US
46112bc6-ae9e-4574-9dc7-265e35fa16d2,stratolink-3,2026-05-15 22:22:38.868309+00:00,,,,0.0,0.0,2026-05-15 22:22:39.288748+00:00,0.0,1506.0,0.0,26.4,3198.0,3.06,3.34,-48.0,9.5,0.0,0.0,0.0,-0.46,-0.3,9.21,,,,,,,10.0,125000.0,904900000.0,,US
433d86c3-1c2f-4b2d-b420-ba78ce5fa55f,stratolink-3,2026-05-15 22:27:41.914412+00:00,,,,0.0,0.0,2026-05-15 22:27:42.315839+00:00,0.0,1433.0,0.0,26.6,3197.0,3.06,3.336,-51.0,9.75,0.0,0.0,0.0,-0.61,-0.3,9.21,,,,,,,10.0,125000.0,905100000.0,,US
b0ab3309-5906-4131-848b-258ef6a45676,stratolink-3,2026-05-15 22:32:44.944228+00:00,,,,0.0,0.0,2026-05-15 22:32:45.368599+00:00,0.0,1353.0,0.0,26.5,3194.0,3.056,3.338,-51.0,11.75,0.0,0.0,0.0,-0.61,-0.46,9.36,,,,,,,10.0,125000.0,905300000.0,,US
f1878677-0cad-4f31-8d78-649acf9ac98d,stratolink-3,2026-05-15 22:37:47.961651+00:00,,,,0.0,0.0,2026-05-15 22:37:48.333300+00:00,0.0,1299.0,0.0,26.5,3180.0,3.058,3.34,-50.0,11.5,0.0,0.0,0.0,-0.61,-0.15,9.36,,,,,,,10.0,125000.0,903900000.0,,US
ff936078-a3f4-4dcf-af7b-c8dce984bf03,stratolink-3,2026-05-15 22:42:50.982066+00:00,,,,0.0,0.0,2026-05-15 22:42:51.489195+00:00,0.0,1245.0,0.0,26.5,3180.0,3.058,3.336,-46.0,9.25,0.0,0.0,0.0,-0.61,-0.3,9.36,,,,,,,10.0,125000.0,904100000.0,,US
f66a0ad4-848c-4c4d-952e-997e54e5d58c,stratolink-3,2026-05-15 22:47:53.965538+00:00,,,,0.0,0.0,2026-05-15 22:47:54.321957+00:00,0.0,1218.0,0.0,26.4,3182.0,3.052,3.34,-48.0,6.75,0.0,0.0,0.0,-0.61,-0.46,9.36,,,,,,,10.0,125000.0,904300000.0,,US
b71777f3-af52-4aa6-b43a-5de5e96081bd,stratolink-3,2026-05-15 22:52:56.979976+00:00,,,,0.0,0.0,2026-05-15 22:52:57.652766+00:00,0.0,1203.0,0.0,26.4,3174.0,3.05,3.338,-48.0,9.0,0.0,0.0,0.0,-0.46,-0.3,9.36,,,,,,,10.0,125000.0,904500000.0,,US
a1fcb82f-576e-423a-92c6-9971c83251ad,stratolink-3,2026-05-15 22:57:59.961751+00:00,,,,0.0,0.0,2026-05-15 22:58:00.317920+00:00,0.0,1195.0,0.0,26.3,3167.0,3.054,3.34,-52.0,11.25,0.0,0.0,0.0,-0.61,-0.46,9.52,,,,,,,10.0,125000.0,904700000.0,,US
5a594057-9aec-45f7-98b9-889b732a96cd,stratolink-3,2026-05-15 23:03:02.914088+00:00,,,,0.0,0.0,2026-05-15 23:03:03.301255+00:00,0.0,1193.0,0.0,26.2,3164.0,3.05,3.334,-47.0,8.75,0.0,0.0,0.0,-0.61,-0.3,9.52,,,,,,,10.0,125000.0,904900000.0,,US
21419576-35dc-410f-adf0-bd0115cfdebb,stratolink-3,2026-05-15 23:08:05.899226+00:00,,,,0.0,0.0,2026-05-15 23:08:06.354145+00:00,0.0,1197.0,0.0,25.8,3162.0,3.05,3.336,-51.0,8.25,0.0,0.0,0.0,-0.61,-0.3,9.21,,,,,,,10.0,125000.0,905100000.0,,US
2b040fb1-877e-4826-88c5-fec32092a59b,stratolink-3,2026-05-15 23:13:08.846307+00:00,,,,0.0,0.0,2026-05-15 23:13:09.181642+00:00,0.0,1197.0,0.0,26.0,3153.0,3.052,3.336,-50.0,11.25,0.0,0.0,0.0,-0.46,-0.3,9.36,,,,,,,10.0,125000.0,905300000.0,,US
cab21ff3-4bf4-4f57-9ca7-9ea5fa134222,stratolink-3,2026-05-15 23:18:11.769728+00:00,,,,0.0,0.0,2026-05-15 23:18:12.145446+00:00,0.0,1200.0,0.0,25.8,3139.0,3.05,3.336,-52.0,12.0,0.0,0.0,0.0,-0.61,-0.3,9.36,,,,,,,10.0,125000.0,903900000.0,,US
e2cf4265-7cba-4aaa-96b9-12f43a108ec0,stratolink-3,2026-05-15 23:23:14.719359+00:00,,,,0.0,0.0,2026-05-15 23:23:15.110608+00:00,0.0,1199.0,0.0,25.9,3128.0,3.046,3.34,-47.0,9.25,0.0,0.0,0.0,-0.61,-0.46,9.36,,,,,,,10.0,125000.0,904100000.0,,US
7bf77558-bfb6-440b-8692-e10445cf96ef,stratolink-3,2026-05-15 23:28:17.636523+00:00,,,,0.0,0.0,2026-05-15 23:28:18.069454+00:00,0.0,1201.0,0.0,25.7,3120.0,3.058,3.338,-49.0,8.25,0.0,0.0,0.0,-0.3,-0.46,9.36,,,,,,,10.0,125000.0,904300000.0,,US
c6ba5178-cd6d-4c02-b875-ae5d0e8b208e,stratolink-3,2026-05-15 23:33:20.503998+00:00,,,,0.0,0.0,2026-05-15 23:33:20.815287+00:00,0.0,1202.0,0.0,25.7,3118.0,3.756,3.338,-47.0,8.25,0.0,0.0,0.0,-0.61,-0.3,9.36,,,,,,,10.0,125000.0,904500000.0,,US
6303e805-cc7d-4a6b-a3e5-ed78662f210f,stratolink-3,2026-05-15 23:38:23.380864+00:00,,,,0.0,0.0,2026-05-15 23:38:23.848944+00:00,0.0,1200.0,0.0,25.7,3125.0,3.05,3.336,-52.0,11.0,0.0,0.0,0.0,-0.46,-0.3,9.52,,,,,,,10.0,125000.0,904700000.0,,US
af93886e-4fa6-4d3f-9c32-364f88d6c534,stratolink-3,2026-05-15 23:43:26.288740+00:00,,,,0.0,0.0,2026-05-15 23:43:27.445753+00:00,0.0,1188.0,0.0,25.7,3128.0,3.05,3.34,-48.0,9.5,0.0,0.0,0.0,-0.46,-0.3,9.21,,,,,,,10.0,125000.0,904900000.0,,US
f94abed3-588a-4ab3-a1e9-b500ec44b29a,stratolink-3,2026-05-15 23:48:29.177031+00:00,,,,0.0,0.0,2026-05-15 23:48:29.675905+00:00,0.0,1171.0,0.0,25.7,3120.0,3.052,3.336,-49.0,9.25,0.0,0.0,0.0,-0.46,-0.3,9.21,,,,,,,10.0,125000.0,905100000.0,,US
832b0df0-c6f3-4975-a5b0-8bceaa3f3c40,stratolink-3,2026-05-15 23:53:32.067795+00:00,,,,0.0,0.0,2026-05-15 23:53:32.831518+00:00,0.0,1148.0,0.0,25.6,3126.0,3.052,3.336,-51.0,11.75,0.0,0.0,0.0,-0.61,-0.3,9.21,,,,,,,10.0,125000.0,905300000.0,,US
d89a0b63-e846-4142-b0ce-7d069a27e12d,stratolink-3,2026-05-15 23:58:34.909117+00:00,,,,0.0,0.0,2026-05-15 23:58:35.524301+00:00,0.0,1116.0,0.0,25.6,3138.0,3.046,3.336,-51.0,11.5,0.0,0.0,0.0,-0.61,-0.3,9.36,,,,,,,10.0,125000.0,903900000.0,,US
dce55bb1-e404-480d-b0cd-dadd0483e797,stratolink-3,2026-05-16 00:03:37.783437+00:00,,,,0.0,0.0,2026-05-16 00:03:38.298732+00:00,0.0,1087.0,0.0,25.6,3130.0,3.046,3.334,-47.0,9.0,0.0,0.0,0.0,-0.46,-0.3,9.36,,,,,,,10.0,125000.0,904100000.0,,US
bae21151-40c2-428e-9d97-bc4e7950d5a1,stratolink-3,2026-05-16 00:08:40.640039+00:00,,,,0.0,0.0,2026-05-16 00:08:41.089498+00:00,0.0,1049.0,0.0,25.6,3128.0,3.29,3.34,-51.0,6.0,0.0,0.0,0.0,-0.61,-0.46,9.36,,,,,,,10.0,125000.0,904300000.0,,US
461eb9f1-2571-4f4f-87b9-426c19e6507c,stratolink-3,2026-05-16 00:13:43.483254+00:00,,,,0.0,0.0,2026-05-16 00:13:43.883696+00:00,0.0,1014.0,0.0,25.5,3124.0,3.05,3.334,-47.0,8.25,0.0,0.0,0.0,-0.61,-0.3,9.36,,,,,,,10.0,125000.0,904500000.0,,US
bb2b91ad-bd29-4e74-a96b-7afc1ec85e0d,stratolink-3,2026-05-16 00:18:46.288114+00:00,,,,0.0,0.0,2026-05-16 00:18:46.938938+00:00,0.0,974.0,0.0,25.5,3118.0,3.052,3.34,-50.0,11.5,0.0,0.0,0.0,-0.46,-0.3,9.21,,,,,,,10.0,125000.0,904700000.0,,US
e176ed85-8a5f-474d-9003-21e12e4c0f8a,stratolink-3,2026-05-16 02:36:21.775671+00:00,,,,0.0,0.0,2026-05-16 02:36:22.375426+00:00,0.0,864.0,0.0,23.3,3216.0,0.55,4.704,-43.0,8.25,0.0,0.0,0.0,-3.53,-1.38,8.75,,,,,,,10.0,125000.0,904100000.0,,US
26fe2a13-4784-47c6-bdf6-b0dcc4227933,stratolink-3,2026-05-17 00:56:31.337313+00:00,,,,0.0,0.0,2026-05-17 00:56:31.796173+00:00,0.0,940.0,0.0,24.6,1014.2,2.034,4.69,-43.0,9.0,0.0,0.0,0.0,-1.22,-0.46,9.36,,,,,,,7.0,125000.0,904100000.0,,US
d7be18c3-590d-4a57-b27b-b328f368f82c,stratolink-3,2026-05-17 01:02:04.372961+00:00,,,,0.0,0.0,2026-05-17 01:02:05.569396+00:00,0.0,941.0,0.0,24.2,1014.0,2.234,4.69,-46.0,8.0,0.0,0.0,0.0,-1.07,-0.3,9.36,,,,,,,7.0,125000.0,904300000.0,,US
626fccce-a38a-4dca-8b66-7f9d58ca0b35,stratolink-3,2026-05-17 01:07:12.084784+00:00,37.7784329,-122.3979689,-18.0,0.0,0.18,2026-05-17 01:07:13.119350+00:00,0.0,968.0,0.0,24.7,1013.6,2.962,4.402,-49.0,9.0,0.18,0.0,9.0,-0.3,-0.3,9.52,,,,,,,7.0,125000.0,904500000.0,,US
3694c084-c8ac-483f-81b3-64076d251010,stratolink-3,2026-05-17 01:17:16.775032+00:00,,,,0.0,0.0,2026-05-17 01:17:17.923804+00:00,0.0,933.0,0.0,25.2,1012.5,3.01,3.338,-51.0,10.25,0.0,0.0,0.0,-0.3,-0.15,9.21,,,,,,,7.0,125000.0,904700000.0,,US
f28c19d4-2736-4170-8a46-3c510d2c727c,stratolink-3,2026-05-17 15:55:29.933759+00:00,37.7278539,-122.425933,734.0,7.65370115115007,4.60062590186205,2026-05-17 15:55:31.089613+00:00,2.0,8738.0,1.0,23.1,926.6,5.154,5.372,-109.0,1.2,8.93,58.99,4.0,-2.76,9.21,-0.46,,,,,,,7.0,125000.0,904900000.0,,US
05425b19-df29-42b4-a3f4-2ab6bf3d1791,stratolink-3,2026-05-17 16:00:36.037042+00:00,37.7018272,-122.4334453,1013.0,15.6250997910961,-4.71154502454213,2026-05-17 16:00:37.052843+00:00,2.0,8738.0,0.0,19.2,848.7,5.154,5.37,-111.0,-1.0,16.32,106.78,6.0,-2.91,8.75,0.3,,,,,,,7.0,125000.0,905100000.0,,US
69c568d4-2476-4c48-9381-bff924a9c29b,stratolink-3,2026-05-17 16:04:10.088499+00:00,37.6755549,-122.4395281,1201.0,12.1418176734293,-0.827746087396072,2026-05-17 16:04:10.359172+00:00,2.0,8738.0,0.0,23.1,876.3,4.964,5.388,-119.0,-6.2,12.17,93.9,10.0,-3.07,9.06,0.15,,,,,,,7.0,125000.0,903900000.0,,US
4451d07c-d994-4e4e-b127-fa924f39ce37,stratolink-3,2026-05-17 16:09:16.210873+00:00,37.6491533,-122.4434913,1366.0,5.54564554297209,4.71637737163957,2026-05-17 16:09:16.662020+00:00,2.0,8738.0,1.0,21.9,858.1,4.066,5.388,-122.0,-7.75,7.28,49.62,8.0,-3.07,9.36,-0.15,,,,,,,7.0,125000.0,904100000.0,,US
af24a8c1-5dc5-4732-8585-624271dd1852,stratolink-3,2026-05-17 16:24:30.587680+00:00,37.6043216,-122.4186334,1916.0,-7.24707494349817,-3.6179973415304,2026-05-17 16:24:31.642376+00:00,0.0,8738.0,0.0,17.7,802.5,5.032,5.384,-119.0,-5.5,8.1,243.47,6.0,-2.91,8.9,-0.3,,,,,,,7.0,125000.0,904700000.0,,US
0153662e-0197-439d-b33c-ad74dd5773a7,stratolink-3,2026-05-17 16:44:39.112906+00:00,37.4929447,-122.3344165,2789.0,10.9396171586582,-10.2335319622304,2026-05-17 16:44:40.330497+00:00,2.0,8738.0,1.0,18.6,721.5,5.04,5.364,-126.0,-8.75,14.98,133.09,26.0,-3.07,8.44,-0.15,,,,,,,7.0,125000.0,903900000.0,,US
45a0fc79-aa57-4d00-8ec0-6a72833347c0,stratolink-3,2026-05-17 16:49:42.116476+00:00,37.4583287,-122.3145967,2979.0,11.9986751672891,6.99742054116236,2026-05-17 16:49:43.185287+00:00,2.0,8738.0,1.0,14.7,654.3,5.09,5.362,-124.0,-7.25,13.89,59.75,28.0,-2.76,9.21,-0.3,,,,,,,7.0,125000.0,904100000.0,,US
9b863a3a-34a4-470d-9dd3-57fd52c77c3b,stratolink-3,2026-05-17 16:54:45.368710+00:00,37.4224985,-122.2893366,3221.0,16.6096960139479,-2.38461701835804,2026-05-17 16:54:45.799754+00:00,1.0,8738.0,0.0,14.2,683.8,4.974,5.386,-115.0,-1.75,16.78,98.17,8.0,-2.45,9.21,0.15,,,,,,,7.0,125000.0,904300000.0,,US
930b1607-c38a-43bb-8f9c-ad348f1b3451,stratolink-3,2026-05-17 16:59:48.190251+00:00,37.3823285,-122.256516,3457.0,-1.4422052646734,16.7881667842129,2026-05-17 16:59:48.520536+00:00,1.0,8738.0,0.0,14.3,665.0,5.156,5.388,-114.0,-0.5,16.85,355.09,10.0,-2.76,9.06,0.15,,,,,,,7.0,125000.0,904500000.0,,US
3216aa69-056a-430e-8ce0-f896ed29b776,stratolink-3,2026-05-17 17:04:51.702765+00:00,37.3461907,-122.2206508,3717.0,-4.98560882554019,16.6495677012557,2026-05-17 17:04:52.136274+00:00,2.0,8738.0,1.0,12.9,642.4,5.132,5.364,-105.0,5.0,17.38,343.33,13.0,-2.76,8.9,0.15,,,,,,,7.0,125000.0,904700000.0,,US
d3221b3f-1382-46a5-ba0c-a8f06b8e4384,stratolink-3,2026-05-17 17:09:53.112917+00:00,37.3063606,-122.187729,3935.0,9.16671134923834,15.3164585671671,2026-05-17 17:09:53.516076+00:00,1.0,8738.0,0.0,13.0,626.1,5.102,5.382,-111.0,-1.3,17.85,30.9,26.0,-2.91,9.06,0.0,,,,,,,7.0,125000.0,904900000.0,,US
77c9fbbb-60a4-479a-afda-d2f21f0d734a,stratolink-3,2026-05-17 17:14:55.755595+00:00,37.2690699,-122.1541516,4148.0,-7.4897923696962,15.3835987421292,2026-05-17 17:14:56.096906+00:00,1.0,8738.0,0.0,11.6,609.9,4.992,5.374,-104.0,5.3,17.11,334.04,9.0,-2.76,8.9,0.15,,,,,,,7.0,125000.0,905100000.0,,US
c423c8b0-7a56-4973-ab7c-9330a49ff6bf,stratolink-3,2026-05-17 17:19:58.289191+00:00,37.2335001,-122.1153793,4351.0,-15.9504009338137,8.21147429214717,2026-05-17 17:19:58.627746+00:00,2.0,8738.0,1.0,10.7,593.7,5.076,5.36,-116.0,1.5,17.94,297.24,11.0,-2.76,9.21,0.0,,,,,,,7.0,125000.0,905300000.0,,US
706c8229-5a7a-427c-8c51-f35aa217f3cd,stratolink-3,2026-05-17 17:21:21.120107+00:00,37.2233936,-122.1044893,4421.0,-13.5261170035482,11.8913522698776,2026-05-17 17:21:21.361683+00:00,1.0,8738.0,0.0,10.2,589.3,4.162,5.36,-115.0,-6.25,18.01,311.32,19.0,-2.91,9.06,0.0,,,,,,,7.0,125000.0,903900000.0,,US
e95dd188-b324-455a-a846-4ddc16632f5d,stratolink-3,2026-05-17 17:26:23.098114+00:00,37.1859781,-122.0648298,4670.0,-9.60843345721368,14.9839249363542,2026-05-17 17:26:23.467693+00:00,1.0,8738.0,1.0,8.4,571.2,5.018,5.38,-107.0,1.5,17.8,327.33,8.0,-2.91,9.06,0.3,,,,,,,7.0,125000.0,904100000.0,,US
96737118-d737-4b3a-9b6d-e4b97a424665,stratolink-3,2026-05-17 17:31:26.182559+00:00,37.1493758,-122.025578,4924.0,-16.9548421639926,3.2312423607801,2026-05-17 17:31:26.473062+00:00,1.0,8738.0,0.0,8.0,553.1,4.36,5.37,-108.0,3.0,17.26,280.79,14.0,-2.76,9.06,0.0,,,,,,,7.0,125000.0,904300000.0,,US
1c2678d2-c77b-4dd9-b1f2-64d84917112e,stratolink-3,2026-05-17 17:36:29.163856+00:00,37.1152609,-121.9843454,5199.0,-17.1719451987033,1.74123464608651,2026-05-17 17:36:29.667877+00:00,3.0,8738.0,1.0,7.2,533.4,5.156,5.372,-111.0,-3.0,17.26,275.79,14.0,-3.07,8.9,0.61,,,,,,,7.0,125000.0,904500000.0,,US
e8b8f489-e78d-47f0-97dc-f4a7c7394e62,stratolink-3,2026-05-17 17:41:32.090369+00:00,37.0762419,-121.9368322,5482.0,-18.0603894398019,13.0639363624709,2026-05-17 17:41:32.484521+00:00,3.0,8738.0,1.0,5.7,514.1,5.05,5.384,-117.0,-9.0,22.29,305.88,12.0,-2.76,8.9,-0.15,,,,,,,7.0,125000.0,904700000.0,,US
8d295747-940e-492f-b76c-2fbe96cdd74f,stratolink-3,2026-05-17 17:46:34.307382+00:00,37.0238153,-121.8842043,5809.0,-3.07208568742998,27.8712017955647,2026-05-17 17:46:35.003444+00:00,1.0,8738.0,1.0,2.6,492.8,5.076,5.366,-105.0,-1.25,28.04,353.71,9.0,-2.91,8.9,0.0,,,,,,,7.0,125000.0,904900000.0,,US
8b6564a1-608b-44e2-bbec-8ea3049df3e3,stratolink-3,2026-05-17 17:51:34.147639+00:00,36.96056,-121.8303943,6010.0,17.3714749303029,23.7438046392287,2026-05-17 17:51:34.543266+00:00,3.0,8738.0,1.0,2.5,476.0,5.07,5.372,-105.0,-2.0,29.42,36.19,29.0,-2.61,8.75,0.15,,,,,,,7.0,125000.0,905100000.0,,US
bb19a9d4-aa82-4ff8-aefc-a6f38ba47bda,stratolink-3,2026-05-17 17:54:18.248301+00:00,36.9229548,-121.8027966,6097.0,28.773819493256,9.62200144302214,2026-05-17 17:54:18.569684+00:00,3.0,8738.0,1.0,1.4,464.5,4.906,5.386,-106.0,3.5,30.34,71.51,27.0,-3.22,9.06,0.46,,,,,,,7.0,125000.0,903900000.0,,US
da3f45b6-45f0-447f-a625-58f5d03733b7,stratolink-3,2026-05-17 17:59:20.272755+00:00,36.8456955,-121.7529385,6315.0,30.8081892714114,11.2559083958999,2026-05-17 17:59:20.685186+00:00,1.0,8738.0,0.0,1.5,461.3,5.076,5.362,-104.0,4.8,32.8,69.93,16.0,-2.91,9.06,0.15,,,,,,,7.0,125000.0,904100000.0,,US
01f0a940-491c-4e39-b379-d28690af0d81,stratolink-3,2026-05-17 18:04:21.349926+00:00,36.7681831,-121.6974251,6551.0,21.5474425117712,24.2098290205014,2026-05-17 18:04:22.074305+00:00,1.0,8738.0,1.0,-0.5,446.1,5.074,5.37,-107.0,0.8,32.41,41.67,9.0,-3.37,9.21,-0.3,,,,,,,7.0,125000.0,904300000.0,,US
47ad888a-acab-46c7-9f31-be08c8396c6e,stratolink-3,2026-05-17 18:09:55.067969+00:00,,,,0.0,0.0,2026-05-17 18:09:55.724464+00:00,2.0,8738.0,1.0,-0.2,437.3,5.082,5.372,-106.0,-0.8,0.0,0.0,0.0,-2.91,9.21,0.61,,,,,,,7.0,125000.0,904500000.0,"[{""alt"": null, ""lat"": null, ""lon"": null, ""snr"": -2.5, ""rssi"": -105, ""gateway_id"": ""packetbroker""}, {""alt"": null, ""lat"": null, ""lon"": null, ""snr"": -0.8, ""rssi"": -106, ""gateway_id"": ""packetbroker""}, {""alt"": null, ""lat"": null, ""lon"": null, ""snr"": -3.5, ""rssi"": -109, ""gateway_id"": ""packetbroker""}, {""alt"": null, ""lat"": null, ""lon"": null, ""snr"": -9.5, ""rssi"": -110, ""gateway_id"": ""packetbroker""}, {""alt"": null, ""lat"": null, ""lon"": null, ""snr"": -1.5, ""rssi"": -110, ""gateway_id"": ""packetbroker""}]",US
bc6f6986-bcab-48b1-8c81-702c1b1360f3,stratolink-3,2026-05-17 18:15:03.296891+00:00,36.6960622,-121.638681,6699.0,6.71555226480555,30.4174926280695,2026-05-17 18:15:04.153772+00:00,2.0,8738.0,1.0,-1.0,425.3,4.992,5.36,-117.0,-1.8,31.15,12.45,9.0,-2.91,9.06,-0.15,,,,,,,7.0,125000.0,904700000.0,"[{""alt"": null, ""lat"": null, ""lon"": null, ""snr"": -2.8, ""rssi"": -110, ""gateway_id"": ""packetbroker""}, {""alt"": 33, ""lat"": 36.930773, ""lon"": -121.684841, ""snr"": 3.5, ""rssi"": -115, ""gateway_id"": ""packetbroker""}, {""alt"": null, ""lat"": null, ""lon"": null, ""snr"": 1, ""rssi"": -116, ""gateway_id"": ""packetbroker""}, {""alt"": null, ""lat"": null, ""lon"": null, ""snr"": -1.8, ""rssi"": -117, ""gateway_id"": ""packetbroker""}]",US
8b30fb19-41ac-4341-9309-766a74257706,stratolink-3,2026-05-17 18:20:04.712632+00:00,36.6159551,-121.5718565,6924.0,11.8352908131905,28.9437176493831,2026-05-17 18:20:05.724994+00:00,3.0,8738.0,1.0,-3.2,409.4,5.046,5.364,-108.0,-0.8,31.27,22.24,32.0,-2.91,9.21,0.3,,,,,,,7.0,125000.0,904900000.0,"[{""alt"": null, ""lat"": null, ""lon"": null, ""snr"": 4, ""rssi"": -107, ""gateway_id"": ""packetbroker""}, {""alt"": null, ""lat"": null, ""lon"": null, ""snr"": -0.8, ""rssi"": -108, ""gateway_id"": ""packetbroker""}, {""alt"": null, ""lat"": null, ""lon"": null, ""snr"": -4.5, ""rssi"": -114, ""gateway_id"": ""packetbroker""}, {""alt"": 33, ""lat"": 36.930773, ""lon"": -121.684841, ""snr"": -4.5, ""rssi"": -118, ""gateway_id"": ""packetbroker""}, {""alt"": null, ""lat"": null, ""lon"": null, ""snr"": -8, ""rssi"": -120, ""gateway_id"": ""packetbroker""}]",US
25785b3b-9ea7-4141-b6f9-2b24e6f06f0f,stratolink-3,2026-05-17 18:25:12.831742+00:00,36.6159551,-121.5718565,6924.0,11.8352908131905,28.9437176493831,2026-05-17 18:25:13.356150+00:00,1.0,8738.0,0.0,-5.0,396.4,5.046,5.362,-117.0,-4.0,31.27,22.24,32.0,-3.22,8.9,-0.15,,,,,,,7.0,125000.0,905100000.0,"[{""alt"": null, ""lat"": null, ""lon"": null, ""snr"": 2.2, ""rssi"": -105, ""gateway_id"": ""packetbroker""}, {""alt"": 33, ""lat"": 36.930773, ""lon"": -121.684841, ""snr"": -4, ""rssi"": -117, ""gateway_id"": ""packetbroker""}, {""alt"": null, ""lat"": null, ""lon"": null, ""snr"": -3.2, ""rssi"": -118, ""gateway_id"": ""packetbroker""}]",US
b8fd10c8-b613-4e26-a54d-1bee387332e7,stratolink-3,2026-05-17 18:30:20.866336+00:00,36.6159551,-121.5718565,6924.0,11.8352908131905,28.9437176493831,2026-05-17 18:30:21.324483+00:00,2.0,8738.0,1.0,-5.1,384.8,5.038,5.366,-119.0,-7.5,31.27,22.24,32.0,-3.22,9.36,0.0,,,,,,,7.0,125000.0,905300000.0,"[{""alt"": null, ""lat"": null, ""lon"": null, ""snr"": -2.8, ""rssi"": -106, ""gateway_id"": ""packetbroker""}, {""alt"": null, ""lat"": null, ""lon"": null, ""snr"": -6.5, ""rssi"": -116, ""gateway_id"": ""packetbroker""}, {""alt"": null, ""lat"": null, ""lon"": null, ""snr"": -7.5, ""rssi"": -119, ""gateway_id"": ""packetbroker""}, {""alt"": 33, ""lat"": 36.930773, ""lon"": -121.684841, ""snr"": -4.5, ""rssi"": -119, ""gateway_id"": ""packetbroker""}]",US
6dc63db2-e52b-4f5c-97ac-7934b474f387,stratolink-3,2026-05-17 18:35:28.874540+00:00,36.6159551,-121.5718565,6924.0,11.8352908131905,28.9437176493831,2026-05-17 18:35:29.367640+00:00,1.0,8738.0,0.0,-11.5,370.9,4.962,5.38,-104.0,1.2,31.27,22.24,32.0,-3.22,8.9,-0.15,,,,,,,7.0,125000.0,903900000.0,"[{""alt"": null, ""lat"": null, ""lon"": null, ""snr"": 1.2, ""rssi"": -104, ""gateway_id"": ""packetbroker""}, {""alt"": null, ""lat"": null, ""lon"": null, ""snr"": 1.2, ""rssi"": -105, ""gateway_id"": ""packetbroker""}, {""alt"": null, ""lat"": null, ""lon"": null, ""snr"": 3.5, ""rssi"": -107, ""gateway_id"": ""packetbroker""}, {""alt"": null, ""lat"": null, ""lon"": null, ""snr"": -4, ""rssi"": -110, ""gateway_id"": ""packetbroker""}, {""alt"": null, ""lat"": null, ""lon"": null, ""snr"": -5.5, ""rssi"": -115, ""gateway_id"": ""ac1f09fffe1058c5""}]",US
7165b7f0-9a8d-4e26-a88e-70dc1fefcb04,stratolink-3,2026-05-17 18:40:36.873607+00:00,36.6159551,-121.5718565,6924.0,11.8352908131905,28.9437176493831,2026-05-17 18:40:37.354258+00:00,1.0,8738.0,0.0,-13.7,353.2,4.974,5.372,-111.0,-7.0,31.27,22.24,32.0,-3.53,8.75,-0.3,,,,,,,7.0,125000.0,904100000.0,"[{""alt"": null, ""lat"": null, ""lon"": null, ""snr"": -7.8, ""rssi"": -106, ""gateway_id"": ""packetbroker""}, {""alt"": null, ""lat"": null, ""lon"": null, ""snr"": -4.8, ""rssi"": -109, ""gateway_id"": ""packetbroker""}, {""alt"": null, ""lat"": null, ""lon"": null, ""snr"": -2, ""rssi"": -110, ""gateway_id"": ""packetbroker""}, {""alt"": null, ""lat"": null, ""lon"": null, ""snr"": -7, ""rssi"": -111, ""gateway_id"": ""packetbroker""}, {""alt"": null, ""lat"": null, ""lon"": null, ""snr"": -2.2, ""rssi"": -114, ""gateway_id"": ""ac1f09fffe1058c5""}]",US
44dcf524-349b-4327-ba86-d765a0d51dcb,stratolink-3,2026-05-17 18:45:44.987777+00:00,36.6159551,-121.5718565,6924.0,11.8352908131905,28.9437176493831,2026-05-17 18:45:45.447812+00:00,0.0,8738.0,1.0,-15.9,339.4,4.998,5.374,-109.0,-0.8,31.27,22.24,32.0,-3.22,9.06,-0.15,,,,,,,7.0,125000.0,904300000.0,"[{""alt"": null, ""lat"": null, ""lon"": null, ""snr"": 3.2, ""rssi"": -104, ""gateway_id"": ""packetbroker""}, {""alt"": null, ""lat"": null, ""lon"": null, ""snr"": -0.8, ""rssi"": -109, ""gateway_id"": ""packetbroker""}, {""alt"": 33, ""lat"": 36.930773, ""lon"": -121.684841, ""snr"": -10.5, ""rssi"": -110, ""gateway_id"": ""packetbroker""}]",US
88f60cce-85df-42fd-b6fd-f1acc4c7fa17,stratolink-3,2026-05-17 18:50:53.139350+00:00,36.6159551,-121.5718565,6924.0,11.8352908131905,28.9437176493831,2026-05-17 18:50:53.463747+00:00,1.0,8738.0,1.0,-17.9,325.1,4.942,5.366,-104.0,2.5,31.27,22.24,32.0,-3.22,9.06,0.0,,,,,,,7.0,125000.0,904500000.0,"[{""alt"": null, ""lat"": null, ""lon"": null, ""snr"": 2.5, ""rssi"": -104, ""gateway_id"": ""packetbroker""}, {""alt"": null, ""lat"": null, ""lon"": null, ""snr"": 2.2, ""rssi"": -108, ""gateway_id"": ""packetbroker""}, {""alt"": null, ""lat"": null, ""lon"": null, ""snr"": -4, ""rssi"": -109, ""gateway_id"": ""packetbroker""}, {""alt"": 33, ""lat"": 36.930773, ""lon"": -121.684841, ""snr"": -8.2, ""rssi"": -111, ""gateway_id"": ""packetbroker""}, {""alt"": null, ""lat"": null, ""lon"": null, ""snr"": -6.2, ""rssi"": -111, ""gateway_id"": ""packetbroker""}, {""alt"": null, ""lat"": null, ""lon"": null, ""snr"": -0.8, ""rssi"": -113, ""gateway_id"": ""ac1f09fffe1058c5""}]",US
d6bc1afb-fb1c-498f-8652-e9d1fc8d5a28,stratolink-3,2026-05-17 18:56:01.507157+00:00,36.6159551,-121.5718565,6924.0,11.8352908131905,28.9437176493831,2026-05-17 18:56:02.712828+00:00,1.0,8738.0,0.0,-21.4,312.7,4.974,5.38,-113.0,-4.2,31.27,22.24,32.0,-3.53,8.75,-0.3,,,,,,,7.0,125000.0,904700000.0,"[{""alt"": null, ""lat"": null, ""lon"": null, ""snr"": -0.8, ""rssi"": -106, ""gateway_id"": ""packetbroker""}, {""alt"": null, ""lat"": null, ""lon"": null, ""snr"": -4.2, ""rssi"": -113, ""gateway_id"": ""ac1f09fffe1058c5""}, {""alt"": null, ""lat"": null, ""lon"": null, ""snr"": -1.8, ""rssi"": -114, ""gateway_id"": ""packetbroker""}, {""alt"": null, ""lat"": null, ""lon"": null, ""snr"": -5.5, ""rssi"": -119, ""gateway_id"": ""packetbroker""}]",US
ecd25bb4-08c8-425c-a3a2-5973f970054a,stratolink-3,2026-05-17 19:01:10.000016+00:00,36.6159551,-121.5718565,6924.0,11.8352908131905,28.9437176493831,2026-05-17 19:01:10.534189+00:00,1.0,8738.0,0.0,-20.7,302.9,4.95,5.38,-110.0,-5.0,31.27,22.24,32.0,-3.07,8.6,0.3,,,,,,,7.0,125000.0,904900000.0,"[{""alt"": null, ""lat"": null, ""lon"": null, ""snr"": 2.5, ""rssi"": -107, ""gateway_id"": ""packetbroker""}, {""alt"": null, ""lat"": null, ""lon"": null, ""snr"": -5, ""rssi"": -110, ""gateway_id"": ""packetbroker""}, {""alt"": null, ""lat"": null, ""lon"": null, ""snr"": -6.5, ""rssi"": -113, ""gateway_id"": ""ac1f09fffe1058c5""}, {""alt"": null, ""lat"": null, ""lon"": null, ""snr"": 0.2, ""rssi"": -115, ""gateway_id"": ""packetbroker""}, {""alt"": null, ""lat"": null, ""lon"": null, ""snr"": -2.8, ""rssi"": -117, ""gateway_id"": ""packetbroker""}]",US
dbfab62d-1ee2-43ef-8ff5-a9fa37fd3ac6,stratolink-3,2026-05-17 19:06:18.388474+00:00,36.6159551,-121.5718565,6924.0,11.8352908131905,28.9437176493831,2026-05-17 19:06:18.792690+00:00,1.0,8738.0,1.0,-10.6,298.3,5.052,5.366,-109.0,-5.5,31.27,22.24,32.0,-3.22,9.06,-0.3,,,,,,,7.0,125000.0,905100000.0,"[{""alt"": null, ""lat"": null, ""lon"": null, ""snr"": -5.5, ""rssi"": -109, ""gateway_id"": ""packetbroker""}]",US
640f4de7-b5b1-4ce1-bfd2-05ca1a4d8d2e,stratolink-3,2026-05-17 19:11:26.393134+00:00,36.6159551,-121.5718565,6924.0,11.8352908131905,28.9437176493831,2026-05-17 19:11:26.868892+00:00,1.0,8738.0,0.0,-19.6,295.2,4.96,5.364,-118.0,-1.5,31.27,22.24,32.0,-2.76,8.9,-0.15,,,,,,,7.0,125000.0,905300000.0,"[{""alt"": 305, ""lat"": 36.692693, ""lon"": -119.751509, ""snr"": -1.5, ""rssi"": -118, ""gateway_id"": ""packetbroker""}, {""alt"": null, ""lat"": null, ""lon"": null, ""snr"": -8.2, ""rssi"": -119, ""gateway_id"": ""packetbroker""}]",US
61b4c0d5-3078-4fbb-8a13-9a01a9b96369,stratolink-3,2026-05-17 19:16:34.605414+00:00,36.6159551,-121.5718565,6924.0,11.8352908131905,28.9437176493831,2026-05-17 19:16:35.068305+00:00,1.0,8738.0,0.0,-15.8,292.1,4.99,5.378,-108.0,-0.2,31.27,22.24,32.0,-3.37,9.06,0.0,,,,,,,7.0,125000.0,903900000.0,"[{""alt"": 305, ""lat"": 36.692693, ""lon"": -119.751509, ""snr"": -0.2, ""rssi"": -108, ""gateway_id"": ""packetbroker""}, {""alt"": null, ""lat"": null, ""lon"": null, ""snr"": -9.2, ""rssi"": -113, ""gateway_id"": ""packetbroker""}]",US
e7a9de6f-899a-4b24-89a0-050ab7827255,stratolink-3,2026-05-17 19:21:43.035391+00:00,36.6159551,-121.5718565,6924.0,11.8352908131905,28.9437176493831,2026-05-17 19:21:43.851422+00:00,1.0,8738.0,0.0,-22.1,286.2,4.95,5.36,-107.0,0.2,31.27,22.24,32.0,-3.07,8.9,0.0,,,,,,,7.0,125000.0,904100000.0,"[{""alt"": 305, ""lat"": 36.692693, ""lon"": -119.751509, ""snr"": 0.2, ""rssi"": -107, ""gateway_id"": ""packetbroker""}]",US
1f03994c-af91-4914-8923-f9c79782ecd6,stratolink-3,2026-05-17 19:26:52.269777+00:00,36.6159551,-121.5718565,6924.0,11.8352908131905,28.9437176493831,2026-05-17 19:26:52.809666+00:00,2.0,8738.0,0.0,-20.2,285.7,4.972,5.372,-118.0,-7.25,31.27,22.24,32.0,-3.22,8.9,-0.76,,,,,,,7.0,125000.0,904300000.0,"[{""alt"": null, ""lat"": null, ""lon"": null, ""snr"": -7.25, ""rssi"": -118, ""gateway_id"": ""packetbroker""}]",US
e911daf4-71f2-4f1a-8e95-8b8f9b538b81,stratolink-3,2026-05-17 19:32:00.320987+00:00,36.6159551,-121.5718565,6924.0,11.8352908131905,28.9437176493831,2026-05-17 19:32:01.348349+00:00,3.0,8738.0,1.0,-19.2,285.8,4.894,5.386,-108.0,-1.0,31.27,22.24,32.0,-2.91,8.9,-0.46,,,,,,,7.0,125000.0,904500000.0,"[{""alt"": 305, ""lat"": 36.692693, ""lon"": -119.751509, ""snr"": -1, ""rssi"": -108, ""gateway_id"": ""packetbroker""}]",US
3b4a6943-e8e4-4eb2-ba7b-ad0d05924487,stratolink-3,2026-05-17 19:37:08.748533+00:00,36.6159551,-121.5718565,6924.0,11.8352908131905,28.9437176493831,2026-05-17 19:37:10.041229+00:00,2.0,8738.0,0.0,-17.2,285.6,4.992,5.372,-112.0,-8.2,31.27,22.24,32.0,-3.07,8.9,-0.15,,,,,,,7.0,125000.0,904700000.0,"[{""alt"": 305, ""lat"": 36.692693, ""lon"": -119.751509, ""snr"": -8.2, ""rssi"": -112, ""gateway_id"": ""packetbroker""}]",US
dd1df83c-24f9-4ed4-8d72-804eacd41e10,stratolink-3,2026-05-17 19:42:17.095183+00:00,36.6159551,-121.5718565,6924.0,11.8352908131905,28.9437176493831,2026-05-17 19:42:17.546145+00:00,2.0,8738.0,1.0,-19.0,285.2,4.948,5.374,-112.0,-5.0,31.27,22.24,32.0,-2.91,9.06,0.0,,,,,,,7.0,125000.0,904900000.0,"[{""alt"": 30, ""lat"": 34.459499, ""lon"": -120.446017, ""snr"": -5, ""rssi"": -112, ""gateway_id"": ""packetbroker""}, {""alt"": 305, ""lat"": 36.692693, ""lon"": -119.751509, ""snr"": -1, ""rssi"": -115, ""gateway_id"": ""packetbroker""}]",US
4e3e8017-a80d-4670-884a-6789c2d5cab9,stratolink-3,2026-05-17 19:47:26.075543+00:00,36.6159551,-121.5718565,6924.0,11.8352908131905,28.9437176493831,2026-05-17 19:47:27.066637+00:00,2.0,8738.0,0.0,-23.4,283.2,4.844,5.38,-113.0,-8.0,31.27,22.24,32.0,-3.07,9.36,-0.3,,,,,,,7.0,125000.0,905100000.0,"[{""alt"": null, ""lat"": null, ""lon"": null, ""snr"": -6.2, ""rssi"": -110, ""gateway_id"": ""packetbroker""}, {""alt"": 30, ""lat"": 34.459499, ""lon"": -120.446017, ""snr"": -8, ""rssi"": -113, ""gateway_id"": ""packetbroker""}, {""alt"": null, ""lat"": null, ""lon"": null, ""snr"": -7, ""rssi"": -113, ""gateway_id"": ""ac1f09fffe1058c5""}]",US
c90b26a4-c5c7-4504-b001-b2e992805a08,stratolink-3,2026-05-17 19:52:35.580751+00:00,36.6159551,-121.5718565,6924.0,11.8352908131905,28.9437176493831,2026-05-17 19:52:36.009888+00:00,2.0,8738.0,1.0,-23.7,284.6,4.956,5.36,-117.0,-3.0,31.27,22.24,32.0,-3.22,8.9,0.0,,,,,,,7.0,125000.0,905300000.0,"[{""alt"": null, ""lat"": null, ""lon"": null, ""snr"": -3, ""rssi"": -117, ""gateway_id"": ""packetbroker""}]",US
ca30ea5b-042d-497d-9f8e-b9be3ebc63dc,stratolink-3,2026-05-17 19:57:43.862984+00:00,36.6159551,-121.5718565,6924.0,11.8352908131905,28.9437176493831,2026-05-17 19:57:44.967922+00:00,1.0,8738.0,0.0,-18.4,285.8,5.018,5.364,-114.0,-8.0,31.27,22.24,32.0,-3.07,8.9,0.0,,,,,,,7.0,125000.0,903900000.0,"[{""alt"": 30, ""lat"": 34.459499, ""lon"": -120.446017, ""snr"": -8, ""rssi"": -114, ""gateway_id"": ""packetbroker""}]",US
0d7c0354-9bdf-4cc7-a96b-d563d44cce99,stratolink-3,2026-05-17 20:02:52.521911+00:00,36.6159551,-121.5718565,6924.0,11.8352908131905,28.9437176493831,2026-05-17 20:02:52.860350+00:00,2.0,8738.0,0.0,-18.9,285.2,4.984,5.366,-112.0,-5.8,31.27,22.24,32.0,-3.07,9.21,-0.76,,,,,,,7.0,125000.0,904100000.0,"[{""alt"": null, ""lat"": null, ""lon"": null, ""snr"": -8.8, ""rssi"": -109, ""gateway_id"": ""packetbroker""}, {""alt"": 305, ""lat"": 36.692693, ""lon"": -119.751509, ""snr"": -7.5, ""rssi"": -110, ""gateway_id"": ""packetbroker""}, {""alt"": 30, ""lat"": 34.459499, ""lon"": -120.446017, ""snr"": -5.8, ""rssi"": -112, ""gateway_id"": ""packetbroker""}]",US
b447ec27-8f16-4f5e-92cf-02dd39869d75,stratolink-3,2026-05-17 20:08:01.039572+00:00,36.6159551,-121.5718565,6924.0,11.8352908131905,28.9437176493831,2026-05-17 20:08:02.690445+00:00,1.0,8738.0,0.0,-18.0,285.7,4.948,5.36,-111.0,-1.2,31.27,22.24,32.0,-3.07,9.06,0.3,,,,,,,7.0,125000.0,904300000.0,"[{""alt"": 30, ""lat"": 34.459499, ""lon"": -120.446017, ""snr"": -1.2, ""rssi"": -111, ""gateway_id"": ""packetbroker""}]",US
79b19503-d17d-4d16-84e7-e8f1002e8c29,stratolink-3,2026-05-17 20:13:09.654294+00:00,36.6159551,-121.5718565,6924.0,11.8352908131905,28.9437176493831,2026-05-17 20:13:10.671633+00:00,2.0,8738.0,1.0,-18.9,285.5,4.96,5.38,-111.0,-2.8,31.27,22.24,32.0,-2.91,9.21,0.0,,,,,,,7.0,125000.0,904500000.0,"[{""alt"": 30, ""lat"": 34.459499, ""lon"": -120.446017, ""snr"": null, ""rssi"": -109, ""gateway_id"": ""packetbroker""}, {""alt"": 310, ""lat"": 34.490621, ""lon"": -120.463011, ""snr"": -2.8, ""rssi"": -111, ""gateway_id"": ""packetbroker""}]",US
1f3c732f-ec9a-4b40-8558-6667cd32056a,stratolink-3,2026-05-17 20:18:18.262429+00:00,36.6159551,-121.5718565,6924.0,11.8352908131905,28.9437176493831,2026-05-17 20:18:19.123342+00:00,1.0,8738.0,0.0,-19.3,285.9,4.96,5.36,-112.0,-0.2,31.27,22.24,32.0,-2.91,9.06,-0.61,,,,,,,7.0,125000.0,904700000.0,"[{""alt"": 310, ""lat"": 34.490621, ""lon"": -120.463011, ""snr"": -3.2, ""rssi"": -111, ""gateway_id"": ""packetbroker""}, {""alt"": 30, ""lat"": 34.459499, ""lon"": -120.446017, ""snr"": -0.2, ""rssi"": -112, ""gateway_id"": ""packetbroker""}]",US
a5f6d409-2d7a-4d34-a7b1-2368ce38061f,stratolink-3,2026-05-17 20:23:26.802537+00:00,36.6159551,-121.5718565,6924.0,11.8352908131905,28.9437176493831,2026-05-17 20:23:27.230605+00:00,1.0,8738.0,0.0,-20.1,285.4,4.908,5.388,-110.0,1.2,31.27,22.24,32.0,-2.91,9.06,-0.76,,,,,,,7.0,125000.0,904900000.0,"[{""alt"": 310, ""lat"": 34.490621, ""lon"": -120.463011, ""snr"": -0.2, ""rssi"": -108, ""gateway_id"": ""packetbroker""}, {""alt"": 30, ""lat"": 34.459499, ""lon"": -120.446017, ""snr"": 1.2, ""rssi"": -110, ""gateway_id"": ""packetbroker""}]",US
cc4eac52-bd23-42af-a67f-aea2a4850c6a,stratolink-3,2026-05-17 20:28:35.829349+00:00,36.6159551,-121.5718565,6924.0,11.8352908131905,28.9437176493831,2026-05-17 20:28:36.739542+00:00,1.0,8738.0,0.0,-24.4,285.1,4.896,5.374,-116.0,-7.2,31.27,22.24,32.0,-2.91,9.06,-0.3,,,,,,,7.0,125000.0,905100000.0,"[{""alt"": 30, ""lat"": 34.459499, ""lon"": -120.446017, ""snr"": 2, ""rssi"": -110, ""gateway_id"": ""packetbroker""}, {""alt"": 310, ""lat"": 34.490621, ""lon"": -120.463011, ""snr"": -1.5, ""rssi"": -111, ""gateway_id"": ""packetbroker""}, {""alt"": null, ""lat"": null, ""lon"": null, ""snr"": -8, ""rssi"": -113, ""gateway_id"": ""ac1f09fffe1058c5""}, {""alt"": 50, ""lat"": 34.51642256207313, ""lon"": -120.45803904533388, ""snr"": -7.2, ""rssi"": -116, ""gateway_id"": ""packetbroker""}]",US
a6e82b43-e86f-4879-8a57-74f83f66b3a2,stratolink-3,2026-05-17 20:33:44.700921+00:00,36.6159551,-121.5718565,6924.0,11.8352908131905,28.9437176493831,2026-05-17 20:33:45.219680+00:00,1.0,8738.0,0.0,-22.2,284.8,4.986,5.362,-111.0,-0.2,31.27,22.24,32.0,-3.07,8.9,-0.15,,,,,,,7.0,125000.0,905300000.0,"[{""alt"": 30, ""lat"": 34.459499, ""lon"": -120.446017, ""snr"": -0.2, ""rssi"": -111, ""gateway_id"": ""packetbroker""}, {""alt"": 310, ""lat"": 34.490621, ""lon"": -120.463011, ""snr"": -5.8, ""rssi"": -111, ""gateway_id"": ""packetbroker""}, {""alt"": null, ""lat"": null, ""lon"": null, ""snr"": -5.5, ""rssi"": -112, ""gateway_id"": ""ac1f09fffe1058c5""}, {""alt"": 50, ""lat"": 34.51642256207313, ""lon"": -120.45803904533388, ""snr"": -6, ""rssi"": -115, ""gateway_id"": ""packetbroker""}]",US
1a1295a6-8ffd-4769-a991-93856a88c486,stratolink-3,2026-05-17 20:38:53.880352+00:00,36.6159551,-121.5718565,6924.0,11.8352908131905,28.9437176493831,2026-05-17 20:38:54.279143+00:00,1.0,8738.0,0.0,-22.9,284.7,4.95,5.372,-110.0,1.8,31.27,22.24,32.0,-3.22,8.9,-0.46,,,,,,,7.0,125000.0,903900000.0,"[{""alt"": 310, ""lat"": 34.490621, ""lon"": -120.463011, ""snr"": 1.8, ""rssi"": -110, ""gateway_id"": ""packetbroker""}, {""alt"": 30, ""lat"": 34.459499, ""lon"": -120.446017, ""snr"": 1.8, ""rssi"": -110, ""gateway_id"": ""packetbroker""}, {""alt"": 50, ""lat"": 34.51642256207313, ""lon"": -120.45803904533388, ""snr"": 1.2, ""rssi"": -112, ""gateway_id"": ""packetbroker""}]",US
eaab8eec-4620-4557-a8d0-59bce23eaeea,stratolink-3,2026-05-17 20:44:02.655571+00:00,36.6159551,-121.5718565,6924.0,11.8352908131905,28.9437176493831,2026-05-17 20:44:03.740239+00:00,2.0,8738.0,1.0,-18.8,285.4,5.026,5.362,-105.0,4.5,31.27,22.24,32.0,-3.07,8.9,-0.15,,,,,,,7.0,125000.0,904100000.0,"[{""alt"": 310, ""lat"": 34.490621, ""lon"": -120.463011, ""snr"": 4.5, ""rssi"": -105, ""gateway_id"": ""packetbroker""}, {""alt"": 50, ""lat"": 34.51642256207313, ""lon"": -120.45803904533388, ""snr"": 4.2, ""rssi"": -109, ""gateway_id"": ""packetbroker""}, {""alt"": 30, ""lat"": 34.459499, ""lon"": -120.446017, ""snr"": 1, ""rssi"": -110, ""gateway_id"": ""packetbroker""}, {""alt"": null, ""lat"": null, ""lon"": null, ""snr"": -6.5, ""rssi"": -114, ""gateway_id"": ""ac1f09fffe1058c5""}]",US
2f0da98a-7112-428c-a619-969ee2d86cba,stratolink-3,2026-05-17 20:49:11.130426+00:00,36.6159551,-121.5718565,6924.0,11.8352908131905,28.9437176493831,2026-05-17 20:49:12.479663+00:00,2.0,8738.0,0.0,-18.8,285.0,5.026,5.372,-106.0,2.2,31.27,22.24,32.0,-3.22,8.9,-0.46,,,,,,,7.0,125000.0,904300000.0,"[{""alt"": 30, ""lat"": 34.459499, ""lon"": -120.446017, ""snr"": 2.2, ""rssi"": -106, ""gateway_id"": ""packetbroker""}, {""alt"": 310, ""lat"": 34.490621, ""lon"": -120.463011, ""snr"": 2.5, ""rssi"": -106, ""gateway_id"": ""packetbroker""}, {""alt"": 50, ""lat"": 34.51642256207313, ""lon"": -120.45803904533388, ""snr"": 2.8, ""rssi"": -109, ""gateway_id"": ""packetbroker""}]",US
2bccb324-d3de-4aa8-84f3-286b55b0936c,stratolink-3,2026-05-17 20:54:19.952306+00:00,36.6159551,-121.5718565,6924.0,11.8352908131905,28.9437176493831,2026-05-17 20:54:21.183917+00:00,1.0,8738.0,0.0,-18.6,285.7,4.896,5.36,-110.0,3.5,31.27,22.24,32.0,-2.91,9.06,-0.15,,,,,,,7.0,125000.0,904500000.0,"[{""alt"": 50, ""lat"": 34.51642256207313, ""lon"": -120.45803904533388, ""snr"": 3.5, ""rssi"": -110, ""gateway_id"": ""packetbroker""}, {""alt"": 310, ""lat"": 34.490621, ""lon"": -120.463011, ""snr"": -2, ""rssi"": -110, ""gateway_id"": ""packetbroker""}, {""alt"": 30, ""lat"": 34.459499, ""lon"": -120.446017, ""snr"": -1.5, ""rssi"": -112, ""gateway_id"": ""packetbroker""}]",US
b8927dbd-4815-43f0-88e2-2801d96d5946,stratolink-3,2026-05-17 20:59:28.253829+00:00,36.6159551,-121.5718565,6924.0,11.8352908131905,28.9437176493831,2026-05-17 20:59:29.067652+00:00,1.0,8738.0,0.0,-13.2,286.3,5.0,5.364,-109.0,,31.27,22.24,32.0,-3.07,9.06,-0.15,,,,,,,7.0,125000.0,904700000.0,"[{""alt"": 310, ""lat"": 34.490621, ""lon"": -120.463011, ""snr"": null, ""rssi"": -109, ""gateway_id"": ""packetbroker""}, {""alt"": 50, ""lat"": 34.51642256207313, ""lon"": -120.45803904533388, ""snr"": 2.2, ""rssi"": -110, ""gateway_id"": ""packetbroker""}, {""alt"": 30, ""lat"": 34.459499, ""lon"": -120.446017, ""snr"": -4.2, ""rssi"": -113, ""gateway_id"": ""packetbroker""}]",US
60bfaac3-84ee-498f-b300-c5d82874cbec,stratolink-3,2026-05-17 21:04:36.472483+00:00,36.6159551,-121.5718565,6924.0,11.8352908131905,28.9437176493831,2026-05-17 21:04:36.982027+00:00,4.0,8738.0,1.0,-10.3,285.2,5.104,5.364,-110.0,-0.5,31.27,22.24,32.0,-2.91,8.75,0.15,,,,,,,7.0,125000.0,904900000.0,"[{""alt"": 50, ""lat"": 34.51642256207313, ""lon"": -120.45803904533388, ""snr"": 5.8, ""rssi"": -106, ""gateway_id"": ""packetbroker""}, {""alt"": null, ""lat"": null, ""lon"": null, ""snr"": -5.2, ""rssi"": -109, ""gateway_id"": ""eui-ac1f09fffe1058af""}, {""alt"": 30, ""lat"": 34.459499, ""lon"": -120.446017, ""snr"": -0.5, ""rssi"": -110, ""gateway_id"": ""packetbroker""}, {""alt"": null, ""lat"": 34.022353000714745, ""lon"": -119.87009102350135, ""snr"": -3.8, ""rssi"": -117, ""gateway_id"": ""packetbroker""}]",US
622827f4-818a-4e1e-a319-22b2510f3ba2,stratolink-3,2026-05-17 21:09:44.467554+00:00,36.6159551,-121.5718565,6924.0,11.8352908131905,28.9437176493831,2026-05-17 21:09:44.830312+00:00,1.0,8738.0,0.0,-6.0,287.1,5.008,5.372,-111.0,-2.0,31.27,22.24,32.0,-2.91,9.21,0.61,,,,,,,7.0,125000.0,905100000.0,"[{""alt"": 50, ""lat"": 34.51642256207313, ""lon"": -120.45803904533388, ""snr"": 2.5, ""rssi"": -109, ""gateway_id"": ""packetbroker""}, {""alt"": 30, ""lat"": 34.459499, ""lon"": -120.446017, ""snr"": -2, ""rssi"": -111, ""gateway_id"": ""packetbroker""}, {""alt"": 310, ""lat"": 34.490621, ""lon"": -120.463011, ""snr"": -2.5, ""rssi"": -111, ""gateway_id"": ""packetbroker""}]",US
7bb53891-a66a-4a5a-853c-43ac820ae75b,stratolink-3,2026-05-17 21:14:52.612448+00:00,36.6159551,-121.5718565,6924.0,11.8352908131905,28.9437176493831,2026-05-17 21:14:53.033688+00:00,1.0,8738.0,0.0,-7.4,286.8,5.076,5.372,-111.0,0.2,31.27,22.24,32.0,-2.76,9.06,0.3,,,,,,,7.0,125000.0,905300000.0,"[{""alt"": 50, ""lat"": 34.51642256207313, ""lon"": -120.45803904533388, ""snr"": 0.2, ""rssi"": -111, ""gateway_id"": ""packetbroker""}, {""alt"": 310, ""lat"": 34.490621, ""lon"": -120.463011, ""snr"": -4.5, ""rssi"": -112, ""gateway_id"": ""packetbroker""}, {""alt"": 30, ""lat"": 34.459499, ""lon"": -120.446017, ""snr"": -3, ""rssi"": -113, ""gateway_id"": ""packetbroker""}, {""alt"": null, ""lat"": 34.022353000714745, ""lon"": -119.87009102350135, ""snr"": -2, ""rssi"": -115, ""gateway_id"": ""packetbroker""}]",US
afcafeb5-80dc-4e09-8cb9-0f351dcc9d2a,stratolink-3,2026-05-17 21:20:00.764822+00:00,36.6159551,-121.5718565,6924.0,11.8352908131905,28.9437176493831,2026-05-17 21:20:01.878133+00:00,2.0,8738.0,1.0,-10.9,286.6,4.98,5.362,-117.0,-4.0,31.27,22.24,32.0,-3.07,8.75,0.0,,,,,,,7.0,125000.0,903900000.0,"[{""alt"": 310, ""lat"": 34.490621, ""lon"": -120.463011, ""snr"": 1.5, ""rssi"": -107, ""gateway_id"": ""packetbroker""}, {""alt"": 50, ""lat"": 34.51642256207313, ""lon"": -120.45803904533388, ""snr"": 3.5, ""rssi"": -110, ""gateway_id"": ""packetbroker""}, {""alt"": 30, ""lat"": 34.459499, ""lon"": -120.446017, ""snr"": -0.2, ""rssi"": -112, ""gateway_id"": ""packetbroker""}, {""alt"": null, ""lat"": 33.99601774009769, ""lon"": -119.7169715166092, ""snr"": -4, ""rssi"": -117, ""gateway_id"": ""packetbroker""}, {""alt"": null, ""lat"": 34.022353000714745, ""lon"": -119.87009102350135, ""snr"": -1.8, ""rssi"": -117, ""gateway_id"": ""packetbroker""}]",US
dc441bc6-5420-4069-ba3c-e43c254eb02a,stratolink-3,2026-05-17 21:25:08.807886+00:00,36.6159551,-121.5718565,6924.0,11.8352908131905,28.9437176493831,2026-05-17 21:25:09.990894+00:00,1.0,8738.0,0.0,-9.8,286.6,5.012,5.366,-113.0,-5.5,31.27,22.24,32.0,-2.91,8.6,0.15,,,,,,,7.0,125000.0,904100000.0,"[{""alt"": 310, ""lat"": 34.490621, ""lon"": -120.463011, ""snr"": -4.5, ""rssi"": -111, ""gateway_id"": ""packetbroker""}, {""alt"": 50, ""lat"": 34.51642256207313, ""lon"": -120.45803904533388, ""snr"": -1.8, ""rssi"": -112, ""gateway_id"": ""packetbroker""}, {""alt"": 30, ""lat"": 34.459499, ""lon"": -120.446017, ""snr"": -5.5, ""rssi"": -113, ""gateway_id"": ""packetbroker""}]",US
5326f79b-dbc5-411b-819a-29fe01fa6800,stratolink-3,2026-05-17 21:30:17.007547+00:00,36.6159551,-121.5718565,6924.0,11.8352908131905,28.9437176493831,2026-05-17 21:30:17.377850+00:00,1.0,8738.0,0.0,-17.0,285.5,4.986,5.36,-114.0,-5.0,31.27,22.24,32.0,-2.91,8.9,-0.3,,,,,,,7.0,125000.0,904300000.0,"[{""alt"": null, ""lat"": 33.99601774009769, ""lon"": -119.7169715166092, ""snr"": 3, ""rssi"": -108, ""gateway_id"": ""packetbroker""}, {""alt"": 310, ""lat"": 34.490621, ""lon"": -120.463011, ""snr"": -8, ""rssi"": -111, ""gateway_id"": ""packetbroker""}, {""alt"": 50, ""lat"": 34.51642256207313, ""lon"": -120.45803904533388, ""snr"": -1.2, ""rssi"": -112, ""gateway_id"": ""packetbroker""}, {""alt"": null, ""lat"": null, ""lon"": null, ""snr"": -5, ""rssi"": -114, ""gateway_id"": ""packetbroker""}]",US
768f2016-48cf-4f61-9c01-72fe56b53d7c,stratolink-3,2026-05-17 21:35:25.510978+00:00,36.6159551,-121.5718565,6924.0,11.8352908131905,28.9437176493831,2026-05-17 21:35:25.970811+00:00,2.0,8738.0,1.0,-8.6,285.0,5.13,5.364,-113.0,1.2,31.27,22.24,32.0,-2.76,8.9,0.46,,,,,,,7.0,125000.0,904500000.0,"[{""alt"": 310, ""lat"": 34.490621, ""lon"": -120.463011, ""snr"": -4.5, ""rssi"": -109, ""gateway_id"": ""packetbroker""}, {""alt"": null, ""lat"": 34.022353000714745, ""lon"": -119.87009102350135, ""snr"": 4, ""rssi"": -110, ""gateway_id"": ""packetbroker""}, {""alt"": 50, ""lat"": 34.51642256207313, ""lon"": -120.45803904533388, ""snr"": -0.8, ""rssi"": -111, ""gateway_id"": ""packetbroker""}, {""alt"": 30, ""lat"": 34.459499, ""lon"": -120.446017, ""snr"": -1.8, ""rssi"": -112, ""gateway_id"": ""packetbroker""}, {""alt"": null, ""lat"": 33.99601774009769, ""lon"": -119.7169715166092, ""snr"": 1.2, ""rssi"": -113, ""gateway_id"": ""packetbroker""}]",US
2da34b72-add1-40a8-b56f-3d7b5fc5d5a5,stratolink-3,2026-05-17 21:38:52.599679+00:00,36.6159551,-121.5718565,6924.0,11.8352908131905,28.9437176493831,2026-05-17 21:38:52.932866+00:00,1.0,8738.0,1.0,-3.6,287.8,5.04,5.372,-113.0,0.8,31.27,22.24,32.0,-2.91,9.06,0.3,,,,,,,7.0,125000.0,903900000.0,"[{""alt"": 50, ""lat"": 34.51642256207313, ""lon"": -120.45803904533388, ""snr"": 1.8, ""rssi"": -111, ""gateway_id"": ""packetbroker""}, {""alt"": 310, ""lat"": 34.490621, ""lon"": -120.463011, ""snr"": -0.5, ""rssi"": -111, ""gateway_id"": ""packetbroker""}, {""alt"": null, ""lat"": 34.022353000714745, ""lon"": -119.87009102350135, ""snr"": 3.8, ""rssi"": -112, ""gateway_id"": ""packetbroker""}, {""alt"": null, ""lat"": 33.99601774009769, ""lon"": -119.7169715166092, ""snr"": 0.8, ""rssi"": -113, ""gateway_id"": ""packetbroker""}]",US
5aad1d4e-fd25-427e-b845-ceced03d058b,stratolink-3,2026-05-17 21:44:00.162309+00:00,36.6159551,-121.5718565,6924.0,11.8352908131905,28.9437176493831,2026-05-17 21:44:01.181426+00:00,2.0,8738.0,1.0,-5.7,291.5,5.076,5.372,-115.0,-5.0,31.27,22.24,32.0,-3.37,9.36,0.0,,,,,,,7.0,125000.0,904100000.0,"[{""alt"": 310, ""lat"": 34.490621, ""lon"": -120.463011, ""snr"": -1.8, ""rssi"": -111, ""gateway_id"": ""packetbroker""}, {""alt"": 30, ""lat"": 34.459499, ""lon"": -120.446017, ""snr"": -1.2, ""rssi"": -111, ""gateway_id"": ""packetbroker""}, {""alt"": null, ""lat"": 34.022353000714745, ""lon"": -119.87009102350135, ""snr"": null, ""rssi"": -112, ""gateway_id"": ""packetbroker""}, {""alt"": 50, ""lat"": 34.51642256207313, ""lon"": -120.45803904533388, ""snr"": 0.8, ""rssi"": -112, ""gateway_id"": ""packetbroker""}, {""alt"": null, ""lat"": 33.99601774009769, ""lon"": -119.7169715166092, ""snr"": -5, ""rssi"": -115, ""gateway_id"": ""packetbroker""}, {""alt"": null, ""lat"": null, ""lon"": null, ""snr"": -2, ""rssi"": -117, ""gateway_id"": ""packetbroker""}]",US
ff144cdf-c8bf-4e5f-b419-1e1f0afa9bac,stratolink-3,2026-05-17 21:49:08.373150+00:00,36.6159551,-121.5718565,6924.0,11.8352908131905,28.9437176493831,2026-05-17 21:49:09.348438+00:00,0.0,8738.0,0.0,-14.4,287.5,5.026,5.372,-113.0,-1.0,31.27,22.24,32.0,-2.91,8.9,-0.3,,,,,,,7.0,125000.0,904300000.0,"[{""alt"": null, ""lat"": 34.022353000714745, ""lon"": -119.87009102350135, ""snr"": 2, ""rssi"": -109, ""gateway_id"": ""packetbroker""}, {""alt"": 30, ""lat"": 34.459499, ""lon"": -120.446017, ""snr"": -5, ""rssi"": -112, ""gateway_id"": ""packetbroker""}, {""alt"": 310, ""lat"": 34.490621, ""lon"": -120.463011, ""snr"": -7.8, ""rssi"": -112, ""gateway_id"": ""packetbroker""}, {""alt"": 50, ""lat"": 34.51642256207313, ""lon"": -120.45803904533388, ""snr"": -4.5, ""rssi"": -112, ""gateway_id"": ""packetbroker""}, {""alt"": null, ""lat"": null, ""lon"": null, ""snr"": -1, ""rssi"": -113, ""gateway_id"": ""packetbroker""}]",US
f801599b-846e-497a-b894-9fdeb18fe98d,stratolink-3,2026-05-17 21:51:22.895569+00:00,36.6159551,-121.5718565,6924.0,11.8352908131905,28.9437176493831,2026-05-17 21:51:23.198315+00:00,6.0,8738.0,1.0,-10.6,284.7,5.052,5.386,-118.0,-2.8,31.27,22.24,32.0,-2.91,9.06,0.0,,,,,,,7.0,125000.0,903900000.0,"[{""alt"": null, ""lat"": 34.022353000714745, ""lon"": -119.87009102350135, ""snr"": -2.2, ""rssi"": -107, ""gateway_id"": ""packetbroker""}, {""alt"": 30, ""lat"": 34.459499, ""lon"": -120.446017, ""snr"": -5.5, ""rssi"": -114, ""gateway_id"": ""packetbroker""}, {""alt"": 50, ""lat"": 34.51642256207313, ""lon"": -120.45803904533388, ""snr"": -7, ""rssi"": -115, ""gateway_id"": ""packetbroker""}, {""alt"": null, ""lat"": null, ""lon"": null, ""snr"": -2, ""rssi"": -117, ""gateway_id"": ""packetbroker""}, {""alt"": null, ""lat"": 33.99601774009769, ""lon"": -119.7169715166092, ""snr"": -2.8, ""rssi"": -118, ""gateway_id"": ""packetbroker""}]",US
40439899-b71f-4de2-a5b2-45f80b3286be,stratolink-3,2026-05-17 21:55:24.008252+00:00,36.6159551,-121.5718565,6924.0,11.8352908131905,28.9437176493831,2026-05-17 21:55:24.425460+00:00,2.0,8738.0,1.0,-0.6,288.3,5.076,5.372,-106.0,6.0,31.27,22.24,32.0,-2.76,8.6,-0.92,,,,,,,7.0,125000.0,903900000.0,"[{""alt"": null, ""lat"": 34.022353000714745, ""lon"": -119.87009102350135, ""snr"": 6, ""rssi"": -106, ""gateway_id"": ""packetbroker""}, {""alt"": 30, ""lat"": 34.459499, ""lon"": -120.446017, ""snr"": -2.5, ""rssi"": -113, ""gateway_id"": ""packetbroker""}]",US
70096a66-f1f9-4880-830b-0a858b84eacc,stratolink-3,2026-05-17 22:00:31.966891+00:00,36.6159551,-121.5718565,6924.0,11.8352908131905,28.9437176493831,2026-05-17 22:00:32.442443+00:00,2.0,8738.0,1.0,-2.8,290.4,5.146,5.38,-115.0,-8.2,31.27,22.24,32.0,-2.76,9.21,0.46,,,,,,,7.0,125000.0,904100000.0,"[{""alt"": null, ""lat"": 34.022353000714745, ""lon"": -119.87009102350135, ""snr"": 4, ""rssi"": -110, ""gateway_id"": ""packetbroker""}, {""alt"": 30, ""lat"": 34.459499, ""lon"": -120.446017, ""snr"": -7, ""rssi"": -112, ""gateway_id"": ""packetbroker""}, {""alt"": 50, ""lat"": 34.51642256207313, ""lon"": -120.45803904533388, ""snr"": -5.5, ""rssi"": -114, ""gateway_id"": ""packetbroker""}, {""alt"": null, ""lat"": null, ""lon"": null, ""snr"": -8.2, ""rssi"": -115, ""gateway_id"": ""packetbroker""}, {""alt"": null, ""lat"": 33.99601774009769, ""lon"": -119.7169715166092, ""snr"": -6.5, ""rssi"": -115, ""gateway_id"": ""packetbroker""}]",US
dd05947e-c63e-4dbb-b3ac-9e8cdf2c16a1,stratolink-3,2026-05-17 22:05:39.980187+00:00,36.6159551,-121.5718565,6924.0,11.8352908131905,28.9437176493831,2026-05-17 22:05:40.423069+00:00,3.0,8738.0,1.0,-2.1,287.7,5.154,5.388,-118.0,-6.0,31.27,22.24,32.0,-3.07,9.21,0.3,,,,,,,7.0,125000.0,904300000.0,"[{""alt"": 50, ""lat"": 34.51642256207313, ""lon"": -120.45803904533388, ""snr"": -6.8, ""rssi"": -116, ""gateway_id"": ""packetbroker""}, {""alt"": null, ""lat"": null, ""lon"": null, ""snr"": -6, ""rssi"": -118, ""gateway_id"": ""packetbroker""}]",US
8a6c180d-5be6-4b29-a79e-01e7b8c2e6ba,stratolink-3,2026-05-17 22:10:48.180366+00:00,36.6159551,-121.5718565,6924.0,11.8352908131905,28.9437176493831,2026-05-17 22:10:48.521196+00:00,4.0,8738.0,1.0,-13.0,287.7,4.974,5.374,-114.0,-2.5,31.27,22.24,32.0,-2.76,9.06,0.3,,,,,,,7.0,125000.0,904500000.0,"[{""alt"": null, ""lat"": 34.022353000714745, ""lon"": -119.87009102350135, ""snr"": 5.5, ""rssi"": -105, ""gateway_id"": ""packetbroker""}, {""alt"": null, ""lat"": 33.99601774009769, ""lon"": -119.7169715166092, ""snr"": 4.2, ""rssi"": -108, ""gateway_id"": ""packetbroker""}, {""alt"": null, ""lat"": null, ""lon"": null, ""snr"": -2.5, ""rssi"": -114, ""gateway_id"": ""packetbroker""}, {""alt"": 50, ""lat"": 34.51642256207313, ""lon"": -120.45803904533388, ""snr"": -3.8, ""rssi"": -116, ""gateway_id"": ""packetbroker""}]",US
da2ec548-2f52-43c7-adf0-81429faf78ae,stratolink-3,2026-05-17 22:15:56.208859+00:00,36.6159551,-121.5718565,6924.0,11.8352908131905,28.9437176493831,2026-05-17 22:15:56.677321+00:00,1.0,8738.0,0.0,-11.7,288.0,4.832,5.372,-112.0,1.2,31.27,22.24,32.0,-3.07,9.21,-0.15,,,,,,,7.0,125000.0,904700000.0,"[{""alt"": null, ""lat"": 33.99601774009769, ""lon"": -119.7169715166092, ""snr"": 1.2, ""rssi"": -112, ""gateway_id"": ""packetbroker""}]",US
cb5cbc06-a28f-46bf-b339-f676abdbe3fa,stratolink-3,2026-05-17 22:21:04.183698+00:00,36.6159551,-121.5718565,6924.0,11.8352908131905,28.9437176493831,2026-05-17 22:21:05.308021+00:00,1.0,8738.0,0.0,-6.9,288.9,5.038,5.374,-114.0,-2.0,31.27,22.24,32.0,-2.91,9.06,0.15,,,,,,,7.0,125000.0,904900000.0,"[{""alt"": null, ""lat"": 33.99601774009769, ""lon"": -119.7169715166092, ""snr"": -2, ""rssi"": -114, ""gateway_id"": ""packetbroker""}, {""alt"": null, ""lat"": 34.022353000714745, ""lon"": -119.87009102350135, ""snr"": -4.5, ""rssi"": -115, ""gateway_id"": ""packetbroker""}]",US
f5565294-e014-4a76-acce-b84829ad0806,stratolink-3,2026-05-17 22:26:12.293307+00:00,36.6159551,-121.5718565,6924.0,11.8352908131905,28.9437176493831,2026-05-17 22:26:13.454728+00:00,3.0,8738.0,1.0,-10.3,286.6,4.846,5.38,-112.0,,31.27,22.24,32.0,-2.76,8.9,-0.3,,,,,,,7.0,125000.0,905100000.0,"[{""alt"": null, ""lat"": 33.99601774009769, ""lon"": -119.7169715166092, ""snr"": null, ""rssi"": -112, ""gateway_id"": ""packetbroker""}, {""alt"": null, ""lat"": 34.022353000714745, ""lon"": -119.87009102350135, ""snr"": 2, ""rssi"": -113, ""gateway_id"": ""packetbroker""}, {""alt"": 30, ""lat"": 34.459499, ""lon"": -120.446017, ""snr"": -7.5, ""rssi"": -113, ""gateway_id"": ""packetbroker""}, {""alt"": 50, ""lat"": 34.51642256207313, ""lon"": -120.45803904533388, ""snr"": -8.8, ""rssi"": -115, ""gateway_id"": ""packetbroker""}]",US
c8c47af7-e665-4160-b019-b7aa53f9fd72,stratolink-3,2026-05-17 22:31:20.238227+00:00,36.6159551,-121.5718565,6924.0,11.8352908131905,28.9437176493831,2026-05-17 22:31:21.320512+00:00,2.0,8738.0,1.0,0.2,286.9,5.142,5.366,-113.0,1.5,31.27,22.24,32.0,-2.91,8.9,0.15,,,,,,,7.0,125000.0,905300000.0,"[{""alt"": null, ""lat"": 33.99601774009769, ""lon"": -119.7169715166092, ""snr"": 1.5, ""rssi"": -113, ""gateway_id"": ""packetbroker""}]",US
6fd31a92-2b47-4056-99ce-50d82d1902bf,stratolink-3,2026-05-17 22:36:28.290700+00:00,36.6159551,-121.5718565,6924.0,11.8352908131905,28.9437176493831,2026-05-17 22:36:28.732521+00:00,3.0,8738.0,1.0,2.6,287.3,5.154,5.374,-113.0,-0.5,31.27,22.24,32.0,-2.76,8.75,0.0,,,,,,,7.0,125000.0,903900000.0,"[{""alt"": null, ""lat"": 33.99601774009769, ""lon"": -119.7169715166092, ""snr"": -0.5, ""rssi"": -113, ""gateway_id"": ""packetbroker""}]",US
327374fd-c022-44f0-b5e0-d986f7d38296,stratolink-3,2026-05-17 22:41:36.546770+00:00,36.6159551,-121.5718565,6924.0,11.8352908131905,28.9437176493831,2026-05-17 22:41:36.914723+00:00,2.0,8738.0,1.0,-9.3,252.6,5.056,5.38,-118.0,-8.5,31.27,22.24,32.0,-3.07,9.06,0.15,,,,,,,7.0,125000.0,904100000.0,"[{""alt"": null, ""lat"": 33.814075, ""lon"": -118.257278, ""snr"": -5.25, ""rssi"": -113, ""gateway_id"": ""packetbroker""}, {""alt"": null, ""lat"": 33.99601774009769, ""lon"": -119.7169715166092, ""snr"": -8.5, ""rssi"": -118, ""gateway_id"": ""packetbroker""}, {""alt"": null, ""lat"": null, ""lon"": null, ""snr"": -7.5, ""rssi"": -122, ""gateway_id"": ""621793161295""}]",US
f31f81fa-9d25-4f60-bb8e-d1e14473b492,stratolink-3,2026-05-17 22:46:44.700502+00:00,36.6159551,-121.5718565,6924.0,11.8352908131905,28.9437176493831,2026-05-17 22:46:45.243840+00:00,0.0,8738.0,0.0,-8.6,287.8,5.038,5.38,-114.0,-3.75,31.27,22.24,32.0,-2.76,8.9,0.15,,,,,,,7.0,125000.0,904300000.0,"[{""alt"": null, ""lat"": 33.814075, ""lon"": -118.257278, ""snr"": -3.75, ""rssi"": -114, ""gateway_id"": ""packetbroker""}]",US
d1034f5e-2980-4588-9b62-bf09fd2ef1e6,stratolink-3,2026-05-17 22:56:52.518379+00:00,33.5444616,-119.0023054,9744.0,-6.60696201298052,17.718243506596,2026-05-17 22:56:53.544094+00:00,3.0,8738.0,1.0,-8.5,286.3,4.998,5.36,-117.0,-6.75,18.91,339.55,25.0,-2.61,8.75,0.15,,,,,,,7.0,125000.0,904700000.0,"[{""alt"": null, ""lat"": 33.814075, ""lon"": -118.257278, ""snr"": -6.75, ""rssi"": -117, ""gateway_id"": ""packetbroker""}]",US
91afd44c-701f-45c2-b1f6-05aaf8177a5d,stratolink-3,2026-05-17 23:22:32.790467+00:00,33.5444616,-119.0023054,9744.0,-6.60696201298052,17.718243506596,2026-05-17 23:22:33.942779+00:00,1.0,8738.0,0.0,-12.2,286.6,4.534,5.374,-115.0,-2.75,18.91,339.55,25.0,-3.07,8.75,0.0,,,,,,,7.0,125000.0,904100000.0,"[{""alt"": null, ""lat"": 33.814075, ""lon"": -118.257278, ""snr"": -2.75, ""rssi"": -115, ""gateway_id"": ""packetbroker""}]",US
aa55036e-a8f6-4277-9881-3cc0d98d8277,stratolink-3,2026-05-17 23:37:56.547067+00:00,33.5444616,-119.0023054,9744.0,-6.60696201298052,17.718243506596,2026-05-17 23:37:57.673518+00:00,1.0,8738.0,0.0,-9.7,287.5,4.202,5.296,-115.0,-9.0,18.91,339.55,25.0,-2.91,9.06,-0.15,,,,,,,7.0,125000.0,904700000.0,"[{""alt"": 45, ""lat"": 33.46823311421213, ""lon"": -117.62623786926271, ""snr"": -9, ""rssi"": -115, ""gateway_id"": ""2202-dev1""}]",US
d939c74c-1898-4dd0-8424-7dbb2b06755d,stratolink-3,2026-05-18 00:08:45.527149+00:00,33.5444616,-119.0023054,9744.0,-6.60696201298052,17.718243506596,2026-05-18 00:08:46.688408+00:00,3.0,8738.0,1.0,6.3,287.5,5.156,5.362,-114.0,-8.8,18.91,339.55,25.0,-2.76,9.06,0.3,,,,,,,7.0,125000.0,904300000.0,"[{""alt"": 45, ""lat"": 33.46823311421213, ""lon"": -117.62623786926271, ""snr"": -8.8, ""rssi"": -114, ""gateway_id"": ""2202-dev1""}]",US
4c682079-e20b-4c76-91a6-674236cabda4,stratolink-3,2026-05-18 00:29:11.830424+00:00,32.8720291,-118.3905433,9621.0,1.97951909855326,19.1881631256997,2026-05-18 00:29:13.034489+00:00,1.0,8738.0,0.0,-4.1,291.8,4.716,5.37,-120.0,-6.2,19.29,5.89,13.0,-2.91,8.9,-0.15,,,,,,,7.0,125000.0,905100000.0,"[{""alt"": 100, ""lat"": 31.94268856, ""lon"": -116.29838075, ""snr"": -6.2, ""rssi"": -120, ""gateway_id"": ""agritek-a5fa""}]",US
107bb75f-d0a7-4ead-94c4-ac96bc2335b7,stratolink-3,2026-05-18 00:34:19.784495+00:00,32.8720291,-118.3905433,9621.0,1.97951909855326,19.1881631256997,2026-05-18 00:34:20.900883+00:00,1.0,8738.0,0.0,-2.1,289.9,4.202,5.284,-119.0,-6.5,19.29,5.89,13.0,-2.76,8.9,0.0,,,,,,,7.0,125000.0,905300000.0,"[{""alt"": 100, ""lat"": 31.94268856, ""lon"": -116.29838075, ""snr"": -6.5, ""rssi"": -119, ""gateway_id"": ""agritek-a5fa""}]",US
da877473-4038-4a8e-b9d1-5a9b373d73fa,stratolink-3,2026-05-18 00:44:36.525583+00:00,32.8720291,-118.3905433,9621.0,1.97951909855326,19.1881631256997,2026-05-18 00:44:38.275648+00:00,4.0,8738.0,1.0,11.1,291.0,5.122,5.366,-115.0,-7.5,19.29,5.89,13.0,-2.91,8.75,0.61,,,,,,,7.0,125000.0,904100000.0,"[{""alt"": null, ""lat"": 32.53891276951074, ""lon"": -116.94288298908596, ""snr"": -7.5, ""rssi"": -115, ""gateway_id"": ""gt-10""}]",US
0be50b22-9951-4f99-86b2-bd9d5bd7c28c,stratolink-3,2026-05-18 00:49:46.703387+00:00,32.8720291,-118.3905433,9621.0,1.97951909855326,19.1881631256997,2026-05-18 00:49:47.770494+00:00,4.0,8738.0,1.0,12.0,291.6,5.064,5.362,-119.0,-3.8,19.29,5.89,13.0,-2.76,8.6,0.61,,,,,,,7.0,125000.0,904300000.0,"[{""alt"": 100, ""lat"": 31.94268856, ""lon"": -116.29838075, ""snr"": -3.8, ""rssi"": -119, ""gateway_id"": ""agritek-a5fa""}]",US
2938b646-71db-4027-9e12-e70cf693eed0,stratolink-3,2026-05-18 01:00:03.491212+00:00,32.8720291,-118.3905433,9621.0,1.97951909855326,19.1881631256997,2026-05-18 01:00:04.692299+00:00,4.0,8738.0,1.0,3.3,288.6,5.038,5.366,-118.0,-2.8,19.29,5.89,13.0,-3.22,8.9,-0.61,,,,,,,7.0,125000.0,904700000.0,"[{""alt"": 100, ""lat"": 31.94268856, ""lon"": -116.29838075, ""snr"": -2.8, ""rssi"": -118, ""gateway_id"": ""agritek-a5fa""}]",US
70de9b2d-10f2-47e9-b6ba-033a91c634a5,stratolink-3,2026-05-18 01:05:11.573582+00:00,32.8720291,-118.3905433,9621.0,1.97951909855326,19.1881631256997,2026-05-18 01:05:13.106698+00:00,3.0,8738.0,1.0,-2.2,289.9,5.006,5.364,-117.0,-5.8,19.29,5.89,13.0,-3.07,8.9,0.15,,,,,,,7.0,125000.0,904900000.0,"[{""alt"": null, ""lat"": 32.53891276951074, ""lon"": -116.94288298908596, ""snr"": -5.8, ""rssi"": -117, ""gateway_id"": ""gt-10""}]",US
206a329b-8824-4a24-bca6-2a5e1aba06b3,stratolink-3,2026-05-18 01:10:20.468092+00:00,32.8720291,-118.3905433,9621.0,1.97951909855326,19.1881631256997,2026-05-18 01:10:21.472870+00:00,0.0,8738.0,0.0,11.4,291.0,5.114,5.362,-115.0,-1.2,19.29,5.89,13.0,-2.91,9.06,0.3,,,,,,,7.0,125000.0,905100000.0,"[{""alt"": null, ""lat"": null, ""lon"": null, ""snr"": -8.5, ""rssi"": -109, ""gateway_id"": ""citedi-rak01""}, {""alt"": null, ""lat"": 32.53891276951074, ""lon"": -116.94288298908596, ""snr"": -1.2, ""rssi"": -115, ""gateway_id"": ""gt-10""}]",US
9ee2dd26-9a06-47c1-bb56-b8cd5763c64f,stratolink-3,2026-05-18 01:15:29.705310+00:00,32.8720291,-118.3905433,9621.0,1.97951909855326,19.1881631256997,2026-05-18 01:15:30.670894+00:00,3.0,8738.0,1.0,-8.4,292.1,5.464,5.366,-118.0,-5.0,19.29,5.89,13.0,-2.91,8.9,0.0,,,,,,,7.0,125000.0,905300000.0,"[{""alt"": 100, ""lat"": 31.94268856, ""lon"": -116.29838075, ""snr"": -5, ""rssi"": -118, ""gateway_id"": ""agritek-a5fa""}]",US
6be8a24d-58ed-4141-a136-7635933bc219,stratolink-3,2026-05-18 01:20:37.465908+00:00,32.8720291,-118.3905433,9621.0,1.97951909855326,19.1881631256997,2026-05-18 01:20:37.911782+00:00,2.0,8738.0,1.0,-7.7,292.0,4.994,5.374,-118.0,-4.0,19.29,5.89,13.0,-2.76,8.9,-0.15,,,,,,,7.0,125000.0,903900000.0,"[{""alt"": 100, ""lat"": 31.94268856, ""lon"": -116.29838075, ""snr"": -4, ""rssi"": -118, ""gateway_id"": ""agritek-a5fa""}]",US
c37a3950-ae9e-48e0-9679-0a2e6bb3042a,stratolink-3,2026-05-18 01:25:45.265547+00:00,32.8720291,-118.3905433,9621.0,1.97951909855326,19.1881631256997,2026-05-18 01:25:45.704410+00:00,3.0,8738.0,1.0,8.4,290.2,5.09,5.378,-117.0,-7.5,19.29,5.89,13.0,-2.76,9.06,0.3,,,,,,,7.0,125000.0,904100000.0,"[{""alt"": null, ""lat"": 32.53891276951074, ""lon"": -116.94288298908596, ""snr"": -7.5, ""rssi"": -117, ""gateway_id"": ""gt-10""}]",US
8d5e2a27-86dd-453a-bbaa-926228789f7c,stratolink-3,2026-05-18 01:30:54.269827+00:00,32.8720291,-118.3905433,9621.0,1.97951909855326,19.1881631256997,2026-05-18 01:30:54.780332+00:00,3.0,8738.0,1.0,15.3,290.8,5.104,5.382,-110.0,-9.3,19.29,5.89,13.0,-2.61,9.21,0.0,,,,,,,7.0,125000.0,904300000.0,"[{""alt"": null, ""lat"": null, ""lon"": null, ""snr"": -9.3, ""rssi"": -110, ""gateway_id"": ""citedi-rak01""}]",US
ce8458a5-e89f-490f-ba73-21251c4060c4,stratolink-3,2026-05-18 01:36:03.725847+00:00,32.8720291,-118.3905433,9621.0,1.97951909855326,19.1881631256997,2026-05-18 01:36:04.554617+00:00,2.0,8738.0,0.0,2.5,289.4,5.052,5.36,-107.0,-5.8,19.29,5.89,13.0,-3.07,9.06,0.92,,,,,,,7.0,125000.0,904500000.0,"[{""alt"": null, ""lat"": null, ""lon"": null, ""snr"": -5.8, ""rssi"": -107, ""gateway_id"": ""citedi-rak01""}, {""alt"": null, ""lat"": 32.53891276951074, ""lon"": -116.94288298908596, ""snr"": 0.8, ""rssi"": -114, ""gateway_id"": ""gt-10""}]",US
3111f35b-43bb-4679-a59d-db4ecc9a91da,stratolink-3,2026-05-18 01:41:37.822621+00:00,,,,0.0,0.0,2026-05-18 01:41:38.356315+00:00,2.0,8738.0,1.0,0.2,255.5,5.104,5.384,-113.0,3.2,0.0,0.0,0.0,-2.91,8.9,0.61,,,,,,,7.0,125000.0,904700000.0,"[{""alt"": 100, ""lat"": 31.94268856, ""lon"": -116.29838075, ""snr"": 3.2, ""rssi"": -113, ""gateway_id"": ""agritek-a5fa""}]",US
d9ba7b4c-033a-40d2-970f-f2a9bf385bfa,stratolink-3,2026-05-18 01:46:57.861875+00:00,32.2186566,-117.8586064,9648.0,14.2476763135594,7.60435530890275,2026-05-18 01:46:58.214581+00:00,2.0,8738.0,0.0,1.3,288.3,5.078,5.362,-114.0,1.5,16.15,61.91,29.0,-2.91,9.21,0.76,,,,,,,7.0,125000.0,904900000.0,"[{""alt"": 100, ""lat"": 31.94268856, ""lon"": -116.29838075, ""snr"": 1.5, ""rssi"": -114, ""gateway_id"": ""agritek-a5fa""}]",US
31b53720-e6b0-427b-97ec-5bbebbb1d22a,stratolink-3,2026-05-18 01:52:35.624699+00:00,,,,0.0,0.0,2026-05-18 01:52:36.752412+00:00,1.0,8738.0,0.0,-3.8,291.2,5.044,5.36,-114.0,1.5,0.0,0.0,0.0,-3.07,8.75,-0.15,,,,,,,7.0,125000.0,905100000.0,"[{""alt"": null, ""lat"": 32.53891276951074, ""lon"": -116.94288298908596, ""snr"": 1.5, ""rssi"": -114, ""gateway_id"": ""gt-10""}]",US
4027acea-fce8-413b-8659-cae69e6b3a59,stratolink-3,2026-05-18 01:58:08.403854+00:00,,,,0.0,0.0,2026-05-18 01:58:08.772853+00:00,2.0,8738.0,1.0,-12.2,271.6,5.064,5.374,-108.0,-3.0,0.0,0.0,0.0,-2.91,9.06,-0.15,,,,,,,7.0,125000.0,905300000.0,"[{""alt"": null, ""lat"": null, ""lon"": null, ""snr"": -3, ""rssi"": -108, ""gateway_id"": ""citedi-rak01""}, {""alt"": null, ""lat"": 32.53891276951074, ""lon"": -116.94288298908596, ""snr"": 0.2, ""rssi"": -113, ""gateway_id"": ""gt-10""}]",US
d0bbcaad-8393-455f-91dc-a25083bcf3bd,stratolink-3,2026-05-18 02:03:07.181669+00:00,32.0126413,-117.7218973,9682.0,15.4853783525401,3.47274491989855,2026-05-18 02:03:07.942671+00:00,2.0,8738.0,1.0,0.8,289.4,5.05,5.372,-109.0,-5.3,15.87,77.36,31.0,-3.07,9.21,0.3,,,,,,,7.0,125000.0,903900000.0,"[{""alt"": null, ""lat"": null, ""lon"": null, ""snr"": -5.3, ""rssi"": -109, ""gateway_id"": ""citedi-rak01""}, {""alt"": null, ""lat"": 32.53891276951074, ""lon"": -116.94288298908596, ""snr"": -9.5, ""rssi"": -115, ""gateway_id"": ""gt-10""}]",US
a0601428-bb47-4496-bfd2-0d15e7ff1124,stratolink-3,2026-05-18 02:08:15.693863+00:00,32.0126413,-117.7218973,9682.0,15.4853783525401,3.47274491989855,2026-05-18 02:08:16.212021+00:00,1.0,8738.0,0.0,-20.4,289.9,4.078,5.382,-109.0,-6.0,15.87,77.36,31.0,-3.07,9.06,-0.15,,,,,,,7.0,125000.0,904100000.0,"[{""alt"": null, ""lat"": null, ""lon"": null, ""snr"": -6, ""rssi"": -109, ""gateway_id"": ""citedi-rak01""}]",US
879b58df-681b-480c-94a9-d1c59f5d448a,stratolink-3,2026-05-18 02:13:23.871590+00:00,32.0126413,-117.7218973,9682.0,15.4853783525401,3.47274491989855,2026-05-18 02:13:24.254652+00:00,2.0,8738.0,1.0,-11.4,285.8,4.96,5.366,-109.0,-4.3,15.87,77.36,31.0,-2.91,9.06,0.76,,,,,,,7.0,125000.0,904300000.0,"[{""alt"": null, ""lat"": null, ""lon"": null, ""snr"": -4.3, ""rssi"": -109, ""gateway_id"": ""citedi-rak01""}]",US
f947dcc7-9277-4b31-a536-c4ce343e28a4,stratolink-3,2026-05-18 02:18:31.809138+00:00,32.0126413,-117.7218973,9682.0,15.4853783525401,3.47274491989855,2026-05-18 02:18:32.211411+00:00,2.0,8738.0,1.0,-5.4,290.6,5.018,5.366,-115.0,-1.5,15.87,77.36,31.0,-2.91,8.9,-0.15,,,,,,,7.0,125000.0,904500000.0,"[{""alt"": null, ""lat"": null, ""lon"": null, ""snr"": -7, ""rssi"": -107, ""gateway_id"": ""citedi-rak01""}, {""alt"": null, ""lat"": 32.53891276951074, ""lon"": -116.94288298908596, ""snr"": -1.5, ""rssi"": -115, ""gateway_id"": ""gt-10""}]",US
99c11838-2ea3-45a2-a1e4-5bf02eefdc40,stratolink-3,2026-05-18 02:23:40.256089+00:00,32.0126413,-117.7218973,9682.0,15.4853783525401,3.47274491989855,2026-05-18 02:23:40.706276+00:00,1.0,8738.0,0.0,-11.5,291.4,4.682,5.38,-119.0,-2.0,15.87,77.36,31.0,-3.07,9.06,-0.15,,,,,,,7.0,125000.0,904700000.0,"[{""alt"": 100, ""lat"": 31.94268856, ""lon"": -116.29838075, ""snr"": -2, ""rssi"": -119, ""gateway_id"": ""agritek-a5fa""}]",US
f31f3ce9-d64e-4802-93bc-8cedba4f4a63,stratolink-3,2026-05-18 02:28:39.170536+00:00,,,,0.0,0.0,2026-05-18 02:28:39.463544+00:00,1.0,8738.0,0.0,-25.9,284.5,3.288,3.366,-114.0,-2.8,0.0,0.0,0.0,-3.07,8.9,-0.3,,,,,,,7.0,125000.0,904900000.0,"[{""alt"": null, ""lat"": 32.53891276951074, ""lon"": -116.94288298908596, ""snr"": -2.8, ""rssi"": -114, ""gateway_id"": ""gt-10""}]",US
31c1bab1-7010-48fb-96b7-b0bb3c0139b3,stratolink-3,2026-05-18 02:43:39.781789+00:00,,,,0.0,0.0,2026-05-18 02:43:40.936332+00:00,0.0,1388.0,0.0,-31.8,287.7,3.026,3.326,-119.0,-7.0,0.0,0.0,0.0,-3.07,8.9,-0.61,,,,,,,7.0,125000.0,905100000.0,"[{""alt"": 100, ""lat"": 31.94268856, ""lon"": -116.29838075, ""snr"": -7, ""rssi"": -119, ""gateway_id"": ""agritek-a5fa""}]",US
6326d30f-6aa9-4949-8fc0-388aabfd7009,stratolink-3,2026-05-18 02:58:41.626864+00:00,,,,0.0,0.0,2026-05-18 02:58:42.765484+00:00,0.0,79.0,0.0,-38.2,286.7,2.17,3.324,-118.0,-1.0,0.0,0.0,0.0,-3.22,8.9,-0.61,,,,,,,7.0,125000.0,905300000.0,"[{""alt"": 100, ""lat"": 31.94268856, ""lon"": -116.29838075, ""snr"": -1, ""rssi"": -118, ""gateway_id"": ""agritek-a5fa""}]",US
099f03d7-db0c-48db-915d-9c9dd321a00b,stratolink-3,2026-05-19 13:58:18.576073+00:00,31.0028812,-111.7093083,9736.0,16.2237402165874,-2.10709596000893,2026-05-19 13:58:19.919515+00:00,1.0,8738.0,0.0,-11.6,290.2,4.22,5.308,-120.0,-3.0,16.36,97.4,30.0,-2.91,8.75,-0.46,,,,,,,7.0,125000.0,905100000.0,"[{""alt"": 700, ""lat"": 32.22747589612853, ""lon"": -110.97387677703236, ""snr"": -3, ""rssi"": -120, ""gateway_id"": ""mmaker-xerocraft""}]",US
fe1112d8-99b6-4204-b85a-bb4604c7821a,stratolink-3,2026-05-19 14:08:34.129495+00:00,31.0028812,-111.7093083,9736.0,16.2237402165874,-2.10709596000893,2026-05-19 14:08:35.491122+00:00,2.0,8738.0,1.0,0.0,291.5,5.096,5.41,-124.0,-7.8,16.36,97.4,30.0,-2.91,8.9,0.61,,,,,,,7.0,125000.0,903900000.0,"[{""alt"": 700, ""lat"": 32.22747589612853, ""lon"": -110.97387677703236, ""snr"": -7.8, ""rssi"": -124, ""gateway_id"": ""mmaker-xerocraft""}]",US
f2052cca-f474-484a-b035-85cd61b974f8,stratolink-3,2026-05-19 16:15:11.280776+00:00,,,,0.0,0.0,2026-05-19 16:15:12.216215+00:00,1.0,8738.0,1.0,-6.1,287.2,4.94,5.38,-119.0,-4.2,0.0,0.0,0.0,-3.22,9.06,-0.3,,,,,,,7.0,125000.0,903900000.0,"[{""alt"": 700, ""lat"": 32.22747589612853, ""lon"": -110.97387677703236, ""snr"": -4.2, ""rssi"": -119, ""gateway_id"": ""mmaker-xerocraft""}]",US
e7869885-2641-4d5a-9df3-4e3964ca946d,stratolink-3,2026-05-19 22:28:54.341760+00:00,34.7793016,-106.1268084,9814.0,-2.71387683766822,-25.7775342596992,2026-05-19 22:28:54.779049+00:00,1.0,8738.0,0.0,2.0,287.0,5.076,5.364,-119.0,-3.5,25.92,186.01,25.0,-3.07,8.75,-0.15,,,,,,,7.0,125000.0,903900000.0,"[{""alt"": null, ""lat"": null, ""lon"": null, ""snr"": -3.5, ""rssi"": -119, ""gateway_id"": ""unm-gateway-2""}]",US
23ed01b4-e5fc-459d-9b0d-a837db0d3d6d,stratolink-3,2026-05-19 22:39:27.489014+00:00,,,,0.0,0.0,2026-05-19 22:39:28.646004+00:00,1.0,8738.0,0.0,-14.4,305.7,2.202,5.206,-117.0,0.8,0.0,0.0,0.0,-3.22,9.06,-0.92,,,,,,,7.0,125000.0,903900000.0,"[{""alt"": null, ""lat"": null, ""lon"": null, ""snr"": 0.8, ""rssi"": -117, ""gateway_id"": ""unm-gateway-2""}]",US
ac17678d-8ea4-4ce4-94d5-ba6d3d7f9b07,stratolink-3,2026-05-19 22:45:00.950390+00:00,,,,0.0,0.0,2026-05-19 22:45:02.196321+00:00,1.0,8738.0,0.0,-13.3,286.9,4.998,5.372,-116.0,-1.8,0.0,0.0,0.0,-3.07,8.9,-0.3,,,,,,,7.0,125000.0,904100000.0,"[{""alt"": null, ""lat"": null, ""lon"": null, ""snr"": -1.8, ""rssi"": -116, ""gateway_id"": ""unm-gateway-2""}]",US
c248a5d0-58e0-4827-8199-6b1a8aa8b28b,stratolink-3,2026-05-19 22:50:32.910237+00:00,,,,0.0,0.0,2026-05-19 22:50:33.257758+00:00,1.0,8738.0,0.0,-3.1,288.4,5.05,5.362,-115.0,1.2,0.0,0.0,0.0,-3.07,9.06,0.15,,,,,,,7.0,125000.0,904300000.0,"[{""alt"": null, ""lat"": null, ""lon"": null, ""snr"": 1.2, ""rssi"": -115, ""gateway_id"": ""unm-gateway-2""}]",US
bd461d1d-c0f8-4874-a84a-1da5cb0a790f,stratolink-3,2026-05-19 22:56:06.188202+00:00,,,,0.0,0.0,2026-05-19 22:56:07.457579+00:00,1.0,8738.0,0.0,-8.7,278.6,5.094,5.364,-118.0,-3.2,0.0,0.0,0.0,-2.91,8.9,-0.46,,,,,,,7.0,125000.0,904500000.0,"[{""alt"": null, ""lat"": null, ""lon"": null, ""snr"": -3.2, ""rssi"": -118, ""gateway_id"": ""unm-gateway-2""}]",US
ea665741-3476-43e0-ba11-6fd22e90354d,stratolink-3,2026-05-19 23:01:39.159171+00:00,,,,0.0,0.0,2026-05-19 23:01:39.569103+00:00,3.0,8738.0,1.0,-10.2,253.4,5.054,5.382,-119.0,-5.2,0.0,0.0,0.0,-3.07,8.9,0.0,,,,,,,7.0,125000.0,904700000.0,"[{""alt"": null, ""lat"": null, ""lon"": null, ""snr"": -5.2, ""rssi"": -119, ""gateway_id"": ""unm-gateway-2""}]",US
60d00ad5-d2ab-4ae3-b2c0-874e6845c9a1,stratolink-3,2026-05-19 23:07:11.655324+00:00,,,,0.0,0.0,2026-05-19 23:07:12.852584+00:00,1.0,8738.0,0.0,-13.9,285.5,4.316,5.334,-118.0,-3.5,0.0,0.0,0.0,-3.07,9.06,0.0,,,,,,,7.0,125000.0,904900000.0,"[{""alt"": null, ""lat"": null, ""lon"": null, ""snr"": -3.5, ""rssi"": -118, ""gateway_id"": ""unm-gateway-2""}]",US
547fcc8d-b99e-4330-b2b5-0783c2eda3b7,stratolink-3,2026-05-19 23:12:43.954244+00:00,,,,0.0,0.0,2026-05-19 23:12:44.343983+00:00,0.0,8738.0,0.0,-5.8,285.8,5.104,5.38,-119.0,-6.5,0.0,0.0,0.0,-3.07,8.9,-0.46,,,,,,,7.0,125000.0,905100000.0,"[{""alt"": null, ""lat"": null, ""lon"": null, ""snr"": -6.5, ""rssi"": -119, ""gateway_id"": ""unm-gateway-2""}]",US
736bc8b1-7713-4aa4-8479-f7b52a84877c,stratolink-3,2026-05-19 23:18:16.795767+00:00,,,,0.0,0.0,2026-05-19 23:18:17.916651+00:00,0.0,8738.0,0.0,-13.9,281.8,5.07,5.37,-119.0,-5.2,0.0,0.0,0.0,-3.07,9.06,0.3,,,,,,,7.0,125000.0,905300000.0,"[{""alt"": null, ""lat"": null, ""lon"": null, ""snr"": -5.2, ""rssi"": -119, ""gateway_id"": ""unm-gateway-2""}]",US
59000512-9568-4101-abaa-362c5a2ba855,stratolink-3,2026-05-19 23:19:12.480382+00:00,,,,0.0,0.0,2026-05-19 23:19:12.723785+00:00,5.0,8738.0,1.0,-8.8,281.4,4.916,5.372,-119.0,-5.0,0.0,0.0,0.0,-3.22,9.21,-0.3,,,,,,,7.0,125000.0,903900000.0,"[{""alt"": null, ""lat"": null, ""lon"": null, ""snr"": -5, ""rssi"": -119, ""gateway_id"": ""unm-gateway-2""}]",US
df1b35e1-d6cf-40ed-a3e3-0d3cd2268ff1,stratolink-3,2026-05-19 23:24:45.237735+00:00,,,,0.0,0.0,2026-05-19 23:24:45.692097+00:00,3.0,8738.0,1.0,-0.8,290.5,5.006,5.372,-117.0,-5.5,0.0,0.0,0.0,-3.07,8.9,-0.3,,,,,,,7.0,125000.0,904100000.0,"[{""alt"": null, ""lat"": null, ""lon"": null, ""snr"": -5.5, ""rssi"": -117, ""gateway_id"": ""unm-gateway-2""}]",US
bedb5b5b-6f66-4ec2-8502-c43fffdb80b2,stratolink-3,2026-05-19 23:30:18.381326+00:00,,,,0.0,0.0,2026-05-19 23:30:18.641877+00:00,1.0,8738.0,0.0,-15.1,293.8,3.97,4.95,-118.0,-2.0,0.0,0.0,0.0,-3.07,9.21,-0.15,,,,,,,7.0,125000.0,904300000.0,"[{""alt"": null, ""lat"": null, ""lon"": null, ""snr"": -2, ""rssi"": -118, ""gateway_id"": ""unm-gateway-2""}]",US
9abe99b7-420f-46cc-b379-898f9504102c,stratolink-3-eu,2026-05-28 07:38:01.361177+00:00,40.3360686,-6.9306294,9966.0,3.74535833410575,3.77818619831588,2026-05-28 07:38:02.664517+00:00,4.0,8738.0,1.0,-2.7,280.4,5.062,5.378,-114.0,-8.2,5.32,44.75,29.0,-3.07,8.6,-0.46,,,,,,,7.0,125000.0,868100000.0,"[{""alt"": null, ""lat"": null, ""lon"": null, ""snr"": 5, ""rssi"": -104, ""gateway_id"": ""mtcdtip02-l4e1-3""}, {""alt"": null, ""lat"": null, ""lon"": null, ""snr"": -8.2, ""rssi"": -107, ""gateway_id"": ""cicytex-ic007""}, {""alt"": null, ""lat"": null, ""lon"": null, ""snr"": 4.8, ""rssi"": -107, ""gateway_id"": ""mtcdtip02-l4e1-15""}, {""alt"": null, ""lat"": null, ""lon"": null, ""snr"": -3.5, ""rssi"": -108, ""gateway_id"": ""cicytex-ic003""}, {""alt"": null, ""lat"": null, ""lon"": null, ""snr"": 8.2, ""rssi"": -108, ""gateway_id"": ""ext-sg50-015""}, {""alt"": null, ""lat"": null, ""lon"": null, ""snr"": null, ""rssi"": -108, ""gateway_id"": ""mtcdtip02-l4e1-9""}, {""alt"": null, ""lat"": null, ""lon"": null, ""snr"": -5.8, ""rssi"": -110, ""gateway_id"": ""mtcdtip02-l4e1-1""}, {""alt"": null, ""lat"": null, ""lon"": null, ""snr"": -1.2, ""rssi"": -111, ""gateway_id"": ""mtcdtip02-l4e1-7""}, {""alt"": null, ""lat"": null, ""lon"": null, ""snr"": -7.5, ""rssi"": -112, ""gateway_id"": ""mtcdtip02-l4e1-11""}, {""alt"": null, ""lat"": null, ""lon"": null, ""snr"": -4.5, ""rssi"": -112, ""gateway_id"": ""ext-dlos8-007""}, {""alt"": null, ""lat"": null, ""lon"": null, ""snr"": -2.8, ""rssi"": -112, ""gateway_id"": ""ext-sg50-018""}, {""alt"": 300, ""lat"": 40.0702558044694, ""lon"": -6.65818959474564, ""snr"": 1.2, ""rssi"": -113, ""gateway_id"": ""cdtic-multitech-5""}, {""alt"": null, ""lat"": null, ""lon"": null, ""snr"": 4, ""rssi"": -113, ""gateway_id"": ""ext-sg50-021""}, {""alt"": null, ""lat"": null, ""lon"": null, ""snr"": -7.2, ""rssi"": -113, ""gateway_id"": ""mtcdtip02-l4e1-12""}, {""alt"": null, ""lat"": null, ""lon"": null, ""snr"": 3.8, ""rssi"": -113, ""gateway_id"": ""ext-sg50-029""}, {""alt"": null, ""lat"": null, ""lon"": null, ""snr"": 4.5, ""rssi"": -113, ""gateway_id"": ""ext-sg50-023""}, {""alt"": null, ""lat"": null, ""lon"": null, ""snr"": -8.2, ""rssi"": -114, ""gateway_id"": ""cicytex-lo-santa-amalia""}, {""alt"": null, ""lat"": null, ""lon"": null, ""snr"": -4, ""rssi"": -115, ""gateway_id"": ""ctaex-lora-one""}, {""alt"": null, ""lat"": null, ""lon"": null, ""snr"": 2.2, ""rssi"": -115, ""gateway_id"": ""ext-sg50-024""}, {""alt"": null, ""lat"": null, ""lon"": null, ""snr"": 1.5, ""rssi"": -115, ""gateway_id"": ""ext-sg50-028""}, {""alt"": null, ""lat"": null, ""lon"": null, ""snr"": -5, ""rssi"": -116, ""gateway_id"": ""ext-sg50-016""}, {""alt"": 1131, ""lat"": 40.589325292876616, ""lon"": -4.838257133960725, ""snr"": -6.5, ""rssi"": -117, ""gateway_id"": ""niharramikrotik""}, {""alt"": null, ""lat"": null, ""lon"": null, ""snr"": -5.2, ""rssi"": -117, ""gateway_id"": ""cicytex-unex-2""}, {""alt"": null, ""lat"": null, ""lon"": null, ""snr"": -3, ""rssi"": -118, ""gateway_id"": ""eui-fcc23dfffe2de1ed""}, {""alt"": null, ""lat"": null, ""lon"": null, ""snr"": -1.8, ""rssi"": -118, ""gateway_id"": ""ext-sg50-022""}, {""alt"": null, ""lat"": null, ""lon"": null, ""snr"": -5.8, ""rssi"": -118, ""gateway_id"": ""mitigasmart-cc""}, {""alt"": null, ""lat"": null, ""lon"": null, ""snr"": -4.5, ""rssi"": -118, ""gateway_id"": ""sg50-eui-c0ba1ffffe004945""}, {""alt"": 258, ""lat"": 38.689984, ""lon"": -6.646836, ""snr"": -8.5, ""rssi"": -122, ""gateway_id"": ""m2-vicente""}]",EU
4acc593e-8950-4f99-b8e8-57e0b46df2e1,stratolink-3-eu,2026-05-28 07:43:09.241405+00:00,40.3360686,-6.9306294,9966.0,3.74535833410575,3.77818619831588,2026-05-28 07:43:10.643799+00:00,4.0,8738.0,1.0,-1.0,274.1,5.09,5.36,-112.0,,5.32,44.75,29.0,-3.22,8.9,-0.15,,,,,,,7.0,125000.0,868300000.0,"[{""alt"": null, ""lat"": null, ""lon"": null, ""snr"": -3.8, ""rssi"": -103, ""gateway_id"": ""ext-sg50-020""}, {""alt"": null, ""lat"": null, ""lon"": null, ""snr"": 1.8, ""rssi"": -105, ""gateway_id"": ""mtcdtip02-l4e1-3""}, {""alt"": null, ""lat"": null, ""lon"": null, ""snr"": 1, ""rssi"": -107, ""gateway_id"": ""mtcdtip02-l4e1-9""}, {""alt"": null, ""lat"": null, ""lon"": null, ""snr"": 3.8, ""rssi"": -107, ""gateway_id"": ""mtcdtip02-l4e1-7""}, {""alt"": null, ""lat"": null, ""lon"": null, ""snr"": -5.8, ""rssi"": -108, ""gateway_id"": ""cicytex-ic003""}, {""alt"": null, ""lat"": null, ""lon"": null, ""snr"": 7.8, ""rssi"": -108, ""gateway_id"": ""ext-sg50-017""}, {""alt"": null, ""lat"": null, ""lon"": null, ""snr"": -8.2, ""rssi"": -109, ""gateway_id"": ""cicytex-uex-agroecologia""}, {""alt"": null, ""lat"": null, ""lon"": null, ""snr"": 5.2, ""rssi"": -109, ""gateway_id"": ""mtcdtip02-l4e1-15""}, {""alt"": 300, ""lat"": 40.0702558044694, ""lon"": -6.65818959474564, ""snr"": 4.8, ""rssi"": -109, ""gateway_id"": ""cdtic-multitech-5""}, {""alt"": null, ""lat"": null, ""lon"": null, ""snr"": -5.8, ""rssi"": -110, ""gateway_id"": ""cicytex-icmc-002""}, {""alt"": null, ""lat"": null, ""lon"": null, ""snr"": -3, ""rssi"": -111, ""gateway_id"": ""mtcdtip02-l4e1-16""}, {""alt"": null, ""lat"": null, ""lon"": null, ""snr"": -3, ""rssi"": -111, ""gateway_id"": ""mtcdtip02-l4e1-5""}, {""alt"": null, ""lat"": null, ""lon"": null, ""snr"": -5.8, ""rssi"": -111, ""gateway_id"": ""mtcdtip02-l4e1-12""}, {""alt"": null, ""lat"": null, ""lon"": null, ""snr"": 5.5, ""rssi"": -111, ""gateway_id"": ""ext-sg50-015""}, {""alt"": null, ""lat"": null, ""lon"": null, ""snr"": 5.2, ""rssi"": -111, ""gateway_id"": ""ext-sg50-021""}, {""alt"": null, ""lat"": null, ""lon"": null, ""snr"": null, ""rssi"": -112, ""gateway_id"": ""mjv-casas""}, {""alt"": null, ""lat"": null, ""lon"": null, ""snr"": -3.5, ""rssi"": -112, ""gateway_id"": ""ext-sg50-018""}, {""alt"": null, ""lat"": null, ""lon"": null, ""snr"": -5, ""rssi"": -112, ""gateway_id"": ""ext-dlos8-007""}, {""alt"": null, ""lat"": null, ""lon"": null, ""snr"": 3.2, ""rssi"": -113, ""gateway_id"": ""ext-sg50-028""}, {""alt"": null, ""lat"": null, ""lon"": null, ""snr"": 4, ""rssi"": -113, ""gateway_id"": ""ext-sg50-022""}, {""alt"": null, ""lat"": null, ""lon"": null, ""snr"": -5.5, ""rssi"": -114, ""gateway_id"": ""ctaex-lora-one""}, {""alt"": null, ""lat"": null, ""lon"": null, ""snr"": 3, ""rssi"": -114, ""gateway_id"": ""ext-sg50-024""}, {""alt"": null, ""lat"": null, ""lon"": null, ""snr"": -1.8, ""rssi"": -115, ""gateway_id"": ""ext-sg50-016""}, {""alt"": null, ""lat"": null, ""lon"": null, ""snr"": -0.2, ""rssi"": -115, ""gateway_id"": ""ext-sg50-029""}, {""alt"": null, ""lat"": null, ""lon"": null, ""snr"": -7.2, ""rssi"": -115, ""gateway_id"": ""ext-sg50-013""}, {""alt"": null, ""lat"": null, ""lon"": null, ""snr"": -6.8, ""rssi"": -116, ""gateway_id"": ""ext-sg50-026""}, {""alt"": null, ""lat"": null, ""lon"": null, ""snr"": -5, ""rssi"": -117, ""gateway_id"": ""mitigasmart-cc""}, {""alt"": null, ""lat"": null, ""lon"": null, ""snr"": -5.8, ""rssi"": -117, ""gateway_id"": ""sg50-eui-c0ba1ffffe004945""}, {""alt"": 297, ""lat"": 40.108033, ""lon"": -6.632828, ""snr"": -7, ""rssi"": -118, ""gateway_id"": ""tef-mls-01""}]",EU
30e77497-6278-4619-a59f-73869297c3f9,stratolink-3-eu,2026-05-28 07:48:17.432859+00:00,40.3360686,-6.9306294,9966.0,3.74535833410575,3.77818619831588,2026-05-28 07:48:17.952645+00:00,4.0,8738.0,1.0,8.7,282.4,5.114,5.374,-114.0,-5.0,5.32,44.75,29.0,-3.22,8.75,0.76,,,,,,,7.0,125000.0,868500000.0,"[{""alt"": null, ""lat"": null, ""lon"": null, ""snr"": -0.2, ""rssi"": -101, ""gateway_id"": ""mtcdtip02-l4e1-3""}, {""alt"": null, ""lat"": null, ""lon"": null, ""snr"": 0.8, ""rssi"": -107, ""gateway_id"": ""mtcdtip02-l4e1-7""}, {""alt"": null, ""lat"": null, ""lon"": null, ""snr"": 1, ""rssi"": -109, ""gateway_id"": ""mtcdtip02-l4e1-9""}, {""alt"": null, ""lat"": null, ""lon"": null, ""snr"": -7.8, ""rssi"": -109, ""gateway_id"": ""mtcdtip02-l4e1-1""}, {""alt"": null, ""lat"": null, ""lon"": null, ""snr"": 1.2, ""rssi"": -110, ""gateway_id"": ""mjv-casas""}, {""alt"": null, ""lat"": null, ""lon"": null, ""snr"": -1.5, ""rssi"": -110, ""gateway_id"": ""mtcdtip02-l4e1-5""}, {""alt"": 300, ""lat"": 40.0702558044694, ""lon"": -6.65818959474564, ""snr"": 2.8, ""rssi"": -111, ""gateway_id"": ""cdtic-multitech-5""}, {""alt"": null, ""lat"": null, ""lon"": null, ""snr"": 0.2, ""rssi"": -111, ""gateway_id"": ""mtcdtip02-l4e1-15""}, {""alt"": null, ""lat"": null, ""lon"": null, ""snr"": 5, ""rssi"": -111, ""gateway_id"": ""ext-sg50-017""}, {""alt"": null, ""lat"": null, ""lon"": null, ""snr"": 3.8, ""rssi"": -111, ""gateway_id"": ""ext-sg50-029""}, {""alt"": null, ""lat"": 39.9775352459947, ""lon"": -6.04510360141884, ""snr"": -1.5, ""rssi"": -112, ""gateway_id"": ""jfmateos-rak7250-rioseco""}, {""alt"": null, ""lat"": null, ""lon"": null, ""snr"": -5.8, ""rssi"": -112, ""gateway_id"": ""ext-dlos8-007""}, {""alt"": null, ""lat"": null, ""lon"": null, ""snr"": 2.8, ""rssi"": -113, ""gateway_id"": ""ext-sg50-021""}, {""alt"": null, ""lat"": null, ""lon"": null, ""snr"": -2.2, ""rssi"": -113, ""gateway_id"": ""ext-sg50-018""}, {""alt"": null, ""lat"": null, ""lon"": null, ""snr"": 3, ""rssi"": -113, ""gateway_id"": ""ext-sg50-023""}, {""alt"": null, ""lat"": null, ""lon"": null, ""snr"": -5, ""rssi"": -114, ""gateway_id"": ""ctaex-lora-one""}, {""alt"": 391, ""lat"": 39.4920534590841, ""lon"": -6.57908320426941, ""snr"": -1.5, ""rssi"": -114, ""gateway_id"": ""cdtic-multitech-4""}, {""alt"": null, ""lat"": null, ""lon"": null, ""snr"": -1.5, ""rssi"": -114, ""gateway_id"": ""ext-sg50-026""}, {""alt"": 1131, ""lat"": 40.589325292876616, ""lon"": -4.838257133960725, ""snr"": -4.75, ""rssi"": -115, ""gateway_id"": ""niharramikrotik""}, {""alt"": null, ""lat"": 40.962541751597406, ""lon"": -5.675446072867432, ""snr"": -7.75, ""rssi"": -115, ""gateway_id"": ""packetbroker""}, {""alt"": null, ""lat"": null, ""lon"": null, ""snr"": 2, ""rssi"": -115, ""gateway_id"": ""ext-sg50-024""}, {""alt"": null, ""lat"": null, ""lon"": null, ""snr"": -3.8, ""rssi"": -115, ""gateway_id"": ""ext-sg50-016""}, {""alt"": null, ""lat"": null, ""lon"": null, ""snr"": -0.5, ""rssi"": -115, ""gateway_id"": ""ext-sg50-015""}, {""alt"": 297, ""lat"": 40.108033, ""lon"": -6.632828, ""snr"": 0.5, ""rssi"": -115, ""gateway_id"": ""tef-mls-01""}, {""alt"": null, ""lat"": null, ""lon"": null, ""snr"": -5.25, ""rssi"": -116, ""gateway_id"": ""eui-fcc23dfffe2de1ed""}, {""alt"": null, ""lat"": null, ""lon"": null, ""snr"": -5.2, ""rssi"": -116, ""gateway_id"": ""cicytex-unex-1""}, {""alt"": null, ""lat"": null, ""lon"": null, ""snr"": -3, ""rssi"": -116, ""gateway_id"": ""ext-sg50-028""}, {""alt"": null, ""lat"": null, ""lon"": null, ""snr"": -2, ""rssi"": -117, ""gateway_id"": ""ext-sg50-022""}, {""alt"": null, ""lat"": null, ""lon"": null, ""snr"": -4, ""rssi"": -117, ""gateway_id"": ""mitigasmart-cc""}, {""alt"": null, ""lat"": null, ""lon"": null, ""snr"": -4.2, ""rssi"": -117, ""gateway_id"": ""sg50-eui-c0ba1ffffe004945""}, {""alt"": 600, ""lat"": 40.13814, ""lon"": -7.50059, ""snr"": -4, ""rssi"": -119, ""gateway_id"": ""v3-eui-b827ebfffebf1f02""}, {""alt"": null, ""lat"": null, ""lon"": null, ""snr"": -8.5, ""rssi"": -119, ""gateway_id"": ""ext-sg50-011""}]",EU
6a73e655-a318-42e2-885f-77e6ba30068d,stratolink-3-eu,2026-05-28 07:53:25.761560+00:00,40.3360686,-6.9306294,9966.0,3.74535833410575,3.77818619831588,2026-05-28 07:53:26.311483+00:00,1.0,8738.0,0.0,-9.3,282.4,3.796,4.69,-115.0,-5.0,5.32,44.75,29.0,-3.07,8.75,0.0,,,,,,,7.0,125000.0,868100000.0,"[{""alt"": null, ""lat"": null, ""lon"": null, ""snr"": 0.5, ""rssi"": -109, ""gateway_id"": ""mtcdtip02-l4e1-3""}, {""alt"": null, ""lat"": null, ""lon"": null, ""snr"": -7.5, ""rssi"": -109, ""gateway_id"": ""cicytex-ic003""}, {""alt"": null, ""lat"": null, ""lon"": null, ""snr"": -3.8, ""rssi"": -110, ""gateway_id"": ""mtcdtip02-l4e1-9""}, {""alt"": null, ""lat"": null, ""lon"": null, ""snr"": -0.75, ""rssi"": -112, ""gateway_id"": ""d401c3ffff6d00a4""}, {""alt"": 300, ""lat"": 40.0702558044694, ""lon"": -6.65818959474564, ""snr"": 1.2, ""rssi"": -113, ""gateway_id"": ""cdtic-multitech-5""}, {""alt"": null, ""lat"": null, ""lon"": null, ""snr"": -7.8, ""rssi"": -113, ""gateway_id"": ""ext-sg50-018""}, {""alt"": null, ""lat"": null, ""lon"": null, ""snr"": -6.8, ""rssi"": -113, ""gateway_id"": ""dlps8-119""}, {""alt"": null, ""lat"": null, ""lon"": null, ""snr"": -5, ""rssi"": -115, ""gateway_id"": ""mjv-casas""}, {""alt"": 8, ""lat"": 42.195765, ""lon"": -6.006521, ""snr"": -6, ""rssi"": -115, ""gateway_id"": ""5031395365454751""}, {""alt"": null, ""lat"": null, ""lon"": null, ""snr"": -2.8, ""rssi"": -115, ""gateway_id"": ""mtcdtip02-l4e1-7""}, {""alt"": null, ""lat"": null, ""lon"": null, ""snr"": 1.8, ""rssi"": -115, ""gateway_id"": ""ext-sg50-023""}, {""alt"": null, ""lat"": null, ""lon"": null, ""snr"": 0.5, ""rssi"": -115, ""gateway_id"": ""ext-sg50-029""}, {""alt"": 1131, ""lat"": 40.589325292876616, ""lon"": -4.838257133960725, ""snr"": -6.25, ""rssi"": -116, ""gateway_id"": ""niharramikrotik""}, {""alt"": null, ""lat"": null, ""lon"": null, ""snr"": -3.8, ""rssi"": -116, ""gateway_id"": ""mtcdtip02-l4e1-15""}, {""alt"": null, ""lat"": null, ""lon"": null, ""snr"": -1, ""rssi"": -116, ""gateway_id"": ""ext-sg50-021""}, {""alt"": null, ""lat"": null, ""lon"": null, ""snr"": -7, ""rssi"": -116, ""gateway_id"": ""ext-sg50-026""}, {""alt"": null, ""lat"": null, ""lon"": null, ""snr"": -0.8, ""rssi"": -116, ""gateway_id"": ""ext-sg50-015""}, {""alt"": null, ""lat"": null, ""lon"": null, ""snr"": -8, ""rssi"": -116, ""gateway_id"": ""ext-sg50-016""}, {""alt"": null, ""lat"": null, ""lon"": null, ""snr"": -1.5, ""rssi"": -117, ""gateway_id"": ""ext-sg50-017""}, {""alt"": null, ""lat"": null, ""lon"": null, ""snr"": -3.2, ""rssi"": -118, ""gateway_id"": ""ext-sg50-024""}, {""alt"": null, ""lat"": null, ""lon"": null, ""snr"": -8, ""rssi"": -118, ""gateway_id"": ""mitigasmart-cc""}, {""alt"": 297, ""lat"": 40.108033, ""lon"": -6.632828, ""snr"": -7.5, ""rssi"": -119, ""gateway_id"": ""tef-mls-01""}]",EU
5e2382f1-e2d3-4c63-9c73-a10eb3021aec,stratolink-3-eu,2026-05-28 07:58:33.579751+00:00,40.3360686,-6.9306294,9966.0,3.74535833410575,3.77818619831588,2026-05-28 07:58:34.226840+00:00,4.0,8738.0,1.0,4.8,282.5,5.09,5.38,-113.0,-7.5,5.32,44.75,29.0,-3.22,8.75,0.46,,,,,,,7.0,125000.0,868300000.0,"[{""alt"": null, ""lat"": null, ""lon"": null, ""snr"": 2.8, ""rssi"": -104, ""gateway_id"": ""mtcdtip02-l4e1-3""}, {""alt"": null, ""lat"": null, ""lon"": null, ""snr"": 2.5, ""rssi"": -108, ""gateway_id"": ""mtcdtip02-l4e1-9""}, {""alt"": null, ""lat"": null, ""lon"": null, ""snr"": -2, ""rssi"": -108, ""gateway_id"": ""cicytex-ic003""}, {""alt"": null, ""lat"": null, ""lon"": null, ""snr"": 2.8, ""rssi"": -109, ""gateway_id"": ""mtcdtip02-l4e1-7""}, {""alt"": null, ""lat"": null, ""lon"": null, ""snr"": -3.8, ""rssi"": -109, ""gateway_id"": ""cicytex-icmc-002""}, {""alt"": null, ""lat"": null, ""lon"": null, ""snr"": -9.8, ""rssi"": -110, ""gateway_id"": ""mtcdtip02-l4e1-12""}, {""alt"": null, ""lat"": 39.9775352459947, ""lon"": -6.04510360141884, ""snr"": -1.25, ""rssi"": -110, ""gateway_id"": ""jfmateos-rak7250-rioseco""}, {""alt"": 300, ""lat"": 40.0702558044694, ""lon"": -6.65818959474564, ""snr"": 2, ""rssi"": -111, ""gateway_id"": ""cdtic-multitech-5""}, {""alt"": null, ""lat"": null, ""lon"": null, ""snr"": null, ""rssi"": -111, ""gateway_id"": ""mtcdtip02-l4e1-15""}, {""alt"": null, ""lat"": null, ""lon"": null, ""snr"": 5.5, ""rssi"": -111, ""gateway_id"": ""ext-sg50-029""}, {""alt"": null, ""lat"": null, ""lon"": null, ""snr"": 4.2, ""rssi"": -112, ""gateway_id"": ""ext-sg50-015""}, {""alt"": null, ""lat"": null, ""lon"": null, ""snr"": -7.5, ""rssi"": -113, ""gateway_id"": ""ctaex-lora-one""}, {""alt"": null, ""lat"": null, ""lon"": null, ""snr"": -7.8, ""rssi"": -113, ""gateway_id"": ""mtcdtip02-l4e1-16""}, {""alt"": null, ""lat"": null, ""lon"": null, ""snr"": -7.2, ""rssi"": -113, ""gateway_id"": ""dlps8-105""}, {""alt"": null, ""lat"": null, ""lon"": null, ""snr"": -4, ""rssi"": -113, ""gateway_id"": ""mtcdtip02-l4e1-4""}, {""alt"": null, ""lat"": null, ""lon"": null, ""snr"": -6, ""rssi"": -113, ""gateway_id"": ""ext-sg50-016""}, {""alt"": 1131, ""lat"": 40.589325292876616, ""lon"": -4.838257133960725, ""snr"": -8.25, ""rssi"": -114, ""gateway_id"": ""niharramikrotik""}, {""alt"": null, ""lat"": null, ""lon"": null, ""snr"": -0.8, ""rssi"": -114, ""gateway_id"": ""mtcdtip02-l4e1-5""}, {""alt"": null, ""lat"": 40.962541751597406, ""lon"": -5.675446072867432, ""snr"": -7.25, ""rssi"": -114, ""gateway_id"": ""packetbroker""}, {""alt"": null, ""lat"": null, ""lon"": null, ""snr"": 1, ""rssi"": -114, ""gateway_id"": ""mjv-casas""}, {""alt"": null, ""lat"": null, ""lon"": null, ""snr"": 3, ""rssi"": -114, ""gateway_id"": ""ext-sg50-023""}, {""alt"": null, ""lat"": null, ""lon"": null, ""snr"": -4.25, ""rssi"": -115, ""gateway_id"": ""d401c3ffff6d00a4""}, {""alt"": null, ""lat"": null, ""lon"": null, ""snr"": 2, ""rssi"": -115, ""gateway_id"": ""ext-sg50-024""}, {""alt"": null, ""lat"": null, ""lon"": null, ""snr"": -2, ""rssi"": -115, ""gateway_id"": ""ext-sg50-026""}, {""alt"": null, ""lat"": null, ""lon"": null, ""snr"": 0.5, ""rssi"": -116, ""gateway_id"": ""ext-sg50-028""}, {""alt"": 297, ""lat"": 40.108033, ""lon"": -6.632828, ""snr"": 0.2, ""rssi"": -116, ""gateway_id"": ""tef-mls-01""}, {""alt"": null, ""lat"": null, ""lon"": null, ""snr"": -1, ""rssi"": -116, ""gateway_id"": ""ext-sg50-021""}, {""alt"": null, ""lat"": null, ""lon"": null, ""snr"": -5, ""rssi"": -117, ""gateway_id"": ""mitigasmart-cc""}, {""alt"": null, ""lat"": null, ""lon"": null, ""snr"": -3.2, ""rssi"": -117, ""gateway_id"": ""sg50-eui-c0ba1ffffe004945""}, {""alt"": null, ""lat"": null, ""lon"": null, ""snr"": -6.75, ""rssi"": -118, ""gateway_id"": ""eui-fcc23dfffe2de1ed""}, {""alt"": null, ""lat"": null, ""lon"": null, ""snr"": -3, ""rssi"": -118, ""gateway_id"": ""ext-sg50-017""}, {""alt"": null, ""lat"": null, ""lon"": null, ""snr"": -4, ""rssi"": -119, ""gateway_id"": ""ext-sg50-022""}]",EU
d84f75af-2c25-49fc-a679-a678dd3c4335,stratolink-3-eu,2026-05-28 08:03:41.691948+00:00,40.3360686,-6.9306294,9966.0,3.74535833410575,3.77818619831588,2026-05-28 08:03:42.415939+00:00,4.0,8738.0,1.0,3.7,280.4,5.08,5.364,-111.0,-5.5,5.32,44.75,29.0,-3.37,8.75,-0.15,,,,,,,7.0,125000.0,868500000.0,"[{""alt"": null, ""lat"": null, ""lon"": null, ""snr"": 2.5, ""rssi"": -104, ""gateway_id"": ""mtcdtip02-l4e1-3""}, {""alt"": null, ""lat"": null, ""lon"": null, ""snr"": 2.8, ""rssi"": -108, ""gateway_id"": ""mtcdtip02-l4e1-7""}, {""alt"": 300, ""lat"": 40.0702558044694, ""lon"": -6.65818959474564, ""snr"": 4, ""rssi"": -108, ""gateway_id"": ""cdtic-multitech-5""}, {""alt"": null, ""lat"": 39.9775352459947, ""lon"": -6.04510360141884, ""snr"": -1.5, ""rssi"": -110, ""gateway_id"": ""jfmateos-rak7250-rioseco""}, {""alt"": null, ""lat"": null, ""lon"": null, ""snr"": -2.8, ""rssi"": -110, ""gateway_id"": ""mtcdtip02-l4e1-9""}, {""alt"": null, ""lat"": null, ""lon"": null, ""snr"": -8, ""rssi"": -110, ""gateway_id"": ""mtcdtip02-l4e1-4""}, {""alt"": null, ""lat"": null, ""lon"": null, ""snr"": -5.5, ""rssi"": -111, ""gateway_id"": ""cicytex-icmc-002""}, {""alt"": null, ""lat"": null, ""lon"": null, ""snr"": -0.8, ""rssi"": -111, ""gateway_id"": ""mtcdtip02-l4e1-15""}, {""alt"": null, ""lat"": null, ""lon"": null, ""snr"": 1.2, ""rssi"": -111, ""gateway_id"": ""ext-sg50-018""}, {""alt"": null, ""lat"": null, ""lon"": null, ""snr"": -4.2, ""rssi"": -112, ""gateway_id"": ""mtcdtip02-l4e1-16""}, {""alt"": null, ""lat"": null, ""lon"": null, ""snr"": 4, ""rssi"": -112, ""gateway_id"": ""ext-sg50-023""}, {""alt"": 313, ""lat"": 38.64311, ""lon"": -7.54788, ""snr"": -6.5, ""rssi"": -113, ""gateway_id"": ""cte-escolas-2""}, {""alt"": null, ""lat"": null, ""lon"": null, ""snr"": 2.8, ""rssi"": -114, ""gateway_id"": ""ext-sg50-024""}, {""alt"": null, ""lat"": null, ""lon"": null, ""snr"": -1.2, ""rssi"": -115, ""gateway_id"": ""mjv-casas""}, {""alt"": null, ""lat"": null, ""lon"": null, ""snr"": -2.25, ""rssi"": -115, ""gateway_id"": ""d401c3ffff6d00a4""}, {""alt"": null, ""lat"": null, ""lon"": null, ""snr"": -1.5, ""rssi"": -115, ""gateway_id"": ""ext-sg50-026""}, {""alt"": null, ""lat"": null, ""lon"": null, ""snr"": -0.2, ""rssi"": -115, ""gateway_id"": ""ext-sg50-029""}, {""alt"": 391, ""lat"": 39.4920534590841, ""lon"": -6.57908320426941, ""snr"": -4.8, ""rssi"": -115, ""gateway_id"": ""cdtic-multitech-4""}, {""alt"": null, ""lat"": null, ""lon"": null, ""snr"": -3, ""rssi"": -116, ""gateway_id"": ""ext-sg50-028""}, {""alt"": null, ""lat"": null, ""lon"": null, ""snr"": -0.5, ""rssi"": -116, ""gateway_id"": ""ext-sg50-022""}, {""alt"": 297, ""lat"": 40.108033, ""lon"": -6.632828, ""snr"": -2, ""rssi"": -116, ""gateway_id"": ""tef-mls-01""}, {""alt"": null, ""lat"": null, ""lon"": null, ""snr"": -2.2, ""rssi"": -116, ""gateway_id"": ""mitigasmart-cc""}, {""alt"": null, ""lat"": null, ""lon"": null, ""snr"": -2, ""rssi"": -116, ""gateway_id"": ""ext-sg50-021""}, {""alt"": null, ""lat"": null, ""lon"": null, ""snr"": -2.8, ""rssi"": -116, ""gateway_id"": ""ext-sg50-016""}, {""alt"": null, ""lat"": null, ""lon"": null, ""snr"": -3.5, ""rssi"": -117, ""gateway_id"": ""ext-sg50-015""}, {""alt"": null, ""lat"": null, ""lon"": null, ""snr"": -4, ""rssi"": -118, ""gateway_id"": ""eui-fcc23dfffe2de1ed""}, {""alt"": null, ""lat"": null, ""lon"": null, ""snr"": -5.2, ""rssi"": -118, ""gateway_id"": ""sg50-eui-c0ba1ffffe004945""}]",EU
2228d5d0-cf03-4b01-b790-690d9da5d75d,stratolink-3-eu,2026-05-28 08:08:49.819537+00:00,40.3360686,-6.9306294,9966.0,3.74535833410575,3.77818619831588,2026-05-28 08:08:50.438388+00:00,3.0,8738.0,1.0,-6.7,248.6,5.076,5.36,-120.0,-3.5,5.32,44.75,29.0,-3.37,8.9,-0.3,,,,,,,7.0,125000.0,868100000.0,"[{""alt"": null, ""lat"": null, ""lon"": null, ""snr"": 0.2, ""rssi"": -108, ""gateway_id"": ""mtcdtip02-l4e1-15""}, {""alt"": null, ""lat"": null, ""lon"": null, ""snr"": -1.5, ""rssi"": -110, ""gateway_id"": ""mtcdtip02-l4e1-9""}, {""alt"": null, ""lat"": null, ""lon"": null, ""snr"": -8.25, ""rssi"": -110, ""gateway_id"": ""terraprima-lora-1-black-lte""}, {""alt"": null, ""lat"": null, ""lon"": null, ""snr"": -3.8, ""rssi"": -110, ""gateway_id"": ""mtcdtip02-l4e1-3""}, {""alt"": null, ""lat"": null, ""lon"": null, ""snr"": -6, ""rssi"": -111, ""gateway_id"": ""cicytex-icmc-002""}, {""alt"": 300, ""lat"": 40.0702558044694, ""lon"": -6.65818959474564, ""snr"": 5.2, ""rssi"": -111, ""gateway_id"": ""cdtic-multitech-5""}, {""alt"": null, ""lat"": null, ""lon"": null, ""snr"": 2.5, ""rssi"": -111, ""gateway_id"": ""mtcdtip02-l4e1-7""}, {""alt"": null, ""lat"": null, ""lon"": null, ""snr"": -7, ""rssi"": -112, ""gateway_id"": ""ext-dlos8-007""}, {""alt"": null, ""lat"": null, ""lon"": null, ""snr"": 2, ""rssi"": -112, ""gateway_id"": ""ext-sg50-018""}, {""alt"": 391, ""lat"": 39.4920534590841, ""lon"": -6.57908320426941, ""snr"": 0.2, ""rssi"": -113, ""gateway_id"": ""cdtic-multitech-4""}, {""alt"": null, ""lat"": null, ""lon"": null, ""snr"": -2.2, ""rssi"": -113, ""gateway_id"": ""mtcdtip02-l4e1-5""}, {""alt"": null, ""lat"": null, ""lon"": null, ""snr"": -0.5, ""rssi"": -114, ""gateway_id"": ""ext-sg50-026""}, {""alt"": null, ""lat"": null, ""lon"": null, ""snr"": 2.8, ""rssi"": -114, ""gateway_id"": ""ext-sg50-015""}, {""alt"": null, ""lat"": null, ""lon"": null, ""snr"": 3.8, ""rssi"": -114, ""gateway_id"": ""ext-sg50-017""}, {""alt"": null, ""lat"": null, ""lon"": null, ""snr"": -3.5, ""rssi"": -114, ""gateway_id"": ""ext-sg50-029""}, {""alt"": null, ""lat"": null, ""lon"": null, ""snr"": -6.8, ""rssi"": -115, ""gateway_id"": ""mtcdtip02-l4e1-11""}, {""alt"": null, ""lat"": null, ""lon"": null, ""snr"": -3.5, ""rssi"": -115, ""gateway_id"": ""mtcdtip02-l4e1-16""}, {""alt"": null, ""lat"": null, ""lon"": null, ""snr"": 2.8, ""rssi"": -115, ""gateway_id"": ""ext-sg50-024""}, {""alt"": null, ""lat"": null, ""lon"": null, ""snr"": 1.2, ""rssi"": -115, ""gateway_id"": ""ext-sg50-028""}, {""alt"": null, ""lat"": null, ""lon"": null, ""snr"": null, ""rssi"": -116, ""gateway_id"": ""ext-sg50-021""}, {""alt"": null, ""lat"": null, ""lon"": null, ""snr"": -3.5, ""rssi"": -117, ""gateway_id"": ""eui-fcc23dfffe2de1ed""}, {""alt"": null, ""lat"": null, ""lon"": null, ""snr"": -5.5, ""rssi"": -117, ""gateway_id"": ""ext-sg50-016""}, {""alt"": null, ""lat"": null, ""lon"": null, ""snr"": -6, ""rssi"": -118, ""gateway_id"": ""mitigasmart-cc""}, {""alt"": 297, ""lat"": 40.108033, ""lon"": -6.632828, ""snr"": -2.8, ""rssi"": -118, ""gateway_id"": ""tef-mls-01""}, {""alt"": null, ""lat"": null, ""lon"": null, ""snr"": -2.5, ""rssi"": -119, ""gateway_id"": ""ext-sg50-022""}, {""alt"": null, ""lat"": null, ""lon"": null, ""snr"": -7.8, ""rssi"": -119, ""gateway_id"": ""sg50-eui-c0ba1ffffe004945""}, {""alt"": 600, ""lat"": 40.13814, ""lon"": -7.50059, ""snr"": -3.5, ""rssi"": -120, ""gateway_id"": ""v3-eui-b827ebfffebf1f02""}, {""alt"": null, ""lat"": null, ""lon"": null, ""snr"": -8.5, ""rssi"": -120, ""gateway_id"": ""gw-valeserrano""}]",EU
99470985-17cc-4c26-8758-ee469f574d7d,stratolink-3-eu,2026-05-28 08:13:51.314686+00:00,40.3360686,-6.6141145,10020.0,-2.31901423961651,-3.45366080506698,2026-05-28 08:13:52.474371+00:00,4.0,8738.0,1.0,3.1,280.8,5.09,5.372,-110.0,0.8,4.16,213.88,26.0,-3.22,8.75,0.46,,,,,,,7.0,125000.0,868300000.0,"[{""alt"": null, ""lat"": null, ""lon"": null, ""snr"": -1.5, ""rssi"": -105, ""gateway_id"": ""mtcdtip02-l4e1-3""}, {""alt"": null, ""lat"": null, ""lon"": null, ""snr"": 0.2, ""rssi"": -107, ""gateway_id"": ""mtcdtip02-l4e1-9""}, {""alt"": null, ""lat"": null, ""lon"": null, ""snr"": -4, ""rssi"": -108, ""gateway_id"": ""cicytex-ic003""}, {""alt"": null, ""lat"": null, ""lon"": null, ""snr"": 0.8, ""rssi"": -110, ""gateway_id"": ""mjv-casas""}, {""alt"": null, ""lat"": null, ""lon"": null, ""snr"": 2, ""rssi"": -110, ""gateway_id"": ""mtcdtip02-l4e1-7""}, {""alt"": null, ""lat"": null, ""lon"": null, ""snr"": 3, ""rssi"": -110, ""gateway_id"": ""mtcdtip02-l4e1-15""}, {""alt"": null, ""lat"": null, ""lon"": null, ""snr"": -7.5, ""rssi"": -110, ""gateway_id"": ""mtcdtip02-l4e1-12""}, {""alt"": null, ""lat"": null, ""lon"": null, ""snr"": -1.5, ""rssi"": -110, ""gateway_id"": ""mtcdtip02-l4e1-5""}, {""alt"": null, ""lat"": null, ""lon"": null, ""snr"": -6.3, ""rssi"": -111, ""gateway_id"": ""cicytex-icmc-002""}, {""alt"": null, ""lat"": null, ""lon"": null, ""snr"": -5.8, ""rssi"": -111, ""gateway_id"": ""ext-dlos8-007""}, {""alt"": null, ""lat"": null, ""lon"": null, ""snr"": -3.8, ""rssi"": -111, ""gateway_id"": ""ext-sg50-018""}, {""alt"": null, ""lat"": null, ""lon"": null, ""snr"": 4.2, ""rssi"": -112, ""gateway_id"": ""ext-sg50-029""}, {""alt"": 391, ""lat"": 39.4920534590841, ""lon"": -6.57908320426941, ""snr"": -1, ""rssi"": -113, ""gateway_id"": ""cdtic-multitech-4""}, {""alt"": null, ""lat"": null, ""lon"": null, ""snr"": 0.5, ""rssi"": -114, ""gateway_id"": ""ext-sg50-017""}, {""alt"": null, ""lat"": null, ""lon"": null, ""snr"": -3, ""rssi"": -114, ""gateway_id"": ""d401c3ffff6d00a4""}, {""alt"": null, ""lat"": null, ""lon"": null, ""snr"": -1.8, ""rssi"": -115, ""gateway_id"": ""ext-sg50-026""}, {""alt"": null, ""lat"": null, ""lon"": null, ""snr"": 2.5, ""rssi"": -115, ""gateway_id"": ""ext-sg50-024""}, {""alt"": null, ""lat"": null, ""lon"": null, ""snr"": 0.5, ""rssi"": -115, ""gateway_id"": ""ext-sg50-028""}, {""alt"": null, ""lat"": null, ""lon"": null, ""snr"": 1.5, ""rssi"": -115, ""gateway_id"": ""ext-sg50-015""}, {""alt"": null, ""lat"": null, ""lon"": null, ""snr"": -3.5, ""rssi"": -116, ""gateway_id"": ""ext-sg50-016""}, {""alt"": null, ""lat"": null, ""lon"": null, ""snr"": -0.5, ""rssi"": -116, ""gateway_id"": ""ext-sg50-021""}, {""alt"": null, ""lat"": null, ""lon"": null, ""snr"": 0.5, ""rssi"": -117, ""gateway_id"": ""ext-sg50-022""}, {""alt"": null, ""lat"": null, ""lon"": null, ""snr"": -5, ""rssi"": -117, ""gateway_id"": ""mitigasmart-cc""}, {""alt"": 297, ""lat"": 40.108033, ""lon"": -6.632828, ""snr"": -4.2, ""rssi"": -117, ""gateway_id"": ""tef-mls-01""}, {""alt"": null, ""lat"": null, ""lon"": null, ""snr"": -5.5, ""rssi"": -118, ""gateway_id"": ""sg50-eui-c0ba1ffffe004945""}, {""alt"": null, ""lat"": null, ""lon"": null, ""snr"": -8.2, ""rssi"": -119, ""gateway_id"": ""ext-sg50-011""}, {""alt"": null, ""lat"": null, ""lon"": null, ""snr"": -7.2, ""rssi"": -121, ""gateway_id"": ""gw-valeserrano""}]",EU
89511415-c939-4de3-bae0-f549495f23aa,stratolink-3-eu,2026-05-28 08:17:03.123266+00:00,40.5546212,-6.6065457,10016.0,1.86726958290445,-3.68377582172963,2026-05-28 08:17:03.695916+00:00,3.0,8738.0,1.0,4.9,263.3,5.074,5.372,-116.0,-8.5,4.13,153.12,26.0,-2.91,9.06,0.76,,,,,,,7.0,125000.0,868100000.0,"[{""alt"": null, ""lat"": null, ""lon"": null, ""snr"": 3.5, ""rssi"": -102, ""gateway_id"": ""mtcdtip02-l4e1-3""}, {""alt"": null, ""lat"": null, ""lon"": null, ""snr"": -7.2, ""rssi"": -104, ""gateway_id"": ""ext-sg50-020""}, {""alt"": null, ""lat"": null, ""lon"": null, ""snr"": -5.8, ""rssi"": -109, ""gateway_id"": ""mtcdtip02-l4e1-5""}, {""alt"": null, ""lat"": null, ""lon"": null, ""snr"": -1, ""rssi"": -109, ""gateway_id"": ""mtcdtip02-l4e1-9""}, {""alt"": null, ""lat"": null, ""lon"": null, ""snr"": -5.8, ""rssi"": -110, ""gateway_id"": ""cicytex-icmc-002""}, {""alt"": null, ""lat"": null, ""lon"": null, ""snr"": -4.8, ""rssi"": -110, ""gateway_id"": ""cicytex-ic003""}, {""alt"": null, ""lat"": null, ""lon"": null, ""snr"": 1.5, ""rssi"": -111, ""gateway_id"": ""mtcdtip02-l4e1-15""}, {""alt"": null, ""lat"": null, ""lon"": null, ""snr"": null, ""rssi"": -111, ""gateway_id"": ""mtcdtip02-l4e1-7""}, {""alt"": null, ""lat"": null, ""lon"": null, ""snr"": 1, ""rssi"": -111, ""gateway_id"": ""ext-sg50-029""}, {""alt"": null, ""lat"": 39.9775352459947, ""lon"": -6.04510360141884, ""snr"": -3.75, ""rssi"": -112, ""gateway_id"": ""jfmateos-rak7250-rioseco""}, {""alt"": null, ""lat"": null, ""lon"": null, ""snr"": -5.5, ""rssi"": -113, ""gateway_id"": ""ext-dlos8-007""}, {""alt"": null, ""lat"": null, ""lon"": null, ""snr"": 4.5, ""rssi"": -113, ""gateway_id"": ""ext-sg50-021""}, {""alt"": null, ""lat"": null, ""lon"": null, ""snr"": -1, ""rssi"": -114, ""gateway_id"": ""mjv-casas""}, {""alt"": 313, ""lat"": 38.64311, ""lon"": -7.54788, ""snr"": -8, ""rssi"": -114, ""gateway_id"": ""cte-escolas-2""}, {""alt"": null, ""lat"": null, ""lon"": null, ""snr"": 3.5, ""rssi"": -114, ""gateway_id"": ""ext-sg50-017""}, {""alt"": null, ""lat"": null, ""lon"": null, ""snr"": -1.25, ""rssi"": -115, ""gateway_id"": ""d401c3ffff6d00a4""}, {""alt"": 300, ""lat"": 40.0702558044694, ""lon"": -6.65818959474564, ""snr"": 2.5, ""rssi"": -115, ""gateway_id"": ""cdtic-multitech-5""}, {""alt"": null, ""lat"": null, ""lon"": null, ""snr"": -9.2, ""rssi"": -115, ""gateway_id"": ""ext-sg50-018""}, {""alt"": 391, ""lat"": 39.4920534590841, ""lon"": -6.57908320426941, ""snr"": -2.8, ""rssi"": -115, ""gateway_id"": ""cdtic-multitech-4""}, {""alt"": null, ""lat"": null, ""lon"": null, ""snr"": -4.5, ""rssi"": -115, ""gateway_id"": ""mtcdtip02-l4e1-16""}, {""alt"": null, ""lat"": null, ""lon"": null, ""snr"": -1.5, ""rssi"": -115, ""gateway_id"": ""ext-sg50-026""}, {""alt"": null, ""lat"": null, ""lon"": null, ""snr"": -4.8, ""rssi"": -115, ""gateway_id"": ""ext-sg50-027""}, {""alt"": null, ""lat"": null, ""lon"": null, ""snr"": -8.5, ""rssi"": -116, ""gateway_id"": ""ctaex-lora-one""}, {""alt"": null, ""lat"": null, ""lon"": null, ""snr"": 0.8, ""rssi"": -116, ""gateway_id"": ""ext-sg50-024""}, {""alt"": null, ""lat"": null, ""lon"": null, ""snr"": 0.5, ""rssi"": -116, ""gateway_id"": ""ext-sg50-015""}, {""alt"": null, ""lat"": null, ""lon"": null, ""snr"": -0.2, ""rssi"": -116, ""gateway_id"": ""ext-sg50-028""}, {""alt"": 297, ""lat"": 40.108033, ""lon"": -6.632828, ""snr"": 0.8, ""rssi"": -116, ""gateway_id"": ""tef-mls-01""}, {""alt"": null, ""lat"": null, ""lon"": null, ""snr"": -4.75, ""rssi"": -117, ""gateway_id"": ""eui-fcc23dfffe2de1ed""}, {""alt"": 600, ""lat"": 40.13814, ""lon"": -7.50059, ""snr"": -0.8, ""rssi"": -117, ""gateway_id"": ""v3-eui-b827ebfffebf1f02""}, {""alt"": null, ""lat"": null, ""lon"": null, ""snr"": -6.5, ""rssi"": -117, ""gateway_id"": ""ext-sg50-016""}, {""alt"": null, ""lat"": null, ""lon"": null, ""snr"": -5.5, ""rssi"": -118, ""gateway_id"": ""mitigasmart-cc""}, {""alt"": null, ""lat"": null, ""lon"": null, ""snr"": -7.2, ""rssi"": -119, ""gateway_id"": ""sg50-eui-c0ba1ffffe004945""}, {""alt"": null, ""lat"": null, ""lon"": null, ""snr"": -8, ""rssi"": -120, ""gateway_id"": ""ext-sg50-011""}]",EU
84c212c3-b726-4c9d-a143-58d8b86112cd,stratolink-3-eu,2026-05-28 08:22:11.072300+00:00,40.5546212,-6.6065457,10016.0,1.86726958290445,-3.68377582172963,2026-05-28 08:22:11.584107+00:00,3.0,8738.0,1.0,-3.9,260.0,5.1,5.376,-112.0,-8.2,4.13,153.12,26.0,-2.91,9.21,0.15,,,,,,,7.0,125000.0,868300000.0,"[{""alt"": null, ""lat"": null, ""lon"": null, ""snr"": -8.2, ""rssi"": -107, ""gateway_id"": ""ext-sg50-018""}, {""alt"": null, ""lat"": null, ""lon"": null, ""snr"": 2.5, ""rssi"": -107, ""gateway_id"": ""mtcdtip02-l4e1-3""}, {""alt"": null, ""lat"": null, ""lon"": null, ""snr"": -1.2, ""rssi"": -108, ""gateway_id"": ""mtcdtip02-l4e1-9""}, {""alt"": 300, ""lat"": 40.0702558044694, ""lon"": -6.65818959474564, ""snr"": 2, ""rssi"": -110, ""gateway_id"": ""cdtic-multitech-5""}, {""alt"": null, ""lat"": null, ""lon"": null, ""snr"": 3.5, ""rssi"": -110, ""gateway_id"": ""mtcdtip02-l4e1-15""}, {""alt"": null, ""lat"": null, ""lon"": null, ""snr"": 1.5, ""rssi"": -110, ""gateway_id"": ""mtcdtip02-l4e1-7""}, {""alt"": null, ""lat"": null, ""lon"": null, ""snr"": -4, ""rssi"": -111, ""gateway_id"": ""mjv-casas""}, {""alt"": null, ""lat"": null, ""lon"": null, ""snr"": -6, ""rssi"": -111, ""gateway_id"": ""mtcdtip02-l4e1-16""}, {""alt"": null, ""lat"": null, ""lon"": null, ""snr"": 0.8, ""rssi"": -111, ""gateway_id"": ""mtcdtip02-l4e1-5""}, {""alt"": null, ""lat"": null, ""lon"": null, ""snr"": 5.2, ""rssi"": -111, ""gateway_id"": ""ext-sg50-029""}, {""alt"": null, ""lat"": null, ""lon"": null, ""snr"": -8.2, ""rssi"": -112, ""gateway_id"": ""adismonta-rak7289-alcuescar""}, {""alt"": null, ""lat"": 39.9775352459947, ""lon"": -6.04510360141884, ""snr"": -3, ""rssi"": -112, ""gateway_id"": ""jfmateos-rak7250-rioseco""}, {""alt"": null, ""lat"": null, ""lon"": null, ""snr"": -5.8, ""rssi"": -112, ""gateway_id"": ""ext-dlos8-007""}, {""alt"": null, ""lat"": null, ""lon"": null, ""snr"": 4.8, ""rssi"": -112, ""gateway_id"": ""ext-sg50-015""}, {""alt"": null, ""lat"": null, ""lon"": null, ""snr"": 4.8, ""rssi"": -112, ""gateway_id"": ""ext-sg50-021""}, {""alt"": null, ""lat"": null, ""lon"": null, ""snr"": 2.5, ""rssi"": -113, ""gateway_id"": ""ext-sg50-017""}, {""alt"": null, ""lat"": null, ""lon"": null, ""snr"": -7.2, ""rssi"": -113, ""gateway_id"": ""mtcdtip02-l4e1-12""}, {""alt"": null, ""lat"": null, ""lon"": null, ""snr"": -9, ""rssi"": -114, ""gateway_id"": ""cicytex-unex-2""}, {""alt"": null, ""lat"": null, ""lon"": null, ""snr"": 2.5, ""rssi"": -114, ""gateway_id"": ""ext-sg50-024""}, {""alt"": null, ""lat"": null, ""lon"": null, ""snr"": -3.2, ""rssi"": -114, ""gateway_id"": ""ext-sg50-027""}, {""alt"": 313, ""lat"": 38.64311, ""lon"": -7.54788, ""snr"": -8, ""rssi"": -115, ""gateway_id"": ""cte-escolas-2""}, {""alt"": null, ""lat"": null, ""lon"": null, ""snr"": -2, ""rssi"": -115, ""gateway_id"": ""d401c3ffff6d00a4""}, {""alt"": null, ""lat"": null, ""lon"": null, ""snr"": -1.2, ""rssi"": -115, ""gateway_id"": ""ext-sg50-026""}, {""alt"": null, ""lat"": null, ""lon"": null, ""snr"": -2.5, ""rssi"": -117, ""gateway_id"": ""ext-sg50-028""}, {""alt"": null, ""lat"": null, ""lon"": null, ""snr"": -6.5, ""rssi"": -117, ""gateway_id"": ""ext-sg50-016""}, {""alt"": 297, ""lat"": 40.108033, ""lon"": -6.632828, ""snr"": -2, ""rssi"": -117, ""gateway_id"": ""tef-mls-01""}, {""alt"": null, ""lat"": null, ""lon"": null, ""snr"": -4.5, ""rssi"": -117, ""gateway_id"": ""mitigasmart-cc""}, {""alt"": null, ""lat"": null, ""lon"": null, ""snr"": -4.5, ""rssi"": -118, ""gateway_id"": ""eui-fcc23dfffe2de1ed""}, {""alt"": null, ""lat"": null, ""lon"": null, ""snr"": -7.2, ""rssi"": -118, ""gateway_id"": ""sg50-eui-c0ba1ffffe004945""}]",EU
28b68d42-1289-457f-a421-78370bd50365,stratolink-3-eu,2026-05-28 08:27:19.141900+00:00,40.5546212,-6.6065457,10016.0,1.86726958290445,-3.68377582172963,2026-05-28 08:27:19.876067+00:00,1.0,8738.0,0.0,-6.7,282.5,5.012,5.362,-111.0,-7.5,4.13,153.12,26.0,-3.22,9.06,-0.61,,,,,,,7.0,125000.0,868500000.0,"[{""alt"": null, ""lat"": null, ""lon"": null, ""snr"": -3.5, ""rssi"": -102, ""gateway_id"": ""mtcdtip02-l4e1-3""}, {""alt"": null, ""lat"": null, ""lon"": null, ""snr"": -1.5, ""rssi"": -109, ""gateway_id"": ""mtcdtip02-l4e1-9""}, {""alt"": null, ""lat"": null, ""lon"": null, ""snr"": -8.2, ""rssi"": -110, ""gateway_id"": ""cicytex-ic003""}, {""alt"": null, ""lat"": 39.9775352459947, ""lon"": -6.04510360141884, ""snr"": null, ""rssi"": -110, ""gateway_id"": ""jfmateos-rak7250-rioseco""}, {""alt"": null, ""lat"": null, ""lon"": null, ""snr"": 0.5, ""rssi"": -110, ""gateway_id"": ""mtcdtip02-l4e1-15""}, {""alt"": null, ""lat"": null, ""lon"": null, ""snr"": -7.5, ""rssi"": -111, ""gateway_id"": ""mjv-casas""}, {""alt"": null, ""lat"": null, ""lon"": null, ""snr"": -3, ""rssi"": -111, ""gateway_id"": ""mtcdtip02-l4e1-7""}, {""alt"": null, ""lat"": null, ""lon"": null, ""snr"": 0.25, ""rssi"": -111, ""gateway_id"": ""d401c3ffff6d00a4""}, {""alt"": null, ""lat"": null, ""lon"": null, ""snr"": 3.5, ""rssi"": -112, ""gateway_id"": ""ext-sg50-029""}, {""alt"": null, ""lat"": null, ""lon"": null, ""snr"": -4.2, ""rssi"": -113, ""gateway_id"": ""mtcdtip02-l4e1-5""}, {""alt"": null, ""lat"": null, ""lon"": null, ""snr"": 2.8, ""rssi"": -114, ""gateway_id"": ""ext-sg50-017""}, {""alt"": null, ""lat"": null, ""lon"": null, ""snr"": 3.2, ""rssi"": -114, ""gateway_id"": ""ext-sg50-023""}, {""alt"": null, ""lat"": 40.962758045083945, ""lon"": -5.675633842073217, ""snr"": -6.75, ""rssi"": -115, ""gateway_id"": ""packetbroker""}, {""alt"": 300, ""lat"": 40.0702558044694, ""lon"": -6.65818959474564, ""snr"": -4.2, ""rssi"": -116, ""gateway_id"": ""cdtic-multitech-5""}, {""alt"": null, ""lat"": null, ""lon"": null, ""snr"": -2.2, ""rssi"": -116, ""gateway_id"": ""ext-sg50-021""}, {""alt"": null, ""lat"": null, ""lon"": null, ""snr"": 0.2, ""rssi"": -116, ""gateway_id"": ""ext-sg50-024""}, {""alt"": null, ""lat"": null, ""lon"": null, ""snr"": -4.2, ""rssi"": -116, ""gateway_id"": ""ext-sg50-016""}, {""alt"": null, ""lat"": null, ""lon"": null, ""snr"": -8.2, ""rssi"": -116, ""gateway_id"": ""ext-sg50-026""}, {""alt"": null, ""lat"": null, ""lon"": null, ""snr"": -7.2, ""rssi"": -117, ""gateway_id"": ""ext-sg50-028""}, {""alt"": null, ""lat"": null, ""lon"": null, ""snr"": -5.8, ""rssi"": -117, ""gateway_id"": ""ext-sg50-015""}, {""alt"": null, ""lat"": null, ""lon"": null, ""snr"": -6, ""rssi"": -118, ""gateway_id"": ""eui-fcc23dfffe2de1ed""}]",EU
b9638bef-8e7f-42f0-a6b7-a4848da5dbd4,stratolink-3-eu,2026-05-28 08:32:27.340426+00:00,40.5546212,-6.6065457,10016.0,1.86726958290445,-3.68377582172963,2026-05-28 08:32:27.897860+00:00,3.0,8738.0,1.0,-17.4,280.9,5.386,5.384,-111.0,0.5,4.13,153.12,26.0,-3.07,8.9,-0.46,,,,,,,7.0,125000.0,868100000.0,"[{""alt"": null, ""lat"": null, ""lon"": null, ""snr"": 4, ""rssi"": -105, ""gateway_id"": ""mtcdtip02-l4e1-3""}, {""alt"": null, ""lat"": null, ""lon"": null, ""snr"": -5.8, ""rssi"": -110, ""gateway_id"": ""cicytex-icmc-002""}, {""alt"": null, ""lat"": null, ""lon"": null, ""snr"": 0.2, ""rssi"": -110, ""gateway_id"": ""mtcdtip02-l4e1-9""}, {""alt"": null, ""lat"": 39.9775352459947, ""lon"": -6.04510360141884, ""snr"": 3.75, ""rssi"": -110, ""gateway_id"": ""jfmateos-rak7250-rioseco""}, {""alt"": null, ""lat"": null, ""lon"": null, ""snr"": 0.5, ""rssi"": -111, ""gateway_id"": ""mjv-casas""}, {""alt"": null, ""lat"": null, ""lon"": null, ""snr"": -5, ""rssi"": -111, ""gateway_id"": ""adismonta-rak7289-alcuescar""}, {""alt"": null, ""lat"": null, ""lon"": null, ""snr"": 1.5, ""rssi"": -111, ""gateway_id"": ""mtcdtip02-l4e1-7""}, {""alt"": null, ""lat"": null, ""lon"": null, ""snr"": -4.8, ""rssi"": -111, ""gateway_id"": ""cicytex-ic003""}, {""alt"": null, ""lat"": null, ""lon"": null, ""snr"": -0.2, ""rssi"": -111, ""gateway_id"": ""mtcdtip02-l4e1-15""}, {""alt"": null, ""lat"": null, ""lon"": null, ""snr"": -3.8, ""rssi"": -111, ""gateway_id"": ""mtcdtip02-l4e1-1""}, {""alt"": null, ""lat"": null, ""lon"": null, ""snr"": 6.5, ""rssi"": -111, ""gateway_id"": ""ext-sg50-029""}, {""alt"": null, ""lat"": null, ""lon"": null, ""snr"": 5, ""rssi"": -112, ""gateway_id"": ""ext-sg50-015""}, {""alt"": null, ""lat"": 40.962541751597406, ""lon"": -5.675446072867432, ""snr"": -6.25, ""rssi"": -113, ""gateway_id"": ""packetbroker""}, {""alt"": 300, ""lat"": 40.0702558044694, ""lon"": -6.65818959474564, ""snr"": 0.2, ""rssi"": -114, ""gateway_id"": ""cdtic-multitech-5""}, {""alt"": null, ""lat"": null, ""lon"": null, ""snr"": -2.5, ""rssi"": -114, ""gateway_id"": ""ext-sg50-018""}, {""alt"": null, ""lat"": null, ""lon"": null, ""snr"": -5, ""rssi"": -116, ""gateway_id"": ""ext-sg50-016""}, {""alt"": null, ""lat"": null, ""lon"": null, ""snr"": -0.2, ""rssi"": -117, ""gateway_id"": ""ext-sg50-024""}, {""alt"": null, ""lat"": null, ""lon"": null, ""snr"": -5.5, ""rssi"": -118, ""gateway_id"": ""ext-sg50-028""}, {""alt"": null, ""lat"": null, ""lon"": null, ""snr"": -3, ""rssi"": -118, ""gateway_id"": ""ext-sg50-017""}, {""alt"": null, ""lat"": null, ""lon"": null, ""snr"": -6, ""rssi"": -118, ""gateway_id"": ""ext-sg50-021""}, {""alt"": 297, ""lat"": 40.108033, ""lon"": -6.632828, ""snr"": -2.8, ""rssi"": -118, ""gateway_id"": ""tef-mls-01""}, {""alt"": null, ""lat"": null, ""lon"": null, ""snr"": -4.2, ""rssi"": -118, ""gateway_id"": ""sg50-eui-c0ba1ffffe004945""}, {""alt"": null, ""lat"": 40.954279046747715, ""lon"": -4.142631590366364, ""snr"": -5.25, ""rssi"": -119, ""gateway_id"": ""italr0005""}]",EU
c74d6686-b6c6-40bc-94c9-911867e042ce,stratolink-3-eu,2026-05-28 08:37:35.413586+00:00,40.5546212,-6.6065457,10016.0,1.86726958290445,-3.68377582172963,2026-05-28 08:37:35.875000+00:00,3.0,8738.0,1.0,-1.9,274.0,5.052,5.364,-110.0,-1.2,4.13,153.12,26.0,-3.37,9.06,0.76,,,,,,,7.0,125000.0,868300000.0,"[{""alt"": 300, ""lat"": 40.0702558044694, ""lon"": -6.65818959474564, ""snr"": -11, ""rssi"": -99, ""gateway_id"": ""cdtic-multitech-5""}, {""alt"": null, ""lat"": null, ""lon"": null, ""snr"": 2.5, ""rssi"": -103, ""gateway_id"": ""mtcdtip02-l4e1-3""}, {""alt"": null, ""lat"": null, ""lon"": null, ""snr"": -2.8, ""rssi"": -108, ""gateway_id"": ""cicytex-ic003""}, {""alt"": null, ""lat"": null, ""lon"": null, ""snr"": 1, ""rssi"": -109, ""gateway_id"": ""mtcdtip02-l4e1-7""}, {""alt"": null, ""lat"": null, ""lon"": null, ""snr"": -1.2, ""rssi"": -110, ""gateway_id"": ""mjv-casas""}, {""alt"": null, ""lat"": null, ""lon"": null, ""snr"": -5.5, ""rssi"": -110, ""gateway_id"": ""cicytex-icmc-002""}, {""alt"": null, ""lat"": null, ""lon"": null, ""snr"": -1.2, ""rssi"": -110, ""gateway_id"": ""mtcdtip02-l4e1-9""}, {""alt"": null, ""lat"": null, ""lon"": null, ""snr"": 3, ""rssi"": -110, ""gateway_id"": ""mtcdtip02-l4e1-15""}, {""alt"": null, ""lat"": null, ""lon"": null, ""snr"": -7.2, ""rssi"": -111, ""gateway_id"": ""mtcdtip02-l4e1-11""}, {""alt"": null, ""lat"": null, ""lon"": null, ""snr"": 5.2, ""rssi"": -111, ""gateway_id"": ""ext-sg50-015""}, {""alt"": null, ""lat"": null, ""lon"": null, ""snr"": -0.8, ""rssi"": -111, ""gateway_id"": ""mtcdtip02-l4e1-5""}, {""alt"": null, ""lat"": null, ""lon"": null, ""snr"": -9, ""rssi"": -112, ""gateway_id"": ""ext-dlos8-007""}, {""alt"": null, ""lat"": null, ""lon"": null, ""snr"": -1.2, ""rssi"": -112, ""gateway_id"": ""ext-sg50-018""}, {""alt"": null, ""lat"": null, ""lon"": null, ""snr"": -4, ""rssi"": -113, ""gateway_id"": ""d401c3ffff6d00a4""}, {""alt"": null, ""lat"": null, ""lon"": null, ""snr"": -7.5, ""rssi"": -113, ""gateway_id"": ""mtcdtip02-l4e1-16""}, {""alt"": null, ""lat"": null, ""lon"": null, ""snr"": -7.8, ""rssi"": -113, ""gateway_id"": ""mtcdtip02-l4e1-12""}, {""alt"": 313, ""lat"": 38.64311, ""lon"": -7.54788, ""snr"": -5.8, ""rssi"": -114, ""gateway_id"": ""cte-escolas-2""}, {""alt"": 391, ""lat"": 39.4920534590841, ""lon"": -6.57908320426941, ""snr"": -6, ""rssi"": -114, ""gateway_id"": ""cdtic-multitech-4""}, {""alt"": null, ""lat"": null, ""lon"": null, ""snr"": 2.8, ""rssi"": -114, ""gateway_id"": ""ext-sg50-029""}, {""alt"": null, ""lat"": null, ""lon"": null, ""snr"": 3, ""rssi"": -115, ""gateway_id"": ""ext-sg50-024""}, {""alt"": 297, ""lat"": 40.108033, ""lon"": -6.632828, ""snr"": -3.2, ""rssi"": -115, ""gateway_id"": ""tef-mls-01""}, {""alt"": null, ""lat"": null, ""lon"": null, ""snr"": -3, ""rssi"": -116, ""gateway_id"": ""eui-fcc23dfffe2de1ed""}, {""alt"": null, ""lat"": 40.962541751597406, ""lon"": -5.675446072867432, ""snr"": -7.75, ""rssi"": -116, ""gateway_id"": ""packetbroker""}, {""alt"": null, ""lat"": null, ""lon"": null, ""snr"": -4.2, ""rssi"": -116, ""gateway_id"": ""ext-sg50-016""}, {""alt"": null, ""lat"": null, ""lon"": null, ""snr"": -3.5, ""rssi"": -117, ""gateway_id"": ""ext-sg50-028""}, {""alt"": null, ""lat"": null, ""lon"": null, ""snr"": -8, ""rssi"": -118, ""gateway_id"": ""ext-sg50-021""}, {""alt"": null, ""lat"": null, ""lon"": null, ""snr"": -7, ""rssi"": -118, ""gateway_id"": ""sg50-eui-c0ba1ffffe004945""}, {""alt"": null, ""lat"": 40.954279046747715, ""lon"": -4.142631590366364, ""snr"": -8.25, ""rssi"": -122, ""gateway_id"": ""italr0005""}]",EU
a15a38e2-5cdc-4fed-bbd2-68297cebcadb,stratolink-3-eu,2026-05-28 08:42:43.328515+00:00,40.5546212,-6.6065457,10016.0,1.86726958290445,-3.68377582172963,2026-05-28 08:42:43.823214+00:00,4.0,8738.0,1.0,2.2,281.0,5.076,5.364,-118.0,-5.25,4.13,153.12,26.0,-2.91,9.06,-1.38,,,,,,,7.0,125000.0,868500000.0,"[{""alt"": null, ""lat"": null, ""lon"": null, ""snr"": -7.5, ""rssi"": -102, ""gateway_id"": ""ext-sg50-020""}, {""alt"": null, ""lat"": null, ""lon"": null, ""snr"": 1.8, ""rssi"": -105, ""gateway_id"": ""mtcdtip02-l4e1-9""}, {""alt"": null, ""lat"": null, ""lon"": null, ""snr"": -0.5, ""rssi"": -109, ""gateway_id"": ""mtcdtip02-l4e1-5""}, {""alt"": null, ""lat"": null, ""lon"": null, ""snr"": 1, ""rssi"": -110, ""gateway_id"": ""mtcdtip02-l4e1-7""}, {""alt"": null, ""lat"": null, ""lon"": null, ""snr"": -8.5, ""rssi"": -111, ""gateway_id"": ""adismonta-rak7289-alcuescar""}, {""alt"": null, ""lat"": null, ""lon"": null, ""snr"": -2, ""rssi"": -111, ""gateway_id"": ""mtcdtip02-l4e1-15""}, {""alt"": null, ""lat"": 39.9775352459947, ""lon"": -6.04510360141884, ""snr"": null, ""rssi"": -111, ""gateway_id"": ""jfmateos-rak7250-rioseco""}, {""alt"": null, ""lat"": null, ""lon"": null, ""snr"": 4.8, ""rssi"": -111, ""gateway_id"": ""ext-sg50-015""}, {""alt"": null, ""lat"": null, ""lon"": null, ""snr"": 4.2, ""rssi"": -111, ""gateway_id"": ""ext-sg50-029""}, {""alt"": null, ""lat"": null, ""lon"": null, ""snr"": -5.2, ""rssi"": -111, ""gateway_id"": ""mjv-casas""}, {""alt"": 300, ""lat"": 40.0702558044694, ""lon"": -6.65818959474564, ""snr"": 1, ""rssi"": -113, ""gateway_id"": ""cdtic-multitech-5""}, {""alt"": null, ""lat"": null, ""lon"": null, ""snr"": -6, ""rssi"": -113, ""gateway_id"": ""mtcdtip02-l4e1-16""}, {""alt"": null, ""lat"": 40.962541751597406, ""lon"": -5.675446072867432, ""snr"": -6.75, ""rssi"": -113, ""gateway_id"": ""packetbroker""}, {""alt"": 313, ""lat"": 38.64311, ""lon"": -7.54788, ""snr"": -9.2, ""rssi"": -114, ""gateway_id"": ""cte-escolas-2""}, {""alt"": null, ""lat"": null, ""lon"": null, ""snr"": 2.5, ""rssi"": -114, ""gateway_id"": ""ext-sg50-023""}, {""alt"": null, ""lat"": null, ""lon"": null, ""snr"": -1.5, ""rssi"": -115, ""gateway_id"": ""ext-sg50-028""}, {""alt"": 297, ""lat"": 40.108033, ""lon"": -6.632828, ""snr"": -1.8, ""rssi"": -117, ""gateway_id"": ""tef-mls-01""}, {""alt"": null, ""lat"": null, ""lon"": null, ""snr"": -5, ""rssi"": -117, ""gateway_id"": ""sg50-eui-c0ba1ffffe004945""}, {""alt"": null, ""lat"": null, ""lon"": null, ""snr"": -5.25, ""rssi"": -118, ""gateway_id"": ""eui-fcc23dfffe2de1ed""}, {""alt"": 600, ""lat"": 40.13814, ""lon"": -7.50059, ""snr"": -2.5, ""rssi"": -119, ""gateway_id"": ""v3-eui-b827ebfffebf1f02""}]",EU
daaf124a-9956-455f-b628-58fda4f197b5,stratolink-3-eu,2026-05-28 08:47:51.282120+00:00,40.5546212,-6.6065457,10016.0,1.86726958290445,-3.68377582172963,2026-05-28 08:47:52.170244+00:00,3.0,8738.0,1.0,4.6,282.3,5.052,5.372,-112.0,-8.8,4.13,153.12,26.0,-3.22,8.9,0.0,,,,,,,7.0,125000.0,868100000.0,"[{""alt"": null, ""lat"": null, ""lon"": null, ""snr"": 1.5, ""rssi"": -105, ""gateway_id"": ""mtcdtip02-l4e1-3""}, {""alt"": null, ""lat"": null, ""lon"": null, ""snr"": 4.2, ""rssi"": -107, ""gateway_id"": ""mtcdtip02-l4e1-9""}, {""alt"": null, ""lat"": null, ""lon"": null, ""snr"": -8.8, ""rssi"": -109, ""gateway_id"": ""tid4agro-rak7289-lazarza""}, {""alt"": null, ""lat"": null, ""lon"": null, ""snr"": -1, ""rssi"": -109, ""gateway_id"": ""cicytex-ic003""}, {""alt"": null, ""lat"": null, ""lon"": null, ""snr"": null, ""rssi"": -110, ""gateway_id"": ""mjv-casas""}, {""alt"": null, ""lat"": null, ""lon"": null, ""snr"": 0.8, ""rssi"": -111, ""gateway_id"": ""mtcdtip02-l4e1-7""}, {""alt"": null, ""lat"": 39.9775352459947, ""lon"": -6.04510360141884, ""snr"": 2.5, ""rssi"": -111, ""gateway_id"": ""jfmateos-rak7250-rioseco""}, {""alt"": null, ""lat"": null, ""lon"": null, ""snr"": 5.8, ""rssi"": -111, ""gateway_id"": ""ext-sg50-015""}, {""alt"": null, ""lat"": null, ""lon"": null, ""snr"": -8.8, ""rssi"": -112, ""gateway_id"": ""adismonta-rak7289-alcuescar""}, {""alt"": null, ""lat"": null, ""lon"": null, ""snr"": -0.8, ""rssi"": -112, ""gateway_id"": ""ext-sg50-018""}, {""alt"": null, ""lat"": null, ""lon"": null, ""snr"": -0.8, ""rssi"": -113, ""gateway_id"": ""mtcdtip02-l4e1-5""}, {""alt"": null, ""lat"": null, ""lon"": null, ""snr"": 3.8, ""rssi"": -114, ""gateway_id"": ""ext-sg50-023""}, {""alt"": 1131, ""lat"": 40.589325292876616, ""lon"": -4.838257133960725, ""snr"": -8.75, ""rssi"": -115, ""gateway_id"": ""niharramikrotik""}, {""alt"": null, ""lat"": null, ""lon"": null, ""snr"": -5.5, ""rssi"": -115, ""gateway_id"": ""ctaex-lora-one""}, {""alt"": null, ""lat"": null, ""lon"": null, ""snr"": -8, ""rssi"": -115, ""gateway_id"": ""mtcdtip02-l4e1-4""}, {""alt"": null, ""lat"": null, ""lon"": null, ""snr"": -6, ""rssi"": -115, ""gateway_id"": ""mtcdtip02-l4e1-16""}, {""alt"": null, ""lat"": null, ""lon"": null, ""snr"": -2.5, ""rssi"": -115, ""gateway_id"": ""mtcdtip02-l4e1-15""}, {""alt"": 391, ""lat"": 39.4920534590841, ""lon"": -6.57908320426941, ""snr"": -4, ""rssi"": -115, ""gateway_id"": ""cdtic-multitech-4""}, {""alt"": null, ""lat"": null, ""lon"": null, ""snr"": 2.2, ""rssi"": -115, ""gateway_id"": ""ext-sg50-024""}, {""alt"": 1550, ""lat"": 40.5481739449056, ""lon"": -5.16353885114368, ""snr"": -9, ""rssi"": -115, ""gateway_id"": ""meceiot-004-5030354163554750""}, {""alt"": null, ""lat"": 40.962541751597406, ""lon"": -5.675446072867432, ""snr"": -4, ""rssi"": -116, ""gateway_id"": ""packetbroker""}, {""alt"": null, ""lat"": null, ""lon"": null, ""snr"": -1.75, ""rssi"": -116, ""gateway_id"": ""d401c3ffff6d00a4""}, {""alt"": null, ""lat"": null, ""lon"": null, ""snr"": -0.5, ""rssi"": -117, ""gateway_id"": ""ext-sg50-017""}, {""alt"": null, ""lat"": null, ""lon"": null, ""snr"": -2.5, ""rssi"": -117, ""gateway_id"": ""ext-sg50-028""}, {""alt"": null, ""lat"": null, ""lon"": null, ""snr"": -3, ""rssi"": -117, ""gateway_id"": ""sg50-eui-c0ba1ffffe004945""}, {""alt"": null, ""lat"": null, ""lon"": null, ""snr"": -5.5, ""rssi"": -118, ""gateway_id"": ""mitigasmart-cc""}, {""alt"": 297, ""lat"": 40.108033, ""lon"": -6.632828, ""snr"": -4, ""rssi"": -118, ""gateway_id"": ""tef-mls-01""}, {""alt"": null, ""lat"": null, ""lon"": null, ""snr"": -8.5, ""rssi"": -119, ""gateway_id"": ""sg50-perte-malpica-05""}, {""alt"": null, ""lat"": null, ""lon"": null, ""snr"": -5.2, ""rssi"": -120, ""gateway_id"": ""ext-sg50-022""}]",EU
5fd49fe6-23a9-453f-82ff-0a5be8a6601d,stratolink-3-eu,2026-05-28 08:52:59.562988+00:00,40.5546212,-6.6065457,10016.0,1.86726958290445,-3.68377582172963,2026-05-28 08:53:01.074774+00:00,3.0,8738.0,1.0,-7.4,234.9,4.98,5.38,-111.0,-3.5,4.13,153.12,26.0,-3.37,8.9,0.15,,,,,,,7.0,125000.0,868300000.0,"[{""alt"": null, ""lat"": null, ""lon"": null, ""snr"": -8.2, ""rssi"": -104, ""gateway_id"": ""ext-sg50-020""}, {""alt"": null, ""lat"": null, ""lon"": null, ""snr"": 1.2, ""rssi"": -107, ""gateway_id"": ""mtcdtip02-l4e1-9""}, {""alt"": null, ""lat"": null, ""lon"": null, ""snr"": 2.5, ""rssi"": -107, ""gateway_id"": ""mtcdtip02-l4e1-3""}, {""alt"": null, ""lat"": null, ""lon"": null, ""snr"": -5, ""rssi"": -109, ""gateway_id"": ""cicytex-ic003""}, {""alt"": null, ""lat"": null, ""lon"": null, ""snr"": -3.5, ""rssi"": -111, ""gateway_id"": ""mjv-casas""}, {""alt"": null, ""lat"": null, ""lon"": null, ""snr"": -5.5, ""rssi"": -111, ""gateway_id"": ""cicytex-icmc-002""}, {""alt"": null, ""lat"": null, ""lon"": null, ""snr"": 1.75, ""rssi"": -111, ""gateway_id"": ""d401c3ffff6d00a4""}, {""alt"": null, ""lat"": null, ""lon"": null, ""snr"": -6.8, ""rssi"": -111, ""gateway_id"": ""mtcdtip02-l4e1-4""}, {""alt"": null, ""lat"": null, ""lon"": null, ""snr"": 4.8, ""rssi"": -112, ""gateway_id"": ""ext-sg50-029""}, {""alt"": null, ""lat"": null, ""lon"": null, ""snr"": 0.8, ""rssi"": -113, ""gateway_id"": ""mtcdtip02-l4e1-15""}, {""alt"": null, ""lat"": null, ""lon"": null, ""snr"": -1, ""rssi"": -113, ""gateway_id"": ""mtcdtip02-l4e1-7""}, {""alt"": null, ""lat"": null, ""lon"": null, ""snr"": 4.2, ""rssi"": -113, ""gateway_id"": ""ext-sg50-023""}, {""alt"": 391, ""lat"": 39.4920534590841, ""lon"": -6.57908320426941, ""snr"": -3.5, ""rssi"": -114, ""gateway_id"": ""cdtic-multitech-4""}, {""alt"": null, ""lat"": null, ""lon"": null, ""snr"": -2.5, ""rssi"": -114, ""gateway_id"": ""mtcdtip02-l4e1-5""}, {""alt"": null, ""lat"": null, ""lon"": null, ""snr"": 0.8, ""rssi"": -115, ""gateway_id"": ""ext-sg50-015""}, {""alt"": null, ""lat"": null, ""lon"": null, ""snr"": 1.2, ""rssi"": -115, ""gateway_id"": ""ext-sg50-017""}, {""alt"": null, ""lat"": null, ""lon"": null, ""snr"": 2.5, ""rssi"": -115, ""gateway_id"": ""ext-sg50-024""}, {""alt"": null, ""lat"": null, ""lon"": null, ""snr"": -5.75, ""rssi"": -117, ""gateway_id"": ""eui-fcc23dfffe2de1ed""}, {""alt"": null, ""lat"": null, ""lon"": null, ""snr"": -1.8, ""rssi"": -117, ""gateway_id"": ""ext-sg50-028""}, {""alt"": null, ""lat"": null, ""lon"": null, ""snr"": -2, ""rssi"": -117, ""gateway_id"": ""ext-sg50-022""}, {""alt"": 297, ""lat"": 40.108033, ""lon"": -6.632828, ""snr"": -5.2, ""rssi"": -118, ""gateway_id"": ""tef-mls-01""}, {""alt"": null, ""lat"": null, ""lon"": null, ""snr"": -8, ""rssi"": -119, ""gateway_id"": ""sg50-eui-c0ba1ffffe004945""}]",EU
eba533a7-8c85-47d7-baa5-bc2b73dea3b9,stratolink-3-eu,2026-05-28 08:58:07.426092+00:00,40.5546212,-6.6065457,10016.0,1.86726958290445,-3.68377582172963,2026-05-28 08:58:08.706492+00:00,4.0,8738.0,1.0,0.0,281.1,5.05,5.374,-111.0,-5.0,4.13,153.12,26.0,-3.22,8.9,-0.15,,,,,,,7.0,125000.0,868500000.0,"[{""alt"": null, ""lat"": null, ""lon"": null, ""snr"": 4.8, ""rssi"": -102, ""gateway_id"": ""mtcdtip02-l4e1-3""}, {""alt"": null, ""lat"": null, ""lon"": null, ""snr"": 4, ""rssi"": -104, ""gateway_id"": ""mtcdtip02-l4e1-9""}, {""alt"": null, ""lat"": null, ""lon"": null, ""snr"": -1, ""rssi"": -108, ""gateway_id"": ""cicytex-ic003""}, {""alt"": null, ""lat"": null, ""lon"": null, ""snr"": -5.5, ""rssi"": -109, ""gateway_id"": ""mtcdtip02-l4e1-16""}, {""alt"": null, ""lat"": null, ""lon"": null, ""snr"": -4.5, ""rssi"": -110, ""gateway_id"": ""adismonta-rak7289-alcuescar""}, {""alt"": null, ""lat"": null, ""lon"": null, ""snr"": 0.2, ""rssi"": -110, ""gateway_id"": ""mtcdtip02-l4e1-15""}, {""alt"": null, ""lat"": null, ""lon"": null, ""snr"": null, ""rssi"": -110, ""gateway_id"": ""mtcdtip02-l4e1-5""}, {""alt"": null, ""lat"": null, ""lon"": null, ""snr"": -2.2, ""rssi"": -110, ""gateway_id"": ""mtcdtip02-l4e1-1""}, {""alt"": null, ""lat"": null, ""lon"": null, ""snr"": -5, ""rssi"": -111, ""gateway_id"": ""mjv-casas""}, {""alt"": null, ""lat"": null, ""lon"": null, ""snr"": -5.8, ""rssi"": -111, ""gateway_id"": ""ext-sg50-018""}, {""alt"": null, ""lat"": null, ""lon"": null, ""snr"": -6.8, ""rssi"": -111, ""gateway_id"": ""mtcdtip02-l4e1-12""}, {""alt"": 300, ""lat"": 40.0702558044694, ""lon"": -6.65818959474564, ""snr"": 2, ""rssi"": -111, ""gateway_id"": ""cdtic-multitech-5""}, {""alt"": null, ""lat"": null, ""lon"": null, ""snr"": -2.5, ""rssi"": -111, ""gateway_id"": ""mtcdtip02-l4e1-7""}, {""alt"": null, ""lat"": null, ""lon"": null, ""snr"": 4.2, ""rssi"": -111, ""gateway_id"": ""ext-sg50-029""}, {""alt"": null, ""lat"": 39.9775352459947, ""lon"": -6.04510360141884, ""snr"": -4.5, ""rssi"": -112, ""gateway_id"": ""jfmateos-rak7250-rioseco""}, {""alt"": null, ""lat"": null, ""lon"": null, ""snr"": 4, ""rssi"": -112, ""gateway_id"": ""ext-sg50-023""}, {""alt"": null, ""lat"": null, ""lon"": null, ""snr"": -9.2, ""rssi"": -113, ""gateway_id"": ""mtcdtip02-l4e1-13""}, {""alt"": null, ""lat"": 40.962541751597406, ""lon"": -5.675446072867432, ""snr"": -4.75, ""rssi"": -113, ""gateway_id"": ""packetbroker""}, {""alt"": null, ""lat"": null, ""lon"": null, ""snr"": 2.2, ""rssi"": -113, ""gateway_id"": ""ext-sg50-015""}, {""alt"": null, ""lat"": null, ""lon"": null, ""snr"": -1.5, ""rssi"": -114, ""gateway_id"": ""d401c3ffff6d00a4""}, {""alt"": null, ""lat"": null, ""lon"": null, ""snr"": 2.5, ""rssi"": -114, ""gateway_id"": ""ext-sg50-024""}, {""alt"": 1131, ""lat"": 40.589325292876616, ""lon"": -4.838257133960725, ""snr"": -7, ""rssi"": -115, ""gateway_id"": ""niharramikrotik""}, {""alt"": 391, ""lat"": 39.4920534590841, ""lon"": -6.57908320426941, ""snr"": -2.5, ""rssi"": -115, ""gateway_id"": ""cdtic-multitech-4""}, {""alt"": 297, ""lat"": 40.108033, ""lon"": -6.632828, ""snr"": 0.2, ""rssi"": -115, ""gateway_id"": ""tef-mls-01""}, {""alt"": null, ""lat"": null, ""lon"": null, ""snr"": -3.5, ""rssi"": -116, ""gateway_id"": ""cicytex-unex-1""}, {""alt"": null, ""lat"": null, ""lon"": null, ""snr"": 0.5, ""rssi"": -116, ""gateway_id"": ""ext-sg50-022""}, {""alt"": null, ""lat"": null, ""lon"": null, ""snr"": -8.2, ""rssi"": -116, ""gateway_id"": ""sg50-perte-malpica-06""}, {""alt"": null, ""lat"": null, ""lon"": null, ""snr"": -5, ""rssi"": -117, ""gateway_id"": ""eui-fcc23dfffe2de1ed""}, {""alt"": null, ""lat"": null, ""lon"": null, ""snr"": -6.8, ""rssi"": -117, ""gateway_id"": ""mitigasmart-cc""}, {""alt"": null, ""lat"": null, ""lon"": null, ""snr"": -6.8, ""rssi"": -118, ""gateway_id"": ""sg50-eui-c0ba1ffffe004945""}, {""alt"": null, ""lat"": null, ""lon"": null, ""snr"": -6.8, ""rssi"": -118, ""gateway_id"": ""sg50-perte-malpica-05""}]",EU
ef03376b-8689-4488-a9bd-91350ca59f9c,stratolink-3-eu,2026-05-28 09:03:15.355866+00:00,40.5546212,-6.6065457,10016.0,1.86726958290445,-3.68377582172963,2026-05-28 09:03:16.542232+00:00,4.0,8738.0,1.0,-1.1,281.3,5.078,5.366,-110.0,-4.5,4.13,153.12,26.0,-3.07,8.9,-0.76,,,,,,,7.0,125000.0,868100000.0,"[{""alt"": null, ""lat"": null, ""lon"": null, ""snr"": 5.2, ""rssi"": -105, ""gateway_id"": ""mtcdtip02-l4e1-9""}, {""alt"": null, ""lat"": null, ""lon"": null, ""snr"": 3.5, ""rssi"": -107, ""gateway_id"": ""mtcdtip02-l4e1-3""}, {""alt"": null, ""lat"": null, ""lon"": null, ""snr"": 1.2, ""rssi"": -107, ""gateway_id"": ""cicytex-ic003""}, {""alt"": null, ""lat"": null, ""lon"": null, ""snr"": -4.5, ""rssi"": -110, ""gateway_id"": ""cicytex-icmc-002""}, {""alt"": null, ""lat"": null, ""lon"": null, ""snr"": -8.2, ""rssi"": -110, ""gateway_id"": ""mtcdtip02-l4e1-1""}, {""alt"": null, ""lat"": null, ""lon"": null, ""snr"": -4.5, ""rssi"": -111, ""gateway_id"": ""adismonta-rak7289-alcuescar""}, {""alt"": null, ""lat"": null, ""lon"": null, ""snr"": 3.2, ""rssi"": -111, ""gateway_id"": ""mtcdtip02-l4e1-15""}, {""alt"": null, ""lat"": null, ""lon"": null, ""snr"": 0.2, ""rssi"": -111, ""gateway_id"": ""mtcdtip02-l4e1-5""}, {""alt"": 300, ""lat"": 40.0702558044694, ""lon"": -6.65818959474564, ""snr"": 2.8, ""rssi"": -111, ""gateway_id"": ""cdtic-multitech-5""}, {""alt"": null, ""lat"": 39.9775352459947, ""lon"": -6.04510360141884, ""snr"": -6.25, ""rssi"": -112, ""gateway_id"": ""jfmateos-rak7250-rioseco""}, {""alt"": null, ""lat"": null, ""lon"": null, ""snr"": -1, ""rssi"": -112, ""gateway_id"": ""ext-sg50-018""}, {""alt"": null, ""lat"": null, ""lon"": null, ""snr"": 5.5, ""rssi"": -112, ""gateway_id"": ""ext-sg50-015""}, {""alt"": null, ""lat"": null, ""lon"": null, ""snr"": 5.8, ""rssi"": -112, ""gateway_id"": ""ext-sg50-023""}, {""alt"": null, ""lat"": null, ""lon"": null, ""snr"": -0.5, ""rssi"": -113, ""gateway_id"": ""d401c3ffff6d00a4""}, {""alt"": null, ""lat"": null, ""lon"": null, ""snr"": 4, ""rssi"": -113, ""gateway_id"": ""ext-sg50-029""}, {""alt"": null, ""lat"": null, ""lon"": null, ""snr"": -5.8, ""rssi"": -115, ""gateway_id"": ""mtcdtip02-l4e1-12""}, {""alt"": null, ""lat"": null, ""lon"": null, ""snr"": -6, ""rssi"": -115, ""gateway_id"": ""mtcdtip02-l4e1-16""}, {""alt"": 391, ""lat"": 39.4920534590841, ""lon"": -6.57908320426941, ""snr"": -0.8, ""rssi"": -116, ""gateway_id"": ""cdtic-multitech-4""}, {""alt"": null, ""lat"": 40.962541751597406, ""lon"": -5.675446072867432, ""snr"": -6.5, ""rssi"": -116, ""gateway_id"": ""packetbroker""}, {""alt"": null, ""lat"": null, ""lon"": null, ""snr"": 2, ""rssi"": -116, ""gateway_id"": ""ext-sg50-024""}, {""alt"": 297, ""lat"": 40.108033, ""lon"": -6.632828, ""snr"": 1.5, ""rssi"": -116, ""gateway_id"": ""tef-mls-01""}, {""alt"": null, ""lat"": null, ""lon"": null, ""snr"": -9.5, ""rssi"": -116, ""gateway_id"": ""sg50-eui-c0ba1ffffe004945""}, {""alt"": null, ""lat"": null, ""lon"": null, ""snr"": 1.5, ""rssi"": -116, ""gateway_id"": ""ext-sg50-022""}, {""alt"": null, ""lat"": null, ""lon"": null, ""snr"": -5.75, ""rssi"": -118, ""gateway_id"": ""eui-fcc23dfffe2de1ed""}, {""alt"": null, ""lat"": null, ""lon"": null, ""snr"": -8.8, ""rssi"": -118, ""gateway_id"": ""ext-sg50-013""}, {""alt"": null, ""lat"": null, ""lon"": null, ""snr"": -7, ""rssi"": -119, ""gateway_id"": ""mitigasmart-cc""}, {""alt"": null, ""lat"": null, ""lon"": null, ""snr"": -7.5, ""rssi"": -119, ""gateway_id"": ""sg50-perte-malpica-05""}, {""alt"": null, ""lat"": null, ""lon"": null, ""snr"": -8, ""rssi"": -120, ""gateway_id"": ""gw-valeserrano""}, {""alt"": null, ""lat"": 40.954279046747715, ""lon"": -4.142631590366364, ""snr"": -8.25, ""rssi"": -122, ""gateway_id"": ""italr0005""}]",EU
cbc0c0c4-360d-4d34-9df0-3042148679ff,stratolink-3-eu,2026-05-28 09:08:23.419322+00:00,40.5546212,-6.6065457,10016.0,1.86726958290445,-3.68377582172963,2026-05-28 09:08:23.924148+00:00,2.0,8738.0,1.0,0.1,281.6,5.038,5.37,-113.0,-6.2,4.13,153.12,26.0,-3.37,9.06,-0.61,,,,,,,7.0,125000.0,868300000.0,"[{""alt"": null, ""lat"": null, ""lon"": null, ""snr"": 7.2, ""rssi"": -101, ""gateway_id"": ""mtcdtip02-l4e1-9""}, {""alt"": null, ""lat"": null, ""lon"": null, ""snr"": 3.8, ""rssi"": -105, ""gateway_id"": ""mtcdtip02-l4e1-3""}, {""alt"": null, ""lat"": null, ""lon"": null, ""snr"": -0.8, ""rssi"": -107, ""gateway_id"": ""cicytex-ic003""}, {""alt"": null, ""lat"": null, ""lon"": null, ""snr"": 6.5, ""rssi"": -109, ""gateway_id"": ""ext-sg50-029""}, {""alt"": null, ""lat"": null, ""lon"": null, ""snr"": -3, ""rssi"": -110, ""gateway_id"": ""mtcdtip02-l4e1-1""}, {""alt"": null, ""lat"": null, ""lon"": null, ""snr"": 0.2, ""rssi"": -111, ""gateway_id"": ""mjv-casas""}, {""alt"": null, ""lat"": null, ""lon"": null, ""snr"": -6.3, ""rssi"": -111, ""gateway_id"": ""cicytex-icmc-002""}, {""alt"": null, ""lat"": 39.9775352459947, ""lon"": -6.04510360141884, ""snr"": -0.25, ""rssi"": -111, ""gateway_id"": ""jfmateos-rak7250-rioseco""}, {""alt"": null, ""lat"": null, ""lon"": null, ""snr"": -0.8, ""rssi"": -111, ""gateway_id"": ""mtcdtip02-l4e1-15""}, {""alt"": null, ""lat"": null, ""lon"": null, ""snr"": -2.8, ""rssi"": -111, ""gateway_id"": ""mtcdtip02-l4e1-5""}, {""alt"": null, ""lat"": null, ""lon"": null, ""snr"": -8.8, ""rssi"": -112, ""gateway_id"": ""adismonta-rak7289-alcuescar""}, {""alt"": null, ""lat"": null, ""lon"": null, ""snr"": -6.2, ""rssi"": -113, ""gateway_id"": ""ctaex-lora-one""}, {""alt"": 391, ""lat"": 39.4920534590841, ""lon"": -6.57908320426941, ""snr"": -2.5, ""rssi"": -113, ""gateway_id"": ""cdtic-multitech-4""}, {""alt"": null, ""lat"": null, ""lon"": null, ""snr"": -0.75, ""rssi"": -113, ""gateway_id"": ""d401c3ffff6d00a4""}, {""alt"": null, ""lat"": null, ""lon"": null, ""snr"": 3.2, ""rssi"": -113, ""gateway_id"": ""ext-sg50-015""}, {""alt"": null, ""lat"": null, ""lon"": null, ""snr"": -3.2, ""rssi"": -114, ""gateway_id"": ""mtcdtip02-l4e1-7""}, {""alt"": null, ""lat"": 40.962541751597406, ""lon"": -5.675446072867432, ""snr"": -4, ""rssi"": -115, ""gateway_id"": ""packetbroker""}, {""alt"": null, ""lat"": null, ""lon"": null, ""snr"": -8, ""rssi"": -115, ""gateway_id"": ""ext-sg50-018""}, {""alt"": null, ""lat"": null, ""lon"": null, ""snr"": 2.8, ""rssi"": -115, ""gateway_id"": ""ext-sg50-023""}, {""alt"": null, ""lat"": null, ""lon"": null, ""snr"": null, ""rssi"": -117, ""gateway_id"": ""ext-sg50-024""}, {""alt"": null, ""lat"": null, ""lon"": null, ""snr"": -4.8, ""rssi"": -117, ""gateway_id"": ""sg50-perte-malpica-05""}, {""alt"": 297, ""lat"": 40.108033, ""lon"": -6.632828, ""snr"": -1.5, ""rssi"": -117, ""gateway_id"": ""tef-mls-01""}, {""alt"": null, ""lat"": null, ""lon"": null, ""snr"": -5.8, ""rssi"": -118, ""gateway_id"": ""ext-sg50-028""}, {""alt"": null, ""lat"": null, ""lon"": null, ""snr"": -5.2, ""rssi"": -118, ""gateway_id"": ""mitigasmart-cc""}, {""alt"": null, ""lat"": null, ""lon"": null, ""snr"": -4.2, ""rssi"": -118, ""gateway_id"": ""sg50-eui-c0ba1ffffe004945""}, {""alt"": null, ""lat"": null, ""lon"": null, ""snr"": -4.5, ""rssi"": -119, ""gateway_id"": ""ext-sg50-022""}, {""alt"": null, ""lat"": null, ""lon"": null, ""snr"": -8.2, ""rssi"": -119, ""gateway_id"": ""ext-sg50-011""}, {""alt"": null, ""lat"": 40.954279046747715, ""lon"": -4.142631590366364, ""snr"": -7, ""rssi"": -121, ""gateway_id"": ""italr0005""}]",EU
b284b5d4-298a-443a-97c2-086d3ddee699,stratolink-3-eu,2026-05-28 09:13:31.432696+00:00,40.5546212,-6.6065457,10016.0,1.86726958290445,-3.68377582172963,2026-05-28 09:13:32.087447+00:00,3.0,8738.0,1.0,5.7,282.1,5.088,5.362,-109.0,-2.2,4.13,153.12,26.0,-3.22,8.9,-0.3,,,,,,,7.0,125000.0,868500000.0,"[{""alt"": null, ""lat"": null, ""lon"": null, ""snr"": 4.8, ""rssi"": -102, ""gateway_id"": ""mtcdtip02-l4e1-9""}, {""alt"": null, ""lat"": null, ""lon"": null, ""snr"": 1.2, ""rssi"": -105, ""gateway_id"": ""mtcdtip02-l4e1-3""}, {""alt"": null, ""lat"": null, ""lon"": null, ""snr"": 0.8, ""rssi"": -107, ""gateway_id"": ""cicytex-ic003""}, {""alt"": null, ""lat"": null, ""lon"": null, ""snr"": -2.2, ""rssi"": -109, ""gateway_id"": ""mjv-casas""}, {""alt"": null, ""lat"": null, ""lon"": null, ""snr"": -8.8, ""rssi"": -109, ""gateway_id"": ""dlps8-121""}, {""alt"": null, ""lat"": null, ""lon"": null, ""snr"": 5.5, ""rssi"": -109, ""gateway_id"": ""ext-sg50-029""}, {""alt"": null, ""lat"": null, ""lon"": null, ""snr"": -8.5, ""rssi"": -110, ""gateway_id"": ""ctaex-lora-one""}, {""alt"": null, ""lat"": null, ""lon"": null, ""snr"": -1.8, ""rssi"": -110, ""gateway_id"": ""mtcdtip02-l4e1-5""}, {""alt"": null, ""lat"": null, ""lon"": null, ""snr"": -1, ""rssi"": -110, ""gateway_id"": ""mtcdtip02-l4e1-15""}, {""alt"": null, ""lat"": null, ""lon"": null, ""snr"": -0.5, ""rssi"": -110, ""gateway_id"": ""d401c3ffff6d00a4""}, {""alt"": null, ""lat"": 39.9775352459947, ""lon"": -6.04510360141884, ""snr"": -0.75, ""rssi"": -111, ""gateway_id"": ""jfmateos-rak7250-rioseco""}, {""alt"": null, ""lat"": null, ""lon"": null, ""snr"": -6.8, ""rssi"": -111, ""gateway_id"": ""mtcdtip02-l4e1-11""}, {""alt"": 300, ""lat"": 40.0702558044694, ""lon"": -6.65818959474564, ""snr"": 2.8, ""rssi"": -111, ""gateway_id"": ""cdtic-multitech-5""}, {""alt"": null, ""lat"": null, ""lon"": null, ""snr"": null, ""rssi"": -111, ""gateway_id"": ""ext-sg50-018""}, {""alt"": null, ""lat"": null, ""lon"": null, ""snr"": -1, ""rssi"": -111, ""gateway_id"": ""mtcdtip02-l4e1-7""}, {""alt"": null, ""lat"": null, ""lon"": null, ""snr"": -5.2, ""rssi"": -111, ""gateway_id"": ""mtcdtip02-l4e1-1""}, {""alt"": null, ""lat"": null, ""lon"": null, ""snr"": -5.5, ""rssi"": -112, ""gateway_id"": ""adismonta-rak7289-alcuescar""}, {""alt"": null, ""lat"": null, ""lon"": null, ""snr"": -9, ""rssi"": -113, ""gateway_id"": ""ext-dlos8-007""}, {""alt"": 391, ""lat"": 39.4920534590841, ""lon"": -6.57908320426941, ""snr"": -2.8, ""rssi"": -114, ""gateway_id"": ""cdtic-multitech-4""}, {""alt"": null, ""lat"": 40.962541751597406, ""lon"": -5.675446072867432, ""snr"": -6.25, ""rssi"": -115, ""gateway_id"": ""packetbroker""}, {""alt"": null, ""lat"": null, ""lon"": null, ""snr"": 2.2, ""rssi"": -115, ""gateway_id"": ""ext-sg50-024""}, {""alt"": null, ""lat"": null, ""lon"": null, ""snr"": -8.2, ""rssi"": -115, ""gateway_id"": ""ext-sg50-027""}, {""alt"": null, ""lat"": null, ""lon"": null, ""snr"": -7.5, ""rssi"": -115, ""gateway_id"": ""cicytex-unex-1""}, {""alt"": null, ""lat"": null, ""lon"": null, ""snr"": 0.2, ""rssi"": -115, ""gateway_id"": ""ext-sg50-015""}, {""alt"": 297, ""lat"": 40.108033, ""lon"": -6.632828, ""snr"": -1, ""rssi"": -115, ""gateway_id"": ""tef-mls-01""}, {""alt"": null, ""lat"": null, ""lon"": null, ""snr"": -4.2, ""rssi"": -117, ""gateway_id"": ""mitigasmart-cc""}, {""alt"": null, ""lat"": null, ""lon"": null, ""snr"": -10, ""rssi"": -117, ""gateway_id"": ""ext-sg50-013""}, {""alt"": null, ""lat"": null, ""lon"": null, ""snr"": -5, ""rssi"": -118, ""gateway_id"": ""ext-sg50-022""}, {""alt"": null, ""lat"": null, ""lon"": null, ""snr"": -6, ""rssi"": -118, ""gateway_id"": ""ext-sg50-028""}, {""alt"": null, ""lat"": null, ""lon"": null, ""snr"": -5.5, ""rssi"": -118, ""gateway_id"": ""sg50-eui-c0ba1ffffe004945""}, {""alt"": null, ""lat"": 40.954279046747715, ""lon"": -4.142631590366364, ""snr"": -7.75, ""rssi"": -121, ""gateway_id"": ""italr0005""}]",EU
9e588329-72f9-4076-9cf4-27d9cd6c4b7b,stratolink-3-eu,2026-05-28 09:18:39.689468+00:00,40.5546212,-6.6065457,10016.0,1.86726958290445,-3.68377582172963,2026-05-28 09:18:40.138743+00:00,4.0,8738.0,1.0,-1.0,280.1,5.076,5.36,-111.0,-0.8,4.13,153.12,26.0,-3.07,8.75,-0.76,,,,,,,7.0,125000.0,868100000.0,"[{""alt"": null, ""lat"": null, ""lon"": null, ""snr"": 2.8, ""rssi"": -103, ""gateway_id"": ""mtcdtip02-l4e1-3""}, {""alt"": null, ""lat"": null, ""lon"": null, ""snr"": 5, ""rssi"": -104, ""gateway_id"": ""mtcdtip02-l4e1-9""}, {""alt"": null, ""lat"": null, ""lon"": null, ""snr"": null, ""rssi"": -107, ""gateway_id"": ""cicytex-ic003""}, {""alt"": null, ""lat"": null, ""lon"": null, ""snr"": -8, ""rssi"": -109, ""gateway_id"": ""cicytex-icmc-002""}, {""alt"": null, ""lat"": null, ""lon"": null, ""snr"": -1.75, ""rssi"": -110, ""gateway_id"": ""d401c3ffff6d00a4""}, {""alt"": null, ""lat"": null, ""lon"": null, ""snr"": -0.8, ""rssi"": -111, ""gateway_id"": ""mjv-casas""}, {""alt"": null, ""lat"": null, ""lon"": null, ""snr"": -5.2, ""rssi"": -111, ""gateway_id"": ""mtcdtip02-l4e1-1""}, {""alt"": null, ""lat"": null, ""lon"": null, ""snr"": -7, ""rssi"": -112, ""gateway_id"": ""adismonta-rak7289-alcuescar""}, {""alt"": null, ""lat"": null, ""lon"": null, ""snr"": 0.5, ""rssi"": -112, ""gateway_id"": ""ext-sg50-029""}, {""alt"": null, ""lat"": null, ""lon"": null, ""snr"": 4.5, ""rssi"": -112, ""gateway_id"": ""ext-sg50-015""}, {""alt"": null, ""lat"": 39.9775352459947, ""lon"": -6.04510360141884, ""snr"": -1.25, ""rssi"": -113, ""gateway_id"": ""jfmateos-rak7250-rioseco""}, {""alt"": null, ""lat"": null, ""lon"": null, ""snr"": -1.2, ""rssi"": -113, ""gateway_id"": ""mtcdtip02-l4e1-5""}, {""alt"": null, ""lat"": null, ""lon"": null, ""snr"": 1.2, ""rssi"": -113, ""gateway_id"": ""mtcdtip02-l4e1-15""}, {""alt"": null, ""lat"": null, ""lon"": null, ""snr"": -3, ""rssi"": -114, ""gateway_id"": ""mtcdtip02-l4e1-16""}, {""alt"": null, ""lat"": null, ""lon"": null, ""snr"": -5.8, ""rssi"": -114, ""gateway_id"": ""mtcdtip02-l4e1-4""}, {""alt"": null, ""lat"": null, ""lon"": null, ""snr"": 0.8, ""rssi"": -114, ""gateway_id"": ""mtcdtip02-l4e1-7""}, {""alt"": 300, ""lat"": 40.0702558044694, ""lon"": -6.65818959474564, ""snr"": -1, ""rssi"": -114, ""gateway_id"": ""cdtic-multitech-5""}, {""alt"": null, ""lat"": 40.962541751597406, ""lon"": -5.675446072867432, ""snr"": -6.25, ""rssi"": -116, ""gateway_id"": ""packetbroker""}, {""alt"": null, ""lat"": null, ""lon"": null, ""snr"": -1.2, ""rssi"": -116, ""gateway_id"": ""ext-sg50-028""}, {""alt"": null, ""lat"": null, ""lon"": null, ""snr"": 1.8, ""rssi"": -116, ""gateway_id"": ""ext-sg50-024""}, {""alt"": 391, ""lat"": 39.4920534590841, ""lon"": -6.57908320426941, ""snr"": -3, ""rssi"": -116, ""gateway_id"": ""cdtic-multitech-4""}, {""alt"": null, ""lat"": null, ""lon"": null, ""snr"": -4.5, ""rssi"": -118, ""gateway_id"": ""mitigasmart-cc""}, {""alt"": 297, ""lat"": 40.108033, ""lon"": -6.632828, ""snr"": -2, ""rssi"": -118, ""gateway_id"": ""tef-mls-01""}, {""alt"": null, ""lat"": null, ""lon"": null, ""snr"": -6, ""rssi"": -119, ""gateway_id"": ""sg50-eui-c0ba1ffffe004945""}, {""alt"": null, ""lat"": null, ""lon"": null, ""snr"": -6.5, ""rssi"": -120, ""gateway_id"": ""ext-sg50-022""}]",EU
d6edbc4a-8341-4f92-ae61-98d37384b42d,stratolink-3-eu,2026-05-28 09:22:25.132759+00:00,40.6257961,-6.428663,10009.0,1.00378867036993,4.39687483392886,2026-05-28 09:22:25.651509+00:00,3.0,8738.0,1.0,5.0,271.4,5.09,5.38,-110.0,-1.0,4.51,12.86,27.0,-3.07,8.9,0.46,,,,,,,7.0,125000.0,868100000.0,"[{""alt"": null, ""lat"": null, ""lon"": null, ""snr"": 2, ""rssi"": -105, ""gateway_id"": ""mtcdtip02-l4e1-3""}, {""alt"": null, ""lat"": null, ""lon"": null, ""snr"": 4.8, ""rssi"": -107, ""gateway_id"": ""mtcdtip02-l4e1-9""}, {""alt"": null, ""lat"": null, ""lon"": null, ""snr"": -1, ""rssi"": -110, ""gateway_id"": ""mjv-casas""}, {""alt"": null, ""lat"": null, ""lon"": null, ""snr"": -7.8, ""rssi"": -110, ""gateway_id"": ""cicytex-icmc-002""}, {""alt"": null, ""lat"": 39.9775352459947, ""lon"": -6.04510360141884, ""snr"": -5, ""rssi"": -111, ""gateway_id"": ""jfmateos-rak7250-rioseco""}, {""alt"": null, ""lat"": null, ""lon"": null, ""snr"": -6.2, ""rssi"": -112, ""gateway_id"": ""adismonta-rak7289-alcuescar""}, {""alt"": null, ""lat"": null, ""lon"": null, ""snr"": 4.8, ""rssi"": -112, ""gateway_id"": ""ext-sg50-015""}, {""alt"": null, ""lat"": null, ""lon"": null, ""snr"": 4.2, ""rssi"": -112, ""gateway_id"": ""ext-sg50-029""}, {""alt"": null, ""lat"": null, ""lon"": null, ""snr"": -0.8, ""rssi"": -113, ""gateway_id"": ""mtcdtip02-l4e1-7""}, {""alt"": null, ""lat"": null, ""lon"": null, ""snr"": 1.2, ""rssi"": -113, ""gateway_id"": ""mtcdtip02-l4e1-15""}, {""alt"": 1131, ""lat"": 40.589325292876616, ""lon"": -4.838257133960725, ""snr"": -8.25, ""rssi"": -116, ""gateway_id"": ""niharramikrotik""}, {""alt"": null, ""lat"": 40.962541751597406, ""lon"": -5.675446072867432, ""snr"": -4, ""rssi"": -116, ""gateway_id"": ""packetbroker""}, {""alt"": 391, ""lat"": 39.4920534590841, ""lon"": -6.57908320426941, ""snr"": -0.5, ""rssi"": -116, ""gateway_id"": ""cdtic-multitech-4""}, {""alt"": null, ""lat"": null, ""lon"": null, ""snr"": 2, ""rssi"": -116, ""gateway_id"": ""ext-sg50-024""}, {""alt"": null, ""lat"": null, ""lon"": null, ""snr"": -3.75, ""rssi"": -117, ""gateway_id"": ""eui-fcc23dfffe2de1ed""}, {""alt"": null, ""lat"": null, ""lon"": null, ""snr"": -2.2, ""rssi"": -117, ""gateway_id"": ""ext-sg50-028""}, {""alt"": null, ""lat"": null, ""lon"": null, ""snr"": -7, ""rssi"": -118, ""gateway_id"": ""mitigasmart-cc""}, {""alt"": null, ""lat"": null, ""lon"": null, ""snr"": -3.5, ""rssi"": -119, ""gateway_id"": ""ext-sg50-022""}, {""alt"": null, ""lat"": null, ""lon"": null, ""snr"": -5.5, ""rssi"": -119, ""gateway_id"": ""sg50-eui-c0ba1ffffe004945""}]",EU
b0fee07e-23d9-4ff1-9728-d61e0c5a5497,stratolink-3-eu,2026-05-28 09:27:33.324738+00:00,40.6257961,-6.428663,10009.0,1.00378867036993,4.39687483392886,2026-05-28 09:27:33.761372+00:00,1.0,8738.0,0.0,-14.4,280.7,4.98,5.372,-113.0,-2.5,4.51,12.86,27.0,-3.22,8.9,0.46,,,,,,,7.0,125000.0,868300000.0,"[{""alt"": null, ""lat"": null, ""lon"": null, ""snr"": 4.5, ""rssi"": -103, ""gateway_id"": ""mtcdtip02-l4e1-9""}, {""alt"": null, ""lat"": null, ""lon"": null, ""snr"": -1, ""rssi"": -108, ""gateway_id"": ""d401c3ffff6d00a4""}, {""alt"": null, ""lat"": null, ""lon"": null, ""snr"": 0.2, ""rssi"": -108, ""gateway_id"": ""mtcdtip02-l4e1-3""}, {""alt"": null, ""lat"": null, ""lon"": null, ""snr"": -6.2, ""rssi"": -109, ""gateway_id"": ""cicytex-ic003""}, {""alt"": null, ""lat"": null, ""lon"": null, ""snr"": -1.8, ""rssi"": -109, ""gateway_id"": ""mtcdtip02-l4e1-7""}, {""alt"": null, ""lat"": 40.962541751597406, ""lon"": -5.675446072867432, ""snr"": -2.5, ""rssi"": -112, ""gateway_id"": ""packetbroker""}, {""alt"": null, ""lat"": 39.9775352459947, ""lon"": -6.04510360141884, ""snr"": -3.75, ""rssi"": -112, ""gateway_id"": ""jfmateos-rak7250-rioseco""}, {""alt"": null, ""lat"": null, ""lon"": null, ""snr"": -2.5, ""rssi"": -113, ""gateway_id"": ""mjv-casas""}, {""alt"": null, ""lat"": null, ""lon"": null, ""snr"": -7.5, ""rssi"": -113, ""gateway_id"": ""mtcdtip02-l4e1-16""}, {""alt"": null, ""lat"": null, ""lon"": null, ""snr"": -6.2, ""rssi"": -113, ""gateway_id"": ""mtcdtip02-l4e1-5""}, {""alt"": null, ""lat"": null, ""lon"": null, ""snr"": 3, ""rssi"": -113, ""gateway_id"": ""ext-sg50-015""}, {""alt"": 260, ""lat"": 41.0044688820461, ""lon"": -7.01952618357344, ""snr"": -6.5, ""rssi"": -114, ""gateway_id"": ""quintaleda""}, {""alt"": null, ""lat"": null, ""lon"": null, ""snr"": -0.8, ""rssi"": -114, ""gateway_id"": ""mtcdtip02-l4e1-15""}, {""alt"": 1131, ""lat"": 40.589325292876616, ""lon"": -4.838257133960725, ""snr"": -7.25, ""rssi"": -115, ""gateway_id"": ""niharramikrotik""}, {""alt"": null, ""lat"": null, ""lon"": null, ""snr"": -3.5, ""rssi"": -117, ""gateway_id"": ""ext-sg50-022""}, {""alt"": null, ""lat"": 41.168191098992914, ""lon"": -7.5545961859461395, ""snr"": -7.25, ""rssi"": -118, ""gateway_id"": ""qtaseixoa1""}, {""alt"": null, ""lat"": null, ""lon"": null, ""snr"": -2.5, ""rssi"": -118, ""gateway_id"": ""ext-sg50-024""}, {""alt"": null, ""lat"": null, ""lon"": null, ""snr"": -8.8, ""rssi"": -119, ""gateway_id"": ""ext-sg50-011""}]",EU
ca18d797-8abe-470f-90e0-bafd83c67bc4,stratolink-3-eu,2026-05-28 09:32:41.301462+00:00,40.6257961,-6.428663,10009.0,1.00378867036993,4.39687483392886,2026-05-28 09:32:41.774781+00:00,1.0,8738.0,0.0,-14.9,280.7,3.864,4.708,-114.0,-2.5,4.51,12.86,27.0,-3.37,8.9,-0.46,,,,,,,7.0,125000.0,868500000.0,"[{""alt"": null, ""lat"": null, ""lon"": null, ""snr"": 2, ""rssi"": -104, ""gateway_id"": ""mtcdtip02-l4e1-9""}, {""alt"": null, ""lat"": null, ""lon"": null, ""snr"": -6.5, ""rssi"": -107, ""gateway_id"": ""mtcdtip02-l4e1-3""}, {""alt"": null, ""lat"": null, ""lon"": null, ""snr"": -9, ""rssi"": -110, ""gateway_id"": ""cicytex-ic003""}, {""alt"": null, ""lat"": 40.962541751597406, ""lon"": -5.675446072867432, ""snr"": -1.25, ""rssi"": -111, ""gateway_id"": ""packetbroker""}, {""alt"": 674, ""lat"": 41.81858911263017, ""lon"": -6.7508557295156235, ""snr"": -4.8, ""rssi"": -113, ""gateway_id"": ""lora-more""}, {""alt"": null, ""lat"": 39.9775352459947, ""lon"": -6.04510360141884, ""snr"": -7.25, ""rssi"": -113, ""gateway_id"": ""jfmateos-rak7250-rioseco""}, {""alt"": 1131, ""lat"": 40.589325292876616, ""lon"": -4.838257133960725, ""snr"": -2.5, ""rssi"": -114, ""gateway_id"": ""niharramikrotik""}, {""alt"": 391, ""lat"": 39.4920534590841, ""lon"": -6.57908320426941, ""snr"": -7.5, ""rssi"": -114, ""gateway_id"": ""cdtic-multitech-4""}, {""alt"": null, ""lat"": null, ""lon"": null, ""snr"": 0.2, ""rssi"": -114, ""gateway_id"": ""ext-sg50-015""}, {""alt"": null, ""lat"": null, ""lon"": null, ""snr"": -3.5, ""rssi"": -114, ""gateway_id"": ""d401c3ffff6d00a4""}, {""alt"": null, ""lat"": null, ""lon"": null, ""snr"": -4, ""rssi"": -115, ""gateway_id"": ""mjv-casas""}, {""alt"": 8, ""lat"": 42.195765, ""lon"": -6.006521, ""snr"": -7.5, ""rssi"": -115, ""gateway_id"": ""5031395365454751""}, {""alt"": null, ""lat"": 40.962758045083945, ""lon"": -5.675633842073217, ""snr"": -5.75, ""rssi"": -115, ""gateway_id"": ""packetbroker""}, {""alt"": null, ""lat"": null, ""lon"": null, ""snr"": -6.8, ""rssi"": -115, ""gateway_id"": ""mtcdtip02-l4e1-15""}, {""alt"": null, ""lat"": null, ""lon"": null, ""snr"": -0.8, ""rssi"": -115, ""gateway_id"": ""ext-sg50-029""}, {""alt"": 1550, ""lat"": 40.5481739449056, ""lon"": -5.16353885114368, ""snr"": -6.75, ""rssi"": -116, ""gateway_id"": ""meceiot-004-5030354163554750""}, {""alt"": null, ""lat"": null, ""lon"": null, ""snr"": -9.8, ""rssi"": -118, ""gateway_id"": ""mitigasmart-cc""}, {""alt"": null, ""lat"": 40.954279046747715, ""lon"": -4.142631590366364, ""snr"": -5.75, ""rssi"": -119, ""gateway_id"": ""italr0005""}, {""alt"": null, ""lat"": null, ""lon"": null, ""snr"": -7.5, ""rssi"": -119, ""gateway_id"": ""ext-sg50-022""}, {""alt"": null, ""lat"": null, ""lon"": null, ""snr"": -6.2, ""rssi"": -119, ""gateway_id"": ""ext-sg50-024""}, {""alt"": null, ""lat"": null, ""lon"": null, ""snr"": -7.2, ""rssi"": -119, ""gateway_id"": ""ext-sg50-023""}]",EU
54bd44eb-f579-4716-ad7a-c9d89aa289ec,stratolink-3-eu,2026-05-28 09:37:49.327955+00:00,40.6257961,-6.428663,10009.0,1.00378867036993,4.39687483392886,2026-05-28 09:37:49.857489+00:00,1.0,8738.0,0.0,-18.8,280.9,4.174,5.284,-116.0,-1.0,4.51,12.86,27.0,-3.22,8.9,-0.61,,,,,,,7.0,125000.0,868100000.0,"[{""alt"": null, ""lat"": null, ""lon"": null, ""snr"": 5.5, ""rssi"": -104, ""gateway_id"": ""mtcdtip02-l4e1-9""}, {""alt"": null, ""lat"": null, ""lon"": null, ""snr"": 2.2, ""rssi"": -104, ""gateway_id"": ""mtcdtip02-l4e1-3""}, {""alt"": null, ""lat"": null, ""lon"": null, ""snr"": -6.2, ""rssi"": -111, ""gateway_id"": ""mtcdtip02-l4e1-1""}, {""alt"": null, ""lat"": 40.962541751597406, ""lon"": -5.675446072867432, ""snr"": 1.25, ""rssi"": -112, ""gateway_id"": ""packetbroker""}, {""alt"": null, ""lat"": 39.9775352459947, ""lon"": -6.04510360141884, ""snr"": -4.25, ""rssi"": -113, ""gateway_id"": ""jfmateos-rak7250-rioseco""}, {""alt"": null, ""lat"": null, ""lon"": null, ""snr"": -2.2, ""rssi"": -113, ""gateway_id"": ""mtcdtip02-l4e1-5""}, {""alt"": null, ""lat"": null, ""lon"": null, ""snr"": 3, ""rssi"": -113, ""gateway_id"": ""ext-sg50-029""}, {""alt"": 391, ""lat"": 39.4920534590841, ""lon"": -6.57908320426941, ""snr"": -2, ""rssi"": -114, ""gateway_id"": ""cdtic-multitech-4""}, {""alt"": null, ""lat"": null, ""lon"": null, ""snr"": -5, ""rssi"": -115, ""gateway_id"": ""mtcdtip02-l4e1-7""}, {""alt"": null, ""lat"": null, ""lon"": null, ""snr"": -1.5, ""rssi"": -115, ""gateway_id"": ""mtcdtip02-l4e1-15""}, {""alt"": 950, ""lat"": 40.3852372549182, ""lon"": -5.760759661242656, ""snr"": -8.25, ""rssi"": -115, ""gateway_id"": ""gateway-ttn-etsii-usal""}, {""alt"": 1131, ""lat"": 40.589325292876616, ""lon"": -4.838257133960725, ""snr"": -1, ""rssi"": -116, ""gateway_id"": ""niharramikrotik""}, {""alt"": null, ""lat"": 40.962758045083945, ""lon"": -5.675633842073217, ""snr"": -7.25, ""rssi"": -117, ""gateway_id"": ""packetbroker""}, {""alt"": 300, ""lat"": 40.0702558044694, ""lon"": -6.65818959474564, ""snr"": -5.5, ""rssi"": -117, ""gateway_id"": ""cdtic-multitech-5""}, {""alt"": null, ""lat"": null, ""lon"": null, ""snr"": -5.2, ""rssi"": -117, ""gateway_id"": ""ext-sg50-015""}, {""alt"": null, ""lat"": null, ""lon"": null, ""snr"": -4, ""rssi"": -118, ""gateway_id"": ""sg50-eui-c0ba1ffffe004945""}, {""alt"": 600, ""lat"": 40.13814, ""lon"": -7.50059, ""snr"": -5.5, ""rssi"": -119, ""gateway_id"": ""v3-eui-b827ebfffebf1f02""}, {""alt"": null, ""lat"": 40.954279046747715, ""lon"": -4.142631590366364, ""snr"": -4.75, ""rssi"": -119, ""gateway_id"": ""italr0005""}, {""alt"": null, ""lat"": null, ""lon"": null, ""snr"": -5, ""rssi"": -119, ""gateway_id"": ""ext-sg50-024""}, {""alt"": null, ""lat"": null, ""lon"": null, ""snr"": -9.5, ""rssi"": -119, ""gateway_id"": ""ext-sg50-028""}, {""alt"": null, ""lat"": null, ""lon"": null, ""snr"": -9.5, ""rssi"": -119, ""gateway_id"": ""mitigasmart-cc""}, {""alt"": null, ""lat"": null, ""lon"": null, ""snr"": -7.5, ""rssi"": -119, ""gateway_id"": ""sg50-perte-malpica-05""}, {""alt"": null, ""lat"": null, ""lon"": null, ""snr"": -7.2, ""rssi"": -120, ""gateway_id"": ""ext-sg50-022""}, {""alt"": null, ""lat"": null, ""lon"": null, ""snr"": -7, ""rssi"": -122, ""gateway_id"": ""eui-7076ff0056081d63""}]",EU
7a3b66a7-469e-4bc5-9253-f9ace093b646,stratolink-3-eu,2026-05-28 09:42:57.275987+00:00,40.6257961,-6.428663,10009.0,1.00378867036993,4.39687483392886,2026-05-28 09:42:58.283936+00:00,1.0,8738.0,1.0,-10.3,280.4,5.026,5.366,-114.0,-2.2,4.51,12.86,27.0,-3.22,8.9,0.0,,,,,,,7.0,125000.0,868300000.0,"[{""alt"": null, ""lat"": null, ""lon"": null, ""snr"": 4.2, ""rssi"": -102, ""gateway_id"": ""mtcdtip02-l4e1-9""}, {""alt"": null, ""lat"": null, ""lon"": null, ""snr"": -6.5, ""rssi"": -109, ""gateway_id"": ""mtcdtip02-l4e1-3""}, {""alt"": null, ""lat"": null, ""lon"": null, ""snr"": 0.8, ""rssi"": -111, ""gateway_id"": ""mtcdtip02-l4e1-15""}, {""alt"": null, ""lat"": null, ""lon"": null, ""snr"": 4.8, ""rssi"": -111, ""gateway_id"": ""ext-sg50-029""}, {""alt"": null, ""lat"": null, ""lon"": null, ""snr"": -7.8, ""rssi"": -112, ""gateway_id"": ""cicytex-icmc-002""}, {""alt"": null, ""lat"": 39.9775352459947, ""lon"": -6.04510360141884, ""snr"": -2.5, ""rssi"": -112, ""gateway_id"": ""jfmateos-rak7250-rioseco""}, {""alt"": null, ""lat"": null, ""lon"": null, ""snr"": -0.5, ""rssi"": -113, ""gateway_id"": ""d401c3ffff6d00a4""}, {""alt"": null, ""lat"": null, ""lon"": null, ""snr"": 1.8, ""rssi"": -113, ""gateway_id"": ""ext-sg50-015""}, {""alt"": null, ""lat"": null, ""lon"": null, ""snr"": -2.2, ""rssi"": -114, ""gateway_id"": ""mjv-casas""}, {""alt"": 1131, ""lat"": 40.589325292876616, ""lon"": -4.838257133960725, ""snr"": -6.25, ""rssi"": -114, ""gateway_id"": ""niharramikrotik""}, {""alt"": null, ""lat"": null, ""lon"": null, ""snr"": -3.2, ""rssi"": -114, ""gateway_id"": ""mtcdtip02-l4e1-7""}, {""alt"": null, ""lat"": null, ""lon"": null, ""snr"": -4.8, ""rssi"": -115, ""gateway_id"": ""mtcdtip02-l4e1-5""}, {""alt"": null, ""lat"": null, ""lon"": null, ""snr"": -1.2, ""rssi"": -117, ""gateway_id"": ""ext-sg50-024""}, {""alt"": null, ""lat"": null, ""lon"": null, ""snr"": -6.5, ""rssi"": -118, ""gateway_id"": ""ext-sg50-028""}, {""alt"": null, ""lat"": null, ""lon"": null, ""snr"": -8.5, ""rssi"": -118, ""gateway_id"": ""mitigasmart-cc""}, {""alt"": null, ""lat"": null, ""lon"": null, ""snr"": -7.8, ""rssi"": -118, ""gateway_id"": ""sg50-eui-c0ba1ffffe004945""}, {""alt"": null, ""lat"": null, ""lon"": null, ""snr"": -3.8, ""rssi"": -119, ""gateway_id"": ""ext-sg50-022""}]",EU
5d2ea6bd-def9-4677-a310-fe9dc273f916,stratolink-3-eu,2026-05-28 09:48:05.634582+00:00,40.6257961,-6.428663,10009.0,1.00378867036993,4.39687483392886,2026-05-28 09:48:06.362958+00:00,1.0,8738.0,0.0,-16.6,280.8,4.974,5.372,-116.0,-7.0,4.51,12.86,27.0,-3.37,8.9,-0.15,,,,,,,7.0,125000.0,868500000.0,"[{""alt"": null, ""lat"": null, ""lon"": null, ""snr"": 4, ""rssi"": -104, ""gateway_id"": ""mtcdtip02-l4e1-9""}, {""alt"": null, ""lat"": null, ""lon"": null, ""snr"": -1.5, ""rssi"": -108, ""gateway_id"": ""mtcdtip02-l4e1-3""}, {""alt"": null, ""lat"": null, ""lon"": null, ""snr"": -5.2, ""rssi"": -109, ""gateway_id"": ""cicytex-ic003""}, {""alt"": null, ""lat"": null, ""lon"": null, ""snr"": null, ""rssi"": -111, ""gateway_id"": ""d401c3ffff6d00a4""}, {""alt"": 674, ""lat"": 41.81858911263017, ""lon"": -6.7508557295156235, ""snr"": -7.8, ""rssi"": -112, ""gateway_id"": ""lora-more""}, {""alt"": null, ""lat"": null, ""lon"": null, ""snr"": 3, ""rssi"": -112, ""gateway_id"": ""ext-sg50-029""}, {""alt"": null, ""lat"": 42.3745405722791, ""lon"": -5.96814936380405, ""snr"": -7.75, ""rssi"": -114, ""gateway_id"": ""packetbroker""}, {""alt"": 391, ""lat"": 39.4920534590841, ""lon"": -6.57908320426941, ""snr"": -6.5, ""rssi"": -114, ""gateway_id"": ""cdtic-multitech-4""}, {""alt"": null, ""lat"": 40.962541751597406, ""lon"": -5.675446072867432, ""snr"": -1, ""rssi"": -114, ""gateway_id"": ""packetbroker""}, {""alt"": null, ""lat"": null, ""lon"": null, ""snr"": -3.5, ""rssi"": -114, ""gateway_id"": ""mtcdtip02-l4e1-15""}, {""alt"": 1131, ""lat"": 40.589325292876616, ""lon"": -4.838257133960725, ""snr"": -6.5, ""rssi"": -115, ""gateway_id"": ""niharramikrotik""}, {""alt"": null, ""lat"": 40.962758045083945, ""lon"": -5.675633842073217, ""snr"": -3.75, ""rssi"": -115, ""gateway_id"": ""packetbroker""}, {""alt"": null, ""lat"": null, ""lon"": null, ""snr"": -7, ""rssi"": -116, ""gateway_id"": ""mjv-casas""}, {""alt"": 300, ""lat"": 40.0702558044694, ""lon"": -6.65818959474564, ""snr"": -2.2, ""rssi"": -116, ""gateway_id"": ""cdtic-multitech-5""}, {""alt"": null, ""lat"": null, ""lon"": null, ""snr"": -2.8, ""rssi"": -117, ""gateway_id"": ""ext-sg50-015""}, {""alt"": null, ""lat"": null, ""lon"": null, ""snr"": -4.8, ""rssi"": -118, ""gateway_id"": ""ext-sg50-024""}, {""alt"": null, ""lat"": null, ""lon"": null, ""snr"": -8.5, ""rssi"": -118, ""gateway_id"": ""ext-sg50-028""}, {""alt"": null, ""lat"": null, ""lon"": null, ""snr"": -9, ""rssi"": -118, ""gateway_id"": ""mitigasmart-cc""}]",EU
df46902e-8956-4dbf-b963-67b395759227,stratolink-3-eu,2026-05-28 09:53:13.598918+00:00,40.6257961,-6.428663,10009.0,1.00378867036993,4.39687483392886,2026-05-28 09:53:14.331222+00:00,1.0,8738.0,0.0,-7.4,281.8,4.904,5.36,-117.0,-6.8,4.51,12.86,27.0,-3.07,9.06,0.0,,,,,,,7.0,125000.0,868100000.0,"[{""alt"": null, ""lat"": null, ""lon"": null, ""snr"": 1.8, ""rssi"": -108, ""gateway_id"": ""mtcdtip02-l4e1-9""}, {""alt"": null, ""lat"": null, ""lon"": null, ""snr"": -0.2, ""rssi"": -109, ""gateway_id"": ""mtcdtip02-l4e1-3""}, {""alt"": null, ""lat"": null, ""lon"": null, ""snr"": -6.8, ""rssi"": -111, ""gateway_id"": ""cicytex-ic003""}, {""alt"": null, ""lat"": 40.962758045083945, ""lon"": -5.675633842073217, ""snr"": -2, ""rssi"": -113, ""gateway_id"": ""packetbroker""}, {""alt"": null, ""lat"": 39.9775352459947, ""lon"": -6.04510360141884, ""snr"": -5.75, ""rssi"": -113, ""gateway_id"": ""jfmateos-rak7250-rioseco""}, {""alt"": null, ""lat"": 40.962541751597406, ""lon"": -5.675446072867432, ""snr"": 1, ""rssi"": -113, ""gateway_id"": ""packetbroker""}, {""alt"": null, ""lat"": null, ""lon"": null, ""snr"": -9.5, ""rssi"": -113, ""gateway_id"": ""dlps8-119""}, {""alt"": null, ""lat"": null, ""lon"": null, ""snr"": -0.5, ""rssi"": -114, ""gateway_id"": ""ext-sg50-015""}, {""alt"": null, ""lat"": null, ""lon"": null, ""snr"": -6, ""rssi"": -114, ""gateway_id"": ""mtcdtip02-l4e1-15""}, {""alt"": null, ""lat"": null, ""lon"": null, ""snr"": 1, ""rssi"": -114, ""gateway_id"": ""ext-sg50-029""}, {""alt"": 300, ""lat"": 40.0702558044694, ""lon"": -6.65818959474564, ""snr"": -2.2, ""rssi"": -115, ""gateway_id"": ""cdtic-multitech-5""}, {""alt"": 391, ""lat"": 39.4920534590841, ""lon"": -6.57908320426941, ""snr"": -7.2, ""rssi"": -116, ""gateway_id"": ""cdtic-multitech-4""}, {""alt"": null, ""lat"": null, ""lon"": null, ""snr"": -4.25, ""rssi"": -116, ""gateway_id"": ""d401c3ffff6d00a4""}, {""alt"": 1550, ""lat"": 40.5481739449056, ""lon"": -5.16353885114368, ""snr"": -7, ""rssi"": -116, ""gateway_id"": ""meceiot-004-5030354163554750""}, {""alt"": 674, ""lat"": 41.81858911263017, ""lon"": -6.7508557295156235, ""snr"": -6.8, ""rssi"": -117, ""gateway_id"": ""lora-more""}, {""alt"": null, ""lat"": null, ""lon"": null, ""snr"": -8, ""rssi"": -119, ""gateway_id"": ""mitigasmart-cc""}, {""alt"": null, ""lat"": 40.954279046747715, ""lon"": -4.142631590366364, ""snr"": -8.25, ""rssi"": -122, ""gateway_id"": ""italr0005""}]",EU
8a4161f2-be90-4b43-be97-b820a2e16a77,stratolink-3-eu,2026-05-28 09:58:21.756531+00:00,40.6257961,-6.428663,10009.0,1.00378867036993,4.39687483392886,2026-05-28 09:58:22.425570+00:00,1.0,8738.0,0.0,-18.3,280.3,4.95,5.388,-111.0,2.8,4.51,12.86,27.0,-3.37,8.9,-0.3,,,,,,,7.0,125000.0,868300000.0,"[{""alt"": null, ""lat"": null, ""lon"": null, ""snr"": 6, ""rssi"": -103, ""gateway_id"": ""mtcdtip02-l4e1-9""}, {""alt"": null, ""lat"": 40.962758045083945, ""lon"": -5.675633842073217, ""snr"": -0.5, ""rssi"": -107, ""gateway_id"": ""packetbroker""}, {""alt"": null, ""lat"": null, ""lon"": null, ""snr"": -1.8, ""rssi"": -107, ""gateway_id"": ""mtcdtip02-l4e1-3""}, {""alt"": null, ""lat"": null, ""lon"": null, ""snr"": -7.2, ""rssi"": -109, ""gateway_id"": ""cicytex-ic003""}, {""alt"": null, ""lat"": null, ""lon"": null, ""snr"": -7.2, ""rssi"": -110, ""gateway_id"": ""mtcdtip02-l4e1-4""}, {""alt"": null, ""lat"": null, ""lon"": null, ""snr"": 2.8, ""rssi"": -111, ""gateway_id"": ""mjv-casas""}, {""alt"": null, ""lat"": null, ""lon"": null, ""snr"": -6.5, ""rssi"": -111, ""gateway_id"": ""cicytex-icmc-002""}, {""alt"": 1131, ""lat"": 40.589325292876616, ""lon"": -4.838257133960725, ""snr"": -3, ""rssi"": -111, ""gateway_id"": ""niharramikrotik""}, {""alt"": null, ""lat"": null, ""lon"": null, ""snr"": -4, ""rssi"": -111, ""gateway_id"": ""mtcdtip02-l4e1-5""}, {""alt"": null, ""lat"": 39.9775352459947, ""lon"": -6.04510360141884, ""snr"": -3.75, ""rssi"": -112, ""gateway_id"": ""jfmateos-rak7250-rioseco""}, {""alt"": null, ""lat"": null, ""lon"": null, ""snr"": 4.5, ""rssi"": -112, ""gateway_id"": ""ext-sg50-029""}, {""alt"": 950, ""lat"": 40.3852372549182, ""lon"": -5.760759661242656, ""snr"": -8, ""rssi"": -114, ""gateway_id"": ""gateway-ttn-etsii-usal""}, {""alt"": 391, ""lat"": 39.4920534590841, ""lon"": -6.57908320426941, ""snr"": -2.2, ""rssi"": -115, ""gateway_id"": ""cdtic-multitech-4""}, {""alt"": null, ""lat"": null, ""lon"": null, ""snr"": -3, ""rssi"": -115, ""gateway_id"": ""mtcdtip02-l4e1-15""}, {""alt"": 1550, ""lat"": 40.5481739449056, ""lon"": -5.16353885114368, ""snr"": -4.5, ""rssi"": -115, ""gateway_id"": ""meceiot-004-5030354163554750""}, {""alt"": null, ""lat"": null, ""lon"": null, ""snr"": -1.5, ""rssi"": -117, ""gateway_id"": ""ext-sg50-015""}, {""alt"": null, ""lat"": null, ""lon"": null, ""snr"": -4.5, ""rssi"": -117, ""gateway_id"": ""mitigasmart-cc""}, {""alt"": null, ""lat"": null, ""lon"": null, ""snr"": -2.2, ""rssi"": -117, ""gateway_id"": ""sg50-perte-malpica-05""}, {""alt"": null, ""lat"": null, ""lon"": null, ""snr"": -1, ""rssi"": -117, ""gateway_id"": ""ext-sg50-023""}, {""alt"": null, ""lat"": null, ""lon"": null, ""snr"": -3.8, ""rssi"": -118, ""gateway_id"": ""sg50-eui-c0ba1ffffe004945""}, {""alt"": null, ""lat"": null, ""lon"": null, ""snr"": -5.5, ""rssi"": -119, ""gateway_id"": ""ext-sg50-024""}, {""alt"": 297, ""lat"": 40.108033, ""lon"": -6.632828, ""snr"": -7.2, ""rssi"": -119, ""gateway_id"": ""tef-mls-01""}, {""alt"": null, ""lat"": 40.954279046747715, ""lon"": -4.142631590366364, ""snr"": -6.5, ""rssi"": -120, ""gateway_id"": ""italr0005""}]",EU
5a6f37c8-39f5-429d-888f-2edf3519faeb,stratolink-3-eu,2026-05-28 10:03:30.104653+00:00,40.6257961,-6.428663,10009.0,1.00378867036993,4.39687483392886,2026-05-28 10:03:31.330988+00:00,1.0,8738.0,1.0,-11.3,281.4,5.032,5.38,-117.0,-6.75,4.51,12.86,27.0,-2.91,9.06,-0.61,,,,,,,7.0,125000.0,868500000.0,"[{""alt"": null, ""lat"": null, ""lon"": null, ""snr"": 3.2, ""rssi"": -104, ""gateway_id"": ""mtcdtip02-l4e1-9""}, {""alt"": null, ""lat"": null, ""lon"": null, ""snr"": -4, ""rssi"": -108, ""gateway_id"": ""mtcdtip02-l4e1-3""}, {""alt"": null, ""lat"": null, ""lon"": null, ""snr"": -6.5, ""rssi"": -109, ""gateway_id"": ""cicytex-ic003""}, {""alt"": null, ""lat"": null, ""lon"": null, ""snr"": null, ""rssi"": -110, ""gateway_id"": ""mjv-casas""}, {""alt"": null, ""lat"": null, ""lon"": null, ""snr"": -4, ""rssi"": -110, ""gateway_id"": ""d401c3ffff6d00a4""}, {""alt"": null, ""lat"": null, ""lon"": null, ""snr"": -1.5, ""rssi"": -111, ""gateway_id"": ""mtcdtip02-l4e1-7""}, {""alt"": null, ""lat"": null, ""lon"": null, ""snr"": -1.5, ""rssi"": -111, ""gateway_id"": ""mtcdtip02-l4e1-15""}, {""alt"": null, ""lat"": null, ""lon"": null, ""snr"": -4.2, ""rssi"": -112, ""gateway_id"": ""mtcdtip02-l4e1-5""}, {""alt"": null, ""lat"": 40.962758045083945, ""lon"": -5.675633842073217, ""snr"": -2.75, ""rssi"": -113, ""gateway_id"": ""packetbroker""}, {""alt"": null, ""lat"": 40.962541751597406, ""lon"": -5.675446072867432, ""snr"": -3, ""rssi"": -113, ""gateway_id"": ""packetbroker""}, {""alt"": null, ""lat"": null, ""lon"": null, ""snr"": 0.5, ""rssi"": -114, ""gateway_id"": ""ext-sg50-029""}, {""alt"": 1131, ""lat"": 40.589325292876616, ""lon"": -4.838257133960725, ""snr"": -6.25, ""rssi"": -115, ""gateway_id"": ""niharramikrotik""}, {""alt"": null, ""lat"": null, ""lon"": null, ""snr"": -6, ""rssi"": -115, ""gateway_id"": ""ext-sg50-015""}, {""alt"": null, ""lat"": null, ""lon"": null, ""snr"": -6.75, ""rssi"": -117, ""gateway_id"": ""eui-fcc23dfffe2de1ed""}, {""alt"": 600, ""lat"": 40.13814, ""lon"": -7.50059, ""snr"": -1.2, ""rssi"": -117, ""gateway_id"": ""v3-eui-b827ebfffebf1f02""}, {""alt"": null, ""lat"": null, ""lon"": null, ""snr"": -3.2, ""rssi"": -117, ""gateway_id"": ""ext-sg50-024""}, {""alt"": null, ""lat"": null, ""lon"": null, ""snr"": -5.5, ""rssi"": -117, ""gateway_id"": ""ext-sg50-028""}, {""alt"": 297, ""lat"": 40.108033, ""lon"": -6.632828, ""snr"": -7, ""rssi"": -118, ""gateway_id"": ""tef-mls-01""}, {""alt"": null, ""lat"": null, ""lon"": null, ""snr"": -5.2, ""rssi"": -119, ""gateway_id"": ""ext-sg50-022""}, {""alt"": null, ""lat"": null, ""lon"": null, ""snr"": -9.8, ""rssi"": -119, ""gateway_id"": ""ext-sg50-011""}]",EU
ffeacf38-e610-49a7-ba93-2d9dde7fe4c6,stratolink-3-eu,2026-05-28 10:08:38.059462+00:00,40.6257961,-6.428663,10009.0,1.00378867036993,4.39687483392886,2026-05-28 10:08:38.935292+00:00,1.0,8738.0,0.0,-15.9,281.5,4.676,5.382,-111.0,-8.0,4.51,12.86,27.0,-3.07,8.9,-0.46,,,,,,,7.0,125000.0,868100000.0,"[{""alt"": null, ""lat"": null, ""lon"": null, ""snr"": 0.2, ""rssi"": -109, ""gateway_id"": ""mtcdtip02-l4e1-3""}, {""alt"": null, ""lat"": null, ""lon"": null, ""snr"": 2.5, ""rssi"": -109, ""gateway_id"": ""mtcdtip02-l4e1-9""}, {""alt"": null, ""lat"": null, ""lon"": null, ""snr"": -0.5, ""rssi"": -109, ""gateway_id"": ""cicytex-ic003""}, {""alt"": null, ""lat"": 40.9604459791695, ""lon"": -5.67081212997437, ""snr"": -8, ""rssi"": -111, ""gateway_id"": ""aps-growth-usal""}, {""alt"": null, ""lat"": 40.962541751597406, ""lon"": -5.675446072867432, ""snr"": 2.25, ""rssi"": -111, ""gateway_id"": ""packetbroker""}, {""alt"": null, ""lat"": 40.962758045083945, ""lon"": -5.675633842073217, ""snr"": -1.5, ""rssi"": -111, ""gateway_id"": ""packetbroker""}, {""alt"": null, ""lat"": null, ""lon"": null, ""snr"": -3.5, ""rssi"": -113, ""gateway_id"": ""mtcdtip02-l4e1-7""}, {""alt"": null, ""lat"": null, ""lon"": null, ""snr"": -1.5, ""rssi"": -115, ""gateway_id"": ""mjv-casas""}, {""alt"": 1131, ""lat"": 40.589325292876616, ""lon"": -4.838257133960725, ""snr"": -3, ""rssi"": -115, ""gateway_id"": ""niharramikrotik""}, {""alt"": null, ""lat"": 39.9775352459947, ""lon"": -6.04510360141884, ""snr"": -6.5, ""rssi"": -115, ""gateway_id"": ""jfmateos-rak7250-rioseco""}, {""alt"": null, ""lat"": null, ""lon"": null, ""snr"": -8.8, ""rssi"": -115, ""gateway_id"": ""mtcdtip02-l4e1-15""}, {""alt"": 300, ""lat"": 40.0702558044694, ""lon"": -6.65818959474564, ""snr"": -2.2, ""rssi"": -115, ""gateway_id"": ""cdtic-multitech-5""}, {""alt"": null, ""lat"": null, ""lon"": null, ""snr"": -7.5, ""rssi"": -115, ""gateway_id"": ""d401c3ffff6d00a4""}, {""alt"": null, ""lat"": null, ""lon"": null, ""snr"": -3.5, ""rssi"": -116, ""gateway_id"": ""ext-sg50-015""}, {""alt"": 1550, ""lat"": 40.5481739449056, ""lon"": -5.16353885114368, ""snr"": -3.75, ""rssi"": -116, ""gateway_id"": ""meceiot-004-5030354163554750""}, {""alt"": null, ""lat"": null, ""lon"": null, ""snr"": -4.2, ""rssi"": -118, ""gateway_id"": ""sg50-perte-malpica-05""}, {""alt"": null, ""lat"": null, ""lon"": null, ""snr"": -7.5, ""rssi"": -119, ""gateway_id"": ""mitigasmart-cc""}, {""alt"": 297, ""lat"": 40.108033, ""lon"": -6.632828, ""snr"": -8, ""rssi"": -119, ""gateway_id"": ""tef-mls-01""}, {""alt"": null, ""lat"": null, ""lon"": null, ""snr"": -8.2, ""rssi"": -119, ""gateway_id"": ""sg50-perte-malpica-07""}, {""alt"": null, ""lat"": null, ""lon"": null, ""snr"": -7.8, ""rssi"": -119, ""gateway_id"": ""sg50-eui-c0ba1ffffe004945""}, {""alt"": null, ""lat"": 40.954279046747715, ""lon"": -4.142631590366364, ""snr"": -5.25, ""rssi"": -119, ""gateway_id"": ""italr0005""}, {""alt"": null, ""lat"": null, ""lon"": null, ""snr"": -7, ""rssi"": -120, ""gateway_id"": ""ext-sg50-024""}]",EU
056f7e18-ccee-4c13-89d0-aed3029cd626,stratolink-3-eu,2026-05-28 10:13:46.141721+00:00,40.6257961,-6.428663,10009.0,1.00378867036993,4.39687483392886,2026-05-28 10:13:46.607856+00:00,1.0,8738.0,0.0,-10.5,280.7,5.026,5.36,-109.0,4.0,4.51,12.86,27.0,-3.22,8.9,-0.3,,,,,,,7.0,125000.0,868300000.0,"[{""alt"": null, ""lat"": null, ""lon"": null, ""snr"": 6.2, ""rssi"": -103, ""gateway_id"": ""mtcdtip02-l4e1-9""}, {""alt"": null, ""lat"": null, ""lon"": null, ""snr"": -2.5, ""rssi"": -108, ""gateway_id"": ""cicytex-ic003""}, {""alt"": null, ""lat"": null, ""lon"": null, ""snr"": 4, ""rssi"": -109, ""gateway_id"": ""mjv-casas""}, {""alt"": null, ""lat"": null, ""lon"": null, ""snr"": -1.2, ""rssi"": -109, ""gateway_id"": ""mtcdtip02-l4e1-3""}, {""alt"": null, ""lat"": 40.962541751597406, ""lon"": -5.675446072867432, ""snr"": null, ""rssi"": -110, ""gateway_id"": ""packetbroker""}, {""alt"": null, ""lat"": 39.9775352459947, ""lon"": -6.04510360141884, ""snr"": -3.25, ""rssi"": -112, ""gateway_id"": ""jfmateos-rak7250-rioseco""}, {""alt"": null, ""lat"": null, ""lon"": null, ""snr"": -2.2, ""rssi"": -112, ""gateway_id"": ""mtcdtip02-l4e1-7""}, {""alt"": 1131, ""lat"": 40.589325292876616, ""lon"": -4.838257133960725, ""snr"": 0.75, ""rssi"": -113, ""gateway_id"": ""niharramikrotik""}, {""alt"": null, ""lat"": null, ""lon"": null, ""snr"": -8.8, ""rssi"": -113, ""gateway_id"": ""ext-sg50-018""}, {""alt"": 300, ""lat"": 40.0702558044694, ""lon"": -6.65818959474564, ""snr"": -6.2, ""rssi"": -113, ""gateway_id"": ""cdtic-multitech-5""}, {""alt"": null, ""lat"": null, ""lon"": null, ""snr"": -2.8, ""rssi"": -114, ""gateway_id"": ""mtcdtip02-l4e1-5""}, {""alt"": null, ""lat"": null, ""lon"": null, ""snr"": -4.8, ""rssi"": -115, ""gateway_id"": ""mtcdtip02-l4e1-15""}, {""alt"": null, ""lat"": null, ""lon"": null, ""snr"": -4, ""rssi"": -115, ""gateway_id"": ""ext-sg50-015""}, {""alt"": null, ""lat"": null, ""lon"": null, ""snr"": null, ""rssi"": -115, ""gateway_id"": ""ext-sg50-029""}, {""alt"": 391, ""lat"": 39.4920534590841, ""lon"": -6.57908320426941, ""snr"": -2.5, ""rssi"": -116, ""gateway_id"": ""cdtic-multitech-4""}, {""alt"": null, ""lat"": null, ""lon"": null, ""snr"": -3.2, ""rssi"": -117, ""gateway_id"": ""mitigasmart-cc""}, {""alt"": null, ""lat"": null, ""lon"": null, ""snr"": -2.8, ""rssi"": -117, ""gateway_id"": ""sg50-perte-malpica-05""}, {""alt"": null, ""lat"": null, ""lon"": null, ""snr"": -6.8, ""rssi"": -118, ""gateway_id"": ""ext-sg50-028""}, {""alt"": null, ""lat"": null, ""lon"": null, ""snr"": -4.5, ""rssi"": -118, ""gateway_id"": ""sg50-perte-malpica-07""}, {""alt"": null, ""lat"": null, ""lon"": null, ""snr"": -6, ""rssi"": -118, ""gateway_id"": ""sg50-eui-c0ba1ffffe004945""}, {""alt"": null, ""lat"": null, ""lon"": null, ""snr"": -6.8, ""rssi"": -119, ""gateway_id"": ""ext-sg50-024""}, {""alt"": 297, ""lat"": 40.108033, ""lon"": -6.632828, ""snr"": -6, ""rssi"": -119, ""gateway_id"": ""tef-mls-01""}, {""alt"": null, ""lat"": null, ""lon"": null, ""snr"": -6.5, ""rssi"": -119, ""gateway_id"": ""ext-sg50-011""}, {""alt"": null, ""lat"": 40.954279046747715, ""lon"": -4.142631590366364, ""snr"": -6.75, ""rssi"": -120, ""gateway_id"": ""italr0005""}]",EU
6268dfd3-d3fc-447c-b65a-aed673ec8c6c,stratolink-3-eu,2026-05-28 10:18:54.539562+00:00,40.6257961,-6.428663,10009.0,1.00378867036993,4.39687483392886,2026-05-28 10:18:55.355695+00:00,1.0,8738.0,0.0,-19.7,280.5,4.846,5.384,-111.0,-7.8,4.51,12.86,27.0,-3.37,8.6,-0.46,,,,,,,7.0,125000.0,868500000.0,"[{""alt"": null, ""lat"": null, ""lon"": null, ""snr"": 2.5, ""rssi"": -104, ""gateway_id"": ""mtcdtip02-l4e1-9""}, {""alt"": null, ""lat"": null, ""lon"": null, ""snr"": -1, ""rssi"": -106, ""gateway_id"": ""cicytex-ic003""}, {""alt"": null, ""lat"": null, ""lon"": null, ""snr"": 1.8, ""rssi"": -110, ""gateway_id"": ""mjv-casas""}, {""alt"": null, ""lat"": null, ""lon"": null, ""snr"": -3.8, ""rssi"": -110, ""gateway_id"": ""cicytex-icmc-002""}, {""alt"": null, ""lat"": 40.9604459791695, ""lon"": -5.67081212997437, ""snr"": -7.8, ""rssi"": -111, ""gateway_id"": ""aps-growth-usal""}, {""alt"": 1131, ""lat"": 40.589325292876616, ""lon"": -4.838257133960725, ""snr"": -0.5, ""rssi"": -111, ""gateway_id"": ""niharramikrotik""}, {""alt"": null, ""lat"": 40.962541751597406, ""lon"": -5.675446072867432, ""snr"": null, ""rssi"": -111, ""gateway_id"": ""packetbroker""}, {""alt"": null, ""lat"": 40.962758045083945, ""lon"": -5.675633842073217, ""snr"": -1.25, ""rssi"": -111, ""gateway_id"": ""packetbroker""}, {""alt"": null, ""lat"": 39.9775352459947, ""lon"": -6.04510360141884, ""snr"": -4.25, ""rssi"": -112, ""gateway_id"": ""jfmateos-rak7250-rioseco""}, {""alt"": 391, ""lat"": 39.4920534590841, ""lon"": -6.57908320426941, ""snr"": -1.5, ""rssi"": -113, ""gateway_id"": ""cdtic-multitech-4""}, {""alt"": null, ""lat"": null, ""lon"": null, ""snr"": -3.5, ""rssi"": -113, ""gateway_id"": ""mtcdtip02-l4e1-7""}, {""alt"": null, ""lat"": null, ""lon"": null, ""snr"": -4.2, ""rssi"": -113, ""gateway_id"": ""mtcdtip02-l4e1-5""}, {""alt"": null, ""lat"": null, ""lon"": null, ""snr"": 2, ""rssi"": -113, ""gateway_id"": ""ext-sg50-029""}, {""alt"": null, ""lat"": null, ""lon"": null, ""snr"": -7.8, ""rssi"": -114, ""gateway_id"": ""mtcdtip02-l4e1-15""}, {""alt"": 300, ""lat"": 40.0702558044694, ""lon"": -6.65818959474564, ""snr"": -4.2, ""rssi"": -116, ""gateway_id"": ""cdtic-multitech-5""}, {""alt"": null, ""lat"": null, ""lon"": null, ""snr"": -4.2, ""rssi"": -116, ""gateway_id"": ""sg50-perte-malpica-05""}, {""alt"": 1550, ""lat"": 40.5481739449056, ""lon"": -5.16353885114368, ""snr"": -5.75, ""rssi"": -116, ""gateway_id"": ""meceiot-004-5030354163554750""}, {""alt"": 297, ""lat"": 40.108033, ""lon"": -6.632828, ""snr"": -7.8, ""rssi"": -117, ""gateway_id"": ""tef-mls-01""}, {""alt"": null, ""lat"": null, ""lon"": null, ""snr"": -5.8, ""rssi"": -118, ""gateway_id"": ""sg50-eui-c0ba1ffffe004945""}, {""alt"": null, ""lat"": 40.954279046747715, ""lon"": -4.142631590366364, ""snr"": -5.75, ""rssi"": -119, ""gateway_id"": ""italr0005""}, {""alt"": null, ""lat"": null, ""lon"": null, ""snr"": -6.8, ""rssi"": -119, ""gateway_id"": ""ext-sg50-024""}, {""alt"": null, ""lat"": null, ""lon"": null, ""snr"": -9.8, ""rssi"": -119, ""gateway_id"": ""ext-sg50-011""}]",EU
ae9c744f-f801-4dcd-bd99-a862bcdb5872,stratolink-3-eu,2026-05-28 10:24:02.653399+00:00,40.6257961,-6.428663,10009.0,1.00378867036993,4.39687483392886,2026-05-28 10:24:04.368939+00:00,1.0,8738.0,1.0,-11.4,280.6,4.998,5.36,-110.0,2.8,4.51,12.86,27.0,-3.22,8.9,0.15,,,,,,,7.0,125000.0,868100000.0,"[{""alt"": null, ""lat"": null, ""lon"": null, ""snr"": 7, ""rssi"": -104, ""gateway_id"": ""mtcdtip02-l4e1-9""}, {""alt"": null, ""lat"": null, ""lon"": null, ""snr"": -0.5, ""rssi"": -107, ""gateway_id"": ""cicytex-ic003""}, {""alt"": null, ""lat"": null, ""lon"": null, ""snr"": -6, ""rssi"": -109, ""gateway_id"": ""mtcdtip02-l4e1-3""}, {""alt"": null, ""lat"": null, ""lon"": null, ""snr"": 2.8, ""rssi"": -110, ""gateway_id"": ""mjv-casas""}, {""alt"": null, ""lat"": null, ""lon"": null, ""snr"": -8.5, ""rssi"": -113, ""gateway_id"": ""dlps8-105""}, {""alt"": null, ""lat"": 40.962758045083945, ""lon"": -5.675633842073217, ""snr"": -1.75, ""rssi"": -113, ""gateway_id"": ""packetbroker""}, {""alt"": null, ""lat"": null, ""lon"": null, ""snr"": 3.8, ""rssi"": -113, ""gateway_id"": ""ext-sg50-029""}, {""alt"": 391, ""lat"": 39.4920534590841, ""lon"": -6.57908320426941, ""snr"": -1, ""rssi"": -114, ""gateway_id"": ""cdtic-multitech-4""}, {""alt"": null, ""lat"": 40.962541751597406, ""lon"": -5.675446072867432, ""snr"": -3.25, ""rssi"": -114, ""gateway_id"": ""packetbroker""}, {""alt"": null, ""lat"": null, ""lon"": null, ""snr"": -9.2, ""rssi"": -114, ""gateway_id"": ""ext-sg50-018""}, {""alt"": 1131, ""lat"": 40.589325292876616, ""lon"": -4.838257133960725, ""snr"": -0.25, ""rssi"": -115, ""gateway_id"": ""niharramikrotik""}, {""alt"": null, ""lat"": 39.9775352459947, ""lon"": -6.04510360141884, ""snr"": -4.5, ""rssi"": -115, ""gateway_id"": ""jfmateos-rak7250-rioseco""}, {""alt"": null, ""lat"": null, ""lon"": null, ""snr"": -6, ""rssi"": -115, ""gateway_id"": ""mtcdtip02-l4e1-16""}, {""alt"": null, ""lat"": null, ""lon"": null, ""snr"": -3.8, ""rssi"": -115, ""gateway_id"": ""mtcdtip02-l4e1-7""}, {""alt"": null, ""lat"": null, ""lon"": null, ""snr"": -5.2, ""rssi"": -115, ""gateway_id"": ""mtcdtip02-l4e1-15""}, {""alt"": null, ""lat"": null, ""lon"": null, ""snr"": -3.5, ""rssi"": -115, ""gateway_id"": ""sg50-perte-malpica-05""}, {""alt"": 300, ""lat"": 40.0702558044694, ""lon"": -6.65818959474564, ""snr"": -5.2, ""rssi"": -116, ""gateway_id"": ""cdtic-multitech-5""}, {""alt"": null, ""lat"": null, ""lon"": null, ""snr"": -0.5, ""rssi"": -116, ""gateway_id"": ""mitigasmart-cc""}, {""alt"": 1550, ""lat"": 40.5481739449056, ""lon"": -5.16353885114368, ""snr"": -5.25, ""rssi"": -116, ""gateway_id"": ""meceiot-004-5030354163554750""}, {""alt"": null, ""lat"": null, ""lon"": null, ""snr"": -8.5, ""rssi"": -116, ""gateway_id"": ""sg50-perte-malpica-06""}, {""alt"": null, ""lat"": null, ""lon"": null, ""snr"": -9.2, ""rssi"": -117, ""gateway_id"": ""sg50-perte-malpica-01""}, {""alt"": null, ""lat"": null, ""lon"": null, ""snr"": -6, ""rssi"": -118, ""gateway_id"": ""ext-sg50-028""}, {""alt"": null, ""lat"": null, ""lon"": null, ""snr"": -3.8, ""rssi"": -118, ""gateway_id"": ""sg50-eui-c0ba1ffffe004945""}, {""alt"": null, ""lat"": null, ""lon"": null, ""snr"": -5.2, ""rssi"": -118, ""gateway_id"": ""sg50-perte-malpica-07""}, {""alt"": null, ""lat"": 40.954279046747715, ""lon"": -4.142631590366364, ""snr"": -4.5, ""rssi"": -119, ""gateway_id"": ""italr0005""}, {""alt"": null, ""lat"": null, ""lon"": null, ""snr"": -3.8, ""rssi"": -119, ""gateway_id"": ""ext-sg50-024""}, {""alt"": 297, ""lat"": 40.108033, ""lon"": -6.632828, ""snr"": -6.8, ""rssi"": -119, ""gateway_id"": ""tef-mls-01""}, {""alt"": null, ""lat"": null, ""lon"": null, ""snr"": -6.5, ""rssi"": -120, ""gateway_id"": ""ext-sg50-011""}]",EU
d732e399-5bc1-4130-a872-0695bf806020,stratolink-3-eu,2026-05-28 10:29:10.771534+00:00,40.6257961,-6.428663,10009.0,1.00378867036993,4.39687483392886,2026-05-28 10:29:12.256350+00:00,3.0,8738.0,1.0,-8.9,280.3,5.022,5.38,-110.0,2.5,4.51,12.86,27.0,-3.37,8.75,-0.46,,,,,,,7.0,125000.0,868300000.0,"[{""alt"": null, ""lat"": null, ""lon"": null, ""snr"": 8, ""rssi"": -101, ""gateway_id"": ""mtcdtip02-l4e1-9""}, {""alt"": null, ""lat"": null, ""lon"": null, ""snr"": -1.2, ""rssi"": -107, ""gateway_id"": ""cicytex-ic003""}, {""alt"": null, ""lat"": null, ""lon"": null, ""snr"": -0.5, ""rssi"": -108, ""gateway_id"": ""mtcdtip02-l4e1-3""}, {""alt"": null, ""lat"": null, ""lon"": null, ""snr"": 2.5, ""rssi"": -110, ""gateway_id"": ""mjv-casas""}, {""alt"": null, ""lat"": null, ""lon"": null, ""snr"": -4.3, ""rssi"": -110, ""gateway_id"": ""cicytex-icmc-002""}, {""alt"": null, ""lat"": null, ""lon"": null, ""snr"": -2, ""rssi"": -111, ""gateway_id"": ""mtcdtip02-l4e1-5""}, {""alt"": null, ""lat"": null, ""lon"": null, ""snr"": -7, ""rssi"": -111, ""gateway_id"": ""mtcdtip02-l4e1-16""}, {""alt"": null, ""lat"": null, ""lon"": null, ""snr"": -4.2, ""rssi"": -112, ""gateway_id"": ""mtcdtip02-l4e1-7""}, {""alt"": null, ""lat"": 40.962758045083945, ""lon"": -5.675633842073217, ""snr"": -3.5, ""rssi"": -113, ""gateway_id"": ""packetbroker""}, {""alt"": null, ""lat"": null, ""lon"": null, ""snr"": 3.2, ""rssi"": -113, ""gateway_id"": ""ext-sg50-029""}, {""alt"": null, ""lat"": 39.9775352459947, ""lon"": -6.04510360141884, ""snr"": -6.75, ""rssi"": -113, ""gateway_id"": ""jfmateos-rak7250-rioseco""}, {""alt"": 1131, ""lat"": 40.589325292876616, ""lon"": -4.838257133960725, ""snr"": -0.75, ""rssi"": -114, ""gateway_id"": ""niharramikrotik""}, {""alt"": null, ""lat"": 40.962541751597406, ""lon"": -5.675446072867432, ""snr"": -4.75, ""rssi"": -114, ""gateway_id"": ""packetbroker""}, {""alt"": null, ""lat"": null, ""lon"": null, ""snr"": -4.5, ""rssi"": -115, ""gateway_id"": ""d401c3ffff6d00a4""}, {""alt"": 391, ""lat"": 39.4920534590841, ""lon"": -6.57908320426941, ""snr"": -4, ""rssi"": -115, ""gateway_id"": ""cdtic-multitech-4""}, {""alt"": 600, ""lat"": 40.13814, ""lon"": -7.50059, ""snr"": -5, ""rssi"": -117, ""gateway_id"": ""v3-eui-b827ebfffebf1f02""}, {""alt"": null, ""lat"": null, ""lon"": null, ""snr"": -5.8, ""rssi"": -117, ""gateway_id"": ""ext-sg50-015""}, {""alt"": null, ""lat"": null, ""lon"": null, ""snr"": -2, ""rssi"": -117, ""gateway_id"": ""mitigasmart-cc""}, {""alt"": null, ""lat"": null, ""lon"": null, ""snr"": -8, ""rssi"": -117, ""gateway_id"": ""sg50-perte-malpica-01""}, {""alt"": null, ""lat"": null, ""lon"": null, ""snr"": -2.8, ""rssi"": -117, ""gateway_id"": ""sg50-perte-malpica-05""}, {""alt"": null, ""lat"": 40.954279046747715, ""lon"": -4.142631590366364, ""snr"": -4.5, ""rssi"": -118, ""gateway_id"": ""italr0005""}, {""alt"": null, ""lat"": null, ""lon"": null, ""snr"": -2.8, ""rssi"": -118, ""gateway_id"": ""ext-sg50-024""}, {""alt"": null, ""lat"": null, ""lon"": null, ""snr"": -7.5, ""rssi"": -118, ""gateway_id"": ""ext-sg50-028""}, {""alt"": null, ""lat"": null, ""lon"": null, ""snr"": -3.5, ""rssi"": -118, ""gateway_id"": ""sg50-eui-c0ba1ffffe004945""}, {""alt"": 297, ""lat"": 40.108033, ""lon"": -6.632828, ""snr"": -6, ""rssi"": -118, ""gateway_id"": ""tef-mls-01""}, {""alt"": null, ""lat"": null, ""lon"": null, ""snr"": -7.5, ""rssi"": -119, ""gateway_id"": ""sg50-perte-malpica-07""}]",EU
f3881957-f016-4260-94d7-35368101710b,stratolink-3-eu,2026-05-28 10:34:18.666285+00:00,40.6257961,-6.428663,10009.0,1.00378867036993,4.39687483392886,2026-05-28 10:34:19.861644+00:00,1.0,8738.0,0.0,-9.2,281.3,4.996,5.36,-115.0,-1.75,4.51,12.86,27.0,-2.91,9.21,-0.76,,,,,,,7.0,125000.0,868500000.0,"[{""alt"": null, ""lat"": null, ""lon"": null, ""snr"": 4.8, ""rssi"": -104, ""gateway_id"": ""mtcdtip02-l4e1-9""}, {""alt"": null, ""lat"": null, ""lon"": null, ""snr"": -2.5, ""rssi"": -107, ""gateway_id"": ""mtcdtip02-l4e1-3""}, {""alt"": null, ""lat"": null, ""lon"": null, ""snr"": -7.5, ""rssi"": -111, ""gateway_id"": ""cicytex-icmc-002""}, {""alt"": null, ""lat"": null, ""lon"": null, ""snr"": 2.5, ""rssi"": -113, ""gateway_id"": ""ext-sg50-029""}, {""alt"": 1131, ""lat"": 40.589325292876616, ""lon"": -4.838257133960725, ""snr"": -1.75, ""rssi"": -115, ""gateway_id"": ""niharramikrotik""}, {""alt"": 674, ""lat"": 41.81858911263017, ""lon"": -6.7508557295156235, ""snr"": -6, ""rssi"": -115, ""gateway_id"": ""lora-more""}, {""alt"": null, ""lat"": 40.962541751597406, ""lon"": -5.675446072867432, ""snr"": -3.25, ""rssi"": -115, ""gateway_id"": ""packetbroker""}, {""alt"": null, ""lat"": 40.962758045083945, ""lon"": -5.675633842073217, ""snr"": -3.75, ""rssi"": -115, ""gateway_id"": ""packetbroker""}, {""alt"": null, ""lat"": null, ""lon"": null, ""snr"": -5.8, ""rssi"": -116, ""gateway_id"": ""mjv-casas""}, {""alt"": null, ""lat"": 41.168191098992914, ""lon"": -7.5545961859461395, ""snr"": -7.75, ""rssi"": -118, ""gateway_id"": ""qtaseixoa1""}, {""alt"": null, ""lat"": null, ""lon"": null, ""snr"": -8, ""rssi"": -119, ""gateway_id"": ""ext-sg50-024""}]",EU
5551bf1a-ca70-446a-afcc-69cc531e2cd1,stratolink-3-eu,2026-05-28 10:39:26.738504+00:00,40.6257961,-6.428663,10009.0,1.00378867036993,4.39687483392886,2026-05-28 10:39:27.237613+00:00,1.0,8738.0,0.0,-18.1,280.2,4.794,5.386,-116.0,-0.5,4.51,12.86,27.0,-3.37,8.75,-0.61,,,,,,,7.0,125000.0,868100000.0,"[{""alt"": null, ""lat"": null, ""lon"": null, ""snr"": -4.2, ""rssi"": -109, ""gateway_id"": ""cicytex-ic003""}, {""alt"": null, ""lat"": null, ""lon"": null, ""snr"": 1.2, ""rssi"": -109, ""gateway_id"": ""mtcdtip02-l4e1-9""}, {""alt"": null, ""lat"": null, ""lon"": null, ""snr"": -9, ""rssi"": -110, ""gateway_id"": ""mtcdtip02-l4e1-3""}, {""alt"": null, ""lat"": 40.962541751597406, ""lon"": -5.675446072867432, ""snr"": 0.75, ""rssi"": -111, ""gateway_id"": ""packetbroker""}, {""alt"": null, ""lat"": null, ""lon"": null, ""snr"": -6, ""rssi"": -112, ""gateway_id"": ""cicytex-icmc-002""}, {""alt"": null, ""lat"": 39.9775352459947, ""lon"": -6.04510360141884, ""snr"": -8, ""rssi"": -113, ""gateway_id"": ""jfmateos-rak7250-rioseco""}, {""alt"": null, ""lat"": 40.962758045083945, ""lon"": -5.675633842073217, ""snr"": -4, ""rssi"": -113, ""gateway_id"": ""packetbroker""}, {""alt"": null, ""lat"": null, ""lon"": null, ""snr"": -0.2, ""rssi"": -113, ""gateway_id"": ""ext-sg50-029""}, {""alt"": 1131, ""lat"": 40.589325292876616, ""lon"": -4.838257133960725, ""snr"": 1.75, ""rssi"": -114, ""gateway_id"": ""niharramikrotik""}, {""alt"": null, ""lat"": null, ""lon"": null, ""snr"": -9.2, ""rssi"": -115, ""gateway_id"": ""mtcdtip02-l4e1-5""}, {""alt"": null, ""lat"": null, ""lon"": null, ""snr"": -4.2, ""rssi"": -115, ""gateway_id"": ""mtcdtip02-l4e1-7""}, {""alt"": 405, ""lat"": 39.94336757279527, ""lon"": -4.661850929260255, ""snr"": -8.8, ""rssi"": -115, ""gateway_id"": ""sg50-perte-malpica-02""}, {""alt"": null, ""lat"": null, ""lon"": null, ""snr"": -0.5, ""rssi"": -116, ""gateway_id"": ""mjv-casas""}, {""alt"": 300, ""lat"": 40.0702558044694, ""lon"": -6.65818959474564, ""snr"": -4, ""rssi"": -116, ""gateway_id"": ""cdtic-multitech-5""}, {""alt"": null, ""lat"": 40.954279046747715, ""lon"": -4.142631590366364, ""snr"": -2.25, ""rssi"": -116, ""gateway_id"": ""italr0005""}, {""alt"": 1550, ""lat"": 40.5481739449056, ""lon"": -5.16353885114368, ""snr"": -4.5, ""rssi"": -117, ""gateway_id"": ""meceiot-004-5030354163554750""}, {""alt"": null, ""lat"": null, ""lon"": null, ""snr"": -7.5, ""rssi"": -117, ""gateway_id"": ""sg50-perte-malpica-06""}, {""alt"": null, ""lat"": null, ""lon"": null, ""snr"": -1.8, ""rssi"": -118, ""gateway_id"": ""ext-sg50-023""}, {""alt"": null, ""lat"": null, ""lon"": null, ""snr"": -7.2, ""rssi"": -119, ""gateway_id"": ""mitigasmart-cc""}, {""alt"": null, ""lat"": null, ""lon"": null, ""snr"": -7.2, ""rssi"": -119, ""gateway_id"": ""sg50-eui-c0ba1ffffe004945""}, {""alt"": null, ""lat"": null, ""lon"": null, ""snr"": -5.5, ""rssi"": -119, ""gateway_id"": ""sg50-perte-malpica-05""}, {""alt"": null, ""lat"": null, ""lon"": null, ""snr"": -6, ""rssi"": -120, ""gateway_id"": ""ext-sg50-024""}, {""alt"": null, ""lat"": null, ""lon"": null, ""snr"": -9.2, ""rssi"": -121, ""gateway_id"": ""packetbroker""}, {""alt"": null, ""lat"": null, ""lon"": null, ""snr"": -9.2, ""rssi"": -123, ""gateway_id"": ""eui-7076ff0056081d63""}]",EU
9484fd61-6075-441c-91b1-8982ff62ad4c,stratolink-3-eu,2026-05-28 10:44:35.290478+00:00,40.6257961,-6.428663,10009.0,1.00378867036993,4.39687483392886,2026-05-28 10:44:35.951215+00:00,1.0,8738.0,0.0,-19.7,280.1,4.754,5.386,-110.0,0.75,4.51,12.86,27.0,-3.37,8.9,-0.3,,,,,,,7.0,125000.0,868300000.0,"[{""alt"": 1131, ""lat"": 40.589325292876616, ""lon"": -4.838257133960725, ""snr"": 0.75, ""rssi"": -110, ""gateway_id"": ""niharramikrotik""}, {""alt"": null, ""lat"": null, ""lon"": null, ""snr"": -1.2, ""rssi"": -110, ""gateway_id"": ""mtcdtip02-l4e1-9""}, {""alt"": null, ""lat"": 40.962541751597406, ""lon"": -5.675446072867432, ""snr"": 2.5, ""rssi"": -111, ""gateway_id"": ""packetbroker""}, {""alt"": null, ""lat"": null, ""lon"": null, ""snr"": -4.8, ""rssi"": -112, ""gateway_id"": ""mtcdtip02-l4e1-7""}, {""alt"": null, ""lat"": null, ""lon"": null, ""snr"": -0.2, ""rssi"": -113, ""gateway_id"": ""mjv-casas""}, {""alt"": null, ""lat"": null, ""lon"": null, ""snr"": -7.5, ""rssi"": -113, ""gateway_id"": ""mtcdtip02-l4e1-15""}, {""alt"": null, ""lat"": null, ""lon"": null, ""snr"": 3, ""rssi"": -113, ""gateway_id"": ""ext-sg50-029""}, {""alt"": 765, ""lat"": 41.70253250763931, ""lon"": -4.708266556262971, ""snr"": -9, ""rssi"": -115, ""gateway_id"": ""italr0001""}, {""alt"": null, ""lat"": 40.954279046747715, ""lon"": -4.142631590366364, ""snr"": -1.5, ""rssi"": -115, ""gateway_id"": ""italr0005""}, {""alt"": null, ""lat"": null, ""lon"": null, ""snr"": -6.8, ""rssi"": -118, ""gateway_id"": ""mitigasmart-cc""}, {""alt"": null, ""lat"": null, ""lon"": null, ""snr"": -6.5, ""rssi"": -118, ""gateway_id"": ""sg50-perte-malpica-05""}, {""alt"": null, ""lat"": null, ""lon"": null, ""snr"": -8.8, ""rssi"": -118, ""gateway_id"": ""sg50-eui-c0ba1ffffe004945""}, {""alt"": null, ""lat"": null, ""lon"": null, ""snr"": -8, ""rssi"": -120, ""gateway_id"": ""ext-sg50-024""}]",EU
7a5cc1da-5e94-45e7-8f23-213903cd40f8,stratolink-3-eu,2026-05-28 10:49:43.627088+00:00,40.6257961,-6.428663,10009.0,1.00378867036993,4.39687483392886,2026-05-28 10:49:44.352922+00:00,1.0,8738.0,0.0,-17.0,280.0,4.97,5.36,-114.0,-1.5,4.51,12.86,27.0,-3.37,8.9,-0.46,,,,,,,7.0,125000.0,868500000.0,"[{""alt"": null, ""lat"": 40.962541751597406, ""lon"": -5.675446072867432, ""snr"": -5.25, ""rssi"": -107, ""gateway_id"": ""packetbroker""}, {""alt"": null, ""lat"": null, ""lon"": null, ""snr"": 1.5, ""rssi"": -108, ""gateway_id"": ""mtcdtip02-l4e1-9""}, {""alt"": null, ""lat"": null, ""lon"": null, ""snr"": -6.2, ""rssi"": -109, ""gateway_id"": ""cicytex-ic003""}, {""alt"": null, ""lat"": null, ""lon"": null, ""snr"": -6.2, ""rssi"": -110, ""gateway_id"": ""mtcdtip02-l4e1-3""}, {""alt"": null, ""lat"": 40.962758045083945, ""lon"": -5.675633842073217, ""snr"": -5.75, ""rssi"": -111, ""gateway_id"": ""packetbroker""}, {""alt"": null, ""lat"": null, ""lon"": null, ""snr"": -5.2, ""rssi"": -111, ""gateway_id"": ""mtcdtip02-l4e1-1""}, {""alt"": null, ""lat"": null, ""lon"": null, ""snr"": -1.5, ""rssi"": -114, ""gateway_id"": ""mjv-casas""}, {""alt"": 1131, ""lat"": 40.589325292876616, ""lon"": -4.838257133960725, ""snr"": -0.75, ""rssi"": -114, ""gateway_id"": ""niharramikrotik""}, {""alt"": 300, ""lat"": 40.0702558044694, ""lon"": -6.65818959474564, ""snr"": -3.2, ""rssi"": -114, ""gateway_id"": ""cdtic-multitech-5""}, {""alt"": 1550, ""lat"": 40.5481739449056, ""lon"": -5.16353885114368, ""snr"": -6, ""rssi"": -114, ""gateway_id"": ""meceiot-004-5030354163554750""}, {""alt"": null, ""lat"": null, ""lon"": null, ""snr"": 0.5, ""rssi"": -115, ""gateway_id"": ""ext-sg50-029""}, {""alt"": null, ""lat"": null, ""lon"": null, ""snr"": -6.8, ""rssi"": -118, ""gateway_id"": ""mitigasmart-cc""}, {""alt"": 297, ""lat"": 40.108033, ""lon"": -6.632828, ""snr"": -8.5, ""rssi"": -118, ""gateway_id"": ""tef-mls-01""}, {""alt"": null, ""lat"": null, ""lon"": null, ""snr"": -7.5, ""rssi"": -119, ""gateway_id"": ""ext-sg50-024""}, {""alt"": null, ""lat"": 40.954279046747715, ""lon"": -4.142631590366364, ""snr"": -8.75, ""rssi"": -125, ""gateway_id"": ""italr0005""}]",EU
9d5ff5e0-79a2-4a7c-9275-b1fd51b96d2e,stratolink-3-eu,2026-05-28 10:54:52.041271+00:00,40.6257961,-6.428663,10009.0,1.00378867036993,4.39687483392886,2026-05-28 10:54:52.481126+00:00,1.0,8738.0,0.0,-19.4,279.8,4.896,5.376,-106.0,-9.8,4.51,12.86,27.0,-3.22,8.9,-0.61,,,,,,,7.0,125000.0,868100000.0,"[{""alt"": null, ""lat"": 40.9604459791695, ""lon"": -5.67081212997437, ""snr"": -9.8, ""rssi"": -106, ""gateway_id"": ""aps-growth-usal""}, {""alt"": null, ""lat"": 40.962541751597406, ""lon"": -5.675446072867432, ""snr"": 5, ""rssi"": -109, ""gateway_id"": ""packetbroker""}, {""alt"": null, ""lat"": null, ""lon"": null, ""snr"": -6.8, ""rssi"": -109, ""gateway_id"": ""cicytex-ic003""}, {""alt"": null, ""lat"": null, ""lon"": null, ""snr"": -6, ""rssi"": -109, ""gateway_id"": ""mtcdtip02-l4e1-3""}, {""alt"": null, ""lat"": null, ""lon"": null, ""snr"": null, ""rssi"": -110, ""gateway_id"": ""mtcdtip02-l4e1-9""}, {""alt"": null, ""lat"": null, ""lon"": null, ""snr"": null, ""rssi"": -115, ""gateway_id"": ""mjv-casas""}, {""alt"": 674, ""lat"": 41.81858911263017, ""lon"": -6.7508557295156235, ""snr"": -5.5, ""rssi"": -115, ""gateway_id"": ""lora-more""}, {""alt"": 1131, ""lat"": 40.589325292876616, ""lon"": -4.838257133960725, ""snr"": -1.5, ""rssi"": -115, ""gateway_id"": ""niharramikrotik""}, {""alt"": null, ""lat"": null, ""lon"": null, ""snr"": 1.2, ""rssi"": -115, ""gateway_id"": ""ext-sg50-029""}, {""alt"": 300, ""lat"": 40.0702558044694, ""lon"": -6.65818959474564, ""snr"": -1, ""rssi"": -116, ""gateway_id"": ""cdtic-multitech-5""}, {""alt"": 1550, ""lat"": 40.5481739449056, ""lon"": -5.16353885114368, ""snr"": -5.75, ""rssi"": -117, ""gateway_id"": ""meceiot-004-5030354163554750""}, {""alt"": null, ""lat"": null, ""lon"": null, ""snr"": -6.5, ""rssi"": -118, ""gateway_id"": ""mitigasmart-cc""}, {""alt"": null, ""lat"": 40.954279046747715, ""lon"": -4.142631590366364, ""snr"": -4.5, ""rssi"": -118, ""gateway_id"": ""italr0005""}, {""alt"": null, ""lat"": null, ""lon"": null, ""snr"": -7, ""rssi"": -119, ""gateway_id"": ""sg50-perte-malpica-05""}, {""alt"": 600, ""lat"": 40.13814, ""lon"": -7.50059, ""snr"": -7.8, ""rssi"": -120, ""gateway_id"": ""v3-eui-b827ebfffebf1f02""}]",EU
a34a0c97-1b4d-4c62-902c-100b1be049b7,stratolink-3-eu,2026-05-28 11:00:00.430700+00:00,40.6257961,-6.428663,10009.0,1.00378867036993,4.39687483392886,2026-05-28 11:00:01.893619+00:00,1.0,8738.0,0.0,-16.9,280.1,4.946,5.388,-113.0,0.2,4.51,12.86,27.0,-3.53,8.9,-0.3,,,,,,,7.0,125000.0,868300000.0,"[{""alt"": null, ""lat"": null, ""lon"": null, ""snr"": -5.5, ""rssi"": -108, ""gateway_id"": ""cicytex-ic003""}, {""alt"": null, ""lat"": null, ""lon"": null, ""snr"": 1, ""rssi"": -108, ""gateway_id"": ""mtcdtip02-l4e1-9""}, {""alt"": null, ""lat"": null, ""lon"": null, ""snr"": -1.8, ""rssi"": -108, ""gateway_id"": ""mtcdtip02-l4e1-3""}, {""alt"": null, ""lat"": 40.962758045083945, ""lon"": -5.675633842073217, ""snr"": -2.5, ""rssi"": -109, ""gateway_id"": ""packetbroker""}, {""alt"": null, ""lat"": 40.962541751597406, ""lon"": -5.675446072867432, ""snr"": -0.75, ""rssi"": -111, ""gateway_id"": ""packetbroker""}, {""alt"": null, ""lat"": null, ""lon"": null, ""snr"": 0.2, ""rssi"": -113, ""gateway_id"": ""mjv-casas""}, {""alt"": null, ""lat"": null, ""lon"": null, ""snr"": -7.5, ""rssi"": -113, ""gateway_id"": ""mtcdtip02-l4e1-15""}, {""alt"": null, ""lat"": null, ""lon"": null, ""snr"": 3.5, ""rssi"": -113, ""gateway_id"": ""ext-sg50-029""}, {""alt"": null, ""lat"": null, ""lon"": null, ""snr"": -7.8, ""rssi"": -115, ""gateway_id"": ""ext-sg50-015""}, {""alt"": null, ""lat"": null, ""lon"": null, ""snr"": -8.2, ""rssi"": -118, ""gateway_id"": ""ext-sg50-028""}, {""alt"": null, ""lat"": null, ""lon"": null, ""snr"": -6.5, ""rssi"": -119, ""gateway_id"": ""ext-sg50-024""}, {""alt"": 297, ""lat"": 40.108033, ""lon"": -6.632828, ""snr"": -7.8, ""rssi"": -119, ""gateway_id"": ""tef-mls-01""}, {""alt"": null, ""lat"": null, ""lon"": null, ""snr"": -9, ""rssi"": -119, ""gateway_id"": ""sg50-eui-c0ba1ffffe004945""}]",EU
8c8c4626-30c7-4421-b7de-1690bb518572,stratolink-3-eu,2026-05-28 11:05:08.337085+00:00,40.6257961,-6.428663,10009.0,1.00378867036993,4.39687483392886,2026-05-28 11:05:10.016427+00:00,4.0,8738.0,1.0,-4.2,281.2,5.034,5.372,-110.0,1.2,4.51,12.86,27.0,-3.22,8.75,0.15,,,,,,,7.0,125000.0,868500000.0,"[{""alt"": null, ""lat"": null, ""lon"": null, ""snr"": -7.2, ""rssi"": -102, ""gateway_id"": ""mtcdtip02-l4e1-3""}, {""alt"": null, ""lat"": null, ""lon"": null, ""snr"": 4, ""rssi"": -103, ""gateway_id"": ""mtcdtip02-l4e1-9""}, {""alt"": null, ""lat"": null, ""lon"": null, ""snr"": -1.8, ""rssi"": -109, ""gateway_id"": ""cicytex-icmc-002""}, {""alt"": null, ""lat"": null, ""lon"": null, ""snr"": -5.5, ""rssi"": -109, ""gateway_id"": ""mtcdtip02-l4e1-5""}, {""alt"": null, ""lat"": null, ""lon"": null, ""snr"": -5.2, ""rssi"": -109, ""gateway_id"": ""cicytex-ic003""}, {""alt"": null, ""lat"": null, ""lon"": null, ""snr"": -4.2, ""rssi"": -109, ""gateway_id"": ""ext-sg50-029""}, {""alt"": null, ""lat"": null, ""lon"": null, ""snr"": 1.2, ""rssi"": -110, ""gateway_id"": ""mjv-casas""}, {""alt"": null, ""lat"": null, ""lon"": null, ""snr"": -7.8, ""rssi"": -110, ""gateway_id"": ""mtcdtip02-l4e1-1""}, {""alt"": null, ""lat"": 40.962541751597406, ""lon"": -5.675446072867432, ""snr"": -0.25, ""rssi"": -111, ""gateway_id"": ""packetbroker""}, {""alt"": 300, ""lat"": 40.0702558044694, ""lon"": -6.65818959474564, ""snr"": -1.8, ""rssi"": -111, ""gateway_id"": ""cdtic-multitech-5""}, {""alt"": null, ""lat"": 39.9775352459947, ""lon"": -6.04510360141884, ""snr"": -4.5, ""rssi"": -112, ""gateway_id"": ""jfmateos-rak7250-rioseco""}, {""alt"": 391, ""lat"": 39.4920534590841, ""lon"": -6.57908320426941, ""snr"": -2.8, ""rssi"": -113, ""gateway_id"": ""cdtic-multitech-4""}, {""alt"": null, ""lat"": null, ""lon"": null, ""snr"": -9.5, ""rssi"": -113, ""gateway_id"": ""ext-sg50-018""}, {""alt"": 1131, ""lat"": 40.589325292876616, ""lon"": -4.838257133960725, ""snr"": -4.25, ""rssi"": -114, ""gateway_id"": ""niharramikrotik""}, {""alt"": null, ""lat"": 40.962758045083945, ""lon"": -5.675633842073217, ""snr"": -2, ""rssi"": -114, ""gateway_id"": ""packetbroker""}, {""alt"": null, ""lat"": null, ""lon"": null, ""snr"": -5.8, ""rssi"": -114, ""gateway_id"": ""mtcdtip02-l4e1-15""}, {""alt"": null, ""lat"": null, ""lon"": null, ""snr"": -3.2, ""rssi"": -114, ""gateway_id"": ""cicytex-unex-1""}, {""alt"": null, ""lat"": null, ""lon"": null, ""snr"": -0.5, ""rssi"": -116, ""gateway_id"": ""ext-sg50-015""}, {""alt"": null, ""lat"": null, ""lon"": null, ""snr"": -2, ""rssi"": -117, ""gateway_id"": ""ext-sg50-028""}, {""alt"": null, ""lat"": null, ""lon"": null, ""snr"": -2.8, ""rssi"": -117, ""gateway_id"": ""mitigasmart-cc""}, {""alt"": null, ""lat"": null, ""lon"": null, ""snr"": -4.5, ""rssi"": -117, ""gateway_id"": ""sg50-eui-c0ba1ffffe004945""}, {""alt"": null, ""lat"": null, ""lon"": null, ""snr"": -3.2, ""rssi"": -118, ""gateway_id"": ""ext-sg50-024""}, {""alt"": 600, ""lat"": 40.13814, ""lon"": -7.50059, ""snr"": -5.2, ""rssi"": -119, ""gateway_id"": ""v3-eui-b827ebfffebf1f02""}, {""alt"": null, ""lat"": null, ""lon"": null, ""snr"": -7.5, ""rssi"": -119, ""gateway_id"": ""ext-sg50-022""}]",EU
08c19f95-d179-4732-a028-9d9e0ed3d46b,stratolink-3-eu,2026-05-28 11:10:16.453827+00:00,40.6257961,-6.428663,10009.0,1.00378867036993,4.39687483392886,2026-05-28 11:10:17.371499+00:00,1.0,8738.0,0.0,-13.7,279.9,5.012,5.374,-116.0,-2.8,4.51,12.86,27.0,-3.37,8.9,-0.46,,,,,,,7.0,125000.0,868100000.0,"[{""alt"": null, ""lat"": null, ""lon"": null, ""snr"": -5.8, ""rssi"": -109, ""gateway_id"": ""cicytex-ic003""}, {""alt"": null, ""lat"": null, ""lon"": null, ""snr"": -1.8, ""rssi"": -109, ""gateway_id"": ""mtcdtip02-l4e1-9""}, {""alt"": null, ""lat"": 40.962758045083945, ""lon"": -5.675633842073217, ""snr"": 3.25, ""rssi"": -110, ""gateway_id"": ""packetbroker""}, {""alt"": null, ""lat"": null, ""lon"": null, ""snr"": -0.5, ""rssi"": -110, ""gateway_id"": ""mtcdtip02-l4e1-3""}, {""alt"": null, ""lat"": 40.962541751597406, ""lon"": -5.675446072867432, ""snr"": 1.25, ""rssi"": -113, ""gateway_id"": ""packetbroker""}, {""alt"": null, ""lat"": null, ""lon"": null, ""snr"": -7, ""rssi"": -113, ""gateway_id"": ""dlps8-119""}, {""alt"": null, ""lat"": null, ""lon"": null, ""snr"": 3.8, ""rssi"": -113, ""gateway_id"": ""ext-sg50-029""}, {""alt"": 674, ""lat"": 41.81858911263017, ""lon"": -6.7508557295156235, ""snr"": -4.8, ""rssi"": -114, ""gateway_id"": ""lora-more""}, {""alt"": 1131, ""lat"": 40.589325292876616, ""lon"": -4.838257133960725, ""snr"": -6.25, ""rssi"": -115, ""gateway_id"": ""niharramikrotik""}, {""alt"": null, ""lat"": null, ""lon"": null, ""snr"": -4.75, ""rssi"": -115, ""gateway_id"": ""d401c3ffff6d00a4""}, {""alt"": null, ""lat"": null, ""lon"": null, ""snr"": -2.8, ""rssi"": -116, ""gateway_id"": ""mjv-casas""}, {""alt"": null, ""lat"": null, ""lon"": null, ""snr"": -6.2, ""rssi"": -116, ""gateway_id"": ""mtcdtip02-l4e1-15""}, {""alt"": 300, ""lat"": 40.0702558044694, ""lon"": -6.65818959474564, ""snr"": -4.5, ""rssi"": -116, ""gateway_id"": ""cdtic-multitech-5""}, {""alt"": null, ""lat"": null, ""lon"": null, ""snr"": -2.2, ""rssi"": -119, ""gateway_id"": ""ext-sg50-023""}, {""alt"": 600, ""lat"": 40.13814, ""lon"": -7.50059, ""snr"": -6, ""rssi"": -120, ""gateway_id"": ""v3-eui-b827ebfffebf1f02""}, {""alt"": null, ""lat"": null, ""lon"": null, ""snr"": -7, ""rssi"": -120, ""gateway_id"": ""ext-sg50-022""}, {""alt"": null, ""lat"": null, ""lon"": null, ""snr"": -6.5, ""rssi"": -120, ""gateway_id"": ""ext-sg50-024""}, {""alt"": null, ""lat"": 40.954279046747715, ""lon"": -4.142631590366364, ""snr"": -9.5, ""rssi"": -123, ""gateway_id"": ""italr0005""}]",EU
fd75a9d5-a2c6-48ad-a0ad-5575c2123a40,stratolink-3-eu,2026-05-28 11:15:24.602888+00:00,40.6257961,-6.428663,10009.0,1.00378867036993,4.39687483392886,2026-05-28 11:15:25.220490+00:00,3.0,8738.0,1.0,-11.0,279.9,5.018,5.362,-114.0,-3.5,4.51,12.86,27.0,-3.37,9.36,0.0,,,,,,,7.0,125000.0,868300000.0,"[{""alt"": null, ""lat"": null, ""lon"": null, ""snr"": 0.5, ""rssi"": -107, ""gateway_id"": ""mtcdtip02-l4e1-9""}, {""alt"": null, ""lat"": null, ""lon"": null, ""snr"": -5, ""rssi"": -108, ""gateway_id"": ""cicytex-ic003""}, {""alt"": null, ""lat"": null, ""lon"": null, ""snr"": -9, ""rssi"": -112, ""gateway_id"": ""cicytex-icmc-002""}, {""alt"": null, ""lat"": 40.962541751597406, ""lon"": -5.675446072867432, ""snr"": -0.5, ""rssi"": -112, ""gateway_id"": ""packetbroker""}, {""alt"": null, ""lat"": null, ""lon"": null, ""snr"": -6, ""rssi"": -113, ""gateway_id"": ""mtcdtip02-l4e1-15""}, {""alt"": null, ""lat"": 40.962758045083945, ""lon"": -5.675633842073217, ""snr"": 0.75, ""rssi"": -113, ""gateway_id"": ""packetbroker""}, {""alt"": null, ""lat"": null, ""lon"": null, ""snr"": 2.5, ""rssi"": -113, ""gateway_id"": ""ext-sg50-029""}, {""alt"": null, ""lat"": null, ""lon"": null, ""snr"": -3.5, ""rssi"": -114, ""gateway_id"": ""mjv-casas""}, {""alt"": null, ""lat"": null, ""lon"": null, ""snr"": -1.75, ""rssi"": -114, ""gateway_id"": ""d401c3ffff6d00a4""}, {""alt"": null, ""lat"": null, ""lon"": null, ""snr"": -3.5, ""rssi"": -114, ""gateway_id"": ""mtcdtip02-l4e1-7""}, {""alt"": 1131, ""lat"": 40.589325292876616, ""lon"": -4.838257133960725, ""snr"": -7.25, ""rssi"": -115, ""gateway_id"": ""niharramikrotik""}, {""alt"": 500, ""lat"": 41.2090915448, ""lon"": -7.4329554723, ""snr"": -5.25, ""rssi"": -115, ""gateway_id"": ""aciprestes-gw""}, {""alt"": 300, ""lat"": 40.0702558044694, ""lon"": -6.65818959474564, ""snr"": 0.8, ""rssi"": -115, ""gateway_id"": ""cdtic-multitech-5""}, {""alt"": 391, ""lat"": 39.4920534590841, ""lon"": -6.57908320426941, ""snr"": -4.2, ""rssi"": -116, ""gateway_id"": ""cdtic-multitech-4""}, {""alt"": null, ""lat"": null, ""lon"": null, ""snr"": -1.5, ""rssi"": -117, ""gateway_id"": ""ext-sg50-015""}, {""alt"": null, ""lat"": null, ""lon"": null, ""snr"": -4.2, ""rssi"": -118, ""gateway_id"": ""ext-sg50-028""}, {""alt"": null, ""lat"": null, ""lon"": null, ""snr"": -3.2, ""rssi"": -118, ""gateway_id"": ""ext-sg50-024""}, {""alt"": null, ""lat"": null, ""lon"": null, ""snr"": -8.5, ""rssi"": -118, ""gateway_id"": ""mitigasmart-cc""}, {""alt"": null, ""lat"": null, ""lon"": null, ""snr"": -8.5, ""rssi"": -118, ""gateway_id"": ""sg50-eui-c0ba1ffffe004945""}, {""alt"": null, ""lat"": null, ""lon"": null, ""snr"": -7.5, ""rssi"": -119, ""gateway_id"": ""sg50-perte-malpica-05""}]",EU
7f17655f-b92d-443f-b790-05c37f5b552b,stratolink-3-eu,2026-05-28 11:20:32.524525+00:00,40.6257961,-6.428663,10009.0,1.00378867036993,4.39687483392886,2026-05-28 11:20:33.141020+00:00,1.0,8738.0,0.0,-12.2,280.5,4.958,5.372,-113.0,-2.5,4.51,12.86,27.0,-3.22,8.9,-0.15,,,,,,,7.0,125000.0,868500000.0,"[{""alt"": null, ""lat"": null, ""lon"": null, ""snr"": -5.8, ""rssi"": -106, ""gateway_id"": ""mtcdtip02-l4e1-3""}, {""alt"": null, ""lat"": null, ""lon"": null, ""snr"": -4.5, ""rssi"": -107, ""gateway_id"": ""cicytex-ic003""}, {""alt"": null, ""lat"": null, ""lon"": null, ""snr"": -1.8, ""rssi"": -109, ""gateway_id"": ""mtcdtip02-l4e1-9""}, {""alt"": null, ""lat"": 40.962758045083945, ""lon"": -5.675633842073217, ""snr"": 2.25, ""rssi"": -110, ""gateway_id"": ""packetbroker""}, {""alt"": null, ""lat"": 40.962541751597406, ""lon"": -5.675446072867432, ""snr"": 1.75, ""rssi"": -111, ""gateway_id"": ""packetbroker""}, {""alt"": null, ""lat"": null, ""lon"": null, ""snr"": -6, ""rssi"": -112, ""gateway_id"": ""dlps8-119""}, {""alt"": null, ""lat"": null, ""lon"": null, ""snr"": -2.5, ""rssi"": -113, ""gateway_id"": ""mjv-casas""}, {""alt"": 1131, ""lat"": 40.589325292876616, ""lon"": -4.838257133960725, ""snr"": -5.75, ""rssi"": -113, ""gateway_id"": ""niharramikrotik""}, {""alt"": null, ""lat"": null, ""lon"": null, ""snr"": 2.5, ""rssi"": -113, ""gateway_id"": ""ext-sg50-029""}, {""alt"": null, ""lat"": null, ""lon"": null, ""snr"": -7.2, ""rssi"": -114, ""gateway_id"": ""ext-sg50-015""}, {""alt"": 8, ""lat"": 42.195765, ""lon"": -6.006521, ""snr"": -6.5, ""rssi"": -115, ""gateway_id"": ""5031395365454751""}, {""alt"": 765, ""lat"": 41.70253250763931, ""lon"": -4.708266556262971, ""snr"": -6, ""rssi"": -115, ""gateway_id"": ""italr0001""}, {""alt"": 391, ""lat"": 39.4920534590841, ""lon"": -6.57908320426941, ""snr"": -8.8, ""rssi"": -115, ""gateway_id"": ""cdtic-multitech-4""}, {""alt"": null, ""lat"": null, ""lon"": null, ""snr"": -7.5, ""rssi"": -118, ""gateway_id"": ""sg50-perte-malpica-05""}, {""alt"": null, ""lat"": null, ""lon"": null, ""snr"": -8.2, ""rssi"": -119, ""gateway_id"": ""ext-sg50-024""}, {""alt"": null, ""lat"": 40.954279046747715, ""lon"": -4.142631590366364, ""snr"": -5.5, ""rssi"": -119, ""gateway_id"": ""italr0005""}]",EU
274301c7-4707-4a09-b9cf-1ec1be87c16d,stratolink-3-eu,2026-05-28 11:25:40.463498+00:00,40.6257961,-6.428663,10009.0,1.00378867036993,4.39687483392886,2026-05-28 11:25:41.992188+00:00,2.0,8738.0,1.0,-7.2,280.6,5.05,5.36,-114.0,0.8,4.51,12.86,27.0,-3.37,8.75,-0.15,,,,,,,7.0,125000.0,868100000.0,"[{""alt"": null, ""lat"": null, ""lon"": null, ""snr"": 2.5, ""rssi"": -106, ""gateway_id"": ""cicytex-ic003""}, {""alt"": null, ""lat"": null, ""lon"": null, ""snr"": 5, ""rssi"": -107, ""gateway_id"": ""mtcdtip02-l4e1-9""}, {""alt"": null, ""lat"": null, ""lon"": null, ""snr"": -5, ""rssi"": -110, ""gateway_id"": ""mtcdtip02-l4e1-1""}, {""alt"": null, ""lat"": null, ""lon"": null, ""snr"": -4.8, ""rssi"": -111, ""gateway_id"": ""cicytex-icmc-002""}, {""alt"": null, ""lat"": null, ""lon"": null, ""snr"": 5.5, ""rssi"": -111, ""gateway_id"": ""ext-sg50-029""}, {""alt"": null, ""lat"": null, ""lon"": null, ""snr"": -8.8, ""rssi"": -112, ""gateway_id"": ""ext-sg50-018""}, {""alt"": null, ""lat"": null, ""lon"": null, ""snr"": -7.8, ""rssi"": -113, ""gateway_id"": ""dlps8-105""}, {""alt"": null, ""lat"": null, ""lon"": null, ""snr"": -6, ""rssi"": -113, ""gateway_id"": ""mtcdtip02-l4e1-13""}, {""alt"": 391, ""lat"": 39.4920534590841, ""lon"": -6.57908320426941, ""snr"": -0.5, ""rssi"": -113, ""gateway_id"": ""cdtic-multitech-4""}, {""alt"": null, ""lat"": 40.962541751597406, ""lon"": -5.675446072867432, ""snr"": -2, ""rssi"": -113, ""gateway_id"": ""packetbroker""}, {""alt"": null, ""lat"": null, ""lon"": null, ""snr"": 0.8, ""rssi"": -114, ""gateway_id"": ""mjv-casas""}, {""alt"": 1131, ""lat"": 40.589325292876616, ""lon"": -4.838257133960725, ""snr"": -3.5, ""rssi"": -114, ""gateway_id"": ""niharramikrotik""}, {""alt"": null, ""lat"": null, ""lon"": null, ""snr"": -9.2, ""rssi"": -114, ""gateway_id"": ""dlps8-103""}, {""alt"": null, ""lat"": null, ""lon"": null, ""snr"": -3.8, ""rssi"": -114, ""gateway_id"": ""mtcdtip02-l4e1-7""}, {""alt"": null, ""lat"": null, ""lon"": null, ""snr"": -0.8, ""rssi"": -115, ""gateway_id"": ""ext-sg50-015""}, {""alt"": null, ""lat"": null, ""lon"": null, ""snr"": -6.8, ""rssi"": -116, ""gateway_id"": ""sg50-perte-malpica-06""}, {""alt"": null, ""lat"": null, ""lon"": null, ""snr"": 2.2, ""rssi"": -116, ""gateway_id"": ""ext-sg50-023""}, {""alt"": null, ""lat"": null, ""lon"": null, ""snr"": -3.2, ""rssi"": -117, ""gateway_id"": ""ext-sg50-028""}, {""alt"": null, ""lat"": null, ""lon"": null, ""snr"": -2.2, ""rssi"": -117, ""gateway_id"": ""sg50-perte-malpica-05""}, {""alt"": 1550, ""lat"": 40.5481739449056, ""lon"": -5.16353885114368, ""snr"": -5.75, ""rssi"": -117, ""gateway_id"": ""meceiot-004-5030354163554750""}, {""alt"": null, ""lat"": null, ""lon"": null, ""snr"": -3.5, ""rssi"": -118, ""gateway_id"": ""sg50-eui-c0ba1ffffe004945""}, {""alt"": null, ""lat"": null, ""lon"": null, ""snr"": -8.8, ""rssi"": -119, ""gateway_id"": ""mitigasmart-cc""}, {""alt"": null, ""lat"": null, ""lon"": null, ""snr"": -7, ""rssi"": -119, ""gateway_id"": ""sg50-perte-malpica-07""}, {""alt"": null, ""lat"": null, ""lon"": null, ""snr"": -7.2, ""rssi"": -120, ""gateway_id"": ""ext-sg50-022""}, {""alt"": 600, ""lat"": 40.13814, ""lon"": -7.50059, ""snr"": -5.2, ""rssi"": -121, ""gateway_id"": ""v3-eui-b827ebfffebf1f02""}]",EU
68edd12d-9798-466a-a0b0-6e44489b9faf,stratolink-3-eu,2026-05-28 11:30:48.685469+00:00,40.6257961,-6.428663,10009.0,1.00378867036993,4.39687483392886,2026-05-28 11:30:49.113076+00:00,3.0,8738.0,1.0,-10.4,280.0,5.024,5.38,-115.0,-5.2,4.51,12.86,27.0,-3.22,9.06,0.61,,,,,,,7.0,125000.0,868300000.0,"[{""alt"": null, ""lat"": null, ""lon"": null, ""snr"": -2, ""rssi"": -107, ""gateway_id"": ""cicytex-ic003""}, {""alt"": null, ""lat"": null, ""lon"": null, ""snr"": 3.2, ""rssi"": -107, ""gateway_id"": ""mtcdtip02-l4e1-9""}, {""alt"": null, ""lat"": null, ""lon"": null, ""snr"": -8.8, ""rssi"": -108, ""gateway_id"": ""ext-sg50-018""}, {""alt"": null, ""lat"": null, ""lon"": null, ""snr"": 6.5, ""rssi"": -109, ""gateway_id"": ""ext-sg50-029""}, {""alt"": null, ""lat"": null, ""lon"": null, ""snr"": -6.3, ""rssi"": -111, ""gateway_id"": ""cicytex-icmc-002""}, {""alt"": null, ""lat"": null, ""lon"": null, ""snr"": -6.2, ""rssi"": -111, ""gateway_id"": ""mtcdtip02-l4e1-5""}, {""alt"": null, ""lat"": null, ""lon"": null, ""snr"": -2, ""rssi"": -113, ""gateway_id"": ""mtcdtip02-l4e1-7""}, {""alt"": null, ""lat"": 39.9775352459947, ""lon"": -6.04510360141884, ""snr"": -7.75, ""rssi"": -113, ""gateway_id"": ""jfmateos-rak7250-rioseco""}, {""alt"": null, ""lat"": 40.962541751597406, ""lon"": -5.675446072867432, ""snr"": -0.5, ""rssi"": -113, ""gateway_id"": ""packetbroker""}, {""alt"": null, ""lat"": null, ""lon"": null, ""snr"": -9.8, ""rssi"": -113, ""gateway_id"": ""ext-dlos8-007""}, {""alt"": 391, ""lat"": 39.4920534590841, ""lon"": -6.57908320426941, ""snr"": -2, ""rssi"": -114, ""gateway_id"": ""cdtic-multitech-4""}, {""alt"": null, ""lat"": null, ""lon"": null, ""snr"": -7.2, ""rssi"": -114, ""gateway_id"": ""mtcdtip02-l4e1-16""}, {""alt"": null, ""lat"": null, ""lon"": null, ""snr"": -4.8, ""rssi"": -114, ""gateway_id"": ""mtcdtip02-l4e1-15""}, {""alt"": null, ""lat"": null, ""lon"": null, ""snr"": -8, ""rssi"": -114, ""gateway_id"": ""mtcdtip02-l4e1-11""}, {""alt"": null, ""lat"": null, ""lon"": null, ""snr"": -5.2, ""rssi"": -115, ""gateway_id"": ""mjv-casas""}, {""alt"": null, ""lat"": null, ""lon"": null, ""snr"": -1.25, ""rssi"": -115, ""gateway_id"": ""d401c3ffff6d00a4""}, {""alt"": 500, ""lat"": 41.2090915448, ""lon"": -7.4329554723, ""snr"": -6.5, ""rssi"": -115, ""gateway_id"": ""aciprestes-gw""}, {""alt"": null, ""lat"": null, ""lon"": null, ""snr"": 1.5, ""rssi"": -116, ""gateway_id"": ""ext-sg50-023""}, {""alt"": null, ""lat"": null, ""lon"": null, ""snr"": -6.5, ""rssi"": -117, ""gateway_id"": ""ext-sg50-026""}, {""alt"": null, ""lat"": null, ""lon"": null, ""snr"": -1.2, ""rssi"": -117, ""gateway_id"": ""ext-sg50-024""}, {""alt"": null, ""lat"": null, ""lon"": null, ""snr"": -5.2, ""rssi"": -117, ""gateway_id"": ""ext-sg50-028""}, {""alt"": null, ""lat"": null, ""lon"": null, ""snr"": -2, ""rssi"": -118, ""gateway_id"": ""ext-sg50-022""}, {""alt"": 297, ""lat"": 40.108033, ""lon"": -6.632828, ""snr"": -6.8, ""rssi"": -118, ""gateway_id"": ""tef-mls-01""}, {""alt"": null, ""lat"": null, ""lon"": null, ""snr"": -8, ""rssi"": -119, ""gateway_id"": ""sg50-eui-c0ba1ffffe004945""}, {""alt"": null, ""lat"": null, ""lon"": null, ""snr"": -7, ""rssi"": -119, ""gateway_id"": ""sg50-perte-malpica-05""}, {""alt"": null, ""lat"": 40.954279046747715, ""lon"": -4.142631590366364, ""snr"": -7.5, ""rssi"": -121, ""gateway_id"": ""italr0005""}]",EU
8265c7d7-c2ec-4f78-8816-4e93a928af84,stratolink-3-eu,2026-05-28 11:35:56.878674+00:00,40.6257961,-6.428663,10009.0,1.00378867036993,4.39687483392886,2026-05-28 11:35:57.312064+00:00,1.0,8738.0,0.0,-16.9,280.0,4.992,5.386,-116.0,-7.0,4.51,12.86,27.0,-3.22,8.9,-0.46,,,,,,,7.0,125000.0,868500000.0,"[{""alt"": null, ""lat"": 40.962758045083945, ""lon"": -5.675633842073217, ""snr"": 3.75, ""rssi"": -108, ""gateway_id"": ""packetbroker""}, {""alt"": null, ""lat"": null, ""lon"": null, ""snr"": -3.2, ""rssi"": -108, ""gateway_id"": ""mtcdtip02-l4e1-9""}, {""alt"": null, ""lat"": null, ""lon"": null, ""snr"": -8, ""rssi"": -109, ""gateway_id"": ""cicytex-ic003""}, {""alt"": null, ""lat"": null, ""lon"": null, ""snr"": -7.2, ""rssi"": -110, ""gateway_id"": ""mtcdtip02-l4e1-1""}, {""alt"": null, ""lat"": null, ""lon"": null, ""snr"": -8.3, ""rssi"": -111, ""gateway_id"": ""cicytex-icmc-002""}, {""alt"": null, ""lat"": 40.962541751597406, ""lon"": -5.675446072867432, ""snr"": 0.25, ""rssi"": -111, ""gateway_id"": ""packetbroker""}, {""alt"": 1550, ""lat"": 40.5481739449056, ""lon"": -5.16353885114368, ""snr"": -1.75, ""rssi"": -113, ""gateway_id"": ""meceiot-004-5030354163554750""}, {""alt"": null, ""lat"": null, ""lon"": null, ""snr"": 0.8, ""rssi"": -114, ""gateway_id"": ""mjv-casas""}, {""alt"": null, ""lat"": null, ""lon"": null, ""snr"": -5.5, ""rssi"": -114, ""gateway_id"": ""mtcdtip02-l4e1-7""}, {""alt"": null, ""lat"": null, ""lon"": null, ""snr"": 1.2, ""rssi"": -114, ""gateway_id"": ""ext-sg50-029""}, {""alt"": 674, ""lat"": 41.81858911263017, ""lon"": -6.7508557295156235, ""snr"": -7.5, ""rssi"": -115, ""gateway_id"": ""lora-more""}, {""alt"": 1131, ""lat"": 40.589325292876616, ""lon"": -4.838257133960725, ""snr"": -2.5, ""rssi"": -115, ""gateway_id"": ""niharramikrotik""}, {""alt"": 765, ""lat"": 41.70253250763931, ""lon"": -4.708266556262971, ""snr"": -4.25, ""rssi"": -115, ""gateway_id"": ""italr0001""}, {""alt"": null, ""lat"": 40.954279046747715, ""lon"": -4.142631590366364, ""snr"": -1.75, ""rssi"": -115, ""gateway_id"": ""italr0005""}, {""alt"": 940, ""lat"": 40.968865323719, ""lon"": -5.64232170581818, ""snr"": -7, ""rssi"": -116, ""gateway_id"": ""rio-tormes-1b""}, {""alt"": 300, ""lat"": 40.0702558044694, ""lon"": -6.65818959474564, ""snr"": -2.8, ""rssi"": -116, ""gateway_id"": ""cdtic-multitech-5""}, {""alt"": null, ""lat"": null, ""lon"": null, ""snr"": -7, ""rssi"": -117, ""gateway_id"": ""sg50-perte-malpica-07""}, {""alt"": null, ""lat"": null, ""lon"": null, ""snr"": -8, ""rssi"": -118, ""gateway_id"": ""ext-sg50-028""}, {""alt"": null, ""lat"": null, ""lon"": null, ""snr"": -9.2, ""rssi"": -118, ""gateway_id"": ""mitigasmart-cc""}, {""alt"": null, ""lat"": null, ""lon"": null, ""snr"": -5.8, ""rssi"": -118, ""gateway_id"": ""sg50-perte-malpica-05""}, {""alt"": null, ""lat"": null, ""lon"": null, ""snr"": -8.8, ""rssi"": -118, ""gateway_id"": ""sg50-eui-c0ba1ffffe004945""}, {""alt"": null, ""lat"": null, ""lon"": null, ""snr"": -8, ""rssi"": -119, ""gateway_id"": ""ext-sg50-024""}, {""alt"": null, ""lat"": null, ""lon"": null, ""snr"": -6.5, ""rssi"": -125, ""gateway_id"": ""antena-granjas-rendondo-01""}]",EU
e4973e27-a304-4e86-8674-1ee57826dbcf,stratolink-3-eu,2026-05-28 11:41:05.215473+00:00,40.6257961,-6.428663,10009.0,1.00378867036993,4.39687483392886,2026-05-28 11:41:06.677417+00:00,3.0,8738.0,1.0,-18.0,280.0,4.94,5.38,-119.0,-4.0,4.51,12.86,27.0,-3.37,8.75,-0.15,,,,,,,7.0,125000.0,868100000.0,"[{""alt"": null, ""lat"": null, ""lon"": null, ""snr"": -8, ""rssi"": -110, ""gateway_id"": ""cicytex-ic003""}, {""alt"": null, ""lat"": 40.962758045083945, ""lon"": -5.675633842073217, ""snr"": 2, ""rssi"": -110, ""gateway_id"": ""packetbroker""}, {""alt"": null, ""lat"": null, ""lon"": null, ""snr"": -2.5, ""rssi"": -110, ""gateway_id"": ""mtcdtip02-l4e1-9""}, {""alt"": null, ""lat"": null, ""lon"": null, ""snr"": 2.5, ""rssi"": -111, ""gateway_id"": ""ext-sg50-029""}, {""alt"": 674, ""lat"": 41.81858911263017, ""lon"": -6.7508557295156235, ""snr"": -3.5, ""rssi"": -113, ""gateway_id"": ""lora-more""}, {""alt"": null, ""lat"": 40.962541751597406, ""lon"": -5.675446072867432, ""snr"": 1.25, ""rssi"": -113, ""gateway_id"": ""packetbroker""}, {""alt"": null, ""lat"": null, ""lon"": null, ""snr"": -2.5, ""rssi"": -113, ""gateway_id"": ""mtcdtip02-l4e1-7""}, {""alt"": null, ""lat"": null, ""lon"": null, ""snr"": -3.2, ""rssi"": -114, ""gateway_id"": ""mtcdtip02-l4e1-15""}, {""alt"": null, ""lat"": null, ""lon"": null, ""snr"": -4.8, ""rssi"": -115, ""gateway_id"": ""mjv-casas""}, {""alt"": null, ""lat"": null, ""lon"": null, ""snr"": -6, ""rssi"": -115, ""gateway_id"": ""d401c3ffff6d00a4""}, {""alt"": null, ""lat"": null, ""lon"": null, ""snr"": -8, ""rssi"": -115, ""gateway_id"": ""ext-sg50-018""}, {""alt"": 300, ""lat"": 40.0702558044694, ""lon"": -6.65818959474564, ""snr"": -2.8, ""rssi"": -116, ""gateway_id"": ""cdtic-multitech-5""}, {""alt"": 1550, ""lat"": 40.5481739449056, ""lon"": -5.16353885114368, ""snr"": -6.25, ""rssi"": -116, ""gateway_id"": ""meceiot-004-5030354163554750""}, {""alt"": 940, ""lat"": 40.968865323719, ""lon"": -5.64232170581818, ""snr"": -3.25, ""rssi"": -117, ""gateway_id"": ""rio-tormes-1b""}, {""alt"": 391, ""lat"": 39.4920534590841, ""lon"": -6.57908320426941, ""snr"": -8.2, ""rssi"": -117, ""gateway_id"": ""cdtic-multitech-4""}, {""alt"": null, ""lat"": null, ""lon"": null, ""snr"": 0.5, ""rssi"": -117, ""gateway_id"": ""ext-sg50-023""}, {""alt"": null, ""lat"": null, ""lon"": null, ""snr"": -2, ""rssi"": -118, ""gateway_id"": ""ext-sg50-024""}, {""alt"": null, ""lat"": null, ""lon"": null, ""snr"": -2.8, ""rssi"": -118, ""gateway_id"": ""ext-sg50-015""}, {""alt"": 600, ""lat"": 40.13814, ""lon"": -7.50059, ""snr"": -4, ""rssi"": -119, ""gateway_id"": ""v3-eui-b827ebfffebf1f02""}, {""alt"": null, ""lat"": null, ""lon"": null, ""snr"": -7.8, ""rssi"": -119, ""gateway_id"": ""mitigasmart-cc""}, {""alt"": 297, ""lat"": 40.108033, ""lon"": -6.632828, ""snr"": -7.2, ""rssi"": -119, ""gateway_id"": ""tef-mls-01""}, {""alt"": null, ""lat"": null, ""lon"": null, ""snr"": -5.8, ""rssi"": -120, ""gateway_id"": ""ext-sg50-022""}, {""alt"": null, ""lat"": null, ""lon"": null, ""snr"": -8.5, ""rssi"": -120, ""gateway_id"": ""sg50-eui-c0ba1ffffe004945""}, {""alt"": null, ""lat"": 40.954279046747715, ""lon"": -4.142631590366364, ""snr"": -6.75, ""rssi"": -121, ""gateway_id"": ""italr0005""}]",EU
fc15e7ac-840d-45d5-8796-a65b728a45a5,stratolink-3-eu,2026-05-28 11:46:13.551682+00:00,40.6257961,-6.428663,10009.0,1.00378867036993,4.39687483392886,2026-05-28 11:46:15.494229+00:00,3.0,8738.0,1.0,-17.2,279.4,4.998,5.38,-115.0,0.2,4.51,12.86,27.0,-3.22,8.75,-0.15,,,,,,,7.0,125000.0,868300000.0,"[{""alt"": null, ""lat"": 40.962758045083945, ""lon"": -5.675633842073217, ""snr"": 3.5, ""rssi"": -108, ""gateway_id"": ""packetbroker""}, {""alt"": null, ""lat"": null, ""lon"": null, ""snr"": -9, ""rssi"": -109, ""gateway_id"": ""cicytex-ic003""}, {""alt"": null, ""lat"": null, ""lon"": null, ""snr"": -9.3, ""rssi"": -111, ""gateway_id"": ""cicytex-icmc-002""}, {""alt"": null, ""lat"": null, ""lon"": null, ""snr"": -4, ""rssi"": -111, ""gateway_id"": ""mtcdtip02-l4e1-9""}, {""alt"": null, ""lat"": null, ""lon"": null, ""snr"": 4.2, ""rssi"": -112, ""gateway_id"": ""ext-sg50-029""}, {""alt"": 674, ""lat"": 41.81858911263017, ""lon"": -6.7508557295156235, ""snr"": -7.3, ""rssi"": -113, ""gateway_id"": ""lora-more""}, {""alt"": 940, ""lat"": 40.968865323719, ""lon"": -5.64232170581818, ""snr"": -1.25, ""rssi"": -113, ""gateway_id"": ""rio-tormes-1b""}, {""alt"": null, ""lat"": null, ""lon"": null, ""snr"": -3, ""rssi"": -113, ""gateway_id"": ""mtcdtip02-l4e1-15""}, {""alt"": null, ""lat"": 40.962541751597406, ""lon"": -5.675446072867432, ""snr"": -1.25, ""rssi"": -113, ""gateway_id"": ""packetbroker""}, {""alt"": null, ""lat"": null, ""lon"": null, ""snr"": -2.8, ""rssi"": -114, ""gateway_id"": ""mtcdtip02-l4e1-7""}, {""alt"": null, ""lat"": null, ""lon"": null, ""snr"": 0.2, ""rssi"": -115, ""gateway_id"": ""mjv-casas""}, {""alt"": null, ""lat"": null, ""lon"": null, ""snr"": -5.5, ""rssi"": -115, ""gateway_id"": ""d401c3ffff6d00a4""}, {""alt"": null, ""lat"": null, ""lon"": null, ""snr"": -2.5, ""rssi"": -116, ""gateway_id"": ""ext-sg50-015""}, {""alt"": null, ""lat"": null, ""lon"": null, ""snr"": -3.2, ""rssi"": -117, ""gateway_id"": ""ext-sg50-028""}, {""alt"": null, ""lat"": null, ""lon"": null, ""snr"": -0.8, ""rssi"": -117, ""gateway_id"": ""ext-sg50-023""}, {""alt"": null, ""lat"": null, ""lon"": null, ""snr"": -1.5, ""rssi"": -118, ""gateway_id"": ""ext-sg50-024""}, {""alt"": null, ""lat"": null, ""lon"": null, ""snr"": -2.8, ""rssi"": -118, ""gateway_id"": ""ext-sg50-022""}, {""alt"": 297, ""lat"": 40.108033, ""lon"": -6.632828, ""snr"": -2.8, ""rssi"": -118, ""gateway_id"": ""tef-mls-01""}, {""alt"": null, ""lat"": 40.954279046747715, ""lon"": -4.142631590366364, ""snr"": -8.75, ""rssi"": -122, ""gateway_id"": ""italr0005""}]",EU
7f70b1e3-fc8a-4330-8266-6685c1fd653c,stratolink-3-eu,2026-05-28 11:51:21.953081+00:00,40.6257961,-6.428663,10009.0,1.00378867036993,4.39687483392886,2026-05-28 11:51:22.419286+00:00,2.0,8738.0,1.0,-18.2,279.8,4.982,5.366,-113.0,0.8,4.51,12.86,27.0,-3.22,8.9,-0.76,,,,,,,7.0,125000.0,868500000.0,"[{""alt"": null, ""lat"": null, ""lon"": null, ""snr"": -1.2, ""rssi"": -106, ""gateway_id"": ""cicytex-ic003""}, {""alt"": null, ""lat"": null, ""lon"": null, ""snr"": -1.2, ""rssi"": -109, ""gateway_id"": ""mtcdtip02-l4e1-9""}, {""alt"": null, ""lat"": null, ""lon"": null, ""snr"": -4, ""rssi"": -110, ""gateway_id"": ""cicytex-icmc-002""}, {""alt"": null, ""lat"": null, ""lon"": null, ""snr"": -5.5, ""rssi"": -111, ""gateway_id"": ""mtcdtip02-l4e1-13""}, {""alt"": null, ""lat"": null, ""lon"": null, ""snr"": -7.8, ""rssi"": -111, ""gateway_id"": ""mtcdtip02-l4e1-11""}, {""alt"": null, ""lat"": 40.962541751597406, ""lon"": -5.675446072867432, ""snr"": -0.5, ""rssi"": -111, ""gateway_id"": ""packetbroker""}, {""alt"": null, ""lat"": null, ""lon"": null, ""snr"": 4.8, ""rssi"": -111, ""gateway_id"": ""ext-sg50-029""}, {""alt"": null, ""lat"": 39.9775352459947, ""lon"": -6.04510360141884, ""snr"": -5.75, ""rssi"": -112, ""gateway_id"": ""jfmateos-rak7250-rioseco""}, {""alt"": null, ""lat"": null, ""lon"": null, ""snr"": 0.8, ""rssi"": -113, ""gateway_id"": ""mjv-casas""}, {""alt"": null, ""lat"": null, ""lon"": null, ""snr"": -6.5, ""rssi"": -113, ""gateway_id"": ""dlps8-103""}, {""alt"": null, ""lat"": 40.962758045083945, ""lon"": -5.675633842073217, ""snr"": -4, ""rssi"": -113, ""gateway_id"": ""packetbroker""}, {""alt"": null, ""lat"": null, ""lon"": null, ""snr"": -4.2, ""rssi"": -113, ""gateway_id"": ""mtcdtip02-l4e1-15""}, {""alt"": null, ""lat"": null, ""lon"": null, ""snr"": -6, ""rssi"": -113, ""gateway_id"": ""mtcdtip02-l4e1-5""}, {""alt"": 1131, ""lat"": 40.589325292876616, ""lon"": -4.838257133960725, ""snr"": -2, ""rssi"": -114, ""gateway_id"": ""niharramikrotik""}, {""alt"": null, ""lat"": null, ""lon"": null, ""snr"": -3.2, ""rssi"": -114, ""gateway_id"": ""mtcdtip02-l4e1-7""}, {""alt"": 1550, ""lat"": 40.5481739449056, ""lon"": -5.16353885114368, ""snr"": -4.75, ""rssi"": -115, ""gateway_id"": ""meceiot-004-5030354163554750""}, {""alt"": null, ""lat"": null, ""lon"": null, ""snr"": -0.5, ""rssi"": -115, ""gateway_id"": ""ext-sg50-015""}, {""alt"": null, ""lat"": null, ""lon"": null, ""snr"": -6.25, ""rssi"": -116, ""gateway_id"": ""d401c3ffff6d00a4""}, {""alt"": null, ""lat"": null, ""lon"": null, ""snr"": -2.8, ""rssi"": -116, ""gateway_id"": ""mitigasmart-cc""}, {""alt"": 297, ""lat"": 40.108033, ""lon"": -6.632828, ""snr"": null, ""rssi"": -116, ""gateway_id"": ""tef-mls-01""}, {""alt"": null, ""lat"": null, ""lon"": null, ""snr"": -7.8, ""rssi"": -116, ""gateway_id"": ""sg50-perte-malpica-01""}, {""alt"": null, ""lat"": null, ""lon"": null, ""snr"": -0.5, ""rssi"": -116, ""gateway_id"": ""ext-sg50-023""}, {""alt"": 940, ""lat"": 40.968865323719, ""lon"": -5.64232170581818, ""snr"": -0.5, ""rssi"": -117, ""gateway_id"": ""rio-tormes-1b""}, {""alt"": null, ""lat"": null, ""lon"": null, ""snr"": -3.8, ""rssi"": -117, ""gateway_id"": ""ext-sg50-028""}, {""alt"": null, ""lat"": 40.954279046747715, ""lon"": -4.142631590366364, ""snr"": -3.5, ""rssi"": -117, ""gateway_id"": ""italr0005""}, {""alt"": null, ""lat"": null, ""lon"": null, ""snr"": -5.2, ""rssi"": -117, ""gateway_id"": ""sg50-perte-malpica-07""}, {""alt"": null, ""lat"": null, ""lon"": null, ""snr"": -9.8, ""rssi"": -118, ""gateway_id"": ""ext-sg50-026""}, {""alt"": null, ""lat"": null, ""lon"": null, ""snr"": -2, ""rssi"": -118, ""gateway_id"": ""ext-sg50-024""}, {""alt"": null, ""lat"": null, ""lon"": null, ""snr"": -7, ""rssi"": -118, ""gateway_id"": ""sg50-eui-c0ba1ffffe004945""}, {""alt"": null, ""lat"": null, ""lon"": null, ""snr"": -9.2, ""rssi"": -119, ""gateway_id"": ""ext-sg50-011""}]",EU
ec18a8ab-63d6-4170-8bc5-55298e4891ed,stratolink-3-eu,2026-05-28 11:56:30.566463+00:00,40.6257961,-6.428663,10009.0,1.00378867036993,4.39687483392886,2026-05-28 11:56:31.345977+00:00,1.0,8738.0,0.0,-23.9,280.1,4.896,5.366,-115.0,-6.8,4.51,12.86,27.0,-3.22,8.75,-0.76,,,,,,,7.0,125000.0,868100000.0,"[{""alt"": null, ""lat"": 40.962541751597406, ""lon"": -5.675446072867432, ""snr"": 4.25, ""rssi"": -108, ""gateway_id"": ""packetbroker""}, {""alt"": null, ""lat"": null, ""lon"": null, ""snr"": -2, ""rssi"": -109, ""gateway_id"": ""cicytex-ic003""}, {""alt"": null, ""lat"": 40.962758045083945, ""lon"": -5.675633842073217, ""snr"": 2.75, ""rssi"": -113, ""gateway_id"": ""packetbroker""}, {""alt"": null, ""lat"": null, ""lon"": null, ""snr"": -6, ""rssi"": -114, ""gateway_id"": ""mtcdtip02-l4e1-15""}, {""alt"": null, ""lat"": null, ""lon"": null, ""snr"": 2.8, ""rssi"": -114, ""gateway_id"": ""ext-sg50-029""}, {""alt"": 674, ""lat"": 41.81858911263017, ""lon"": -6.7508557295156235, ""snr"": -6.8, ""rssi"": -115, ""gateway_id"": ""lora-more""}, {""alt"": null, ""lat"": 42.3745405722791, ""lon"": -5.96814936380405, ""snr"": -7.25, ""rssi"": -115, ""gateway_id"": ""packetbroker""}, {""alt"": 8, ""lat"": 42.195765, ""lon"": -6.006521, ""snr"": -7.75, ""rssi"": -115, ""gateway_id"": ""5031395365454751""}, {""alt"": 391, ""lat"": 39.4920534590841, ""lon"": -6.57908320426941, ""snr"": -4.2, ""rssi"": -115, ""gateway_id"": ""cdtic-multitech-4""}, {""alt"": null, ""lat"": null, ""lon"": null, ""snr"": -8.75, ""rssi"": -115, ""gateway_id"": ""d401c3ffff6d00a4""}, {""alt"": 765, ""lat"": 41.70253250763931, ""lon"": -4.708266556262971, ""snr"": -7.25, ""rssi"": -116, ""gateway_id"": ""italr0001""}, {""alt"": null, ""lat"": 40.954279046747715, ""lon"": -4.142631590366364, ""snr"": -4.75, ""rssi"": -119, ""gateway_id"": ""italr0005""}, {""alt"": null, ""lat"": null, ""lon"": null, ""snr"": -8.2, ""rssi"": -119, ""gateway_id"": ""mitigasmart-cc""}, {""alt"": null, ""lat"": null, ""lon"": null, ""snr"": -5, ""rssi"": -119, ""gateway_id"": ""ext-sg50-024""}, {""alt"": null, ""lat"": null, ""lon"": null, ""snr"": -8.5, ""rssi"": -119, ""gateway_id"": ""sg50-perte-malpica-05""}, {""alt"": 297, ""lat"": 40.108033, ""lon"": -6.632828, ""snr"": -6.8, ""rssi"": -120, ""gateway_id"": ""tef-mls-01""}]",EU
014c5336-3641-4382-9458-bc47508cadab,stratolink-3-eu,2026-05-28 12:01:39.072010+00:00,40.6257961,-6.428663,10009.0,1.00378867036993,4.39687483392886,2026-05-28 12:01:40.263990+00:00,2.0,8738.0,1.0,-19.7,280.1,4.96,5.36,-111.0,2.0,4.51,12.86,27.0,-3.37,8.75,-0.92,,,,,,,7.0,125000.0,868300000.0,"[{""alt"": null, ""lat"": null, ""lon"": null, ""snr"": -4.2, ""rssi"": -108, ""gateway_id"": ""cicytex-ic003""}, {""alt"": null, ""lat"": null, ""lon"": null, ""snr"": -3, ""rssi"": -110, ""gateway_id"": ""mtcdtip02-l4e1-9""}, {""alt"": null, ""lat"": 40.962758045083945, ""lon"": -5.675633842073217, ""snr"": 2, ""rssi"": -110, ""gateway_id"": ""packetbroker""}, {""alt"": null, ""lat"": 40.962541751597406, ""lon"": -5.675446072867432, ""snr"": 2, ""rssi"": -111, ""gateway_id"": ""packetbroker""}, {""alt"": null, ""lat"": null, ""lon"": null, ""snr"": -8.8, ""rssi"": -113, ""gateway_id"": ""mtcdtip02-l4e1-11""}, {""alt"": null, ""lat"": null, ""lon"": null, ""snr"": -8.2, ""rssi"": -113, ""gateway_id"": ""mtcdtip02-l4e1-7""}, {""alt"": null, ""lat"": null, ""lon"": null, ""snr"": -3.5, ""rssi"": -114, ""gateway_id"": ""mtcdtip02-l4e1-15""}, {""alt"": null, ""lat"": null, ""lon"": null, ""snr"": 2.5, ""rssi"": -114, ""gateway_id"": ""ext-sg50-029""}, {""alt"": null, ""lat"": null, ""lon"": null, ""snr"": -4.5, ""rssi"": -114, ""gateway_id"": ""d401c3ffff6d00a4""}, {""alt"": null, ""lat"": null, ""lon"": null, ""snr"": -7.5, ""rssi"": -118, ""gateway_id"": ""ext-sg50-015""}, {""alt"": null, ""lat"": null, ""lon"": null, ""snr"": -4.2, ""rssi"": -118, ""gateway_id"": ""ext-sg50-028""}, {""alt"": null, ""lat"": null, ""lon"": null, ""snr"": -8.8, ""rssi"": -118, ""gateway_id"": ""sg50-perte-malpica-05""}, {""alt"": 297, ""lat"": 40.108033, ""lon"": -6.632828, ""snr"": -3.8, ""rssi"": -118, ""gateway_id"": ""tef-mls-01""}, {""alt"": null, ""lat"": null, ""lon"": null, ""snr"": -9, ""rssi"": -118, ""gateway_id"": ""sg50-perte-malpica-07""}, {""alt"": null, ""lat"": null, ""lon"": null, ""snr"": -3.8, ""rssi"": -118, ""gateway_id"": ""ext-sg50-023""}, {""alt"": null, ""lat"": null, ""lon"": null, ""snr"": -5, ""rssi"": -119, ""gateway_id"": ""ext-sg50-024""}, {""alt"": null, ""lat"": null, ""lon"": null, ""snr"": -8.2, ""rssi"": -119, ""gateway_id"": ""ext-sg50-022""}, {""alt"": null, ""lat"": 40.954279046747715, ""lon"": -4.142631590366364, ""snr"": -7, ""rssi"": -120, ""gateway_id"": ""italr0005""}]",EU
8c68434d-1a3a-4ef0-8a3a-84c2d0f6d8fa,stratolink-3-eu,2026-05-28 12:06:47.531848+00:00,40.6257961,-6.428663,10009.0,1.00378867036993,4.39687483392886,2026-05-28 12:06:48.144370+00:00,1.0,8738.0,0.0,-20.1,279.8,4.928,5.374,-111.0,-9.0,4.51,12.86,27.0,-3.53,8.6,-0.15,,,,,,,7.0,125000.0,868500000.0,"[{""alt"": null, ""lat"": 40.962758045083945, ""lon"": -5.675633842073217, ""snr"": 4.5, ""rssi"": -107, ""gateway_id"": ""packetbroker""}, {""alt"": null, ""lat"": 40.962541751597406, ""lon"": -5.675446072867432, ""snr"": 4.5, ""rssi"": -107, ""gateway_id"": ""packetbroker""}, {""alt"": null, ""lat"": null, ""lon"": null, ""snr"": -3.8, ""rssi"": -108, ""gateway_id"": ""cicytex-ic003""}, {""alt"": 765, ""lat"": 41.70253250763931, ""lon"": -4.708266556262971, ""snr"": -3.75, ""rssi"": -109, ""gateway_id"": ""italr0001""}, {""alt"": null, ""lat"": null, ""lon"": null, ""snr"": -4.2, ""rssi"": -110, ""gateway_id"": ""mtcdtip02-l4e1-9""}, {""alt"": 1131, ""lat"": 40.65110091852006, ""lon"": -4.679304063320161, ""snr"": -9, ""rssi"": -111, ""gateway_id"": ""mikrotikepsa""}, {""alt"": 674, ""lat"": 41.81858911263017, ""lon"": -6.7508557295156235, ""snr"": -7, ""rssi"": -113, ""gateway_id"": ""lora-more""}, {""alt"": 1131, ""lat"": 40.589325292876616, ""lon"": -4.838257133960725, ""snr"": -0.5, ""rssi"": -113, ""gateway_id"": ""niharramikrotik""}, {""alt"": null, ""lat"": null, ""lon"": null, ""snr"": 1, ""rssi"": -114, ""gateway_id"": ""mjv-casas""}, {""alt"": null, ""lat"": 40.954279046747715, ""lon"": -4.142631590366364, ""snr"": -0.5, ""rssi"": -114, ""gateway_id"": ""italr0005""}, {""alt"": null, ""lat"": null, ""lon"": null, ""snr"": 0.5, ""rssi"": -114, ""gateway_id"": ""ext-sg50-029""}, {""alt"": 391, ""lat"": 39.4920534590841, ""lon"": -6.57908320426941, ""snr"": -2.2, ""rssi"": -115, ""gateway_id"": ""cdtic-multitech-4""}, {""alt"": 1550, ""lat"": 40.5481739449056, ""lon"": -5.16353885114368, ""snr"": -8.75, ""rssi"": -116, ""gateway_id"": ""meceiot-004-5030354163554750""}, {""alt"": null, ""lat"": null, ""lon"": null, ""snr"": -9.5, ""rssi"": -118, ""gateway_id"": ""mitigasmart-cc""}, {""alt"": null, ""lat"": null, ""lon"": null, ""snr"": -6.5, ""rssi"": -118, ""gateway_id"": ""sg50-perte-malpica-05""}, {""alt"": null, ""lat"": null, ""lon"": null, ""snr"": -6.5, ""rssi"": -119, ""gateway_id"": ""ext-sg50-024""}, {""alt"": null, ""lat"": null, ""lon"": null, ""snr"": -6.8, ""rssi"": -119, ""gateway_id"": ""ext-sg50-023""}, {""alt"": null, ""lat"": null, ""lon"": null, ""snr"": -9.75, ""rssi"": -121, ""gateway_id"": ""packetbroker""}]",EU
bec11004-c67d-4c16-bdbf-0eb56fbaa379,stratolink-3-eu,2026-05-28 12:11:56.303346+00:00,40.6257961,-6.428663,10009.0,1.00378867036993,4.39687483392886,2026-05-28 12:11:56.943891+00:00,2.0,8738.0,0.0,-21.1,279.7,4.936,5.366,-114.0,1.5,4.51,12.86,27.0,-3.68,8.75,-0.46,,,,,,,7.0,125000.0,868100000.0,"[{""alt"": null, ""lat"": null, ""lon"": null, ""snr"": -2.8, ""rssi"": -108, ""gateway_id"": ""cicytex-ic003""}, {""alt"": null, ""lat"": 40.962758045083945, ""lon"": -5.675633842073217, ""snr"": 3.25, ""rssi"": -110, ""gateway_id"": ""packetbroker""}, {""alt"": null, ""lat"": null, ""lon"": null, ""snr"": -3, ""rssi"": -110, ""gateway_id"": ""mtcdtip02-l4e1-9""}, {""alt"": null, ""lat"": null, ""lon"": null, ""snr"": -8, ""rssi"": -111, ""gateway_id"": ""cicytex-icmc-002""}, {""alt"": null, ""lat"": 40.962541751597406, ""lon"": -5.675446072867432, ""snr"": 1.25, ""rssi"": -111, ""gateway_id"": ""packetbroker""}, {""alt"": null, ""lat"": null, ""lon"": null, ""snr"": -6.2, ""rssi"": -113, ""gateway_id"": ""ext-sg50-018""}, {""alt"": null, ""lat"": null, ""lon"": null, ""snr"": 1.5, ""rssi"": -114, ""gateway_id"": ""mjv-casas""}, {""alt"": null, ""lat"": null, ""lon"": null, ""snr"": -3.5, ""rssi"": -114, ""gateway_id"": ""d401c3ffff6d00a4""}, {""alt"": null, ""lat"": null, ""lon"": null, ""snr"": 3, ""rssi"": -114, ""gateway_id"": ""ext-sg50-029""}, {""alt"": 674, ""lat"": 41.81858911263017, ""lon"": -6.7508557295156235, ""snr"": -5.5, ""rssi"": -115, ""gateway_id"": ""lora-more""}, {""alt"": 1131, ""lat"": 40.589325292876616, ""lon"": -4.838257133960725, ""snr"": -5, ""rssi"": -115, ""gateway_id"": ""niharramikrotik""}, {""alt"": null, ""lat"": null, ""lon"": null, ""snr"": -6.2, ""rssi"": -115, ""gateway_id"": ""mtcdtip02-l4e1-7""}, {""alt"": null, ""lat"": null, ""lon"": null, ""snr"": -4, ""rssi"": -115, ""gateway_id"": ""mtcdtip02-l4e1-15""}, {""alt"": 391, ""lat"": 39.4920534590841, ""lon"": -6.57908320426941, ""snr"": null, ""rssi"": -115, ""gateway_id"": ""cdtic-multitech-4""}, {""alt"": 765, ""lat"": 41.70253250763931, ""lon"": -4.708266556262971, ""snr"": -5.5, ""rssi"": -116, ""gateway_id"": ""italr0001""}, {""alt"": 1550, ""lat"": 40.5481739449056, ""lon"": -5.16353885114368, ""snr"": -7, ""rssi"": -116, ""gateway_id"": ""meceiot-004-5030354163554750""}, {""alt"": null, ""lat"": null, ""lon"": null, ""snr"": -5.5, ""rssi"": -118, ""gateway_id"": ""ext-sg50-028""}, {""alt"": null, ""lat"": null, ""lon"": null, ""snr"": -0.8, ""rssi"": -118, ""gateway_id"": ""ext-sg50-023""}, {""alt"": null, ""lat"": null, ""lon"": null, ""snr"": -3.5, ""rssi"": -119, ""gateway_id"": ""ext-sg50-024""}, {""alt"": null, ""lat"": null, ""lon"": null, ""snr"": -8.8, ""rssi"": -120, ""gateway_id"": ""ext-sg50-022""}, {""alt"": null, ""lat"": 40.954279046747715, ""lon"": -4.142631590366364, ""snr"": -8.5, ""rssi"": -122, ""gateway_id"": ""italr0005""}]",EU
3b51422b-7364-4af5-b3a9-3d40f74fa11e,stratolink-3-eu,2026-05-28 12:17:05.090548+00:00,40.6257961,-6.428663,10009.0,1.00378867036993,4.39687483392886,2026-05-28 12:17:06.750883+00:00,1.0,8738.0,0.0,-24.5,279.8,4.818,5.366,-111.0,-7.5,4.51,12.86,27.0,-3.37,8.75,-0.3,,,,,,,7.0,125000.0,868300000.0,"[{""alt"": null, ""lat"": 40.962758045083945, ""lon"": -5.675633842073217, ""snr"": 3, ""rssi"": -108, ""gateway_id"": ""packetbroker""}, {""alt"": null, ""lat"": null, ""lon"": null, ""snr"": -6.8, ""rssi"": -108, ""gateway_id"": ""mtcdtip02-l4e1-9""}, {""alt"": null, ""lat"": null, ""lon"": null, ""snr"": -7.8, ""rssi"": -108, ""gateway_id"": ""cicytex-ic003""}, {""alt"": null, ""lat"": 40.962541751597406, ""lon"": -5.675446072867432, ""snr"": 3, ""rssi"": -109, ""gateway_id"": ""packetbroker""}, {""alt"": 674, ""lat"": 41.81858911263017, ""lon"": -6.7508557295156235, ""snr"": -7.5, ""rssi"": -111, ""gateway_id"": ""lora-more""}, {""alt"": null, ""lat"": null, ""lon"": null, ""snr"": -7.2, ""rssi"": -112, ""gateway_id"": ""ext-dlos8-011""}, {""alt"": 765, ""lat"": 41.70253250763931, ""lon"": -4.708266556262971, ""snr"": -4.5, ""rssi"": -114, ""gateway_id"": ""italr0001""}, {""alt"": null, ""lat"": 40.954279046747715, ""lon"": -4.142631590366364, ""snr"": -1, ""rssi"": -114, ""gateway_id"": ""italr0005""}, {""alt"": 1550, ""lat"": 40.5481739449056, ""lon"": -5.16353885114368, ""snr"": -7.5, ""rssi"": -115, ""gateway_id"": ""meceiot-004-5030354163554750""}, {""alt"": null, ""lat"": null, ""lon"": null, ""snr"": -0.5, ""rssi"": -116, ""gateway_id"": ""ext-sg50-029""}, {""alt"": null, ""lat"": null, ""lon"": null, ""snr"": -6.5, ""rssi"": -118, ""gateway_id"": ""ext-sg50-028""}, {""alt"": null, ""lat"": null, ""lon"": null, ""snr"": -7, ""rssi"": -118, ""gateway_id"": ""sg50-perte-malpica-05""}, {""alt"": null, ""lat"": null, ""lon"": null, ""snr"": -7.2, ""rssi"": -119, ""gateway_id"": ""ext-sg50-024""}, {""alt"": null, ""lat"": null, ""lon"": null, ""snr"": -8.5, ""rssi"": -119, ""gateway_id"": ""mitigasmart-cc""}, {""alt"": null, ""lat"": null, ""lon"": null, ""snr"": -7.2, ""rssi"": -119, ""gateway_id"": ""sg50-perte-malpica-07""}]",EU
4aac9207-34db-49d9-86c3-5d775db08063,stratolink-3-eu,2026-05-28 12:22:14.021680+00:00,40.6257961,-6.428663,10009.0,1.00378867036993,4.39687483392886,2026-05-28 12:22:15.392304+00:00,1.0,8738.0,0.0,-24.2,278.7,4.958,5.364,-110.0,-3.0,4.51,12.86,27.0,-3.37,8.9,-0.46,,,,,,,7.0,125000.0,868500000.0,"[{""alt"": null, ""lat"": 40.962758045083945, ""lon"": -5.675633842073217, ""snr"": 3.5, ""rssi"": -107, ""gateway_id"": ""packetbroker""}, {""alt"": null, ""lat"": 40.962541751597406, ""lon"": -5.675446072867432, ""snr"": 1.75, ""rssi"": -108, ""gateway_id"": ""packetbroker""}, {""alt"": null, ""lat"": null, ""lon"": null, ""snr"": -6.2, ""rssi"": -108, ""gateway_id"": ""cicytex-ic003""}, {""alt"": null, ""lat"": null, ""lon"": null, ""snr"": -5.5, ""rssi"": -109, ""gateway_id"": ""mtcdtip02-l4e1-9""}, {""alt"": 940, ""lat"": 40.968865323719, ""lon"": -5.64232170581818, ""snr"": -3, ""rssi"": -110, ""gateway_id"": ""rio-tormes-1b""}, {""alt"": 1131, ""lat"": 40.589325292876616, ""lon"": -4.838257133960725, ""snr"": -3.5, ""rssi"": -112, ""gateway_id"": ""niharramikrotik""}, {""alt"": null, ""lat"": null, ""lon"": null, ""snr"": -8.5, ""rssi"": -112, ""gateway_id"": ""mtcdtip02-l4e1-7""}, {""alt"": null, ""lat"": 40.954279046747715, ""lon"": -4.142631590366364, ""snr"": 0.5, ""rssi"": -113, ""gateway_id"": ""italr0005""}, {""alt"": 1550, ""lat"": 40.5481739449056, ""lon"": -5.16353885114368, ""snr"": -2.75, ""rssi"": -113, ""gateway_id"": ""meceiot-004-5030354163554750""}, {""alt"": null, ""lat"": null, ""lon"": null, ""snr"": -6.2, ""rssi"": -115, ""gateway_id"": ""mtcdtip02-l4e1-5""}, {""alt"": null, ""lat"": null, ""lon"": null, ""snr"": -7.8, ""rssi"": -115, ""gateway_id"": ""sg50-perte-malpica-06""}, {""alt"": 765, ""lat"": 41.70253250763931, ""lon"": -4.708266556262971, ""snr"": -4.75, ""rssi"": -116, ""gateway_id"": ""italr0001""}, {""alt"": null, ""lat"": null, ""lon"": null, ""snr"": -2.2, ""rssi"": -116, ""gateway_id"": ""sg50-perte-malpica-05""}, {""alt"": null, ""lat"": null, ""lon"": null, ""snr"": -7.2, ""rssi"": -116, ""gateway_id"": ""sg50-perte-malpica-01""}, {""alt"": null, ""lat"": null, ""lon"": null, ""snr"": -2.5, ""rssi"": -116, ""gateway_id"": ""ext-sg50-029""}, {""alt"": 391, ""lat"": 39.4920534590841, ""lon"": -6.57908320426941, ""snr"": -8, ""rssi"": -116, ""gateway_id"": ""cdtic-multitech-4""}, {""alt"": null, ""lat"": null, ""lon"": null, ""snr"": -5.2, ""rssi"": -117, ""gateway_id"": ""mitigasmart-cc""}, {""alt"": null, ""lat"": null, ""lon"": null, ""snr"": -4.8, ""rssi"": -117, ""gateway_id"": ""sg50-perte-malpica-07""}, {""alt"": null, ""lat"": null, ""lon"": null, ""snr"": -9.5, ""rssi"": -119, ""gateway_id"": ""sg50-eui-c0ba1ffffe004945""}, {""alt"": 297, ""lat"": 40.108033, ""lon"": -6.632828, ""snr"": -9, ""rssi"": -119, ""gateway_id"": ""tef-mls-01""}, {""alt"": 600, ""lat"": 40.13814, ""lon"": -7.50059, ""snr"": -7.8, ""rssi"": -120, ""gateway_id"": ""v3-eui-b827ebfffebf1f02""}, {""alt"": null, ""lat"": null, ""lon"": null, ""snr"": -7.25, ""rssi"": -126, ""gateway_id"": ""antena-granjas-rendondo-01""}]",EU
7135da90-a5f5-4768-b457-11e2f91fb7f3,stratolink-3-eu,2026-05-28 12:27:23.509669+00:00,40.6257961,-6.428663,10009.0,1.00378867036993,4.39687483392886,2026-05-28 12:27:23.903693+00:00,1.0,8738.0,0.0,-23.8,279.2,4.948,5.384,-116.0,,4.51,12.86,27.0,-3.22,9.06,-0.3,,,,,,,7.0,125000.0,868100000.0,"[{""alt"": null, ""lat"": 40.962758045083945, ""lon"": -5.675633842073217, ""snr"": 1, ""rssi"": -109, ""gateway_id"": ""packetbroker""}, {""alt"": null, ""lat"": 40.962541751597406, ""lon"": -5.675446072867432, ""snr"": 5.25, ""rssi"": -109, ""gateway_id"": ""packetbroker""}, {""alt"": null, ""lat"": null, ""lon"": null, ""snr"": -4.8, ""rssi"": -111, ""gateway_id"": ""mtcdtip02-l4e1-9""}, {""alt"": null, ""lat"": null, ""lon"": null, ""snr"": -6.5, ""rssi"": -113, ""gateway_id"": ""mtcdtip02-l4e1-5""}, {""alt"": 674, ""lat"": 41.81858911263017, ""lon"": -6.7508557295156235, ""snr"": -4.8, ""rssi"": -114, ""gateway_id"": ""lora-more""}, {""alt"": 1131, ""lat"": 40.589325292876616, ""lon"": -4.838257133960725, ""snr"": -0.75, ""rssi"": -115, ""gateway_id"": ""niharramikrotik""}, {""alt"": null, ""lat"": 40.954279046747715, ""lon"": -4.142631590366364, ""snr"": -1, ""rssi"": -115, ""gateway_id"": ""italr0005""}, {""alt"": null, ""lat"": null, ""lon"": null, ""snr"": null, ""rssi"": -116, ""gateway_id"": ""mjv-casas""}, {""alt"": 1550, ""lat"": 40.5481739449056, ""lon"": -5.16353885114368, ""snr"": -4.75, ""rssi"": -116, ""gateway_id"": ""meceiot-004-5030354163554750""}, {""alt"": 765, ""lat"": 41.70253250763931, ""lon"": -4.708266556262971, ""snr"": -3.75, ""rssi"": -117, ""gateway_id"": ""italr0001""}, {""alt"": null, ""lat"": null, ""lon"": null, ""snr"": -2, ""rssi"": -117, ""gateway_id"": ""ext-sg50-029""}, {""alt"": null, ""lat"": null, ""lon"": null, ""snr"": -8.2, ""rssi"": -119, ""gateway_id"": ""mitigasmart-cc""}, {""alt"": null, ""lat"": null, ""lon"": null, ""snr"": -4.2, ""rssi"": -119, ""gateway_id"": ""sg50-perte-malpica-05""}, {""alt"": null, ""lat"": null, ""lon"": null, ""snr"": -7, ""rssi"": -119, ""gateway_id"": ""sg50-perte-malpica-07""}, {""alt"": null, ""lat"": null, ""lon"": null, ""snr"": -5.5, ""rssi"": -120, ""gateway_id"": ""ext-sg50-024""}]",EU
5a374e27-933a-4edc-a97e-343349f4b9a7,stratolink-3-eu,2026-05-28 12:32:32.112158+00:00,40.6257961,-6.428663,10009.0,1.00378867036993,4.39687483392886,2026-05-28 12:32:32.723765+00:00,1.0,8738.0,1.0,-15.1,279.6,4.986,5.366,-108.0,5.5,4.51,12.86,27.0,-3.37,9.06,-0.15,,,,,,,7.0,125000.0,868300000.0,"[{""alt"": null, ""lat"": null, ""lon"": null, ""snr"": -3.5, ""rssi"": -107, ""gateway_id"": ""cicytex-ic003""}, {""alt"": null, ""lat"": null, ""lon"": null, ""snr"": 5.5, ""rssi"": -108, ""gateway_id"": ""mjv-casas""}, {""alt"": null, ""lat"": null, ""lon"": null, ""snr"": -4.5, ""rssi"": -110, ""gateway_id"": ""cicytex-icmc-002""}, {""alt"": null, ""lat"": null, ""lon"": null, ""snr"": 0.5, ""rssi"": -110, ""gateway_id"": ""mtcdtip02-l4e1-9""}, {""alt"": null, ""lat"": 40.962541751597406, ""lon"": -5.675446072867432, ""snr"": 2, ""rssi"": -111, ""gateway_id"": ""packetbroker""}, {""alt"": null, ""lat"": null, ""lon"": null, ""snr"": -5.8, ""rssi"": -111, ""gateway_id"": ""mtcdtip02-l4e1-11""}, {""alt"": null, ""lat"": null, ""lon"": null, ""snr"": -2.8, ""rssi"": -111, ""gateway_id"": ""mtcdtip02-l4e1-5""}, {""alt"": null, ""lat"": null, ""lon"": null, ""snr"": 4.5, ""rssi"": -112, ""gateway_id"": ""ext-sg50-029""}, {""alt"": null, ""lat"": null, ""lon"": null, ""snr"": -5.5, ""rssi"": -113, ""gateway_id"": ""dlps8-103""}, {""alt"": null, ""lat"": 40.962758045083945, ""lon"": -5.675633842073217, ""snr"": -2.75, ""rssi"": -113, ""gateway_id"": ""packetbroker""}, {""alt"": null, ""lat"": null, ""lon"": null, ""snr"": -5.2, ""rssi"": -113, ""gateway_id"": ""dlps8-105""}, {""alt"": null, ""lat"": null, ""lon"": null, ""snr"": -3.5, ""rssi"": -113, ""gateway_id"": ""mtcdtip02-l4e1-7""}, {""alt"": null, ""lat"": null, ""lon"": null, ""snr"": -2.8, ""rssi"": -114, ""gateway_id"": ""mtcdtip02-l4e1-15""}, {""alt"": null, ""lat"": null, ""lon"": null, ""snr"": -5.5, ""rssi"": -115, ""gateway_id"": ""cicytex-unex-1""}, {""alt"": 391, ""lat"": 39.4920534590841, ""lon"": -6.57908320426941, ""snr"": -1.8, ""rssi"": -115, ""gateway_id"": ""cdtic-multitech-4""}, {""alt"": null, ""lat"": null, ""lon"": null, ""snr"": -4.75, ""rssi"": -115, ""gateway_id"": ""d401c3ffff6d00a4""}, {""alt"": null, ""lat"": null, ""lon"": null, ""snr"": 0.8, ""rssi"": -116, ""gateway_id"": ""ext-sg50-023""}, {""alt"": null, ""lat"": null, ""lon"": null, ""snr"": 0.5, ""rssi"": -117, ""gateway_id"": ""ext-sg50-024""}, {""alt"": null, ""lat"": null, ""lon"": null, ""snr"": -5, ""rssi"": -117, ""gateway_id"": ""sg50-perte-malpica-05""}, {""alt"": null, ""lat"": null, ""lon"": null, ""snr"": -3.8, ""rssi"": -117, ""gateway_id"": ""sg50-perte-malpica-07""}, {""alt"": null, ""lat"": null, ""lon"": null, ""snr"": -6.8, ""rssi"": -117, ""gateway_id"": ""ext-sg50-015""}, {""alt"": 297, ""lat"": 40.108033, ""lon"": -6.632828, ""snr"": -4.5, ""rssi"": -117, ""gateway_id"": ""tef-mls-01""}, {""alt"": null, ""lat"": null, ""lon"": null, ""snr"": -5.2, ""rssi"": -118, ""gateway_id"": ""ext-sg50-028""}, {""alt"": null, ""lat"": null, ""lon"": null, ""snr"": -6, ""rssi"": -118, ""gateway_id"": ""mitigasmart-cc""}, {""alt"": null, ""lat"": null, ""lon"": null, ""snr"": -7.8, ""rssi"": -118, ""gateway_id"": ""sg50-eui-c0ba1ffffe004945""}, {""alt"": null, ""lat"": null, ""lon"": null, ""snr"": -7.5, ""rssi"": -119, ""gateway_id"": ""ext-sg50-011""}, {""alt"": null, ""lat"": null, ""lon"": null, ""snr"": -7.5, ""rssi"": -120, ""gateway_id"": ""ext-sg50-022""}, {""alt"": null, ""lat"": 40.954279046747715, ""lon"": -4.142631590366364, ""snr"": -7.25, ""rssi"": -121, ""gateway_id"": ""italr0005""}]",EU
3d5a2733-d75e-4f4b-9524-45eed150e830,stratolink-3-eu,2026-05-28 12:37:41.207846+00:00,40.6257961,-6.428663,10009.0,1.00378867036993,4.39687483392886,2026-05-28 12:37:41.789873+00:00,1.0,8738.0,0.0,-24.9,278.8,4.742,5.388,-115.0,-1.8,4.51,12.86,27.0,-3.37,8.75,-0.76,,,,,,,7.0,125000.0,868500000.0,"[{""alt"": null, ""lat"": 40.962758045083945, ""lon"": -5.675633842073217, ""snr"": 2.5, ""rssi"": -109, ""gateway_id"": ""packetbroker""}, {""alt"": null, ""lat"": 40.962541751597406, ""lon"": -5.675446072867432, ""snr"": 3.75, ""rssi"": -109, ""gateway_id"": ""packetbroker""}, {""alt"": null, ""lat"": null, ""lon"": null, ""snr"": -8, ""rssi"": -109, ""gateway_id"": ""cicytex-ic003""}, {""alt"": 765, ""lat"": 41.70253250763931, ""lon"": -4.708266556262971, ""snr"": -5.5, ""rssi"": -113, ""gateway_id"": ""italr0001""}, {""alt"": 1131, ""lat"": 40.589325292876616, ""lon"": -4.838257133960725, ""snr"": -1.5, ""rssi"": -114, ""gateway_id"": ""niharramikrotik""}, {""alt"": null, ""lat"": null, ""lon"": null, ""snr"": -6.8, ""rssi"": -114, ""gateway_id"": ""mtcdtip02-l4e1-5""}, {""alt"": 1550, ""lat"": 40.5481739449056, ""lon"": -5.16353885114368, ""snr"": -1.75, ""rssi"": -114, ""gateway_id"": ""meceiot-004-5030354163554750""}, {""alt"": null, ""lat"": null, ""lon"": null, ""snr"": -1.8, ""rssi"": -115, ""gateway_id"": ""mjv-casas""}, {""alt"": null, ""lat"": null, ""lon"": null, ""snr"": -8.2, ""rssi"": -115, ""gateway_id"": ""sg50-perte-malpica-06""}, {""alt"": null, ""lat"": null, ""lon"": null, ""snr"": -1.2, ""rssi"": -115, ""gateway_id"": ""sg50-perte-malpica-07""}, {""alt"": null, ""lat"": null, ""lon"": null, ""snr"": -1, ""rssi"": -116, ""gateway_id"": ""sg50-perte-malpica-05""}, {""alt"": null, ""lat"": null, ""lon"": null, ""snr"": -7, ""rssi"": -116, ""gateway_id"": ""sg50-perte-malpica-01""}, {""alt"": null, ""lat"": 40.954279046747715, ""lon"": -4.142631590366364, ""snr"": -3.75, ""rssi"": -117, ""gateway_id"": ""italr0005""}, {""alt"": null, ""lat"": null, ""lon"": null, ""snr"": -5.8, ""rssi"": -117, ""gateway_id"": ""ext-sg50-029""}, {""alt"": 297, ""lat"": 40.108033, ""lon"": -6.632828, ""snr"": -7.8, ""rssi"": -118, ""gateway_id"": ""tef-mls-01""}, {""alt"": null, ""lat"": null, ""lon"": null, ""snr"": -6.2, ""rssi"": -118, ""gateway_id"": ""sg50-eui-c0ba1ffffe004945""}]",EU
6dba54ed-2903-436b-8f6b-379acf9bdfeb,stratolink-3-eu,2026-05-28 12:42:50.073661+00:00,40.6257961,-6.428663,10009.0,1.00378867036993,4.39687483392886,2026-05-28 12:42:51.103305+00:00,3.0,8738.0,1.0,-18.1,278.9,4.94,5.366,-116.0,-4.3,4.51,12.86,27.0,-3.07,8.75,-1.07,,,,,,,7.0,125000.0,868100000.0,"[{""alt"": null, ""lat"": null, ""lon"": null, ""snr"": -2, ""rssi"": -109, ""gateway_id"": ""cicytex-ic003""}, {""alt"": null, ""lat"": 40.962758045083945, ""lon"": -5.675633842073217, ""snr"": 5, ""rssi"": -110, ""gateway_id"": ""packetbroker""}, {""alt"": null, ""lat"": null, ""lon"": null, ""snr"": -4.5, ""rssi"": -111, ""gateway_id"": ""cicytex-icmc-002""}, {""alt"": null, ""lat"": 40.962541751597406, ""lon"": -5.675446072867432, ""snr"": 3, ""rssi"": -111, ""gateway_id"": ""packetbroker""}, {""alt"": null, ""lat"": null, ""lon"": null, ""snr"": -1.2, ""rssi"": -111, ""gateway_id"": ""mtcdtip02-l4e1-9""}, {""alt"": null, ""lat"": null, ""lon"": null, ""snr"": -7.5, ""rssi"": -113, ""gateway_id"": ""dlps8-103""}, {""alt"": null, ""lat"": null, ""lon"": null, ""snr"": -4.8, ""rssi"": -114, ""gateway_id"": ""mtcdtip02-l4e1-15""}, {""alt"": null, ""lat"": null, ""lon"": null, ""snr"": -7.8, ""rssi"": -114, ""gateway_id"": ""ext-sg50-018""}, {""alt"": null, ""lat"": null, ""lon"": null, ""snr"": -3, ""rssi"": -114, ""gateway_id"": ""mtcdtip02-l4e1-7""}, {""alt"": 765, ""lat"": 41.70253250763931, ""lon"": -4.708266556262971, ""snr"": -8.75, ""rssi"": -115, ""gateway_id"": ""italr0001""}, {""alt"": null, ""lat"": null, ""lon"": null, ""snr"": 1, ""rssi"": -115, ""gateway_id"": ""ext-sg50-029""}, {""alt"": 391, ""lat"": 39.4920534590841, ""lon"": -6.57908320426941, ""snr"": -1, ""rssi"": -115, ""gateway_id"": ""cdtic-multitech-4""}, {""alt"": 674, ""lat"": 41.81858911263017, ""lon"": -6.7508557295156235, ""snr"": -4.3, ""rssi"": -116, ""gateway_id"": ""lora-more""}, {""alt"": 940, ""lat"": 40.968865323719, ""lon"": -5.64232170581818, ""snr"": -8.25, ""rssi"": -116, ""gateway_id"": ""rio-tormes-1b""}, {""alt"": null, ""lat"": null, ""lon"": null, ""snr"": -0.2, ""rssi"": -117, ""gateway_id"": ""ext-sg50-024""}, {""alt"": 1550, ""lat"": 40.5481739449056, ""lon"": -5.16353885114368, ""snr"": -7.5, ""rssi"": -117, ""gateway_id"": ""meceiot-004-5030354163554750""}, {""alt"": null, ""lat"": null, ""lon"": null, ""snr"": -5.2, ""rssi"": -119, ""gateway_id"": ""ext-sg50-028""}, {""alt"": null, ""lat"": null, ""lon"": null, ""snr"": -8.2, ""rssi"": -119, ""gateway_id"": ""mitigasmart-cc""}, {""alt"": null, ""lat"": null, ""lon"": null, ""snr"": -8.2, ""rssi"": -119, ""gateway_id"": ""sg50-perte-malpica-07""}, {""alt"": null, ""lat"": null, ""lon"": null, ""snr"": -7.8, ""rssi"": -120, ""gateway_id"": ""sg50-perte-malpica-05""}]",EU
b1ae5830-8556-40ea-abf3-07f01a1df7d0,stratolink-3-eu,2026-05-28 12:47:58.211874+00:00,40.6257961,-6.428663,10009.0,1.00378867036993,4.39687483392886,2026-05-28 12:47:59.319483+00:00,1.0,8738.0,0.0,-19.1,279.9,4.844,5.36,-110.0,3.8,4.51,12.86,27.0,-3.22,8.9,-0.61,,,,,,,7.0,125000.0,868300000.0,"[{""alt"": null, ""lat"": null, ""lon"": null, ""snr"": -1.5, ""rssi"": -107, ""gateway_id"": ""cicytex-ic003""}, {""alt"": null, ""lat"": null, ""lon"": null, ""snr"": 3.8, ""rssi"": -110, ""gateway_id"": ""mjv-casas""}, {""alt"": null, ""lat"": null, ""lon"": null, ""snr"": -2.5, ""rssi"": -110, ""gateway_id"": ""cicytex-icmc-002""}, {""alt"": null, ""lat"": null, ""lon"": null, ""snr"": -2.5, ""rssi"": -110, ""gateway_id"": ""mtcdtip02-l4e1-9""}, {""alt"": 1550, ""lat"": 40.5481739449056, ""lon"": -5.16353885114368, ""snr"": 0.25, ""rssi"": -111, ""gateway_id"": ""meceiot-004-5030354163554750""}, {""alt"": null, ""lat"": null, ""lon"": null, ""snr"": -5.2, ""rssi"": -113, ""gateway_id"": ""dlps8-103""}, {""alt"": null, ""lat"": null, ""lon"": null, ""snr"": -8.5, ""rssi"": -113, ""gateway_id"": ""dlps8-105""}, {""alt"": null, ""lat"": 40.962541751597406, ""lon"": -5.675446072867432, ""snr"": -3, ""rssi"": -113, ""gateway_id"": ""packetbroker""}, {""alt"": null, ""lat"": null, ""lon"": null, ""snr"": -5, ""rssi"": -113, ""gateway_id"": ""mtcdtip02-l4e1-7""}, {""alt"": null, ""lat"": null, ""lon"": null, ""snr"": -5.5, ""rssi"": -113, ""gateway_id"": ""ext-sg50-018""}, {""alt"": 1131, ""lat"": 40.589325292876616, ""lon"": -4.838257133960725, ""snr"": -2.25, ""rssi"": -114, ""gateway_id"": ""niharramikrotik""}, {""alt"": null, ""lat"": null, ""lon"": null, ""snr"": -6.8, ""rssi"": -114, ""gateway_id"": ""mtcdtip02-l4e1-15""}, {""alt"": 940, ""lat"": 40.968865323719, ""lon"": -5.64232170581818, ""snr"": -0.5, ""rssi"": -115, ""gateway_id"": ""rio-tormes-1b""}, {""alt"": 391, ""lat"": 39.4920534590841, ""lon"": -6.57908320426941, ""snr"": -6.8, ""rssi"": -115, ""gateway_id"": ""cdtic-multitech-4""}, {""alt"": null, ""lat"": null, ""lon"": null, ""snr"": -6, ""rssi"": -115, ""gateway_id"": ""sg50-perte-malpica-06""}, {""alt"": null, ""lat"": null, ""lon"": null, ""snr"": -7.8, ""rssi"": -116, ""gateway_id"": ""cicytex-unex-1""}, {""alt"": 300, ""lat"": 40.0702558044694, ""lon"": -6.65818959474564, ""snr"": -7, ""rssi"": -116, ""gateway_id"": ""cdtic-multitech-5""}, {""alt"": null, ""lat"": null, ""lon"": null, ""snr"": -1.5, ""rssi"": -116, ""gateway_id"": ""ext-sg50-029""}, {""alt"": null, ""lat"": null, ""lon"": null, ""snr"": -5.5, ""rssi"": -117, ""gateway_id"": ""mitigasmart-cc""}, {""alt"": null, ""lat"": null, ""lon"": null, ""snr"": -3, ""rssi"": -117, ""gateway_id"": ""sg50-perte-malpica-07""}, {""alt"": null, ""lat"": null, ""lon"": null, ""snr"": -4.5, ""rssi"": -118, ""gateway_id"": ""ext-sg50-028""}, {""alt"": null, ""lat"": null, ""lon"": null, ""snr"": -6.2, ""rssi"": -118, ""gateway_id"": ""sg50-eui-c0ba1ffffe004945""}, {""alt"": null, ""lat"": null, ""lon"": null, ""snr"": -4.5, ""rssi"": -119, ""gateway_id"": ""ext-sg50-024""}, {""alt"": null, ""lat"": null, ""lon"": null, ""snr"": -6, ""rssi"": -119, ""gateway_id"": ""ext-sg50-011""}]",EU
01d9e02e-f640-4dc5-ae7c-f77ea8f1b194,stratolink-3-eu,2026-05-28 12:53:06.378319+00:00,40.6257961,-6.428663,10009.0,1.00378867036993,4.39687483392886,2026-05-28 12:53:07.685599+00:00,0.0,8738.0,1.0,-10.3,279.9,5.014,5.37,-114.0,-1.0,4.51,12.86,27.0,-3.37,9.06,0.3,,,,,,,7.0,125000.0,868500000.0,"[{""alt"": null, ""lat"": 40.962758045083945, ""lon"": -5.675633842073217, ""snr"": 3.75, ""rssi"": -107, ""gateway_id"": ""packetbroker""}, {""alt"": null, ""lat"": null, ""lon"": null, ""snr"": -5, ""rssi"": -110, ""gateway_id"": ""mtcdtip02-l4e1-9""}, {""alt"": 674, ""lat"": 41.81858911263017, ""lon"": -6.7508557295156235, ""snr"": -6, ""rssi"": -113, ""gateway_id"": ""lora-more""}, {""alt"": 1131, ""lat"": 40.589325292876616, ""lon"": -4.838257133960725, ""snr"": -3.25, ""rssi"": -113, ""gateway_id"": ""niharramikrotik""}, {""alt"": null, ""lat"": null, ""lon"": null, ""snr"": -1, ""rssi"": -114, ""gateway_id"": ""mjv-casas""}, {""alt"": null, ""lat"": 42.3745405722791, ""lon"": -5.96814936380405, ""snr"": -8, ""rssi"": -114, ""gateway_id"": ""packetbroker""}, {""alt"": 1550, ""lat"": 40.5481739449056, ""lon"": -5.16353885114368, ""snr"": -1.75, ""rssi"": -114, ""gateway_id"": ""meceiot-004-5030354163554750""}, {""alt"": 765, ""lat"": 41.70253250763931, ""lon"": -4.708266556262971, ""snr"": -5.5, ""rssi"": -115, ""gateway_id"": ""italr0001""}, {""alt"": null, ""lat"": 40.962541751597406, ""lon"": -5.675446072867432, ""snr"": -4.5, ""rssi"": -115, ""gateway_id"": ""packetbroker""}, {""alt"": 391, ""lat"": 39.4920534590841, ""lon"": -6.57908320426941, ""snr"": -7.5, ""rssi"": -115, ""gateway_id"": ""cdtic-multitech-4""}, {""alt"": null, ""lat"": null, ""lon"": null, ""snr"": -7, ""rssi"": -115, ""gateway_id"": ""ext-sg50-018""}, {""alt"": null, ""lat"": null, ""lon"": null, ""snr"": -4.5, ""rssi"": -117, ""gateway_id"": ""ext-sg50-029""}, {""alt"": 297, ""lat"": 40.108033, ""lon"": -6.632828, ""snr"": -5.8, ""rssi"": -118, ""gateway_id"": ""tef-mls-01""}, {""alt"": null, ""lat"": null, ""lon"": null, ""snr"": -6.5, ""rssi"": -119, ""gateway_id"": ""ext-sg50-024""}, {""alt"": null, ""lat"": null, ""lon"": null, ""snr"": -5.5, ""rssi"": -119, ""gateway_id"": ""ext-sg50-023""}, {""alt"": null, ""lat"": 40.954279046747715, ""lon"": -4.142631590366364, ""snr"": -7.25, ""rssi"": -121, ""gateway_id"": ""italr0005""}]",EU
e3978b7c-9eba-486c-bf09-4bf372f1325c,stratolink-3-eu,2026-05-28 12:58:14.576536+00:00,40.6257961,-6.428663,10009.0,1.00378867036993,4.39687483392886,2026-05-28 12:58:15.091494+00:00,1.0,8738.0,1.0,-9.9,280.6,5.012,5.364,-116.0,-3.0,4.51,12.86,27.0,-3.53,8.9,-0.46,,,,,,,7.0,125000.0,868100000.0,"[{""alt"": null, ""lat"": null, ""lon"": null, ""snr"": 0.2, ""rssi"": -107, ""gateway_id"": ""cicytex-ic003""}, {""alt"": null, ""lat"": null, ""lon"": null, ""snr"": 0.8, ""rssi"": -108, ""gateway_id"": ""mtcdtip02-l4e1-9""}, {""alt"": null, ""lat"": null, ""lon"": null, ""snr"": 3.5, ""rssi"": -111, ""gateway_id"": ""mjv-casas""}, {""alt"": null, ""lat"": 40.962541751597406, ""lon"": -5.675446072867432, ""snr"": null, ""rssi"": -111, ""gateway_id"": ""packetbroker""}, {""alt"": null, ""lat"": null, ""lon"": null, ""snr"": -5.2, ""rssi"": -113, ""gateway_id"": ""dlps8-103""}, {""alt"": null, ""lat"": null, ""lon"": null, ""snr"": -4.5, ""rssi"": -113, ""gateway_id"": ""mtcdtip02-l4e1-7""}, {""alt"": null, ""lat"": null, ""lon"": null, ""snr"": 0.2, ""rssi"": -113, ""gateway_id"": ""ext-sg50-018""}, {""alt"": null, ""lat"": 40.962758045083945, ""lon"": -5.675633842073217, ""snr"": 0.5, ""rssi"": -114, ""gateway_id"": ""packetbroker""}, {""alt"": null, ""lat"": null, ""lon"": null, ""snr"": -5.5, ""rssi"": -114, ""gateway_id"": ""mtcdtip02-l4e1-15""}, {""alt"": 391, ""lat"": 39.4920534590841, ""lon"": -6.57908320426941, ""snr"": -5, ""rssi"": -115, ""gateway_id"": ""cdtic-multitech-4""}, {""alt"": 1550, ""lat"": 40.5481739449056, ""lon"": -5.16353885114368, ""snr"": null, ""rssi"": -115, ""gateway_id"": ""meceiot-004-5030354163554750""}, {""alt"": null, ""lat"": null, ""lon"": null, ""snr"": 0.8, ""rssi"": -115, ""gateway_id"": ""ext-sg50-029""}, {""alt"": 940, ""lat"": 40.968865323719, ""lon"": -5.64232170581818, ""snr"": -3, ""rssi"": -116, ""gateway_id"": ""rio-tormes-1b""}, {""alt"": null, ""lat"": null, ""lon"": null, ""snr"": -9.5, ""rssi"": -116, ""gateway_id"": ""sg50-perte-malpica-01""}, {""alt"": null, ""lat"": null, ""lon"": null, ""snr"": -8.2, ""rssi"": -117, ""gateway_id"": ""ext-sg50-027""}, {""alt"": null, ""lat"": null, ""lon"": null, ""snr"": -2.2, ""rssi"": -117, ""gateway_id"": ""mitigasmart-cc""}, {""alt"": null, ""lat"": null, ""lon"": null, ""snr"": -1.2, ""rssi"": -118, ""gateway_id"": ""ext-sg50-024""}, {""alt"": null, ""lat"": null, ""lon"": null, ""snr"": -4.8, ""rssi"": -118, ""gateway_id"": ""ext-sg50-028""}, {""alt"": null, ""lat"": null, ""lon"": null, ""snr"": -3.5, ""rssi"": -118, ""gateway_id"": ""sg50-perte-malpica-07""}, {""alt"": null, ""lat"": null, ""lon"": null, ""snr"": -5.5, ""rssi"": -119, ""gateway_id"": ""ext-sg50-015""}, {""alt"": 297, ""lat"": 40.108033, ""lon"": -6.632828, ""snr"": -4.5, ""rssi"": -119, ""gateway_id"": ""tef-mls-01""}, {""alt"": null, ""lat"": null, ""lon"": null, ""snr"": -7.2, ""rssi"": -119, ""gateway_id"": ""sg50-eui-c0ba1ffffe004945""}, {""alt"": null, ""lat"": null, ""lon"": null, ""snr"": -6.2, ""rssi"": -119, ""gateway_id"": ""ext-sg50-011""}]",EU
0f1cb5cd-8cfc-4d88-830d-cf5a31d35315,stratolink-3-eu,2026-05-28 13:03:22.735773+00:00,40.6257961,-6.428663,10009.0,1.00378867036993,4.39687483392886,2026-05-28 13:03:24.048493+00:00,1.0,8738.0,0.0,-15.5,280.5,4.96,5.36,-110.0,2.0,4.51,12.86,27.0,-3.37,8.9,-0.15,,,,,,,7.0,125000.0,868300000.0,"[{""alt"": null, ""lat"": null, ""lon"": null, ""snr"": -5.2, ""rssi"": -108, ""gateway_id"": ""cicytex-ic003""}, {""alt"": null, ""lat"": 40.962541751597406, ""lon"": -5.675446072867432, ""snr"": 3.75, ""rssi"": -109, ""gateway_id"": ""packetbroker""}, {""alt"": 1131, ""lat"": 40.589325292876616, ""lon"": -4.838257133960725, ""snr"": 2, ""rssi"": -110, ""gateway_id"": ""niharramikrotik""}, {""alt"": null, ""lat"": 40.962758045083945, ""lon"": -5.675633842073217, ""snr"": 0.25, ""rssi"": -110, ""gateway_id"": ""packetbroker""}, {""alt"": null, ""lat"": null, ""lon"": null, ""snr"": -5, ""rssi"": -110, ""gateway_id"": ""mtcdtip02-l4e1-9""}, {""alt"": 1550, ""lat"": 40.5481739449056, ""lon"": -5.16353885114368, ""snr"": 3, ""rssi"": -110, ""gateway_id"": ""meceiot-004-5030354163554750""}, {""alt"": null, ""lat"": null, ""lon"": null, ""snr"": -8, ""rssi"": -111, ""gateway_id"": ""cicytex-icmc-002""}, {""alt"": null, ""lat"": null, ""lon"": null, ""snr"": -0.2, ""rssi"": -112, ""gateway_id"": ""mjv-casas""}, {""alt"": null, ""lat"": null, ""lon"": null, ""snr"": -6.8, ""rssi"": -113, ""gateway_id"": ""dlps8-103""}, {""alt"": null, ""lat"": null, ""lon"": null, ""snr"": -8.2, ""rssi"": -113, ""gateway_id"": ""ext-sg50-018""}, {""alt"": null, ""lat"": null, ""lon"": null, ""snr"": -6.2, ""rssi"": -114, ""gateway_id"": ""sg50-perte-malpica-06""}, {""alt"": null, ""lat"": null, ""lon"": null, ""snr"": -8, ""rssi"": -115, ""gateway_id"": ""sg50-perte-malpica-01""}, {""alt"": null, ""lat"": 40.954279046747715, ""lon"": -4.142631590366364, ""snr"": -2.75, ""rssi"": -116, ""gateway_id"": ""italr0005""}, {""alt"": null, ""lat"": null, ""lon"": null, ""snr"": -1.8, ""rssi"": -116, ""gateway_id"": ""sg50-perte-malpica-07""}, {""alt"": null, ""lat"": null, ""lon"": null, ""snr"": -3.5, ""rssi"": -118, ""gateway_id"": ""ext-sg50-023""}, {""alt"": null, ""lat"": null, ""lon"": null, ""snr"": -8.5, ""rssi"": -119, ""gateway_id"": ""sg50-eui-c0ba1ffffe004945""}, {""alt"": null, ""lat"": null, ""lon"": null, ""snr"": -7.2, ""rssi"": -119, ""gateway_id"": ""ext-sg50-024""}, {""alt"": 820, ""lat"": 40.970672, ""lon"": -5.141641, ""snr"": -8.75, ""rssi"": -123, ""gateway_id"": ""meceiot-013-dragout-a84041ffff29dc56""}]",EU
7139ddc6-bda0-4d08-a002-bf4ae8588f37,stratolink-3-eu,2026-05-28 13:08:30.927035+00:00,40.6257961,-6.428663,10009.0,1.00378867036993,4.39687483392886,2026-05-28 13:08:31.875552+00:00,1.0,8738.0,0.0,-15.3,280.3,4.974,5.364,-113.0,0.75,4.51,12.86,27.0,-3.37,9.06,-0.76,,,,,,,7.0,125000.0,868500000.0,"[{""alt"": null, ""lat"": null, ""lon"": null, ""snr"": -5, ""rssi"": -108, ""gateway_id"": ""cicytex-ic003""}, {""alt"": null, ""lat"": null, ""lon"": null, ""snr"": -2.5, ""rssi"": -110, ""gateway_id"": ""mtcdtip02-l4e1-9""}, {""alt"": 1131, ""lat"": 40.589325292876616, ""lon"": -4.838257133960725, ""snr"": -0.5, ""rssi"": -111, ""gateway_id"": ""niharramikrotik""}, {""alt"": null, ""lat"": null, ""lon"": null, ""snr"": -8.3, ""rssi"": -111, ""gateway_id"": ""cicytex-icmc-002""}, {""alt"": 1131, ""lat"": 40.65110091852006, ""lon"": -4.679304063320161, ""snr"": -4.2, ""rssi"": -111, ""gateway_id"": ""mikrotikepsa""}, {""alt"": null, ""lat"": null, ""lon"": null, ""snr"": -6.5, ""rssi"": -111, ""gateway_id"": ""mtcdtip02-l4e1-5""}, {""alt"": null, ""lat"": 40.962541751597406, ""lon"": -5.675446072867432, ""snr"": -1.75, ""rssi"": -112, ""gateway_id"": ""packetbroker""}, {""alt"": 940, ""lat"": 40.968865323719, ""lon"": -5.64232170581818, ""snr"": 0.75, ""rssi"": -113, ""gateway_id"": ""rio-tormes-1b""}, {""alt"": null, ""lat"": null, ""lon"": null, ""snr"": -7.5, ""rssi"": -113, ""gateway_id"": ""dlps8-103""}, {""alt"": null, ""lat"": null, ""lon"": null, ""snr"": -1.2, ""rssi"": -114, ""gateway_id"": ""mjv-casas""}, {""alt"": 1550, ""lat"": 40.5481739449056, ""lon"": -5.16353885114368, ""snr"": -2.25, ""rssi"": -114, ""gateway_id"": ""meceiot-004-5030354163554750""}, {""alt"": 765, ""lat"": 41.70253250763931, ""lon"": -4.708266556262971, ""snr"": -5, ""rssi"": -116, ""gateway_id"": ""italr0001""}, {""alt"": 391, ""lat"": 39.4920534590841, ""lon"": -6.57908320426941, ""snr"": -5.5, ""rssi"": -116, ""gateway_id"": ""cdtic-multitech-4""}, {""alt"": null, ""lat"": null, ""lon"": null, ""snr"": -4, ""rssi"": -116, ""gateway_id"": ""ext-sg50-029""}, {""alt"": null, ""lat"": null, ""lon"": null, ""snr"": -5.2, ""rssi"": -116, ""gateway_id"": ""sg50-perte-malpica-01""}, {""alt"": null, ""lat"": null, ""lon"": null, ""snr"": -4, ""rssi"": -116, ""gateway_id"": ""sg50-perte-malpica-07""}, {""alt"": null, ""lat"": 40.954279046747715, ""lon"": -4.142631590366364, ""snr"": -3.75, ""rssi"": -117, ""gateway_id"": ""italr0005""}, {""alt"": null, ""lat"": null, ""lon"": null, ""snr"": -3.2, ""rssi"": -117, ""gateway_id"": ""sg50-perte-malpica-05""}, {""alt"": null, ""lat"": null, ""lon"": null, ""snr"": -6.8, ""rssi"": -118, ""gateway_id"": ""mitigasmart-cc""}, {""alt"": 297, ""lat"": 40.108033, ""lon"": -6.632828, ""snr"": -7.2, ""rssi"": -118, ""gateway_id"": ""tef-mls-01""}, {""alt"": null, ""lat"": null, ""lon"": null, ""snr"": -9, ""rssi"": -119, ""gateway_id"": ""ext-sg50-024""}, {""alt"": null, ""lat"": null, ""lon"": null, ""snr"": -7.5, ""rssi"": -126, ""gateway_id"": ""antena-granjas-rendondo-01""}]",EU
179739d0-5d6d-4508-929c-b3f24c15f70f,stratolink-3-eu,2026-05-28 13:13:38.935033+00:00,40.6257961,-6.428663,10009.0,1.00378867036993,4.39687483392886,2026-05-28 13:13:39.466077+00:00,1.0,8738.0,0.0,-9.5,280.6,5.024,5.36,-117.0,-1.5,4.51,12.86,27.0,-3.37,8.75,-0.3,,,,,,,7.0,125000.0,868100000.0,"[{""alt"": 1131, ""lat"": 40.589325292876616, ""lon"": -4.838257133960725, ""snr"": -5, ""rssi"": -108, ""gateway_id"": ""niharramikrotik""}, {""alt"": null, ""lat"": 40.962541751597406, ""lon"": -5.675446072867432, ""snr"": 3.5, ""rssi"": -110, ""gateway_id"": ""packetbroker""}, {""alt"": null, ""lat"": null, ""lon"": null, ""snr"": -5.8, ""rssi"": -110, ""gateway_id"": ""cicytex-ic003""}, {""alt"": null, ""lat"": null, ""lon"": null, ""snr"": -2.2, ""rssi"": -111, ""gateway_id"": ""mtcdtip02-l4e1-9""}, {""alt"": null, ""lat"": null, ""lon"": null, ""snr"": -8.8, ""rssi"": -111, ""gateway_id"": ""ext-dlos8-011""}, {""alt"": 1550, ""lat"": 40.5481739449056, ""lon"": -5.16353885114368, ""snr"": -1.75, ""rssi"": -113, ""gateway_id"": ""meceiot-004-5030354163554750""}, {""alt"": null, ""lat"": 42.3745405722791, ""lon"": -5.96814936380405, ""snr"": -7.75, ""rssi"": -115, ""gateway_id"": ""packetbroker""}, {""alt"": 765, ""lat"": 41.70253250763931, ""lon"": -4.708266556262971, ""snr"": -4.25, ""rssi"": -115, ""gateway_id"": ""italr0001""}, {""alt"": null, ""lat"": null, ""lon"": null, ""snr"": -8, ""rssi"": -116, ""gateway_id"": ""sg50-perte-malpica-01""}, {""alt"": 940, ""lat"": 40.968865323719, ""lon"": -5.64232170581818, ""snr"": -1.5, ""rssi"": -117, ""gateway_id"": ""rio-tormes-1b""}, {""alt"": null, ""lat"": 40.954279046747715, ""lon"": -4.142631590366364, ""snr"": -3.5, ""rssi"": -118, ""gateway_id"": ""italr0005""}, {""alt"": null, ""lat"": null, ""lon"": null, ""snr"": -6, ""rssi"": -118, ""gateway_id"": ""mitigasmart-cc""}, {""alt"": null, ""lat"": null, ""lon"": null, ""snr"": -4.2, ""rssi"": -118, ""gateway_id"": ""ext-sg50-029""}, {""alt"": null, ""lat"": null, ""lon"": null, ""snr"": -9.75, ""rssi"": -119, ""gateway_id"": ""packetbroker""}, {""alt"": null, ""lat"": null, ""lon"": null, ""snr"": -8, ""rssi"": -119, ""gateway_id"": ""sg50-perte-malpica-05""}, {""alt"": null, ""lat"": null, ""lon"": null, ""snr"": -7.2, ""rssi"": -119, ""gateway_id"": ""sg50-perte-malpica-07""}, {""alt"": null, ""lat"": null, ""lon"": null, ""snr"": -9, ""rssi"": -120, ""gateway_id"": ""ext-sg50-024""}]",EU
f23eb6bb-257c-4d9b-b1b3-e0048f1b7d1f,stratolink-3-eu,2026-05-28 13:18:46.949853+00:00,40.6257961,-6.428663,10009.0,1.00378867036993,4.39687483392886,2026-05-28 13:18:47.593134+00:00,3.0,8738.0,1.0,-11.3,280.6,4.998,5.38,-110.0,3.5,4.51,12.86,27.0,-3.22,8.75,-0.61,,,,,,,7.0,125000.0,868300000.0,"[{""alt"": null, ""lat"": null, ""lon"": null, ""snr"": -0.8, ""rssi"": -107, ""gateway_id"": ""cicytex-ic003""}, {""alt"": null, ""lat"": 40.962758045083945, ""lon"": -5.675633842073217, ""snr"": -3.5, ""rssi"": -108, ""gateway_id"": ""packetbroker""}, {""alt"": null, ""lat"": 40.962541751597406, ""lon"": -5.675446072867432, ""snr"": 1.25, ""rssi"": -109, ""gateway_id"": ""packetbroker""}, {""alt"": null, ""lat"": null, ""lon"": null, ""snr"": 3.5, ""rssi"": -110, ""gateway_id"": ""mjv-casas""}, {""alt"": null, ""lat"": null, ""lon"": null, ""snr"": -6.8, ""rssi"": -111, ""gateway_id"": ""cicytex-icmc-002""}, {""alt"": null, ""lat"": null, ""lon"": null, ""snr"": -5.5, ""rssi"": -113, ""gateway_id"": ""dlps8-103""}, {""alt"": null, ""lat"": null, ""lon"": null, ""snr"": -4.5, ""rssi"": -113, ""gateway_id"": ""dlps8-105""}, {""alt"": null, ""lat"": null, ""lon"": null, ""snr"": -4.8, ""rssi"": -113, ""gateway_id"": ""mtcdtip02-l4e1-5""}, {""alt"": null, ""lat"": null, ""lon"": null, ""snr"": -4, ""rssi"": -113, ""gateway_id"": ""ext-sg50-018""}, {""alt"": null, ""lat"": null, ""lon"": null, ""snr"": -6.5, ""rssi"": -113, ""gateway_id"": ""mtcdtip02-l4e1-11""}, {""alt"": null, ""lat"": null, ""lon"": null, ""snr"": -7.5, ""rssi"": -116, ""gateway_id"": ""d401c3ffff6d00a4""}, {""alt"": null, ""lat"": null, ""lon"": null, ""snr"": -1.5, ""rssi"": -117, ""gateway_id"": ""mitigasmart-cc""}, {""alt"": null, ""lat"": null, ""lon"": null, ""snr"": -3.2, ""rssi"": -118, ""gateway_id"": ""ext-sg50-024""}, {""alt"": null, ""lat"": null, ""lon"": null, ""snr"": -5.2, ""rssi"": -118, ""gateway_id"": ""ext-sg50-028""}, {""alt"": null, ""lat"": null, ""lon"": null, ""snr"": -5.8, ""rssi"": -118, ""gateway_id"": ""sg50-perte-malpica-07""}, {""alt"": null, ""lat"": null, ""lon"": null, ""snr"": -10.2, ""rssi"": -119, ""gateway_id"": ""sg50-perte-malpica-05""}, {""alt"": null, ""lat"": null, ""lon"": null, ""snr"": -5, ""rssi"": -119, ""gateway_id"": ""ext-sg50-011""}]",EU
91537643-87e4-4a03-a81f-5f3e8b95411a,stratolink-3-eu,2026-05-28 13:23:54.760210+00:00,40.6257961,-6.428663,10009.0,1.00378867036993,4.39687483392886,2026-05-28 13:23:55.870149+00:00,3.0,8738.0,1.0,-0.5,280.6,5.064,5.374,-115.0,,4.51,12.86,27.0,-3.22,8.75,0.0,,,,,,,7.0,125000.0,868500000.0,"[{""alt"": null, ""lat"": null, ""lon"": null, ""snr"": -1.8, ""rssi"": -106, ""gateway_id"": ""cicytex-ic003""}, {""alt"": null, ""lat"": null, ""lon"": null, ""snr"": -7.8, ""rssi"": -110, ""gateway_id"": ""mtcdtip02-l4e1-1""}, {""alt"": null, ""lat"": 40.962758045083945, ""lon"": -5.675633842073217, ""snr"": 0.25, ""rssi"": -111, ""gateway_id"": ""packetbroker""}, {""alt"": null, ""lat"": null, ""lon"": null, ""snr"": -7.2, ""rssi"": -113, ""gateway_id"": ""dlps8-103""}, {""alt"": null, ""lat"": null, ""lon"": null, ""snr"": -6.2, ""rssi"": -113, ""gateway_id"": ""mtcdtip02-l4e1-11""}, {""alt"": null, ""lat"": null, ""lon"": null, ""snr"": -5, ""rssi"": -113, ""gateway_id"": ""mtcdtip02-l4e1-5""}, {""alt"": null, ""lat"": null, ""lon"": null, ""snr"": -7, ""rssi"": -113, ""gateway_id"": ""ext-sg50-018""}, {""alt"": null, ""lat"": null, ""lon"": null, ""snr"": null, ""rssi"": -115, ""gateway_id"": ""mjv-casas""}, {""alt"": null, ""lat"": 40.962541751597406, ""lon"": -5.675446072867432, ""snr"": -7, ""rssi"": -115, ""gateway_id"": ""packetbroker""}, {""alt"": null, ""lat"": null, ""lon"": null, ""snr"": -2.5, ""rssi"": -116, ""gateway_id"": ""mitigasmart-cc""}, {""alt"": null, ""lat"": null, ""lon"": null, ""snr"": -3.2, ""rssi"": -118, ""gateway_id"": ""ext-sg50-024""}, {""alt"": null, ""lat"": null, ""lon"": null, ""snr"": -7.5, ""rssi"": -118, ""gateway_id"": ""sg50-perte-malpica-07""}, {""alt"": null, ""lat"": null, ""lon"": null, ""snr"": -8, ""rssi"": -119, ""gateway_id"": ""ext-sg50-028""}]",EU
20b37558-75ce-4a13-a924-3e874834eef9,stratolink-3-eu,2026-05-28 13:29:02.777645+00:00,40.6257961,-6.428663,10009.0,1.00378867036993,4.39687483392886,2026-05-28 13:29:04.140206+00:00,2.0,8738.0,1.0,-9.2,279.6,5.002,5.36,-115.0,0.2,4.51,12.86,27.0,-3.68,8.6,0.76,,,,,,,7.0,125000.0,868100000.0,"[{""alt"": null, ""lat"": null, ""lon"": null, ""snr"": -4, ""rssi"": -108, ""gateway_id"": ""cicytex-ic003""}, {""alt"": null, ""lat"": 40.962758045083945, ""lon"": -5.675633842073217, ""snr"": 3.25, ""rssi"": -110, ""gateway_id"": ""packetbroker""}, {""alt"": null, ""lat"": null, ""lon"": null, ""snr"": 1, ""rssi"": -110, ""gateway_id"": ""mtcdtip02-l4e1-9""}, {""alt"": null, ""lat"": 40.962541751597406, ""lon"": -5.675446072867432, ""snr"": 2.75, ""rssi"": -111, ""gateway_id"": ""packetbroker""}, {""alt"": null, ""lat"": null, ""lon"": null, ""snr"": -7.5, ""rssi"": -112, ""gateway_id"": ""cicytex-icmc-002""}, {""alt"": null, ""lat"": null, ""lon"": null, ""snr"": -7.2, ""rssi"": -114, ""gateway_id"": ""dlps8-103""}, {""alt"": null, ""lat"": null, ""lon"": null, ""snr"": -8, ""rssi"": -114, ""gateway_id"": ""mtcdtip02-l4e1-16""}, {""alt"": null, ""lat"": null, ""lon"": null, ""snr"": 0.2, ""rssi"": -115, ""gateway_id"": ""mjv-casas""}, {""alt"": 940, ""lat"": 40.968865323719, ""lon"": -5.64232170581818, ""snr"": -0.5, ""rssi"": -115, ""gateway_id"": ""rio-tormes-1b""}, {""alt"": 8, ""lat"": 42.195765, ""lon"": -6.006521, ""snr"": -8.5, ""rssi"": -115, ""gateway_id"": ""5031395365454751""}, {""alt"": 1550, ""lat"": 40.5481739449056, ""lon"": -5.16353885114368, ""snr"": -4, ""rssi"": -115, ""gateway_id"": ""meceiot-004-5030354163554750""}, {""alt"": null, ""lat"": null, ""lon"": null, ""snr"": -6.5, ""rssi"": -115, ""gateway_id"": ""mtcdtip02-l4e1-15""}, {""alt"": null, ""lat"": null, ""lon"": null, ""snr"": -4, ""rssi"": -115, ""gateway_id"": ""mtcdtip02-l4e1-7""}, {""alt"": 391, ""lat"": 39.4920534590841, ""lon"": -6.57908320426941, ""snr"": -4, ""rssi"": -116, ""gateway_id"": ""cdtic-multitech-4""}, {""alt"": null, ""lat"": null, ""lon"": null, ""snr"": null, ""rssi"": -116, ""gateway_id"": ""ext-sg50-029""}, {""alt"": 1131, ""lat"": 40.589325292876616, ""lon"": -4.838257133960725, ""snr"": -3.25, ""rssi"": -116, ""gateway_id"": ""niharramikrotik""}, {""alt"": 674, ""lat"": 41.81858911263017, ""lon"": -6.7508557295156235, ""snr"": -7.3, ""rssi"": -117, ""gateway_id"": ""lora-more""}, {""alt"": null, ""lat"": null, ""lon"": null, ""snr"": -0.2, ""rssi"": -117, ""gateway_id"": ""ext-sg50-023""}, {""alt"": 600, ""lat"": 40.13814, ""lon"": -7.50059, ""snr"": -5.2, ""rssi"": -118, ""gateway_id"": ""v3-eui-b827ebfffebf1f02""}, {""alt"": null, ""lat"": null, ""lon"": null, ""snr"": -3.2, ""rssi"": -118, ""gateway_id"": ""mitigasmart-cc""}, {""alt"": null, ""lat"": null, ""lon"": null, ""snr"": -7.8, ""rssi"": -118, ""gateway_id"": ""sg50-eui-c0ba1ffffe004945""}, {""alt"": null, ""lat"": null, ""lon"": null, ""snr"": -3.8, ""rssi"": -119, ""gateway_id"": ""ext-sg50-024""}, {""alt"": 297, ""lat"": 40.108033, ""lon"": -6.632828, ""snr"": -3.5, ""rssi"": -119, ""gateway_id"": ""tef-mls-01""}, {""alt"": null, ""lat"": null, ""lon"": null, ""snr"": -6.5, ""rssi"": -120, ""gateway_id"": ""ext-sg50-011""}]",EU
a06fe709-8a1f-4341-9bdb-7708f92e91b9,stratolink-3-eu,2026-05-28 13:34:11.172466+00:00,40.6257961,-6.428663,10009.0,1.00378867036993,4.39687483392886,2026-05-28 13:34:12.731988+00:00,1.0,8738.0,0.0,-18.3,279.9,4.958,5.36,-113.0,1.2,4.51,12.86,27.0,-3.37,9.06,-0.46,,,,,,,7.0,125000.0,868300000.0,"[{""alt"": null, ""lat"": null, ""lon"": null, ""snr"": -3.2, ""rssi"": -108, ""gateway_id"": ""mtcdtip02-l4e1-9""}, {""alt"": null, ""lat"": null, ""lon"": null, ""snr"": -4, ""rssi"": -109, ""gateway_id"": ""cicytex-ic003""}, {""alt"": 1550, ""lat"": 40.5481739449056, ""lon"": -5.16353885114368, ""snr"": 4.25, ""rssi"": -109, ""gateway_id"": ""meceiot-004-5030354163554750""}, {""alt"": 1131, ""lat"": 40.589325292876616, ""lon"": -4.838257133960725, ""snr"": 2, ""rssi"": -111, ""gateway_id"": ""niharramikrotik""}, {""alt"": null, ""lat"": null, ""lon"": null, ""snr"": 1.2, ""rssi"": -113, ""gateway_id"": ""mjv-casas""}, {""alt"": null, ""lat"": null, ""lon"": null, ""snr"": -6.5, ""rssi"": -113, ""gateway_id"": ""dlps8-103""}, {""alt"": null, ""lat"": 40.962541751597406, ""lon"": -5.675446072867432, ""snr"": 1, ""rssi"": -113, ""gateway_id"": ""packetbroker""}, {""alt"": null, ""lat"": 40.962758045083945, ""lon"": -5.675633842073217, ""snr"": -3.5, ""rssi"": -114, ""gateway_id"": ""packetbroker""}, {""alt"": 391, ""lat"": 39.4920534590841, ""lon"": -6.57908320426941, ""snr"": -4.8, ""rssi"": -114, ""gateway_id"": ""cdtic-multitech-4""}, {""alt"": 405, ""lat"": 39.94336757279527, ""lon"": -4.661850929260255, ""snr"": -8.2, ""rssi"": -114, ""gateway_id"": ""sg50-perte-malpica-02""}, {""alt"": null, ""lat"": null, ""lon"": null, ""snr"": -2.5, ""rssi"": -115, ""gateway_id"": ""elecrowgw""}, {""alt"": null, ""lat"": 40.954279046747715, ""lon"": -4.142631590366364, ""snr"": -2.5, ""rssi"": -116, ""gateway_id"": ""italr0005""}, {""alt"": null, ""lat"": null, ""lon"": null, ""snr"": -1, ""rssi"": -116, ""gateway_id"": ""sg50-perte-malpica-05""}, {""alt"": null, ""lat"": null, ""lon"": null, ""snr"": -6, ""rssi"": -117, ""gateway_id"": ""ext-sg50-029""}, {""alt"": null, ""lat"": null, ""lon"": null, ""snr"": -7.8, ""rssi"": -118, ""gateway_id"": ""mitigasmart-cc""}, {""alt"": null, ""lat"": null, ""lon"": null, ""snr"": -6.8, ""rssi"": -118, ""gateway_id"": ""sg50-eui-c0ba1ffffe004945""}, {""alt"": null, ""lat"": null, ""lon"": null, ""snr"": -6, ""rssi"": -118, ""gateway_id"": ""sg50-perte-malpica-07""}, {""alt"": 297, ""lat"": 40.108033, ""lon"": -6.632828, ""snr"": -7.8, ""rssi"": -119, ""gateway_id"": ""tef-mls-01""}, {""alt"": null, ""lat"": null, ""lon"": null, ""snr"": -4.8, ""rssi"": -119, ""gateway_id"": ""ext-sg50-023""}, {""alt"": 820, ""lat"": 40.970672, ""lon"": -5.141641, ""snr"": -7.25, ""rssi"": -121, ""gateway_id"": ""meceiot-013-dragout-a84041ffff29dc56""}, {""alt"": null, ""lat"": null, ""lon"": null, ""snr"": -8.25, ""rssi"": -128, ""gateway_id"": ""antena-granjas-rendondo-01""}]",EU
b90ddb63-d497-41c1-a8c2-2aeb4e3bd4cf,stratolink-3-eu,2026-05-28 13:39:19.590452+00:00,40.6257961,-6.428663,10009.0,1.00378867036993,4.39687483392886,2026-05-28 13:39:20.053740+00:00,5.0,8738.0,1.0,-16.9,279.0,4.948,5.364,-113.0,-3.5,4.51,12.86,27.0,-2.91,8.75,-0.92,,,,,,,7.0,125000.0,868500000.0,"[{""alt"": null, ""lat"": 40.962758045083945, ""lon"": -5.675633842073217, ""snr"": 3.5, ""rssi"": -108, ""gateway_id"": ""packetbroker""}, {""alt"": null, ""lat"": null, ""lon"": null, ""snr"": -5.5, ""rssi"": -108, ""gateway_id"": ""mtcdtip02-l4e1-9""}, {""alt"": null, ""lat"": null, ""lon"": null, ""snr"": -6.2, ""rssi"": -109, ""gateway_id"": ""ext-dlos8-011""}, {""alt"": null, ""lat"": 40.962541751597406, ""lon"": -5.675446072867432, ""snr"": 3.25, ""rssi"": -109, ""gateway_id"": ""packetbroker""}, {""alt"": null, ""lat"": null, ""lon"": null, ""snr"": -7.5, ""rssi"": -109, ""gateway_id"": ""cicytex-ic003""}, {""alt"": 1131, ""lat"": 40.589325292876616, ""lon"": -4.838257133960725, ""snr"": -0.25, ""rssi"": -110, ""gateway_id"": ""niharramikrotik""}, {""alt"": 1550, ""lat"": 40.5481739449056, ""lon"": -5.16353885114368, ""snr"": 1.5, ""rssi"": -111, ""gateway_id"": ""meceiot-004-5030354163554750""}, {""alt"": 674, ""lat"": 41.81858911263017, ""lon"": -6.7508557295156235, ""snr"": -7.8, ""rssi"": -112, ""gateway_id"": ""lora-more""}, {""alt"": null, ""lat"": null, ""lon"": null, ""snr"": -3.5, ""rssi"": -113, ""gateway_id"": ""mjv-casas""}, {""alt"": 940, ""lat"": 40.968865323719, ""lon"": -5.64232170581818, ""snr"": -6.5, ""rssi"": -113, ""gateway_id"": ""rio-tormes-1b""}, {""alt"": null, ""lat"": null, ""lon"": null, ""snr"": -3.5, ""rssi"": -114, ""gateway_id"": ""elecrowgw""}, {""alt"": 8, ""lat"": 42.195765, ""lon"": -6.006521, ""snr"": -4.75, ""rssi"": -115, ""gateway_id"": ""5031395365454751""}, {""alt"": null, ""lat"": 42.3745405722791, ""lon"": -5.96814936380405, ""snr"": -6.25, ""rssi"": -115, ""gateway_id"": ""packetbroker""}, {""alt"": null, ""lat"": 40.954279046747715, ""lon"": -4.142631590366364, ""snr"": -2, ""rssi"": -115, ""gateway_id"": ""italr0005""}, {""alt"": null, ""lat"": null, ""lon"": null, ""snr"": -7.5, ""rssi"": -117, ""gateway_id"": ""packetbroker""}, {""alt"": null, ""lat"": null, ""lon"": null, ""snr"": -7, ""rssi"": -117, ""gateway_id"": ""ext-sg50-029""}, {""alt"": null, ""lat"": null, ""lon"": null, ""snr"": -7.8, ""rssi"": -118, ""gateway_id"": ""mitigasmart-cc""}, {""alt"": null, ""lat"": null, ""lon"": null, ""snr"": -8.2, ""rssi"": -118, ""gateway_id"": ""sg50-perte-malpica-07""}, {""alt"": null, ""lat"": null, ""lon"": null, ""snr"": -9.5, ""rssi"": -118, ""gateway_id"": ""sg50-perte-malpica-05""}, {""alt"": null, ""lat"": null, ""lon"": null, ""snr"": -8.2, ""rssi"": -119, ""gateway_id"": ""ext-sg50-024""}, {""alt"": null, ""lat"": null, ""lon"": null, ""snr"": -7.5, ""rssi"": -119, ""gateway_id"": ""ext-sg50-023""}]",EU
1c2ce6b9-6047-4c74-84d0-7563f29e209e,stratolink-3-eu,2026-05-28 13:44:27.783505+00:00,40.6257961,-6.428663,10009.0,1.00378867036993,4.39687483392886,2026-05-28 13:44:28.261931+00:00,1.0,8738.0,0.0,-17.9,279.1,4.96,5.364,-117.0,-8.2,4.51,12.86,27.0,-3.07,8.9,-0.15,,,,,,,7.0,125000.0,868100000.0,"[{""alt"": null, ""lat"": null, ""lon"": null, ""snr"": -5, ""rssi"": -109, ""gateway_id"": ""cicytex-ic003""}, {""alt"": 1131, ""lat"": 40.589325292876616, ""lon"": -4.838257133960725, ""snr"": -7.25, ""rssi"": -110, ""gateway_id"": ""niharramikrotik""}, {""alt"": null, ""lat"": null, ""lon"": null, ""snr"": -6.8, ""rssi"": -111, ""gateway_id"": ""ext-dlos8-011""}, {""alt"": 940, ""lat"": 40.968865323719, ""lon"": -5.64232170581818, ""snr"": 1, ""rssi"": -113, ""gateway_id"": ""rio-tormes-1b""}, {""alt"": null, ""lat"": null, ""lon"": null, ""snr"": -3.8, ""rssi"": -113, ""gateway_id"": ""mtcdtip02-l4e1-9""}, {""alt"": 405, ""lat"": 39.94336757279527, ""lon"": -4.661850929260255, ""snr"": -9, ""rssi"": -113, ""gateway_id"": ""sg50-perte-malpica-02""}, {""alt"": null, ""lat"": null, ""lon"": null, ""snr"": -1, ""rssi"": -114, ""gateway_id"": ""mjv-casas""}, {""alt"": null, ""lat"": 40.954279046747715, ""lon"": -4.142631590366364, ""snr"": -1.25, ""rssi"": -115, ""gateway_id"": ""italr0005""}, {""alt"": 1550, ""lat"": 40.5481739449056, ""lon"": -5.16353885114368, ""snr"": -0.25, ""rssi"": -115, ""gateway_id"": ""meceiot-004-5030354163554750""}, {""alt"": null, ""lat"": null, ""lon"": null, ""snr"": -8.2, ""rssi"": -116, ""gateway_id"": ""ext-sg50-029""}, {""alt"": null, ""lat"": null, ""lon"": null, ""snr"": -8.2, ""rssi"": -117, ""gateway_id"": ""elecrowgw""}, {""alt"": null, ""lat"": null, ""lon"": null, ""snr"": -3.5, ""rssi"": -117, ""gateway_id"": ""sg50-perte-malpica-05""}, {""alt"": null, ""lat"": null, ""lon"": null, ""snr"": -7, ""rssi"": -118, ""gateway_id"": ""mitigasmart-cc""}, {""alt"": null, ""lat"": null, ""lon"": null, ""snr"": -2.8, ""rssi"": -119, ""gateway_id"": ""ext-sg50-023""}, {""alt"": 820, ""lat"": 40.970672, ""lon"": -5.141641, ""snr"": -5, ""rssi"": -120, ""gateway_id"": ""meceiot-013-dragout-a84041ffff29dc56""}]",EU
135c06ea-a24f-47f6-9229-181c677853d6,stratolink-3-eu,2026-05-28 13:49:36.495716+00:00,40.6257961,-6.428663,10009.0,1.00378867036993,4.39687483392886,2026-05-28 13:49:37.130380+00:00,1.0,8738.0,0.0,-17.8,279.8,4.972,5.366,-106.0,3.5,4.51,12.86,27.0,-3.22,8.6,-0.76,,,,,,,7.0,125000.0,868300000.0,"[{""alt"": 940, ""lat"": 40.968865323719, ""lon"": -5.64232170581818, ""snr"": 3.5, ""rssi"": -106, ""gateway_id"": ""rio-tormes-1b""}, {""alt"": null, ""lat"": null, ""lon"": null, ""snr"": -6.2, ""rssi"": -109, ""gateway_id"": ""cicytex-ic003""}, {""alt"": null, ""lat"": null, ""lon"": null, ""snr"": -5.8, ""rssi"": -110, ""gateway_id"": ""mtcdtip02-l4e1-9""}, {""alt"": 1131, ""lat"": 40.589325292876616, ""lon"": -4.838257133960725, ""snr"": 1.25, ""rssi"": -111, ""gateway_id"": ""niharramikrotik""}, {""alt"": null, ""lat"": 40.962541751597406, ""lon"": -5.675446072867432, ""snr"": 0.5, ""rssi"": -111, ""gateway_id"": ""packetbroker""}, {""alt"": null, ""lat"": null, ""lon"": null, ""snr"": -6.2, ""rssi"": -111, ""gateway_id"": ""ext-dlos8-011""}, {""alt"": 1550, ""lat"": 40.5481739449056, ""lon"": -5.16353885114368, ""snr"": 1.25, ""rssi"": -111, ""gateway_id"": ""meceiot-004-5030354163554750""}, {""alt"": null, ""lat"": 42.3745405722791, ""lon"": -5.96814936380405, ""snr"": -7.5, ""rssi"": -113, ""gateway_id"": ""packetbroker""}, {""alt"": null, ""lat"": null, ""lon"": null, ""snr"": -0.5, ""rssi"": -115, ""gateway_id"": ""mjv-casas""}, {""alt"": 391, ""lat"": 39.4920534590841, ""lon"": -6.57908320426941, ""snr"": -6, ""rssi"": -116, ""gateway_id"": ""cdtic-multitech-4""}, {""alt"": null, ""lat"": 40.954279046747715, ""lon"": -4.142631590366364, ""snr"": -3.75, ""rssi"": -117, ""gateway_id"": ""italr0005""}, {""alt"": null, ""lat"": null, ""lon"": null, ""snr"": -6.5, ""rssi"": -117, ""gateway_id"": ""ext-sg50-029""}, {""alt"": 820, ""lat"": 40.970672, ""lon"": -5.141641, ""snr"": -3.75, ""rssi"": -118, ""gateway_id"": ""meceiot-013-dragout-a84041ffff29dc56""}, {""alt"": null, ""lat"": null, ""lon"": null, ""snr"": -6.2, ""rssi"": -118, ""gateway_id"": ""mitigasmart-cc""}, {""alt"": null, ""lat"": null, ""lon"": null, ""snr"": -5.5, ""rssi"": -119, ""gateway_id"": ""ext-sg50-023""}, {""alt"": null, ""lat"": null, ""lon"": null, ""snr"": -7.8, ""rssi"": -120, ""gateway_id"": ""ext-sg50-024""}, {""alt"": null, ""lat"": null, ""lon"": null, ""snr"": -8.5, ""rssi"": -128, ""gateway_id"": ""antena-granjas-rendondo-01""}]",EU
a8de8a69-9bdd-4d17-8321-d0394f9e7b4d,stratolink-3-eu,2026-05-28 13:54:44.614591+00:00,40.6257961,-6.428663,10009.0,1.00378867036993,4.39687483392886,2026-05-28 13:54:45.018797+00:00,1.0,8738.0,0.0,-17.6,279.5,4.792,5.388,-110.0,1.75,4.51,12.86,27.0,-3.22,8.9,-0.92,,,,,,,7.0,125000.0,868500000.0,"[{""alt"": null, ""lat"": 40.962541751597406, ""lon"": -5.675446072867432, ""snr"": 1.75, ""rssi"": -108, ""gateway_id"": ""packetbroker""}, {""alt"": 1550, ""lat"": 40.5481739449056, ""lon"": -5.16353885114368, ""snr"": 4.25, ""rssi"": -108, ""gateway_id"": ""meceiot-004-5030354163554750""}, {""alt"": 1131, ""lat"": 40.65110091852006, ""lon"": -4.679304063320161, ""snr"": -8.8, ""rssi"": -109, ""gateway_id"": ""mikrotikepsa""}, {""alt"": null, ""lat"": null, ""lon"": null, ""snr"": -7.8, ""rssi"": -109, ""gateway_id"": ""cicytex-ic003""}, {""alt"": 1131, ""lat"": 40.589325292876616, ""lon"": -4.838257133960725, ""snr"": 1.75, ""rssi"": -110, ""gateway_id"": ""niharramikrotik""}, {""alt"": null, ""lat"": null, ""lon"": null, ""snr"": -3.2, ""rssi"": -110, ""gateway_id"": ""mtcdtip02-l4e1-9""}, {""alt"": null, ""lat"": null, ""lon"": null, ""snr"": -7.2, ""rssi"": -110, ""gateway_id"": ""mtcdtip02-l4e1-5""}, {""alt"": null, ""lat"": null, ""lon"": null, ""snr"": 1.2, ""rssi"": -111, ""gateway_id"": ""mjv-casas""}, {""alt"": null, ""lat"": null, ""lon"": null, ""snr"": -7.5, ""rssi"": -112, ""gateway_id"": ""cicytex-icmc-002""}, {""alt"": 405, ""lat"": 39.94336757279527, ""lon"": -4.661850929260255, ""snr"": -5.8, ""rssi"": -112, ""gateway_id"": ""sg50-perte-malpica-02""}, {""alt"": 940, ""lat"": 40.968865323719, ""lon"": -5.64232170581818, ""snr"": 1.75, ""rssi"": -113, ""gateway_id"": ""rio-tormes-1b""}, {""alt"": null, ""lat"": null, ""lon"": null, ""snr"": -7.5, ""rssi"": -113, ""gateway_id"": ""dlps8-103""}, {""alt"": 391, ""lat"": 39.4920534590841, ""lon"": -6.57908320426941, ""snr"": -7, ""rssi"": -115, ""gateway_id"": ""cdtic-multitech-4""}, {""alt"": null, ""lat"": null, ""lon"": null, ""snr"": -3.2, ""rssi"": -115, ""gateway_id"": ""sg50-perte-malpica-05""}, {""alt"": null, ""lat"": 40.954279046747715, ""lon"": -4.142631590366364, ""snr"": -2, ""rssi"": -116, ""gateway_id"": ""italr0005""}, {""alt"": null, ""lat"": null, ""lon"": null, ""snr"": -9.8, ""rssi"": -116, ""gateway_id"": ""ext-sg50-015""}, {""alt"": null, ""lat"": null, ""lon"": null, ""snr"": -8, ""rssi"": -116, ""gateway_id"": ""sg50-perte-malpica-06""}, {""alt"": null, ""lat"": null, ""lon"": null, ""snr"": -8.5, ""rssi"": -117, ""gateway_id"": ""sg50-perte-malpica-01""}, {""alt"": null, ""lat"": null, ""lon"": null, ""snr"": -3, ""rssi"": -117, ""gateway_id"": ""mitigasmart-cc""}, {""alt"": null, ""lat"": null, ""lon"": null, ""snr"": -5.5, ""rssi"": -117, ""gateway_id"": ""ext-sg50-029""}, {""alt"": null, ""lat"": null, ""lon"": null, ""snr"": -4.5, ""rssi"": -117, ""gateway_id"": ""sg50-perte-malpica-07""}, {""alt"": null, ""lat"": null, ""lon"": null, ""snr"": -6.5, ""rssi"": -118, ""gateway_id"": ""sg50-eui-c0ba1ffffe004945""}, {""alt"": 820, ""lat"": 40.970672, ""lon"": -5.141641, ""snr"": -5.5, ""rssi"": -120, ""gateway_id"": ""meceiot-013-dragout-a84041ffff29dc56""}]",EU
34328858-0e38-42b4-ad71-6681c7143f2e,stratolink-3-eu,2026-05-28 13:59:52.660848+00:00,40.6257961,-6.428663,10009.0,1.00378867036993,4.39687483392886,2026-05-28 13:59:53.138256+00:00,1.0,8738.0,0.0,-12.8,280.4,4.858,5.372,-113.0,2.8,4.51,12.86,27.0,-3.22,8.75,-0.61,,,,,,,7.0,125000.0,868100000.0,"[{""alt"": null, ""lat"": null, ""lon"": null, ""snr"": -2.2, ""rssi"": -109, ""gateway_id"": ""cicytex-ic003""}, {""alt"": null, ""lat"": null, ""lon"": null, ""snr"": -3.8, ""rssi"": -111, ""gateway_id"": ""mtcdtip02-l4e1-9""}, {""alt"": null, ""lat"": null, ""lon"": null, ""snr"": -9.8, ""rssi"": -111, ""gateway_id"": ""sg50-perte-malpica-04""}, {""alt"": null, ""lat"": null, ""lon"": null, ""snr"": 2.8, ""rssi"": -113, ""gateway_id"": ""mjv-casas""}, {""alt"": 1550, ""lat"": 40.5481739449056, ""lon"": -5.16353885114368, ""snr"": 1.25, ""rssi"": -113, ""gateway_id"": ""meceiot-004-5030354163554750""}, {""alt"": 405, ""lat"": 39.94336757279527, ""lon"": -4.661850929260255, ""snr"": -5.5, ""rssi"": -113, ""gateway_id"": ""sg50-perte-malpica-02""}, {""alt"": null, ""lat"": 40.962541751597406, ""lon"": -5.675446072867432, ""snr"": 0.75, ""rssi"": -113, ""gateway_id"": ""packetbroker""}, {""alt"": null, ""lat"": null, ""lon"": null, ""snr"": -9.2, ""rssi"": -114, ""gateway_id"": ""mtcdtip02-l4e1-13""}, {""alt"": null, ""lat"": null, ""lon"": null, ""snr"": -5.8, ""rssi"": -114, ""gateway_id"": ""dlps8-103""}, {""alt"": null, ""lat"": null, ""lon"": null, ""snr"": -6.2, ""rssi"": -114, ""gateway_id"": ""sg50-perte-malpica-06""}, {""alt"": 391, ""lat"": 39.4920534590841, ""lon"": -6.57908320426941, ""snr"": -6.2, ""rssi"": -115, ""gateway_id"": ""cdtic-multitech-4""}, {""alt"": null, ""lat"": null, ""lon"": null, ""snr"": -4.8, ""rssi"": -115, ""gateway_id"": ""ext-sg50-018""}, {""alt"": null, ""lat"": null, ""lon"": null, ""snr"": -7.5, ""rssi"": -118, ""gateway_id"": ""sg50-eui-c0ba1ffffe004945""}, {""alt"": null, ""lat"": null, ""lon"": null, ""snr"": -4.5, ""rssi"": -118, ""gateway_id"": ""sg50-perte-malpica-07""}, {""alt"": null, ""lat"": null, ""lon"": null, ""snr"": -6.8, ""rssi"": -119, ""gateway_id"": ""ext-sg50-024""}, {""alt"": null, ""lat"": null, ""lon"": null, ""snr"": -5.8, ""rssi"": -119, ""gateway_id"": ""mitigasmart-cc""}, {""alt"": null, ""lat"": null, ""lon"": null, ""snr"": -6.2, ""rssi"": -119, ""gateway_id"": ""ext-sg50-028""}, {""alt"": null, ""lat"": null, ""lon"": null, ""snr"": -5.8, ""rssi"": -119, ""gateway_id"": ""cicytex-unex-1""}, {""alt"": null, ""lat"": 40.954279046747715, ""lon"": -4.142631590366364, ""snr"": -7, ""rssi"": -121, ""gateway_id"": ""italr0005""}, {""alt"": 820, ""lat"": 40.970672, ""lon"": -5.141641, ""snr"": -7.75, ""rssi"": -123, ""gateway_id"": ""meceiot-013-dragout-a84041ffff29dc56""}]",EU
cdff2851-608d-44e5-8778-58eb87b8bc80,stratolink-3-eu,2026-05-28 14:05:00.592666+00:00,40.6257961,-6.428663,10009.0,1.00378867036993,4.39687483392886,2026-05-28 14:05:03.153179+00:00,2.0,8738.0,1.0,-9.6,282.1,4.954,5.364,-111.0,-0.5,4.51,12.86,27.0,-3.07,9.21,-0.3,,,,,,,7.0,125000.0,868300000.0,"[{""alt"": null, ""lat"": 40.962541751597406, ""lon"": -5.675446072867432, ""snr"": 4.25, ""rssi"": -108, ""gateway_id"": ""packetbroker""}, {""alt"": null, ""lat"": null, ""lon"": null, ""snr"": -4.2, ""rssi"": -109, ""gateway_id"": ""cicytex-ic003""}, {""alt"": null, ""lat"": null, ""lon"": null, ""snr"": -4.2, ""rssi"": -110, ""gateway_id"": ""mtcdtip02-l4e1-9""}, {""alt"": 1131, ""lat"": 40.589325292876616, ""lon"": -4.838257133960725, ""snr"": -0.5, ""rssi"": -111, ""gateway_id"": ""niharramikrotik""}, {""alt"": null, ""lat"": null, ""lon"": null, ""snr"": -8.5, ""rssi"": -114, ""gateway_id"": ""ext-sg50-018""}, {""alt"": 1550, ""lat"": 40.5481739449056, ""lon"": -5.16353885114368, ""snr"": -2, ""rssi"": -114, ""gateway_id"": ""meceiot-004-5030354163554750""}, {""alt"": null, ""lat"": null, ""lon"": null, ""snr"": -6.5, ""rssi"": -117, ""gateway_id"": ""packetbroker""}, {""alt"": null, ""lat"": null, ""lon"": null, ""snr"": -6.8, ""rssi"": -118, ""gateway_id"": ""ext-sg50-028""}, {""alt"": null, ""lat"": null, ""lon"": null, ""snr"": -7.5, ""rssi"": -118, ""gateway_id"": ""sg50-perte-malpica-05""}, {""alt"": null, ""lat"": null, ""lon"": null, ""snr"": -7, ""rssi"": -118, ""gateway_id"": ""ext-sg50-029""}, {""alt"": null, ""lat"": null, ""lon"": null, ""snr"": -4.8, ""rssi"": -119, ""gateway_id"": ""ext-sg50-024""}, {""alt"": null, ""lat"": null, ""lon"": null, ""snr"": -9.5, ""rssi"": -120, ""gateway_id"": ""ext-sg50-022""}, {""alt"": 820, ""lat"": 40.970672, ""lon"": -5.141641, ""snr"": -8, ""rssi"": -122, ""gateway_id"": ""meceiot-013-dragout-a84041ffff29dc56""}]",EU
7f34f0a6-a7a4-4e2e-9421-5d3c9348207d,stratolink-3-eu,2026-05-28 14:10:08.659962+00:00,40.6257961,-6.428663,10009.0,1.00378867036993,4.39687483392886,2026-05-28 14:10:09.884369+00:00,3.0,8738.0,1.0,-11.8,280.2,4.982,5.362,-113.0,,4.51,12.86,27.0,-3.37,8.44,-0.76,,,,,,,7.0,125000.0,868500000.0,"[{""alt"": null, ""lat"": 40.962758045083945, ""lon"": -5.675633842073217, ""snr"": 3.5, ""rssi"": -108, ""gateway_id"": ""packetbroker""}, {""alt"": null, ""lat"": null, ""lon"": null, ""snr"": -6.8, ""rssi"": -108, ""gateway_id"": ""cicytex-ic003""}, {""alt"": null, ""lat"": null, ""lon"": null, ""snr"": -5.8, ""rssi"": -110, ""gateway_id"": ""mtcdtip02-l4e1-9""}, {""alt"": 1550, ""lat"": 40.5481739449056, ""lon"": -5.16353885114368, ""snr"": null, ""rssi"": -110, ""gateway_id"": ""meceiot-004-5030354163554750""}, {""alt"": null, ""lat"": null, ""lon"": null, ""snr"": -7, ""rssi"": -110, ""gateway_id"": ""ext-dlos8-011""}, {""alt"": 1131, ""lat"": 40.589325292876616, ""lon"": -4.838257133960725, ""snr"": null, ""rssi"": -113, ""gateway_id"": ""niharramikrotik""}, {""alt"": null, ""lat"": null, ""lon"": null, ""snr"": -8.8, ""rssi"": -113, ""gateway_id"": ""ext-sg50-018""}, {""alt"": null, ""lat"": 40.962541751597406, ""lon"": -5.675446072867432, ""snr"": -4.25, ""rssi"": -114, ""gateway_id"": ""packetbroker""}, {""alt"": null, ""lat"": 40.954279046747715, ""lon"": -4.142631590366364, ""snr"": -1, ""rssi"": -114, ""gateway_id"": ""italr0005""}, {""alt"": null, ""lat"": null, ""lon"": null, ""snr"": -2.5, ""rssi"": -115, ""gateway_id"": ""mjv-casas""}, {""alt"": 940, ""lat"": 40.968865323719, ""lon"": -5.64232170581818, ""snr"": -6.25, ""rssi"": -116, ""gateway_id"": ""rio-tormes-1b""}, {""alt"": 765, ""lat"": 41.70253250763931, ""lon"": -4.708266556262971, ""snr"": -4.25, ""rssi"": -116, ""gateway_id"": ""italr0001""}, {""alt"": null, ""lat"": null, ""lon"": null, ""snr"": -5.2, ""rssi"": -118, ""gateway_id"": ""mitigasmart-cc""}, {""alt"": null, ""lat"": null, ""lon"": null, ""snr"": -9.8, ""rssi"": -118, ""gateway_id"": ""ext-sg50-029""}, {""alt"": null, ""lat"": null, ""lon"": null, ""snr"": -7.8, ""rssi"": -118, ""gateway_id"": ""sg50-perte-malpica-07""}, {""alt"": null, ""lat"": null, ""lon"": null, ""snr"": -8.5, ""rssi"": -119, ""gateway_id"": ""ext-sg50-024""}, {""alt"": null, ""lat"": null, ""lon"": null, ""snr"": -6, ""rssi"": -119, ""gateway_id"": ""ext-sg50-023""}, {""alt"": 820, ""lat"": 40.970672, ""lon"": -5.141641, ""snr"": -6, ""rssi"": -120, ""gateway_id"": ""meceiot-013-dragout-a84041ffff29dc56""}]",EU
dfd49344-1c99-49c2-827b-0ff582190134,stratolink-3-eu,2026-05-28 14:15:16.646826+00:00,40.6257961,-6.428663,10009.0,1.00378867036993,4.39687483392886,2026-05-28 14:15:18.024426+00:00,1.0,8738.0,0.0,-16.2,280.2,4.908,5.362,-114.0,-0.8,4.51,12.86,27.0,-3.37,8.9,-0.46,,,,,,,7.0,125000.0,868100000.0,"[{""alt"": 1131, ""lat"": 40.589325292876616, ""lon"": -4.838257133960725, ""snr"": -9, ""rssi"": -101, ""gateway_id"": ""niharramikrotik""}, {""alt"": null, ""lat"": null, ""lon"": null, ""snr"": -6, ""rssi"": -108, ""gateway_id"": ""mtcdtip02-l4e1-5""}, {""alt"": null, ""lat"": null, ""lon"": null, ""snr"": -3.8, ""rssi"": -109, ""gateway_id"": ""cicytex-ic003""}, {""alt"": 1550, ""lat"": 40.5481739449056, ""lon"": -5.16353885114368, ""snr"": 6.5, ""rssi"": -109, ""gateway_id"": ""meceiot-004-5030354163554750""}, {""alt"": 405, ""lat"": 39.94336757279527, ""lon"": -4.661850929260255, ""snr"": -7.2, ""rssi"": -111, ""gateway_id"": ""sg50-perte-malpica-02""}, {""alt"": null, ""lat"": 40.962541751597406, ""lon"": -5.675446072867432, ""snr"": 2, ""rssi"": -113, ""gateway_id"": ""packetbroker""}, {""alt"": null, ""lat"": null, ""lon"": null, ""snr"": -8, ""rssi"": -113, ""gateway_id"": ""ext-sg50-018""}, {""alt"": null, ""lat"": null, ""lon"": null, ""snr"": -0.8, ""rssi"": -114, ""gateway_id"": ""mjv-casas""}, {""alt"": null, ""lat"": null, ""lon"": null, ""snr"": -6.2, ""rssi"": -114, ""gateway_id"": ""dlps8-103""}, {""alt"": 391, ""lat"": 39.4920534590841, ""lon"": -6.57908320426941, ""snr"": -4.8, ""rssi"": -114, ""gateway_id"": ""cdtic-multitech-4""}, {""alt"": null, ""lat"": null, ""lon"": null, ""snr"": -10, ""rssi"": -114, ""gateway_id"": ""dlps8-105""}, {""alt"": null, ""lat"": null, ""lon"": null, ""snr"": -6.8, ""rssi"": -114, ""gateway_id"": ""sg50-perte-malpica-07""}, {""alt"": null, ""lat"": 40.962758045083945, ""lon"": -5.675633842073217, ""snr"": -6.5, ""rssi"": -116, ""gateway_id"": ""packetbroker""}, {""alt"": null, ""lat"": null, ""lon"": null, ""snr"": -5.75, ""rssi"": -117, ""gateway_id"": ""packetbroker""}, {""alt"": null, ""lat"": null, ""lon"": null, ""snr"": -1, ""rssi"": -117, ""gateway_id"": ""sg50-perte-malpica-05""}, {""alt"": null, ""lat"": 40.954279046747715, ""lon"": -4.142631590366364, ""snr"": -3.25, ""rssi"": -118, ""gateway_id"": ""italr0005""}, {""alt"": null, ""lat"": null, ""lon"": null, ""snr"": -3, ""rssi"": -118, ""gateway_id"": ""mitigasmart-cc""}, {""alt"": null, ""lat"": null, ""lon"": null, ""snr"": -6.5, ""rssi"": -118, ""gateway_id"": ""ext-sg50-029""}, {""alt"": 297, ""lat"": 40.108033, ""lon"": -6.632828, ""snr"": -4.8, ""rssi"": -119, ""gateway_id"": ""tef-mls-01""}, {""alt"": null, ""lat"": null, ""lon"": null, ""snr"": -6.8, ""rssi"": -119, ""gateway_id"": ""sg50-eui-c0ba1ffffe004945""}, {""alt"": null, ""lat"": null, ""lon"": null, ""snr"": -7.5, ""rssi"": -120, ""gateway_id"": ""ext-sg50-011""}, {""alt"": 820, ""lat"": 40.970672, ""lon"": -5.141641, ""snr"": -6, ""rssi"": -121, ""gateway_id"": ""meceiot-013-dragout-a84041ffff29dc56""}]",EU
907f666e-f003-4fc1-b577-303a07607399,stratolink-3-eu,2026-05-28 14:20:24.714596+00:00,40.6257961,-6.428663,10009.0,1.00378867036993,4.39687483392886,2026-05-28 14:20:25.233460+00:00,1.0,8738.0,0.0,-14.1,280.3,5.006,5.38,-111.0,,4.51,12.86,27.0,-3.07,8.9,0.15,,,,,,,7.0,125000.0,868300000.0,"[{""alt"": null, ""lat"": null, ""lon"": null, ""snr"": -5, ""rssi"": -108, ""gateway_id"": ""cicytex-ic003""}, {""alt"": null, ""lat"": null, ""lon"": null, ""snr"": -5.8, ""rssi"": -109, ""gateway_id"": ""mtcdtip02-l4e1-1""}, {""alt"": 1131, ""lat"": 40.589325292876616, ""lon"": -4.838257133960725, ""snr"": 4, ""rssi"": -109, ""gateway_id"": ""niharramikrotik""}, {""alt"": null, ""lat"": 40.962541751597406, ""lon"": -5.675446072867432, ""snr"": 1, ""rssi"": -110, ""gateway_id"": ""packetbroker""}, {""alt"": null, ""lat"": null, ""lon"": null, ""snr"": null, ""rssi"": -111, ""gateway_id"": ""mjv-casas""}, {""alt"": null, ""lat"": null, ""lon"": null, ""snr"": -9.3, ""rssi"": -111, ""gateway_id"": ""cicytex-icmc-002""}, {""alt"": null, ""lat"": 40.962758045083945, ""lon"": -5.675633842073217, ""snr"": -3.5, ""rssi"": -113, ""gateway_id"": ""packetbroker""}, {""alt"": null, ""lat"": null, ""lon"": null, ""snr"": -7.2, ""rssi"": -113, ""gateway_id"": ""dlps8-103""}, {""alt"": 405, ""lat"": 39.94336757279527, ""lon"": -4.661850929260255, ""snr"": -4, ""rssi"": -113, ""gateway_id"": ""sg50-perte-malpica-02""}, {""alt"": null, ""lat"": null, ""lon"": null, ""snr"": -7.2, ""rssi"": -114, ""gateway_id"": ""ext-sg50-018""}, {""alt"": 391, ""lat"": 39.4920534590841, ""lon"": -6.57908320426941, ""snr"": -2.2, ""rssi"": -114, ""gateway_id"": ""cdtic-multitech-4""}, {""alt"": null, ""lat"": null, ""lon"": null, ""snr"": -5.2, ""rssi"": -115, ""gateway_id"": ""sg50-perte-malpica-06""}, {""alt"": null, ""lat"": null, ""lon"": null, ""snr"": -0.5, ""rssi"": -116, ""gateway_id"": ""sg50-perte-malpica-05""}, {""alt"": null, ""lat"": null, ""lon"": null, ""snr"": -3.2, ""rssi"": -117, ""gateway_id"": ""mitigasmart-cc""}, {""alt"": 600, ""lat"": 40.13814, ""lon"": -7.50059, ""snr"": -7.8, ""rssi"": -118, ""gateway_id"": ""v3-eui-b827ebfffebf1f02""}, {""alt"": null, ""lat"": null, ""lon"": null, ""snr"": -6.75, ""rssi"": -118, ""gateway_id"": ""packetbroker""}, {""alt"": null, ""lat"": 40.954279046747715, ""lon"": -4.142631590366364, ""snr"": -3.75, ""rssi"": -118, ""gateway_id"": ""italr0005""}, {""alt"": null, ""lat"": null, ""lon"": null, ""snr"": -5.8, ""rssi"": -118, ""gateway_id"": ""sg50-perte-malpica-07""}, {""alt"": null, ""lat"": null, ""lon"": null, ""snr"": -8.5, ""rssi"": -120, ""gateway_id"": ""ext-sg50-022""}, {""alt"": 820, ""lat"": 40.970672, ""lon"": -5.141641, ""snr"": -6.25, ""rssi"": -120, ""gateway_id"": ""meceiot-013-dragout-a84041ffff29dc56""}]",EU
8d7eee9c-0c71-4a8b-89b7-31a2994b85aa,stratolink-3-eu,2026-05-28 14:25:32.714699+00:00,40.6257961,-6.428663,10009.0,1.00378867036993,4.39687483392886,2026-05-28 14:25:33.422104+00:00,1.0,8738.0,0.0,-15.0,280.1,4.972,5.37,-115.0,-7.0,4.51,12.86,27.0,-3.37,9.21,-0.15,,,,,,,7.0,125000.0,868500000.0,"[{""alt"": 1550, ""lat"": 40.5481739449056, ""lon"": -5.16353885114368, ""snr"": 3.75, ""rssi"": -107, ""gateway_id"": ""meceiot-004-5030354163554750""}, {""alt"": 1131, ""lat"": 40.589325292876616, ""lon"": -4.838257133960725, ""snr"": 2, ""rssi"": -109, ""gateway_id"": ""niharramikrotik""}, {""alt"": null, ""lat"": 40.962541751597406, ""lon"": -5.675446072867432, ""snr"": 2.75, ""rssi"": -109, ""gateway_id"": ""packetbroker""}, {""alt"": 405, ""lat"": 39.94336757279527, ""lon"": -4.661850929260255, ""snr"": -5, ""rssi"": -111, ""gateway_id"": ""sg50-perte-malpica-02""}, {""alt"": null, ""lat"": null, ""lon"": null, ""snr"": -9, ""rssi"": -113, ""gateway_id"": ""dlps8-103""}, {""alt"": null, ""lat"": 40.962758045083945, ""lon"": -5.675633842073217, ""snr"": -1.25, ""rssi"": -114, ""gateway_id"": ""packetbroker""}, {""alt"": null, ""lat"": null, ""lon"": null, ""snr"": -8.2, ""rssi"": -114, ""gateway_id"": ""sg50-perte-malpica-06""}, {""alt"": null, ""lat"": null, ""lon"": null, ""snr"": -7, ""rssi"": -115, ""gateway_id"": ""mvj-cabezuela""}, {""alt"": 391, ""lat"": 39.4920534590841, ""lon"": -6.57908320426941, ""snr"": -3, ""rssi"": -115, ""gateway_id"": ""cdtic-multitech-4""}, {""alt"": 765, ""lat"": 41.70253250763931, ""lon"": -4.708266556262971, ""snr"": -8.25, ""rssi"": -116, ""gateway_id"": ""italr0001""}, {""alt"": null, ""lat"": 40.954279046747715, ""lon"": -4.142631590366364, ""snr"": -3.75, ""rssi"": -117, ""gateway_id"": ""italr0005""}, {""alt"": null, ""lat"": null, ""lon"": null, ""snr"": -5.8, ""rssi"": -117, ""gateway_id"": ""mitigasmart-cc""}, {""alt"": null, ""lat"": null, ""lon"": null, ""snr"": -8.5, ""rssi"": -117, ""gateway_id"": ""sg50-perte-malpica-01""}, {""alt"": null, ""lat"": null, ""lon"": null, ""snr"": -2.2, ""rssi"": -117, ""gateway_id"": ""sg50-perte-malpica-05""}, {""alt"": null, ""lat"": null, ""lon"": null, ""snr"": -8, ""rssi"": -118, ""gateway_id"": ""sg50-eui-c0ba1ffffe004945""}, {""alt"": null, ""lat"": null, ""lon"": null, ""snr"": -5, ""rssi"": -118, ""gateway_id"": ""ext-sg50-023""}, {""alt"": 820, ""lat"": 40.970672, ""lon"": -5.141641, ""snr"": -4.75, ""rssi"": -119, ""gateway_id"": ""meceiot-013-dragout-a84041ffff29dc56""}]",EU
cda5014c-20ea-490e-8677-835d9ee81996,stratolink-3-eu,2026-05-28 14:30:40.755758+00:00,40.6257961,-6.428663,10009.0,1.00378867036993,4.39687483392886,2026-05-28 14:30:41.255561+00:00,1.0,8738.0,0.0,-14.6,280.7,4.754,5.388,-113.0,2.5,4.51,12.86,27.0,-3.37,8.9,-0.3,,,,,,,7.0,125000.0,868100000.0,"[{""alt"": null, ""lat"": null, ""lon"": null, ""snr"": -0.2, ""rssi"": -106, ""gateway_id"": ""cicytex-ic003""}, {""alt"": null, ""lat"": 40.962541751597406, ""lon"": -5.675446072867432, ""snr"": 5.25, ""rssi"": -108, ""gateway_id"": ""packetbroker""}, {""alt"": null, ""lat"": null, ""lon"": null, ""snr"": -2.2, ""rssi"": -110, ""gateway_id"": ""mtcdtip02-l4e1-9""}, {""alt"": null, ""lat"": null, ""lon"": null, ""snr"": null, ""rssi"": -111, ""gateway_id"": ""mvj-cabezuela""}, {""alt"": null, ""lat"": 40.962758045083945, ""lon"": -5.675633842073217, ""snr"": 2, ""rssi"": -111, ""gateway_id"": ""packetbroker""}, {""alt"": null, ""lat"": null, ""lon"": null, ""snr"": -4, ""rssi"": -111, ""gateway_id"": ""mtcdtip02-l4e1-1""}, {""alt"": 1550, ""lat"": 40.5481739449056, ""lon"": -5.16353885114368, ""snr"": 2.75, ""rssi"": -111, ""gateway_id"": ""meceiot-004-5030354163554750""}, {""alt"": null, ""lat"": null, ""lon"": null, ""snr"": -5.3, ""rssi"": -112, ""gateway_id"": ""cicytex-icmc-002""}, {""alt"": null, ""lat"": null, ""lon"": null, ""snr"": 2.5, ""rssi"": -113, ""gateway_id"": ""mjv-casas""}, {""alt"": null, ""lat"": null, ""lon"": null, ""snr"": -4.8, ""rssi"": -113, ""gateway_id"": ""dlps8-103""}, {""alt"": 391, ""lat"": 39.4920534590841, ""lon"": -6.57908320426941, ""snr"": -3.2, ""rssi"": -113, ""gateway_id"": ""cdtic-multitech-4""}, {""alt"": null, ""lat"": null, ""lon"": null, ""snr"": -7, ""rssi"": -114, ""gateway_id"": ""mtcdtip02-l4e1-7""}, {""alt"": null, ""lat"": null, ""lon"": null, ""snr"": -7, ""rssi"": -114, ""gateway_id"": ""mtcdtip02-l4e1-16""}, {""alt"": null, ""lat"": null, ""lon"": null, ""snr"": -4.8, ""rssi"": -114, ""gateway_id"": ""mtcdtip02-l4e1-5""}, {""alt"": null, ""lat"": null, ""lon"": null, ""snr"": -8.2, ""rssi"": -115, ""gateway_id"": ""mtcdtip02-l4e1-13""}, {""alt"": 1131, ""lat"": 40.589325292876616, ""lon"": -4.838257133960725, ""snr"": -3, ""rssi"": -116, ""gateway_id"": ""niharramikrotik""}, {""alt"": null, ""lat"": null, ""lon"": null, ""snr"": -5.8, ""rssi"": -116, ""gateway_id"": ""mtcdtip02-l4e1-15""}, {""alt"": null, ""lat"": null, ""lon"": null, ""snr"": -2.5, ""rssi"": -116, ""gateway_id"": ""ext-sg50-015""}, {""alt"": null, ""lat"": null, ""lon"": null, ""snr"": -2.5, ""rssi"": -117, ""gateway_id"": ""cicytex-unex-1""}, {""alt"": null, ""lat"": null, ""lon"": null, ""snr"": -2.5, ""rssi"": -117, ""gateway_id"": ""mitigasmart-cc""}, {""alt"": null, ""lat"": null, ""lon"": null, ""snr"": -3.2, ""rssi"": -117, ""gateway_id"": ""ext-sg50-029""}, {""alt"": null, ""lat"": null, ""lon"": null, ""snr"": -1.2, ""rssi"": -118, ""gateway_id"": ""ext-sg50-024""}, {""alt"": null, ""lat"": null, ""lon"": null, ""snr"": -1.8, ""rssi"": -118, ""gateway_id"": ""sg50-perte-malpica-05""}, {""alt"": null, ""lat"": null, ""lon"": null, ""snr"": -2.5, ""rssi"": -118, ""gateway_id"": ""sg50-perte-malpica-07""}, {""alt"": null, ""lat"": null, ""lon"": null, ""snr"": -6.8, ""rssi"": -119, ""gateway_id"": ""ext-sg50-028""}, {""alt"": null, ""lat"": null, ""lon"": null, ""snr"": -6.8, ""rssi"": -119, ""gateway_id"": ""sg50-eui-c0ba1ffffe004945""}, {""alt"": null, ""lat"": null, ""lon"": null, ""snr"": -8.25, ""rssi"": -120, ""gateway_id"": ""packetbroker""}, {""alt"": null, ""lat"": null, ""lon"": null, ""snr"": -6, ""rssi"": -120, ""gateway_id"": ""ext-sg50-022""}, {""alt"": null, ""lat"": null, ""lon"": null, ""snr"": -7.2, ""rssi"": -120, ""gateway_id"": ""ext-sg50-011""}, {""alt"": 297, ""lat"": 40.108033, ""lon"": -6.632828, ""snr"": -6.2, ""rssi"": -120, ""gateway_id"": ""tef-mls-01""}, {""alt"": null, ""lat"": 40.954279046747715, ""lon"": -4.142631590366364, ""snr"": -7.5, ""rssi"": -122, ""gateway_id"": ""italr0005""}, {""alt"": 820, ""lat"": 40.970672, ""lon"": -5.141641, ""snr"": -8.25, ""rssi"": -123, ""gateway_id"": ""meceiot-013-dragout-a84041ffff29dc56""}]",EU
6ccbeabe-e697-4503-9be2-e41d66332d5e,stratolink-3-eu,2026-05-28 14:35:48.641691+00:00,40.6257961,-6.428663,10009.0,1.00378867036993,4.39687483392886,2026-05-28 14:35:49.019427+00:00,3.0,8738.0,1.0,-11.0,265.2,4.988,5.38,-111.0,-4.8,4.51,12.86,27.0,-3.37,9.21,-0.92,,,,,,,7.0,125000.0,868300000.0,"[{""alt"": null, ""lat"": 40.962541751597406, ""lon"": -5.675446072867432, ""snr"": 4.75, ""rssi"": -105, ""gateway_id"": ""packetbroker""}, {""alt"": null, ""lat"": null, ""lon"": null, ""snr"": -6.2, ""rssi"": -108, ""gateway_id"": ""cicytex-ic003""}, {""alt"": null, ""lat"": 40.962758045083945, ""lon"": -5.675633842073217, ""snr"": 3.75, ""rssi"": -109, ""gateway_id"": ""packetbroker""}, {""alt"": null, ""lat"": null, ""lon"": null, ""snr"": -5.8, ""rssi"": -109, ""gateway_id"": ""mtcdtip02-l4e1-9""}, {""alt"": 1550, ""lat"": 40.5481739449056, ""lon"": -5.16353885114368, ""snr"": 1.75, ""rssi"": -109, ""gateway_id"": ""meceiot-004-5030354163554750""}, {""alt"": null, ""lat"": null, ""lon"": null, ""snr"": -4.8, ""rssi"": -111, ""gateway_id"": ""mvj-cabezuela""}, {""alt"": null, ""lat"": null, ""lon"": null, ""snr"": -7.5, ""rssi"": -111, ""gateway_id"": ""ext-dlos8-011""}, {""alt"": null, ""lat"": null, ""lon"": null, ""snr"": -4.25, ""rssi"": -113, ""gateway_id"": ""packetbroker""}, {""alt"": null, ""lat"": 41.62916384851624, ""lon"": -4.713819387616739, ""snr"": -7.25, ""rssi"": -114, ""gateway_id"": ""packetbroker""}, {""alt"": 1131, ""lat"": 40.589325292876616, ""lon"": -4.838257133960725, ""snr"": -3.5, ""rssi"": -115, ""gateway_id"": ""niharramikrotik""}, {""alt"": null, ""lat"": null, ""lon"": null, ""snr"": -6, ""rssi"": -116, ""gateway_id"": ""elecrowgw""}, {""alt"": null, ""lat"": null, ""lon"": null, ""snr"": -3.5, ""rssi"": -116, ""gateway_id"": ""mjv-casas""}, {""alt"": 820, ""lat"": 40.970672, ""lon"": -5.141641, ""snr"": -2, ""rssi"": -116, ""gateway_id"": ""meceiot-013-dragout-a84041ffff29dc56""}, {""alt"": 391, ""lat"": 39.4920534590841, ""lon"": -6.57908320426941, ""snr"": -6.8, ""rssi"": -116, ""gateway_id"": ""cdtic-multitech-4""}, {""alt"": null, ""lat"": 40.954279046747715, ""lon"": -4.142631590366364, ""snr"": -3.25, ""rssi"": -117, ""gateway_id"": ""italr0005""}, {""alt"": null, ""lat"": null, ""lon"": null, ""snr"": -6, ""rssi"": -118, ""gateway_id"": ""mitigasmart-cc""}, {""alt"": null, ""lat"": null, ""lon"": null, ""snr"": -6.2, ""rssi"": -118, ""gateway_id"": ""sg50-perte-malpica-05""}, {""alt"": null, ""lat"": null, ""lon"": null, ""snr"": -6.8, ""rssi"": -119, ""gateway_id"": ""ext-sg50-024""}]",EU
4b654b86-1624-4cc7-bebc-0c256a6c81d3,stratolink-3-eu,2026-05-28 14:40:56.572559+00:00,40.6257961,-6.428663,10009.0,1.00378867036993,4.39687483392886,2026-05-28 14:40:57.024013+00:00,1.0,8738.0,0.0,-10.2,282.9,4.794,5.388,-111.0,2.8,4.51,12.86,27.0,-3.37,8.9,-0.46,,,,,,,7.0,125000.0,868500000.0,"[{""alt"": null, ""lat"": 40.962541751597406, ""lon"": -5.675446072867432, ""snr"": 4.25, ""rssi"": -105, ""gateway_id"": ""packetbroker""}, {""alt"": null, ""lat"": null, ""lon"": null, ""snr"": 1, ""rssi"": -106, ""gateway_id"": ""cicytex-ic003""}, {""alt"": null, ""lat"": null, ""lon"": null, ""snr"": -2, ""rssi"": -109, ""gateway_id"": ""mtcdtip02-l4e1-9""}, {""alt"": 1550, ""lat"": 40.5481739449056, ""lon"": -5.16353885114368, ""snr"": 2, ""rssi"": -110, ""gateway_id"": ""meceiot-004-5030354163554750""}, {""alt"": null, ""lat"": null, ""lon"": null, ""snr"": 2.8, ""rssi"": -111, ""gateway_id"": ""mjv-casas""}, {""alt"": null, ""lat"": null, ""lon"": null, ""snr"": 0.2, ""rssi"": -111, ""gateway_id"": ""mvj-cabezuela""}, {""alt"": null, ""lat"": null, ""lon"": null, ""snr"": -4.5, ""rssi"": -111, ""gateway_id"": ""cicytex-icmc-002""}, {""alt"": null, ""lat"": null, ""lon"": null, ""snr"": -3.8, ""rssi"": -112, ""gateway_id"": ""dlps8-103""}, {""alt"": null, ""lat"": null, ""lon"": null, ""snr"": -6.8, ""rssi"": -113, ""gateway_id"": ""mtcdtip02-l4e1-7""}, {""alt"": null, ""lat"": null, ""lon"": null, ""snr"": -4.2, ""rssi"": -113, ""gateway_id"": ""ext-sg50-018""}, {""alt"": 405, ""lat"": 39.94336757279527, ""lon"": -4.661850929260255, ""snr"": -7, ""rssi"": -114, ""gateway_id"": ""sg50-perte-malpica-02""}, {""alt"": 1131, ""lat"": 40.589325292876616, ""lon"": -4.838257133960725, ""snr"": -4.5, ""rssi"": -115, ""gateway_id"": ""niharramikrotik""}, {""alt"": null, ""lat"": null, ""lon"": null, ""snr"": -6, ""rssi"": -115, ""gateway_id"": ""sg50-perte-malpica-06""}, {""alt"": null, ""lat"": null, ""lon"": null, ""snr"": -6.8, ""rssi"": -116, ""gateway_id"": ""cicytex-unex-1""}, {""alt"": null, ""lat"": null, ""lon"": null, ""snr"": -0.8, ""rssi"": -116, ""gateway_id"": ""mitigasmart-cc""}, {""alt"": null, ""lat"": null, ""lon"": null, ""snr"": -3.2, ""rssi"": -116, ""gateway_id"": ""ext-sg50-029""}, {""alt"": null, ""lat"": null, ""lon"": null, ""snr"": -8.5, ""rssi"": -117, ""gateway_id"": ""elecrowgw""}, {""alt"": 940, ""lat"": 40.968865323719, ""lon"": -5.64232170581818, ""snr"": -2.5, ""rssi"": -117, ""gateway_id"": ""rio-tormes-1b""}, {""alt"": null, ""lat"": null, ""lon"": null, ""snr"": -6.5, ""rssi"": -118, ""gateway_id"": ""ext-sg50-028""}, {""alt"": null, ""lat"": null, ""lon"": null, ""snr"": -3, ""rssi"": -118, ""gateway_id"": ""ext-sg50-024""}, {""alt"": null, ""lat"": null, ""lon"": null, ""snr"": -3.5, ""rssi"": -118, ""gateway_id"": ""ext-sg50-022""}, {""alt"": 297, ""lat"": 40.108033, ""lon"": -6.632828, ""snr"": -7.5, ""rssi"": -118, ""gateway_id"": ""tef-mls-01""}, {""alt"": null, ""lat"": null, ""lon"": null, ""snr"": -8.8, ""rssi"": -118, ""gateway_id"": ""sg50-eui-c0ba1ffffe004945""}, {""alt"": null, ""lat"": null, ""lon"": null, ""snr"": -7.2, ""rssi"": -119, ""gateway_id"": ""ext-sg50-011""}, {""alt"": 820, ""lat"": 40.970672, ""lon"": -5.141641, ""snr"": -7.5, ""rssi"": -122, ""gateway_id"": ""meceiot-013-dragout-a84041ffff29dc56""}, {""alt"": null, ""lat"": 40.954279046747715, ""lon"": -4.142631590366364, ""snr"": -9.5, ""rssi"": -123, ""gateway_id"": ""italr0005""}]",EU
f0116dab-f8f8-4814-8129-3ea3d685dd5f,stratolink-3-eu,2026-05-28 14:46:04.445827+00:00,40.6257961,-6.428663,10009.0,1.00378867036993,4.39687483392886,2026-05-28 14:46:05.687121+00:00,1.0,8738.0,0.0,-10.8,282.1,4.782,5.38,-118.0,-6.8,4.51,12.86,27.0,-3.07,8.75,-0.46,,,,,,,7.0,125000.0,868100000.0,"[{""alt"": null, ""lat"": null, ""lon"": null, ""snr"": 1.2, ""rssi"": -106, ""gateway_id"": ""cicytex-ic003""}, {""alt"": null, ""lat"": 40.962541751597406, ""lon"": -5.675446072867432, ""snr"": 6.5, ""rssi"": -107, ""gateway_id"": ""packetbroker""}, {""alt"": null, ""lat"": null, ""lon"": null, ""snr"": -6, ""rssi"": -108, ""gateway_id"": ""mtcdtip02-l4e1-9""}, {""alt"": null, ""lat"": null, ""lon"": null, ""snr"": 3, ""rssi"": -111, ""gateway_id"": ""mjv-casas""}, {""alt"": null, ""lat"": 40.962758045083945, ""lon"": -5.675633842073217, ""snr"": 1.75, ""rssi"": -111, ""gateway_id"": ""packetbroker""}, {""alt"": null, ""lat"": null, ""lon"": null, ""snr"": -7.5, ""rssi"": -112, ""gateway_id"": ""cicytex-icmc-002""}, {""alt"": null, ""lat"": null, ""lon"": null, ""snr"": -5.8, ""rssi"": -114, ""gateway_id"": ""dlps8-103""}, {""alt"": null, ""lat"": null, ""lon"": null, ""snr"": -4.5, ""rssi"": -115, ""gateway_id"": ""mvj-cabezuela""}, {""alt"": 391, ""lat"": 39.4920534590841, ""lon"": -6.57908320426941, ""snr"": -0.2, ""rssi"": -115, ""gateway_id"": ""cdtic-multitech-4""}, {""alt"": null, ""lat"": null, ""lon"": null, ""snr"": -4.5, ""rssi"": -115, ""gateway_id"": ""ext-sg50-018""}, {""alt"": null, ""lat"": null, ""lon"": null, ""snr"": -4, ""rssi"": -115, ""gateway_id"": ""ext-sg50-015""}, {""alt"": 1550, ""lat"": 40.5481739449056, ""lon"": -5.16353885114368, ""snr"": 0.5, ""rssi"": -115, ""gateway_id"": ""meceiot-004-5030354163554750""}, {""alt"": null, ""lat"": null, ""lon"": null, ""snr"": -6.5, ""rssi"": -116, ""gateway_id"": ""mtcdtip02-l4e1-16""}, {""alt"": 1131, ""lat"": 40.589325292876616, ""lon"": -4.838257133960725, ""snr"": -5.25, ""rssi"": -117, ""gateway_id"": ""niharramikrotik""}, {""alt"": null, ""lat"": null, ""lon"": null, ""snr"": -1.5, ""rssi"": -117, ""gateway_id"": ""mitigasmart-cc""}, {""alt"": null, ""lat"": null, ""lon"": null, ""snr"": -7.2, ""rssi"": -117, ""gateway_id"": ""cicytex-unex-1""}, {""alt"": null, ""lat"": null, ""lon"": null, ""snr"": -6.8, ""rssi"": -118, ""gateway_id"": ""elecrowgw""}, {""alt"": null, ""lat"": null, ""lon"": null, ""snr"": -3.2, ""rssi"": -118, ""gateway_id"": ""sg50-perte-malpica-05""}, {""alt"": null, ""lat"": null, ""lon"": null, ""snr"": -4, ""rssi"": -118, ""gateway_id"": ""ext-sg50-029""}, {""alt"": null, ""lat"": null, ""lon"": null, ""snr"": -1.5, ""rssi"": -118, ""gateway_id"": ""ext-sg50-023""}, {""alt"": null, ""lat"": null, ""lon"": null, ""snr"": -3.2, ""rssi"": -119, ""gateway_id"": ""ext-sg50-022""}, {""alt"": null, ""lat"": null, ""lon"": null, ""snr"": -2.5, ""rssi"": -119, ""gateway_id"": ""ext-sg50-024""}, {""alt"": null, ""lat"": null, ""lon"": null, ""snr"": -6.5, ""rssi"": -119, ""gateway_id"": ""ext-sg50-028""}, {""alt"": null, ""lat"": null, ""lon"": null, ""snr"": -8, ""rssi"": -119, ""gateway_id"": ""sg50-perte-malpica-07""}, {""alt"": null, ""lat"": null, ""lon"": null, ""snr"": -8.5, ""rssi"": -119, ""gateway_id"": ""sg50-eui-c0ba1ffffe004945""}, {""alt"": 600, ""lat"": 40.13814, ""lon"": -7.50059, ""snr"": -4.8, ""rssi"": -120, ""gateway_id"": ""v3-eui-b827ebfffebf1f02""}, {""alt"": null, ""lat"": null, ""lon"": null, ""snr"": -7.2, ""rssi"": -120, ""gateway_id"": ""ext-sg50-011""}, {""alt"": 820, ""lat"": 40.970672, ""lon"": -5.141641, ""snr"": -7, ""rssi"": -122, ""gateway_id"": ""meceiot-013-dragout-a84041ffff29dc56""}, {""alt"": null, ""lat"": 40.954279046747715, ""lon"": -4.142631590366364, ""snr"": -8.5, ""rssi"": -122, ""gateway_id"": ""italr0005""}]",EU
aad35c24-ec36-4508-944a-7be0e696b2b8,stratolink-3-eu,2026-05-28 14:51:12.627545+00:00,40.6257961,-6.428663,10009.0,1.00378867036993,4.39687483392886,2026-05-28 14:51:13.827434+00:00,1.0,8738.0,0.0,-16.1,280.8,4.0,5.064,-110.0,4.0,4.51,12.86,27.0,-3.22,8.9,-0.46,,,,,,,7.0,125000.0,868300000.0,"[{""alt"": null, ""lat"": 40.962541751597406, ""lon"": -5.675446072867432, ""snr"": 4, ""rssi"": -107, ""gateway_id"": ""packetbroker""}, {""alt"": 1550, ""lat"": 40.5481739449056, ""lon"": -5.16353885114368, ""snr"": 5, ""rssi"": -107, ""gateway_id"": ""meceiot-004-5030354163554750""}, {""alt"": 1131, ""lat"": 40.589325292876616, ""lon"": -4.838257133960725, ""snr"": 1.5, ""rssi"": -108, ""gateway_id"": ""niharramikrotik""}, {""alt"": null, ""lat"": null, ""lon"": null, ""snr"": 4, ""rssi"": -110, ""gateway_id"": ""mjv-casas""}, {""alt"": null, ""lat"": null, ""lon"": null, ""snr"": -2, ""rssi"": -110, ""gateway_id"": ""cicytex-icmc-002""}, {""alt"": null, ""lat"": null, ""lon"": null, ""snr"": -4.2, ""rssi"": -110, ""gateway_id"": ""mtcdtip02-l4e1-9""}, {""alt"": null, ""lat"": null, ""lon"": null, ""snr"": -5.8, ""rssi"": -110, ""gateway_id"": ""mtcdtip02-l4e1-1""}, {""alt"": null, ""lat"": 40.962758045083945, ""lon"": -5.675633842073217, ""snr"": -0.75, ""rssi"": -111, ""gateway_id"": ""packetbroker""}, {""alt"": null, ""lat"": null, ""lon"": null, ""snr"": -8, ""rssi"": -113, ""gateway_id"": ""mvj-cabezuela""}, {""alt"": null, ""lat"": null, ""lon"": null, ""snr"": -6, ""rssi"": -113, ""gateway_id"": ""dlps8-103""}, {""alt"": 405, ""lat"": 39.94336757279527, ""lon"": -4.661850929260255, ""snr"": -4.8, ""rssi"": -113, ""gateway_id"": ""sg50-perte-malpica-02""}, {""alt"": null, ""lat"": null, ""lon"": null, ""snr"": -9.5, ""rssi"": -114, ""gateway_id"": ""ext-sg50-029""}, {""alt"": null, ""lat"": null, ""lon"": null, ""snr"": -5.2, ""rssi"": -117, ""gateway_id"": ""mitigasmart-cc""}, {""alt"": null, ""lat"": null, ""lon"": null, ""snr"": -7.8, ""rssi"": -117, ""gateway_id"": ""sg50-perte-malpica-01""}, {""alt"": null, ""lat"": null, ""lon"": null, ""snr"": -7.5, ""rssi"": -117, ""gateway_id"": ""sg50-perte-malpica-06""}, {""alt"": null, ""lat"": null, ""lon"": null, ""snr"": -1.2, ""rssi"": -117, ""gateway_id"": ""sg50-perte-malpica-05""}, {""alt"": null, ""lat"": null, ""lon"": null, ""snr"": -8.8, ""rssi"": -118, ""gateway_id"": ""elecrowgw""}, {""alt"": null, ""lat"": null, ""lon"": null, ""snr"": -4.2, ""rssi"": -118, ""gateway_id"": ""ext-sg50-015""}, {""alt"": null, ""lat"": null, ""lon"": null, ""snr"": -5.2, ""rssi"": -118, ""gateway_id"": ""sg50-eui-c0ba1ffffe004945""}, {""alt"": null, ""lat"": null, ""lon"": null, ""snr"": -7, ""rssi"": -119, ""gateway_id"": ""ext-sg50-028""}, {""alt"": null, ""lat"": 40.954279046747715, ""lon"": -4.142631590366364, ""snr"": -6, ""rssi"": -119, ""gateway_id"": ""italr0005""}, {""alt"": null, ""lat"": null, ""lon"": null, ""snr"": -5.2, ""rssi"": -119, ""gateway_id"": ""ext-sg50-024""}, {""alt"": null, ""lat"": null, ""lon"": null, ""snr"": -7.2, ""rssi"": -119, ""gateway_id"": ""sg50-perte-malpica-07""}, {""alt"": null, ""lat"": null, ""lon"": null, ""snr"": -6.2, ""rssi"": -119, ""gateway_id"": ""ext-sg50-011""}, {""alt"": null, ""lat"": null, ""lon"": null, ""snr"": -3.2, ""rssi"": -119, ""gateway_id"": ""ext-sg50-023""}, {""alt"": 820, ""lat"": 40.970672, ""lon"": -5.141641, ""snr"": -6, ""rssi"": -121, ""gateway_id"": ""meceiot-013-dragout-a84041ffff29dc56""}]",EU
972cd638-2ed8-48a6-ae4a-5b6b1c5eb941,stratolink-3-eu,2026-05-28 14:56:20.629230+00:00,40.6257961,-6.428663,10009.0,1.00378867036993,4.39687483392886,2026-05-28 14:56:21.203672+00:00,1.0,8738.0,0.0,-14.9,280.6,4.484,5.364,-117.0,-8.2,4.51,12.86,27.0,-3.07,8.9,-0.3,,,,,,,7.0,125000.0,868500000.0,"[{""alt"": null, ""lat"": null, ""lon"": null, ""snr"": -0.8, ""rssi"": -106, ""gateway_id"": ""cicytex-ic003""}, {""alt"": null, ""lat"": 40.962541751597406, ""lon"": -5.675446072867432, ""snr"": 3.25, ""rssi"": -106, ""gateway_id"": ""packetbroker""}, {""alt"": null, ""lat"": null, ""lon"": null, ""snr"": -2, ""rssi"": -109, ""gateway_id"": ""mtcdtip02-l4e1-9""}, {""alt"": null, ""lat"": null, ""lon"": null, ""snr"": -4.5, ""rssi"": -110, ""gateway_id"": ""mtcdtip02-l4e1-1""}, {""alt"": null, ""lat"": 40.962758045083945, ""lon"": -5.675633842073217, ""snr"": 2.75, ""rssi"": -110, ""gateway_id"": ""packetbroker""}, {""alt"": null, ""lat"": null, ""lon"": null, ""snr"": -6, ""rssi"": -111, ""gateway_id"": ""cicytex-icmc-002""}, {""alt"": 1550, ""lat"": 40.5481739449056, ""lon"": -5.16353885114368, ""snr"": -1.5, ""rssi"": -111, ""gateway_id"": ""meceiot-004-5030354163554750""}, {""alt"": null, ""lat"": null, ""lon"": null, ""snr"": -5, ""rssi"": -112, ""gateway_id"": ""dlps8-103""}, {""alt"": null, ""lat"": null, ""lon"": null, ""snr"": -7.5, ""rssi"": -112, ""gateway_id"": ""mtcdtip02-l4e1-7""}, {""alt"": null, ""lat"": null, ""lon"": null, ""snr"": -5.5, ""rssi"": -112, ""gateway_id"": ""mtcdtip02-l4e1-5""}, {""alt"": null, ""lat"": null, ""lon"": null, ""snr"": 0.5, ""rssi"": -113, ""gateway_id"": ""mjv-casas""}, {""alt"": 405, ""lat"": 39.94336757279527, ""lon"": -4.661850929260255, ""snr"": -6.5, ""rssi"": -113, ""gateway_id"": ""sg50-perte-malpica-02""}, {""alt"": 391, ""lat"": 39.4920534590841, ""lon"": -6.57908320426941, ""snr"": -0.2, ""rssi"": -114, ""gateway_id"": ""cdtic-multitech-4""}, {""alt"": null, ""lat"": null, ""lon"": null, ""snr"": -4.5, ""rssi"": -114, ""gateway_id"": ""ext-sg50-015""}, {""alt"": 1131, ""lat"": 40.589325292876616, ""lon"": -4.838257133960725, ""snr"": -5.75, ""rssi"": -115, ""gateway_id"": ""niharramikrotik""}, {""alt"": null, ""lat"": null, ""lon"": null, ""snr"": 0.2, ""rssi"": -115, ""gateway_id"": ""mitigasmart-cc""}, {""alt"": null, ""lat"": null, ""lon"": null, ""snr"": -8.2, ""rssi"": -115, ""gateway_id"": ""sg50-perte-malpica-06""}, {""alt"": null, ""lat"": null, ""lon"": null, ""snr"": -8.2, ""rssi"": -117, ""gateway_id"": ""elecrowgw""}, {""alt"": null, ""lat"": null, ""lon"": null, ""snr"": -6, ""rssi"": -117, ""gateway_id"": ""ext-sg50-029""}, {""alt"": null, ""lat"": null, ""lon"": null, ""snr"": -8, ""rssi"": -117, ""gateway_id"": ""sg50-perte-malpica-07""}, {""alt"": null, ""lat"": null, ""lon"": null, ""snr"": -8, ""rssi"": -117, ""gateway_id"": ""sg50-perte-malpica-01""}, {""alt"": null, ""lat"": null, ""lon"": null, ""snr"": -8.8, ""rssi"": -117, ""gateway_id"": ""sg50-eui-c0ba1ffffe004945""}, {""alt"": null, ""lat"": null, ""lon"": null, ""snr"": -7.5, ""rssi"": -118, ""gateway_id"": ""ext-sg50-028""}, {""alt"": null, ""lat"": null, ""lon"": null, ""snr"": -4, ""rssi"": -118, ""gateway_id"": ""ext-sg50-024""}, {""alt"": null, ""lat"": null, ""lon"": null, ""snr"": -6.8, ""rssi"": -119, ""gateway_id"": ""ext-sg50-011""}, {""alt"": null, ""lat"": 40.954279046747715, ""lon"": -4.142631590366364, ""snr"": -8.5, ""rssi"": -122, ""gateway_id"": ""italr0005""}, {""alt"": 820, ""lat"": 40.970672, ""lon"": -5.141641, ""snr"": -7, ""rssi"": -122, ""gateway_id"": ""meceiot-013-dragout-a84041ffff29dc56""}]",EU
7a84a295-8700-4e2a-acc5-705fada6c89b,stratolink-3-eu,2026-05-28 15:01:29.133492+00:00,40.6257961,-6.428663,10009.0,1.00378867036993,4.39687483392886,2026-05-28 15:01:29.603570+00:00,3.0,8738.0,1.0,-11.4,274.0,5.032,5.372,-111.0,1.5,4.51,12.86,27.0,-3.07,9.06,0.3,,,,,,,7.0,125000.0,868100000.0,"[{""alt"": null, ""lat"": null, ""lon"": null, ""snr"": -7.8, ""rssi"": -108, ""gateway_id"": ""cicytex-ic003""}, {""alt"": null, ""lat"": 40.962541751597406, ""lon"": -5.675446072867432, ""snr"": 4.25, ""rssi"": -108, ""gateway_id"": ""packetbroker""}, {""alt"": null, ""lat"": 40.962758045083945, ""lon"": -5.675633842073217, ""snr"": 3.25, ""rssi"": -109, ""gateway_id"": ""packetbroker""}, {""alt"": 1131, ""lat"": 40.589325292876616, ""lon"": -4.838257133960725, ""snr"": 1.5, ""rssi"": -111, ""gateway_id"": ""niharramikrotik""}, {""alt"": null, ""lat"": null, ""lon"": null, ""snr"": -5.5, ""rssi"": -111, ""gateway_id"": ""ext-dlos8-011""}, {""alt"": 1550, ""lat"": 40.5481739449056, ""lon"": -5.16353885114368, ""snr"": 2.75, ""rssi"": -111, ""gateway_id"": ""meceiot-004-5030354163554750""}, {""alt"": null, ""lat"": null, ""lon"": null, ""snr"": -4.8, ""rssi"": -113, ""gateway_id"": ""mtcdtip02-l4e1-9""}, {""alt"": 820, ""lat"": 40.970672, ""lon"": -5.141641, ""snr"": -0.75, ""rssi"": -116, ""gateway_id"": ""meceiot-013-dragout-a84041ffff29dc56""}, {""alt"": 765, ""lat"": 41.70253250763931, ""lon"": -4.708266556262971, ""snr"": -8.5, ""rssi"": -116, ""gateway_id"": ""italr0001""}, {""alt"": null, ""lat"": null, ""lon"": null, ""snr"": -4.8, ""rssi"": -117, ""gateway_id"": ""ext-sg50-015""}, {""alt"": null, ""lat"": null, ""lon"": null, ""snr"": -6.75, ""rssi"": -118, ""gateway_id"": ""packetbroker""}, {""alt"": null, ""lat"": 40.954279046747715, ""lon"": -4.142631590366364, ""snr"": -4.5, ""rssi"": -118, ""gateway_id"": ""italr0005""}, {""alt"": null, ""lat"": null, ""lon"": null, ""snr"": -5, ""rssi"": -118, ""gateway_id"": ""mitigasmart-cc""}, {""alt"": null, ""lat"": null, ""lon"": null, ""snr"": -2.8, ""rssi"": -118, ""gateway_id"": ""sg50-perte-malpica-05""}, {""alt"": null, ""lat"": null, ""lon"": null, ""snr"": -9, ""rssi"": -119, ""gateway_id"": ""ext-sg50-029""}, {""alt"": null, ""lat"": null, ""lon"": null, ""snr"": -7, ""rssi"": -120, ""gateway_id"": ""ext-sg50-024""}]",EU
f6f7b080-f1fb-46e2-be0b-783ebbe4062b,stratolink-3-eu,2026-05-28 15:06:37.316215+00:00,40.6257961,-6.428663,10009.0,1.00378867036993,4.39687483392886,2026-05-28 15:06:37.775430+00:00,1.0,8738.0,0.0,-11.4,281.2,4.444,5.36,-116.0,-3.8,4.51,12.86,27.0,-3.22,8.75,-0.3,,,,,,,7.0,125000.0,868300000.0,"[{""alt"": null, ""lat"": null, ""lon"": null, ""snr"": -0.8, ""rssi"": -106, ""gateway_id"": ""cicytex-ic003""}, {""alt"": null, ""lat"": 40.962541751597406, ""lon"": -5.675446072867432, ""snr"": 3.25, ""rssi"": -108, ""gateway_id"": ""packetbroker""}, {""alt"": null, ""lat"": null, ""lon"": null, ""snr"": -1, ""rssi"": -110, ""gateway_id"": ""mtcdtip02-l4e1-9""}, {""alt"": null, ""lat"": null, ""lon"": null, ""snr"": -6.8, ""rssi"": -111, ""gateway_id"": ""cicytex-icmc-002""}, {""alt"": null, ""lat"": null, ""lon"": null, ""snr"": -6, ""rssi"": -111, ""gateway_id"": ""mtcdtip02-l4e1-1""}, {""alt"": null, ""lat"": null, ""lon"": null, ""snr"": -6.2, ""rssi"": -113, ""gateway_id"": ""mtcdtip02-l4e1-16""}, {""alt"": null, ""lat"": null, ""lon"": null, ""snr"": -7.5, ""rssi"": -114, ""gateway_id"": ""dlps8-103""}, {""alt"": null, ""lat"": null, ""lon"": null, ""snr"": -4.2, ""rssi"": -114, ""gateway_id"": ""ext-sg50-015""}, {""alt"": 1131, ""lat"": 40.589325292876616, ""lon"": -4.838257133960725, ""snr"": -5.25, ""rssi"": -115, ""gateway_id"": ""niharramikrotik""}, {""alt"": null, ""lat"": null, ""lon"": null, ""snr"": -8.5, ""rssi"": -115, ""gateway_id"": ""ext-sg50-027""}, {""alt"": 1550, ""lat"": 40.5481739449056, ""lon"": -5.16353885114368, ""snr"": -1.5, ""rssi"": -115, ""gateway_id"": ""meceiot-004-5030354163554750""}, {""alt"": null, ""lat"": null, ""lon"": null, ""snr"": -3.8, ""rssi"": -116, ""gateway_id"": ""mjv-casas""}, {""alt"": null, ""lat"": null, ""lon"": null, ""snr"": -1.2, ""rssi"": -116, ""gateway_id"": ""mitigasmart-cc""}, {""alt"": 940, ""lat"": 40.968865323719, ""lon"": -5.64232170581818, ""snr"": -7, ""rssi"": -118, ""gateway_id"": ""rio-tormes-1b""}, {""alt"": null, ""lat"": null, ""lon"": null, ""snr"": -4.5, ""rssi"": -118, ""gateway_id"": ""sg50-perte-malpica-05""}, {""alt"": null, ""lat"": null, ""lon"": null, ""snr"": -8.5, ""rssi"": -119, ""gateway_id"": ""packetbroker""}, {""alt"": null, ""lat"": null, ""lon"": null, ""snr"": -6, ""rssi"": -119, ""gateway_id"": ""ext-sg50-024""}, {""alt"": 820, ""lat"": 40.970672, ""lon"": -5.141641, ""snr"": -5, ""rssi"": -120, ""gateway_id"": ""meceiot-013-dragout-a84041ffff29dc56""}, {""alt"": null, ""lat"": 40.954279046747715, ""lon"": -4.142631590366364, ""snr"": -6.75, ""rssi"": -120, ""gateway_id"": ""italr0005""}, {""alt"": null, ""lat"": null, ""lon"": null, ""snr"": -7.8, ""rssi"": -120, ""gateway_id"": ""ext-sg50-011""}]",EU
5e88d65e-62a3-4ce0-b6e4-aeac410320d9,stratolink-3-eu,2026-05-28 15:11:45.252847+00:00,40.6257961,-6.428663,10009.0,1.00378867036993,4.39687483392886,2026-05-28 15:11:45.702904+00:00,3.0,8738.0,1.0,-11.4,269.3,4.95,5.364,-116.0,-5.0,4.51,12.86,27.0,-3.53,9.06,0.92,,,,,,,7.0,125000.0,868500000.0,"[{""alt"": null, ""lat"": 40.962541751597406, ""lon"": -5.675446072867432, ""snr"": 3.75, ""rssi"": -104, ""gateway_id"": ""packetbroker""}, {""alt"": null, ""lat"": null, ""lon"": null, ""snr"": -3.8, ""rssi"": -108, ""gateway_id"": ""cicytex-ic003""}, {""alt"": null, ""lat"": 40.962758045083945, ""lon"": -5.675633842073217, ""snr"": 4, ""rssi"": -109, ""gateway_id"": ""packetbroker""}, {""alt"": 1550, ""lat"": 40.5481739449056, ""lon"": -5.16353885114368, ""snr"": 3.5, ""rssi"": -109, ""gateway_id"": ""meceiot-004-5030354163554750""}, {""alt"": null, ""lat"": null, ""lon"": null, ""snr"": -8.2, ""rssi"": -110, ""gateway_id"": ""ext-dlos8-011""}, {""alt"": null, ""lat"": null, ""lon"": null, ""snr"": -7.8, ""rssi"": -110, ""gateway_id"": ""mtcdtip02-l4e1-9""}, {""alt"": 1131, ""lat"": 40.589325292876616, ""lon"": -4.838257133960725, ""snr"": 1.5, ""rssi"": -111, ""gateway_id"": ""niharramikrotik""}, {""alt"": 820, ""lat"": 40.970672, ""lon"": -5.141641, ""snr"": -1, ""rssi"": -115, ""gateway_id"": ""meceiot-013-dragout-a84041ffff29dc56""}, {""alt"": null, ""lat"": null, ""lon"": null, ""snr"": -9.5, ""rssi"": -115, ""gateway_id"": ""alarad-multitech""}, {""alt"": 765, ""lat"": 41.70253250763931, ""lon"": -4.708266556262971, ""snr"": -2.5, ""rssi"": -115, ""gateway_id"": ""italr0001""}, {""alt"": null, ""lat"": null, ""lon"": null, ""snr"": -5, ""rssi"": -116, ""gateway_id"": ""mjv-casas""}, {""alt"": null, ""lat"": 40.954279046747715, ""lon"": -4.142631590366364, ""snr"": -4.25, ""rssi"": -117, ""gateway_id"": ""italr0005""}, {""alt"": null, ""lat"": null, ""lon"": null, ""snr"": -7, ""rssi"": -117, ""gateway_id"": ""sg50-perte-malpica-05""}, {""alt"": null, ""lat"": null, ""lon"": null, ""snr"": -7.8, ""rssi"": -118, ""gateway_id"": ""mitigasmart-cc""}]",EU
28eea6c6-802f-4779-be63-c72966183236,stratolink-3-eu,2026-05-28 15:16:53.169426+00:00,40.6257961,-6.428663,10009.0,1.00378867036993,4.39687483392886,2026-05-28 15:16:53.650260+00:00,1.0,8738.0,1.0,-11.3,281.6,4.434,5.362,-116.0,-8.0,4.51,12.86,27.0,-3.22,8.9,0.0,,,,,,,7.0,125000.0,868100000.0,"[{""alt"": null, ""lat"": null, ""lon"": null, ""snr"": -4.5, ""rssi"": -108, ""gateway_id"": ""cicytex-ic003""}, {""alt"": 1550, ""lat"": 40.5481739449056, ""lon"": -5.16353885114368, ""snr"": 5.75, ""rssi"": -108, ""gateway_id"": ""meceiot-004-5030354163554750""}, {""alt"": 1131, ""lat"": 40.65110091852006, ""lon"": -4.679304063320161, ""snr"": -8, ""rssi"": -111, ""gateway_id"": ""mikrotikepsa""}, {""alt"": 1131, ""lat"": 40.589325292876616, ""lon"": -4.838257133960725, ""snr"": 3.5, ""rssi"": -111, ""gateway_id"": ""niharramikrotik""}, {""alt"": null, ""lat"": null, ""lon"": null, ""snr"": -6.8, ""rssi"": -111, ""gateway_id"": ""mtcdtip02-l4e1-1""}, {""alt"": null, ""lat"": null, ""lon"": null, ""snr"": -10.3, ""rssi"": -112, ""gateway_id"": ""cicytex-icmc-002""}, {""alt"": null, ""lat"": null, ""lon"": null, ""snr"": -8.5, ""rssi"": -112, ""gateway_id"": ""sg50-perte-malpica-06""}, {""alt"": 405, ""lat"": 39.94336757279527, ""lon"": -4.661850929260255, ""snr"": -6.2, ""rssi"": -113, ""gateway_id"": ""sg50-perte-malpica-02""}, {""alt"": null, ""lat"": null, ""lon"": null, ""snr"": -9.2, ""rssi"": -114, ""gateway_id"": ""dlps8-103""}, {""alt"": 765, ""lat"": 41.70253250763931, ""lon"": -4.708266556262971, ""snr"": -4.75, ""rssi"": -115, ""gateway_id"": ""italr0001""}, {""alt"": null, ""lat"": null, ""lon"": null, ""snr"": -8, ""rssi"": -116, ""gateway_id"": ""mvj-cabezuela""}, {""alt"": null, ""lat"": 40.962541751597406, ""lon"": -5.675446072867432, ""snr"": -4.75, ""rssi"": -116, ""gateway_id"": ""packetbroker""}, {""alt"": 391, ""lat"": 39.4920534590841, ""lon"": -6.57908320426941, ""snr"": -4, ""rssi"": -116, ""gateway_id"": ""cdtic-multitech-4""}, {""alt"": null, ""lat"": null, ""lon"": null, ""snr"": 0.5, ""rssi"": -116, ""gateway_id"": ""sg50-perte-malpica-05""}, {""alt"": null, ""lat"": null, ""lon"": null, ""snr"": -7.5, ""rssi"": -118, ""gateway_id"": ""sg50-perte-malpica-01""}, {""alt"": null, ""lat"": null, ""lon"": null, ""snr"": -7.75, ""rssi"": -119, ""gateway_id"": ""packetbroker""}, {""alt"": null, ""lat"": null, ""lon"": null, ""snr"": -8, ""rssi"": -119, ""gateway_id"": ""mitigasmart-cc""}, {""alt"": null, ""lat"": null, ""lon"": null, ""snr"": -8, ""rssi"": -121, ""gateway_id"": ""sg50-perte-malpica-03""}]",EU
13a222da-6314-4954-b370-169c75ae72e8,stratolink-3-eu,2026-05-28 15:22:01.184127+00:00,40.6257961,-6.428663,10009.0,1.00378867036993,4.39687483392886,2026-05-28 15:22:01.693112+00:00,1.0,8738.0,1.0,-12.7,280.6,4.882,5.37,-113.0,-3.5,4.51,12.86,27.0,-3.07,9.06,-0.46,,,,,,,7.0,125000.0,868300000.0,"[{""alt"": 1550, ""lat"": 40.5481739449056, ""lon"": -5.16353885114368, ""snr"": 5.25, ""rssi"": -106, ""gateway_id"": ""meceiot-004-5030354163554750""}, {""alt"": null, ""lat"": null, ""lon"": null, ""snr"": -4, ""rssi"": -108, ""gateway_id"": ""cicytex-ic003""}, {""alt"": null, ""lat"": 40.962541751597406, ""lon"": -5.675446072867432, ""snr"": -1.75, ""rssi"": -109, ""gateway_id"": ""packetbroker""}, {""alt"": null, ""lat"": null, ""lon"": null, ""snr"": -6, ""rssi"": -110, ""gateway_id"": ""mtcdtip02-l4e1-9""}, {""alt"": null, ""lat"": null, ""lon"": null, ""snr"": -3.5, ""rssi"": -113, ""gateway_id"": ""mvj-cabezuela""}, {""alt"": null, ""lat"": null, ""lon"": null, ""snr"": -8, ""rssi"": -114, ""gateway_id"": ""alarad-multitech""}, {""alt"": null, ""lat"": null, ""lon"": null, ""snr"": -2.5, ""rssi"": -115, ""gateway_id"": ""mjv-casas""}, {""alt"": 391, ""lat"": 39.4920534590841, ""lon"": -6.57908320426941, ""snr"": -6.8, ""rssi"": -115, ""gateway_id"": ""cdtic-multitech-4""}, {""alt"": null, ""lat"": null, ""lon"": null, ""snr"": -0.5, ""rssi"": -116, ""gateway_id"": ""sg50-perte-malpica-05""}, {""alt"": 820, ""lat"": 40.970672, ""lon"": -5.141641, ""snr"": -2.75, ""rssi"": -117, ""gateway_id"": ""meceiot-013-dragout-a84041ffff29dc56""}, {""alt"": null, ""lat"": 40.954279046747715, ""lon"": -4.142631590366364, ""snr"": -2.75, ""rssi"": -117, ""gateway_id"": ""italr0005""}, {""alt"": null, ""lat"": null, ""lon"": null, ""snr"": -8, ""rssi"": -117, ""gateway_id"": ""sg50-perte-malpica-01""}]",EU
f69964b8-2dfc-4a5a-8f31-c35d9c58af7d,stratolink-3-eu,2026-05-28 15:27:09.005908+00:00,40.6257961,-6.428663,10009.0,1.00378867036993,4.39687483392886,2026-05-28 15:27:09.391740+00:00,3.0,8738.0,1.0,-5.4,280.9,5.018,5.374,-113.0,-1.2,4.51,12.86,27.0,-3.22,8.9,0.15,,,,,,,7.0,125000.0,868500000.0,"[{""alt"": null, ""lat"": 40.962758045083945, ""lon"": -5.675633842073217, ""snr"": 3, ""rssi"": -107, ""gateway_id"": ""packetbroker""}, {""alt"": null, ""lat"": null, ""lon"": null, ""snr"": -6, ""rssi"": -107, ""gateway_id"": ""cicytex-ic003""}, {""alt"": 1131, ""lat"": 40.589325292876616, ""lon"": -4.838257133960725, ""snr"": 2, ""rssi"": -110, ""gateway_id"": ""niharramikrotik""}, {""alt"": null, ""lat"": null, ""lon"": null, ""snr"": -3.5, ""rssi"": -110, ""gateway_id"": ""mtcdtip02-l4e1-9""}, {""alt"": null, ""lat"": 40.962541751597406, ""lon"": -5.675446072867432, ""snr"": 0.75, ""rssi"": -110, ""gateway_id"": ""packetbroker""}, {""alt"": null, ""lat"": null, ""lon"": null, ""snr"": 0.2, ""rssi"": -111, ""gateway_id"": ""mvj-cabezuela""}, {""alt"": 674, ""lat"": 41.81858911263017, ""lon"": -6.7508557295156235, ""snr"": -3.5, ""rssi"": -112, ""gateway_id"": ""lora-more""}, {""alt"": null, ""lat"": null, ""lon"": null, ""snr"": -1.2, ""rssi"": -113, ""gateway_id"": ""mjv-casas""}, {""alt"": 1131, ""lat"": 40.65110091852006, ""lon"": -4.679304063320161, ""snr"": -7.8, ""rssi"": -113, ""gateway_id"": ""mikrotikepsa""}, {""alt"": 405, ""lat"": 39.94336757279527, ""lon"": -4.661850929260255, ""snr"": -9.8, ""rssi"": -114, ""gateway_id"": ""sg50-perte-malpica-02""}, {""alt"": 940, ""lat"": 40.968865323719, ""lon"": -5.64232170581818, ""snr"": -8.75, ""rssi"": -116, ""gateway_id"": ""rio-tormes-1b""}, {""alt"": null, ""lat"": null, ""lon"": null, ""snr"": -7.8, ""rssi"": -116, ""gateway_id"": ""cicytex-unex-1""}, {""alt"": null, ""lat"": null, ""lon"": null, ""snr"": -7, ""rssi"": -118, ""gateway_id"": ""sg50-perte-malpica-05""}, {""alt"": null, ""lat"": null, ""lon"": null, ""snr"": -7.25, ""rssi"": -119, ""gateway_id"": ""packetbroker""}, {""alt"": null, ""lat"": null, ""lon"": null, ""snr"": -7.5, ""rssi"": -119, ""gateway_id"": ""ext-sg50-024""}, {""alt"": null, ""lat"": 40.954279046747715, ""lon"": -4.142631590366364, ""snr"": -7.25, ""rssi"": -121, ""gateway_id"": ""italr0005""}, {""alt"": 820, ""lat"": 40.970672, ""lon"": -5.141641, ""snr"": -6.75, ""rssi"": -121, ""gateway_id"": ""meceiot-013-dragout-a84041ffff29dc56""}]",EU
b6dc6aca-ba66-427e-8bf7-35bc51fa594f,stratolink-3-eu,2026-05-28 15:32:17.087608+00:00,40.6257961,-6.428663,10009.0,1.00378867036993,4.39687483392886,2026-05-28 15:32:17.587185+00:00,2.0,8738.0,1.0,-17.2,275.1,4.954,5.366,-111.0,-7.2,4.51,12.86,27.0,-3.22,8.9,0.15,,,,,,,7.0,125000.0,868100000.0,"[{""alt"": null, ""lat"": null, ""lon"": null, ""snr"": -4.8, ""rssi"": -109, ""gateway_id"": ""cicytex-ic003""}, {""alt"": null, ""lat"": null, ""lon"": null, ""snr"": -7.2, ""rssi"": -111, ""gateway_id"": ""mvj-cabezuela""}, {""alt"": 940, ""lat"": 40.968865323719, ""lon"": -5.64232170581818, ""snr"": -5, ""rssi"": -112, ""gateway_id"": ""rio-tormes-1b""}, {""alt"": null, ""lat"": null, ""lon"": null, ""snr"": -1.2, ""rssi"": -114, ""gateway_id"": ""mjv-casas""}, {""alt"": null, ""lat"": 40.962758045083945, ""lon"": -5.675633842073217, ""snr"": 1.5, ""rssi"": -114, ""gateway_id"": ""packetbroker""}, {""alt"": null, ""lat"": 41.62916384851624, ""lon"": -4.713819387616739, ""snr"": -7.5, ""rssi"": -115, ""gateway_id"": ""packetbroker""}, {""alt"": null, ""lat"": null, ""lon"": null, ""snr"": -7, ""rssi"": -116, ""gateway_id"": ""alarad-multitech""}, {""alt"": null, ""lat"": 40.962541751597406, ""lon"": -5.675446072867432, ""snr"": -1.75, ""rssi"": -116, ""gateway_id"": ""packetbroker""}, {""alt"": null, ""lat"": 40.954279046747715, ""lon"": -4.142631590366364, ""snr"": -3, ""rssi"": -117, ""gateway_id"": ""italr0005""}, {""alt"": 765, ""lat"": 41.70253250763931, ""lon"": -4.708266556262971, ""snr"": -6.75, ""rssi"": -117, ""gateway_id"": ""italr0001""}, {""alt"": 820, ""lat"": 40.970672, ""lon"": -5.141641, ""snr"": -1.75, ""rssi"": -117, ""gateway_id"": ""meceiot-013-dragout-a84041ffff29dc56""}, {""alt"": null, ""lat"": null, ""lon"": null, ""snr"": -8.5, ""rssi"": -119, ""gateway_id"": ""packetbroker""}, {""alt"": null, ""lat"": null, ""lon"": null, ""snr"": -6, ""rssi"": -119, ""gateway_id"": ""sg50-perte-malpica-05""}, {""alt"": null, ""lat"": null, ""lon"": null, ""snr"": -8.2, ""rssi"": -121, ""gateway_id"": ""sg50-perte-malpica-03""}]",EU
0bd2dad9-b6b4-4f2d-aee3-6795d382ba91,stratolink-3-eu,2026-05-28 15:37:24.955239+00:00,40.6257961,-6.428663,10009.0,1.00378867036993,4.39687483392886,2026-05-28 15:37:25.310762+00:00,1.0,8738.0,0.0,-11.4,280.7,4.786,5.394,-110.0,-2.8,4.51,12.86,27.0,-3.22,8.9,-0.46,,,,,,,7.0,125000.0,868300000.0,"[{""alt"": null, ""lat"": null, ""lon"": null, ""snr"": -1.5, ""rssi"": -107, ""gateway_id"": ""cicytex-ic003""}, {""alt"": 1131, ""lat"": 40.589325292876616, ""lon"": -4.838257133960725, ""snr"": 3.25, ""rssi"": -109, ""gateway_id"": ""niharramikrotik""}, {""alt"": null, ""lat"": null, ""lon"": null, ""snr"": -5.2, ""rssi"": -109, ""gateway_id"": ""mtcdtip02-l4e1-1""}, {""alt"": null, ""lat"": null, ""lon"": null, ""snr"": -6, ""rssi"": -109, ""gateway_id"": ""mtcdtip02-l4e1-9""}, {""alt"": null, ""lat"": null, ""lon"": null, ""snr"": -2.8, ""rssi"": -110, ""gateway_id"": ""mjv-casas""}, {""alt"": null, ""lat"": 40.962541751597406, ""lon"": -5.675446072867432, ""snr"": -0.75, ""rssi"": -110, ""gateway_id"": ""packetbroker""}, {""alt"": null, ""lat"": null, ""lon"": null, ""snr"": 2.5, ""rssi"": -111, ""gateway_id"": ""mvj-cabezuela""}, {""alt"": 405, ""lat"": 39.94336757279527, ""lon"": -4.661850929260255, ""snr"": -2.2, ""rssi"": -111, ""gateway_id"": ""sg50-perte-malpica-02""}, {""alt"": 1550, ""lat"": 40.5481739449056, ""lon"": -5.16353885114368, ""snr"": -0.75, ""rssi"": -112, ""gateway_id"": ""meceiot-004-5030354163554750""}, {""alt"": 391, ""lat"": 39.4920534590841, ""lon"": -6.57908320426941, ""snr"": -4, ""rssi"": -113, ""gateway_id"": ""cdtic-multitech-4""}, {""alt"": null, ""lat"": null, ""lon"": null, ""snr"": -9, ""rssi"": -114, ""gateway_id"": ""dlps8-103""}, {""alt"": null, ""lat"": null, ""lon"": null, ""snr"": -6.2, ""rssi"": -115, ""gateway_id"": ""sg50-perte-malpica-06""}, {""alt"": null, ""lat"": null, ""lon"": null, ""snr"": -0.5, ""rssi"": -116, ""gateway_id"": ""sg50-perte-malpica-05""}, {""alt"": null, ""lat"": 40.954279046747715, ""lon"": -4.142631590366364, ""snr"": -3, ""rssi"": -117, ""gateway_id"": ""italr0005""}, {""alt"": null, ""lat"": null, ""lon"": null, ""snr"": -7, ""rssi"": -118, ""gateway_id"": ""mitigasmart-cc""}, {""alt"": null, ""lat"": null, ""lon"": null, ""snr"": -6.8, ""rssi"": -118, ""gateway_id"": ""sg50-eui-c0ba1ffffe004945""}, {""alt"": null, ""lat"": null, ""lon"": null, ""snr"": -5.2, ""rssi"": -119, ""gateway_id"": ""sg50-perte-malpica-03""}, {""alt"": 820, ""lat"": 40.970672, ""lon"": -5.141641, ""snr"": -5.75, ""rssi"": -120, ""gateway_id"": ""meceiot-013-dragout-a84041ffff29dc56""}]",EU
af75e89b-caca-4a2d-8de3-ed625ef075a1,stratolink-3-eu,2026-05-28 15:42:32.939101+00:00,40.6257961,-6.428663,10009.0,1.00378867036993,4.39687483392886,2026-05-28 15:42:33.532094+00:00,1.0,8738.0,0.0,-16.5,280.0,4.794,5.366,-117.0,-6.5,4.51,12.86,27.0,-3.22,8.9,-0.61,,,,,,,7.0,125000.0,868500000.0,"[{""alt"": 1550, ""lat"": 40.5481739449056, ""lon"": -5.16353885114368, ""snr"": 5, ""rssi"": -105, ""gateway_id"": ""meceiot-004-5030354163554750""}, {""alt"": null, ""lat"": null, ""lon"": null, ""snr"": -6.2, ""rssi"": -108, ""gateway_id"": ""cicytex-ic003""}, {""alt"": 1131, ""lat"": 40.589325292876616, ""lon"": -4.838257133960725, ""snr"": 3.75, ""rssi"": -110, ""gateway_id"": ""niharramikrotik""}, {""alt"": null, ""lat"": null, ""lon"": null, ""snr"": -7.5, ""rssi"": -110, ""gateway_id"": ""mtcdtip02-l4e1-13""}, {""alt"": null, ""lat"": null, ""lon"": null, ""snr"": 1.8, ""rssi"": -111, ""gateway_id"": ""mvj-cabezuela""}, {""alt"": null, ""lat"": null, ""lon"": null, ""snr"": -7, ""rssi"": -111, ""gateway_id"": ""cicytex-icmc-002""}, {""alt"": null, ""lat"": null, ""lon"": null, ""snr"": 0.2, ""rssi"": -112, ""gateway_id"": ""mjv-casas""}, {""alt"": null, ""lat"": 40.962541751597406, ""lon"": -5.675446072867432, ""snr"": -2.25, ""rssi"": -112, ""gateway_id"": ""packetbroker""}, {""alt"": 405, ""lat"": 39.94336757279527, ""lon"": -4.661850929260255, ""snr"": -3.8, ""rssi"": -112, ""gateway_id"": ""sg50-perte-malpica-02""}, {""alt"": null, ""lat"": 40.513016253496716, ""lon"": -3.3499574594000614, ""snr"": -7.8, ""rssi"": -113, ""gateway_id"": ""uah-outdoor""}, {""alt"": null, ""lat"": 40.962758045083945, ""lon"": -5.675633842073217, ""snr"": null, ""rssi"": -114, ""gateway_id"": ""packetbroker""}, {""alt"": null, ""lat"": null, ""lon"": null, ""snr"": -7, ""rssi"": -114, ""gateway_id"": ""mtcdtip02-l4e1-16""}, {""alt"": null, ""lat"": 40.954279046747715, ""lon"": -4.142631590366364, ""snr"": null, ""rssi"": -114, ""gateway_id"": ""italr0005""}, {""alt"": null, ""lat"": null, ""lon"": null, ""snr"": -7.2, ""rssi"": -114, ""gateway_id"": ""sg50-perte-malpica-06""}, {""alt"": 391, ""lat"": 39.4920534590841, ""lon"": -6.57908320426941, ""snr"": -5.8, ""rssi"": -116, ""gateway_id"": ""cdtic-multitech-4""}, {""alt"": null, ""lat"": null, ""lon"": null, ""snr"": -7.2, ""rssi"": -116, ""gateway_id"": ""cicytex-unex-1""}, {""alt"": 725, ""lat"": 40.4433240038774, ""lon"": -3.70036411460872, ""snr"": -6.5, ""rssi"": -117, ""gateway_id"": ""upm-etsime-tellus-001""}, {""alt"": null, ""lat"": null, ""lon"": null, ""snr"": -9, ""rssi"": -117, ""gateway_id"": ""sg50-perte-malpica-01""}, {""alt"": 940, ""lat"": 40.968865323719, ""lon"": -5.64232170581818, ""snr"": -7, ""rssi"": -118, ""gateway_id"": ""rio-tormes-1b""}, {""alt"": null, ""lat"": null, ""lon"": null, ""snr"": -6.2, ""rssi"": -118, ""gateway_id"": ""mitigasmart-cc""}, {""alt"": null, ""lat"": null, ""lon"": null, ""snr"": -8.8, ""rssi"": -118, ""gateway_id"": ""sg50-eui-c0ba1ffffe004945""}, {""alt"": null, ""lat"": null, ""lon"": null, ""snr"": -3.5, ""rssi"": -118, ""gateway_id"": ""sg50-perte-malpica-03""}, {""alt"": null, ""lat"": null, ""lon"": null, ""snr"": -5.2, ""rssi"": -118, ""gateway_id"": ""sg50-perte-malpica-05""}, {""alt"": null, ""lat"": null, ""lon"": null, ""snr"": -8.2, ""rssi"": -118, ""gateway_id"": ""sg50-perte-malpica-07""}, {""alt"": 820, ""lat"": 40.970672, ""lon"": -5.141641, ""snr"": -4.5, ""rssi"": -119, ""gateway_id"": ""meceiot-013-dragout-a84041ffff29dc56""}, {""alt"": null, ""lat"": null, ""lon"": null, ""snr"": -8.5, ""rssi"": -119, ""gateway_id"": ""ext-sg50-022""}, {""alt"": null, ""lat"": null, ""lon"": null, ""snr"": -7.5, ""rssi"": -119, ""gateway_id"": ""ext-sg50-011""}]",EU
699d3089-853e-4340-93c6-f58cc270cb4f,stratolink-3-eu,2026-05-28 15:47:41.253050+00:00,40.6257961,-6.428663,10009.0,1.00378867036993,4.39687483392886,2026-05-28 15:47:41.758476+00:00,4.0,8738.0,1.0,-9.9,257.0,5.032,5.366,-113.0,1.0,4.51,12.86,27.0,-3.22,8.75,-0.61,,,,,,,7.0,125000.0,868100000.0,"[{""alt"": null, ""lat"": null, ""lon"": null, ""snr"": -5, ""rssi"": -109, ""gateway_id"": ""cicytex-ic003""}, {""alt"": 1550, ""lat"": 40.5481739449056, ""lon"": -5.16353885114368, ""snr"": 4.5, ""rssi"": -110, ""gateway_id"": ""meceiot-004-5030354163554750""}, {""alt"": null, ""lat"": null, ""lon"": null, ""snr"": null, ""rssi"": -111, ""gateway_id"": ""packetbroker""}, {""alt"": null, ""lat"": 40.962758045083945, ""lon"": -5.675633842073217, ""snr"": 3, ""rssi"": -111, ""gateway_id"": ""packetbroker""}, {""alt"": 1131, ""lat"": 40.589325292876616, ""lon"": -4.838257133960725, ""snr"": 1, ""rssi"": -111, ""gateway_id"": ""niharramikrotik""}, {""alt"": null, ""lat"": null, ""lon"": null, ""snr"": -7.5, ""rssi"": -112, ""gateway_id"": ""ext-dlos8-011""}, {""alt"": null, ""lat"": null, ""lon"": null, ""snr"": 1, ""rssi"": -113, ""gateway_id"": ""mvj-cabezuela""}, {""alt"": 674, ""lat"": 41.81858911263017, ""lon"": -6.7508557295156235, ""snr"": -6.5, ""rssi"": -113, ""gateway_id"": ""lora-more""}, {""alt"": null, ""lat"": null, ""lon"": null, ""snr"": -8.5, ""rssi"": -114, ""gateway_id"": ""packetbroker""}, {""alt"": null, ""lat"": 41.62916384851624, ""lon"": -4.713819387616739, ""snr"": -8.5, ""rssi"": -114, ""gateway_id"": ""packetbroker""}, {""alt"": 405, ""lat"": 39.94336757279527, ""lon"": -4.661850929260255, ""snr"": -10.2, ""rssi"": -114, ""gateway_id"": ""sg50-perte-malpica-02""}, {""alt"": 733, ""lat"": 42.0074540232199, ""lon"": -4.55747170209175, ""snr"": -4.5, ""rssi"": -115, ""gateway_id"": ""italr0002""}, {""alt"": 820, ""lat"": 40.970672, ""lon"": -5.141641, ""snr"": 0.5, ""rssi"": -115, ""gateway_id"": ""meceiot-013-dragout-a84041ffff29dc56""}, {""alt"": null, ""lat"": 40.962541751597406, ""lon"": -5.675446072867432, ""snr"": -3.5, ""rssi"": -116, ""gateway_id"": ""packetbroker""}, {""alt"": 940, ""lat"": 40.968865323719, ""lon"": -5.64232170581818, ""snr"": -4.25, ""rssi"": -117, ""gateway_id"": ""rio-tormes-1b""}, {""alt"": 765, ""lat"": 41.70253250763931, ""lon"": -4.708266556262971, ""snr"": -2.25, ""rssi"": -117, ""gateway_id"": ""italr0001""}, {""alt"": null, ""lat"": 40.954279046747715, ""lon"": -4.142631590366364, ""snr"": -4.75, ""rssi"": -119, ""gateway_id"": ""italr0005""}, {""alt"": null, ""lat"": null, ""lon"": null, ""snr"": -7.2, ""rssi"": -119, ""gateway_id"": ""mitigasmart-cc""}, {""alt"": null, ""lat"": null, ""lon"": null, ""snr"": -8, ""rssi"": -120, ""gateway_id"": ""ext-sg50-024""}]",EU
8824280e-6871-466c-a28f-e4fc9986a15a,stratolink-3-eu,2026-05-28 15:52:49.131836+00:00,40.6257961,-6.428663,10009.0,1.00378867036993,4.39687483392886,2026-05-28 15:52:49.550206+00:00,4.0,8738.0,1.0,-9.0,280.0,4.95,5.364,-111.0,-1.2,4.51,12.86,27.0,-3.53,8.75,-0.3,,,,,,,7.0,125000.0,868300000.0,"[{""alt"": null, ""lat"": null, ""lon"": null, ""snr"": -4, ""rssi"": -108, ""gateway_id"": ""cicytex-ic003""}, {""alt"": 1550, ""lat"": 40.5481739449056, ""lon"": -5.16353885114368, ""snr"": 4.75, ""rssi"": -108, ""gateway_id"": ""meceiot-004-5030354163554750""}, {""alt"": null, ""lat"": 40.962758045083945, ""lon"": -5.675633842073217, ""snr"": 4.75, ""rssi"": -109, ""gateway_id"": ""packetbroker""}, {""alt"": null, ""lat"": null, ""lon"": null, ""snr"": -6.2, ""rssi"": -109, ""gateway_id"": ""mtcdtip02-l4e1-9""}, {""alt"": 1131, ""lat"": 40.589325292876616, ""lon"": -4.838257133960725, ""snr"": 2, ""rssi"": -110, ""gateway_id"": ""niharramikrotik""}, {""alt"": null, ""lat"": null, ""lon"": null, ""snr"": -1.2, ""rssi"": -111, ""gateway_id"": ""mvj-cabezuela""}, {""alt"": 940, ""lat"": 40.968865323719, ""lon"": -5.64232170581818, ""snr"": -4.25, ""rssi"": -112, ""gateway_id"": ""rio-tormes-1b""}, {""alt"": null, ""lat"": null, ""lon"": null, ""snr"": -8, ""rssi"": -112, ""gateway_id"": ""ext-dlos8-011""}, {""alt"": 674, ""lat"": 41.81858911263017, ""lon"": -6.7508557295156235, ""snr"": -8, ""rssi"": -113, ""gateway_id"": ""lora-more""}, {""alt"": 8, ""lat"": 42.195765, ""lon"": -6.006521, ""snr"": -7.25, ""rssi"": -114, ""gateway_id"": ""5031395365454751""}, {""alt"": null, ""lat"": 40.962541751597406, ""lon"": -5.675446072867432, ""snr"": -5.25, ""rssi"": -114, ""gateway_id"": ""packetbroker""}, {""alt"": 820, ""lat"": 40.970672, ""lon"": -5.141641, ""snr"": -1.25, ""rssi"": -115, ""gateway_id"": ""meceiot-013-dragout-a84041ffff29dc56""}, {""alt"": 765, ""lat"": 41.70253250763931, ""lon"": -4.708266556262971, ""snr"": -2, ""rssi"": -116, ""gateway_id"": ""italr0001""}, {""alt"": null, ""lat"": null, ""lon"": null, ""snr"": -7.8, ""rssi"": -118, ""gateway_id"": ""mitigasmart-cc""}, {""alt"": null, ""lat"": null, ""lon"": null, ""snr"": -6.8, ""rssi"": -119, ""gateway_id"": ""ext-sg50-022""}, {""alt"": null, ""lat"": null, ""lon"": null, ""snr"": -5, ""rssi"": -119, ""gateway_id"": ""ext-sg50-023""}, {""alt"": null, ""lat"": null, ""lon"": null, ""snr"": -8, ""rssi"": -120, ""gateway_id"": ""sg50-perte-malpica-03""}]",EU
4c924765-aab8-42cb-b8d9-8d8a38154e51,stratolink-3-eu,2026-05-28 15:57:56.979299+00:00,40.6257961,-6.428663,10009.0,1.00378867036993,4.39687483392886,2026-05-28 15:57:57.399148+00:00,3.0,8738.0,1.0,-5.9,232.9,5.06,5.374,-115.0,-3.2,4.51,12.86,27.0,-3.53,9.06,0.92,,,,,,,7.0,125000.0,868500000.0,"[{""alt"": 1131, ""lat"": 40.589325292876616, ""lon"": -4.838257133960725, ""snr"": 2.75, ""rssi"": -108, ""gateway_id"": ""niharramikrotik""}, {""alt"": 1131, ""lat"": 40.65110091852006, ""lon"": -4.679304063320161, ""snr"": -9, ""rssi"": -109, ""gateway_id"": ""mikrotikepsa""}, {""alt"": null, ""lat"": null, ""lon"": null, ""snr"": -6.8, ""rssi"": -109, ""gateway_id"": ""cicytex-ic003""}, {""alt"": 1550, ""lat"": 40.5481739449056, ""lon"": -5.16353885114368, ""snr"": 1.5, ""rssi"": -110, ""gateway_id"": ""meceiot-004-5030354163554750""}, {""alt"": null, ""lat"": null, ""lon"": null, ""snr"": -0.2, ""rssi"": -112, ""gateway_id"": ""mvj-cabezuela""}, {""alt"": 674, ""lat"": 41.81858911263017, ""lon"": -6.7508557295156235, ""snr"": -6.8, ""rssi"": -113, ""gateway_id"": ""lora-more""}, {""alt"": null, ""lat"": 40.513016253496716, ""lon"": -3.3499574594000614, ""snr"": -8.2, ""rssi"": -113, ""gateway_id"": ""uah-outdoor""}, {""alt"": null, ""lat"": 40.962541751597406, ""lon"": -5.675446072867432, ""snr"": -5.25, ""rssi"": -113, ""gateway_id"": ""packetbroker""}, {""alt"": null, ""lat"": null, ""lon"": null, ""snr"": -3, ""rssi"": -114, ""gateway_id"": ""packetbroker""}, {""alt"": null, ""lat"": 40.962758045083945, ""lon"": -5.675633842073217, ""snr"": null, ""rssi"": -114, ""gateway_id"": ""packetbroker""}, {""alt"": null, ""lat"": null, ""lon"": null, ""snr"": -3.2, ""rssi"": -115, ""gateway_id"": ""mjv-casas""}, {""alt"": 940, ""lat"": 40.968865323719, ""lon"": -5.64232170581818, ""snr"": -6.5, ""rssi"": -115, ""gateway_id"": ""rio-tormes-1b""}, {""alt"": null, ""lat"": 41.62916384851624, ""lon"": -4.713819387616739, ""snr"": -7, ""rssi"": -115, ""gateway_id"": ""packetbroker""}, {""alt"": 765, ""lat"": 41.70253250763931, ""lon"": -4.708266556262971, ""snr"": -2.75, ""rssi"": -115, ""gateway_id"": ""italr0001""}, {""alt"": 820, ""lat"": 40.970672, ""lon"": -5.141641, ""snr"": -1.25, ""rssi"": -115, ""gateway_id"": ""meceiot-013-dragout-a84041ffff29dc56""}, {""alt"": 391, ""lat"": 39.4920534590841, ""lon"": -6.57908320426941, ""snr"": -8, ""rssi"": -116, ""gateway_id"": ""cdtic-multitech-4""}, {""alt"": null, ""lat"": null, ""lon"": null, ""snr"": -8.2, ""rssi"": -116, ""gateway_id"": ""sg50-perte-malpica-06""}, {""alt"": null, ""lat"": 40.954279046747715, ""lon"": -4.142631590366364, ""snr"": -3, ""rssi"": -117, ""gateway_id"": ""italr0005""}, {""alt"": null, ""lat"": null, ""lon"": null, ""snr"": -4.8, ""rssi"": -117, ""gateway_id"": ""mitigasmart-cc""}, {""alt"": null, ""lat"": null, ""lon"": null, ""snr"": -8.2, ""rssi"": -119, ""gateway_id"": ""ext-sg50-024""}]",EU
c6f38744-dc8e-4c54-8698-80da90b56db0,stratolink-3-eu,2026-05-28 16:03:04.910236+00:00,40.6257961,-6.428663,10009.0,1.00378867036993,4.39687483392886,2026-05-28 16:03:06.382092+00:00,7.0,8738.0,1.0,-10.3,281.0,4.148,5.258,-108.0,2.8,4.51,12.86,27.0,-3.07,9.06,-0.3,,,,,,,7.0,125000.0,868100000.0,"[{""alt"": null, ""lat"": null, ""lon"": null, ""snr"": 2.8, ""rssi"": -108, ""gateway_id"": ""mvj-cabezuela""}, {""alt"": null, ""lat"": null, ""lon"": null, ""snr"": -1.2, ""rssi"": -108, ""gateway_id"": ""cicytex-ic003""}, {""alt"": null, ""lat"": null, ""lon"": null, ""snr"": -3.5, ""rssi"": -110, ""gateway_id"": ""mtcdtip02-l4e1-9""}, {""alt"": null, ""lat"": null, ""lon"": null, ""snr"": -1.75, ""rssi"": -112, ""gateway_id"": ""packetbroker""}, {""alt"": 1131, ""lat"": 40.589325292876616, ""lon"": -4.838257133960725, ""snr"": -0.25, ""rssi"": -113, ""gateway_id"": ""niharramikrotik""}, {""alt"": null, ""lat"": 40.962541751597406, ""lon"": -5.675446072867432, ""snr"": -2.25, ""rssi"": -114, ""gateway_id"": ""packetbroker""}, {""alt"": null, ""lat"": null, ""lon"": null, ""snr"": 3, ""rssi"": -114, ""gateway_id"": ""mitigasmart-cc""}, {""alt"": null, ""lat"": null, ""lon"": null, ""snr"": 1.5, ""rssi"": -115, ""gateway_id"": ""mjv-casas""}, {""alt"": null, ""lat"": null, ""lon"": null, ""snr"": -5, ""rssi"": -115, ""gateway_id"": ""ext-sg50-018""}, {""alt"": 391, ""lat"": 39.4920534590841, ""lon"": -6.57908320426941, ""snr"": -3, ""rssi"": -116, ""gateway_id"": ""cdtic-multitech-4""}, {""alt"": 940, ""lat"": 40.968865323719, ""lon"": -5.64232170581818, ""snr"": -2.75, ""rssi"": -118, ""gateway_id"": ""rio-tormes-1b""}, {""alt"": null, ""lat"": null, ""lon"": null, ""snr"": -1.8, ""rssi"": -118, ""gateway_id"": ""ext-sg50-022""}, {""alt"": null, ""lat"": null, ""lon"": null, ""snr"": -5.8, ""rssi"": -118, ""gateway_id"": ""ext-sg50-029""}, {""alt"": 820, ""lat"": 40.970672, ""lon"": -5.141641, ""snr"": -3.75, ""rssi"": -119, ""gateway_id"": ""meceiot-013-dragout-a84041ffff29dc56""}, {""alt"": null, ""lat"": null, ""lon"": null, ""snr"": -4, ""rssi"": -119, ""gateway_id"": ""ext-sg50-024""}, {""alt"": null, ""lat"": null, ""lon"": null, ""snr"": -7.5, ""rssi"": -119, ""gateway_id"": ""ext-sg50-012""}, {""alt"": 600, ""lat"": 40.13814, ""lon"": -7.50059, ""snr"": -4.5, ""rssi"": -120, ""gateway_id"": ""v3-eui-b827ebfffebf1f02""}, {""alt"": null, ""lat"": null, ""lon"": null, ""snr"": -8.2, ""rssi"": -120, ""gateway_id"": ""sg50-perte-malpica-03""}]",EU
8b1e593a-d45c-458d-91bf-926a7d7c4d59,stratolink-3-eu,2026-05-28 16:08:12.826148+00:00,40.6257961,-6.428663,10009.0,1.00378867036993,4.39687483392886,2026-05-28 16:08:13.960321+00:00,4.0,8738.0,1.0,-14.6,279.9,4.124,5.256,-113.0,1.2,4.51,12.86,27.0,-3.53,8.9,-0.46,,,,,,,7.0,125000.0,868300000.0,"[{""alt"": null, ""lat"": null, ""lon"": null, ""snr"": -3.5, ""rssi"": -108, ""gateway_id"": ""cicytex-ic003""}, {""alt"": 1550, ""lat"": 40.5481739449056, ""lon"": -5.16353885114368, ""snr"": 4, ""rssi"": -109, ""gateway_id"": ""meceiot-004-5030354163554750""}, {""alt"": null, ""lat"": null, ""lon"": null, ""snr"": 3.5, ""rssi"": -110, ""gateway_id"": ""mvj-cabezuela""}, {""alt"": null, ""lat"": null, ""lon"": null, ""snr"": -3.2, ""rssi"": -110, ""gateway_id"": ""mtcdtip02-l4e1-9""}, {""alt"": null, ""lat"": null, ""lon"": null, ""snr"": -7, ""rssi"": -110, ""gateway_id"": ""mtcdtip02-l4e1-1""}, {""alt"": 1131, ""lat"": 40.589325292876616, ""lon"": -4.838257133960725, ""snr"": -0.75, ""rssi"": -112, ""gateway_id"": ""niharramikrotik""}, {""alt"": null, ""lat"": null, ""lon"": null, ""snr"": 1.2, ""rssi"": -113, ""gateway_id"": ""mjv-casas""}, {""alt"": null, ""lat"": null, ""lon"": null, ""snr"": -4.2, ""rssi"": -113, ""gateway_id"": ""mtcdtip02-l4e1-16""}, {""alt"": null, ""lat"": null, ""lon"": null, ""snr"": -5.8, ""rssi"": -113, ""gateway_id"": ""mtcdtip02-l4e1-5""}, {""alt"": null, ""lat"": null, ""lon"": null, ""snr"": -5, ""rssi"": -113, ""gateway_id"": ""ext-sg50-018""}, {""alt"": null, ""lat"": null, ""lon"": null, ""snr"": 2.5, ""rssi"": -114, ""gateway_id"": ""mitigasmart-cc""}, {""alt"": null, ""lat"": null, ""lon"": null, ""snr"": -4.25, ""rssi"": -115, ""gateway_id"": ""packetbroker""}, {""alt"": 391, ""lat"": 39.4920534590841, ""lon"": -6.57908320426941, ""snr"": -3.5, ""rssi"": -115, ""gateway_id"": ""cdtic-multitech-4""}, {""alt"": null, ""lat"": null, ""lon"": null, ""snr"": -4.5, ""rssi"": -117, ""gateway_id"": ""ext-sg50-012""}, {""alt"": null, ""lat"": null, ""lon"": null, ""snr"": -4, ""rssi"": -118, ""gateway_id"": ""ext-sg50-024""}, {""alt"": null, ""lat"": null, ""lon"": null, ""snr"": -6.5, ""rssi"": -118, ""gateway_id"": ""ext-sg50-029""}, {""alt"": null, ""lat"": null, ""lon"": null, ""snr"": -2.2, ""rssi"": -118, ""gateway_id"": ""ext-sg50-023""}, {""alt"": null, ""lat"": null, ""lon"": null, ""snr"": -5.5, ""rssi"": -119, ""gateway_id"": ""ext-sg50-022""}, {""alt"": 600, ""lat"": 40.13814, ""lon"": -7.50059, ""snr"": -7.5, ""rssi"": -120, ""gateway_id"": ""v3-eui-b827ebfffebf1f02""}, {""alt"": null, ""lat"": null, ""lon"": null, ""snr"": -7, ""rssi"": -120, ""gateway_id"": ""sg50-perte-malpica-03""}, {""alt"": 820, ""lat"": 40.970672, ""lon"": -5.141641, ""snr"": -6.5, ""rssi"": -121, ""gateway_id"": ""meceiot-013-dragout-a84041ffff29dc56""}, {""alt"": null, ""lat"": 40.954279046747715, ""lon"": -4.142631590366364, ""snr"": -8.5, ""rssi"": -122, ""gateway_id"": ""italr0005""}]",EU
1cf839ee-a602-41a7-b7a7-05562762d7c1,stratolink-3-eu,2026-05-28 16:13:20.669795+00:00,40.6257961,-6.428663,10009.0,1.00378867036993,4.39687483392886,2026-05-28 16:13:21.077595+00:00,3.0,8738.0,1.0,0.7,277.1,5.074,5.364,-113.0,-1.5,4.51,12.86,27.0,-3.37,9.21,1.07,,,,,,,7.0,125000.0,868500000.0,"[{""alt"": 1550, ""lat"": 40.5481739449056, ""lon"": -5.16353885114368, ""snr"": 4.5, ""rssi"": -106, ""gateway_id"": ""meceiot-004-5030354163554750""}, {""alt"": null, ""lat"": null, ""lon"": null, ""snr"": -9, ""rssi"": -109, ""gateway_id"": ""cicytex-ic003""}, {""alt"": 1131, ""lat"": 40.589325292876616, ""lon"": -4.838257133960725, ""snr"": 1, ""rssi"": -110, ""gateway_id"": ""niharramikrotik""}, {""alt"": null, ""lat"": null, ""lon"": null, ""snr"": -8.25, ""rssi"": -110, ""gateway_id"": ""packetbroker""}, {""alt"": null, ""lat"": 40.962758045083945, ""lon"": -5.675633842073217, ""snr"": 1, ""rssi"": -111, ""gateway_id"": ""packetbroker""}, {""alt"": null, ""lat"": 40.962541751597406, ""lon"": -5.675446072867432, ""snr"": 0.5, ""rssi"": -111, ""gateway_id"": ""packetbroker""}, {""alt"": 733, ""lat"": 42.0074540232199, ""lon"": -4.55747170209175, ""snr"": -8, ""rssi"": -112, ""gateway_id"": ""italr0002""}, {""alt"": null, ""lat"": null, ""lon"": null, ""snr"": -1.5, ""rssi"": -113, ""gateway_id"": ""mvj-cabezuela""}, {""alt"": 674, ""lat"": 41.81858911263017, ""lon"": -6.7508557295156235, ""snr"": -4, ""rssi"": -113, ""gateway_id"": ""lora-more""}, {""alt"": null, ""lat"": 41.62916384851624, ""lon"": -4.713819387616739, ""snr"": -4.25, ""rssi"": -113, ""gateway_id"": ""packetbroker""}, {""alt"": null, ""lat"": null, ""lon"": null, ""snr"": -5, ""rssi"": -115, ""gateway_id"": ""mjv-casas""}, {""alt"": 765, ""lat"": 41.70253250763931, ""lon"": -4.708266556262971, ""snr"": -4.25, ""rssi"": -115, ""gateway_id"": ""italr0001""}, {""alt"": null, ""lat"": null, ""lon"": null, ""snr"": -7, ""rssi"": -116, ""gateway_id"": ""sg50-perte-malpica-01""}, {""alt"": null, ""lat"": null, ""lon"": null, ""snr"": -4.5, ""rssi"": -117, ""gateway_id"": ""packetbroker""}, {""alt"": 820, ""lat"": 40.970672, ""lon"": -5.141641, ""snr"": -3.25, ""rssi"": -117, ""gateway_id"": ""meceiot-013-dragout-a84041ffff29dc56""}, {""alt"": null, ""lat"": null, ""lon"": null, ""snr"": -3.5, ""rssi"": -117, ""gateway_id"": ""mitigasmart-cc""}, {""alt"": null, ""lat"": null, ""lon"": null, ""snr"": -9.2, ""rssi"": -119, ""gateway_id"": ""ext-sg50-024""}, {""alt"": null, ""lat"": 40.954279046747715, ""lon"": -4.142631590366364, ""snr"": -8, ""rssi"": -122, ""gateway_id"": ""italr0005""}]",EU
0f650798-454e-4e4f-9146-9a83322631cf,stratolink-3-eu,2026-05-28 16:18:28.751955+00:00,40.6257961,-6.428663,10009.0,1.00378867036993,4.39687483392886,2026-05-28 16:18:29.366730+00:00,1.0,8738.0,0.0,-7.3,280.9,4.132,5.23,-113.0,0.5,4.51,12.86,27.0,-3.07,8.9,-0.46,,,,,,,7.0,125000.0,868100000.0,"[{""alt"": 1550, ""lat"": 40.5481739449056, ""lon"": -5.16353885114368, ""snr"": 8, ""rssi"": -104, ""gateway_id"": ""meceiot-004-5030354163554750""}, {""alt"": 405, ""lat"": 39.94336757279527, ""lon"": -4.661850929260255, ""snr"": -9, ""rssi"": -108, ""gateway_id"": ""sg50-perte-malpica-02""}, {""alt"": null, ""lat"": null, ""lon"": null, ""snr"": -6.5, ""rssi"": -109, ""gateway_id"": ""cicytex-ic003""}, {""alt"": 1131, ""lat"": 40.589325292876616, ""lon"": -4.838257133960725, ""snr"": 4.25, ""rssi"": -110, ""gateway_id"": ""niharramikrotik""}, {""alt"": null, ""lat"": null, ""lon"": null, ""snr"": -7.5, ""rssi"": -110, ""gateway_id"": ""mtcdtip02-l4e1-1""}, {""alt"": null, ""lat"": null, ""lon"": null, ""snr"": 3, ""rssi"": -111, ""gateway_id"": ""mvj-cabezuela""}, {""alt"": null, ""lat"": null, ""lon"": null, ""snr"": 0.5, ""rssi"": -113, ""gateway_id"": ""mjv-casas""}, {""alt"": null, ""lat"": null, ""lon"": null, ""snr"": -4, ""rssi"": -113, ""gateway_id"": ""packetbroker""}, {""alt"": null, ""lat"": 40.962758045083945, ""lon"": -5.675633842073217, ""snr"": -0.25, ""rssi"": -113, ""gateway_id"": ""packetbroker""}, {""alt"": null, ""lat"": null, ""lon"": null, ""snr"": -7.2, ""rssi"": -114, ""gateway_id"": ""mtcdtip02-l4e1-13""}, {""alt"": 391, ""lat"": 39.4920534590841, ""lon"": -6.57908320426941, ""snr"": -6.5, ""rssi"": -114, ""gateway_id"": ""cdtic-multitech-4""}, {""alt"": null, ""lat"": null, ""lon"": null, ""snr"": -7.8, ""rssi"": -114, ""gateway_id"": ""mtcdtip02-l4e1-5""}, {""alt"": null, ""lat"": null, ""lon"": null, ""snr"": -6.8, ""rssi"": -115, ""gateway_id"": ""ext-sg50-018""}, {""alt"": null, ""lat"": null, ""lon"": null, ""snr"": 2.5, ""rssi"": -115, ""gateway_id"": ""mitigasmart-cc""}, {""alt"": null, ""lat"": 40.962541751597406, ""lon"": -5.675446072867432, ""snr"": -1.75, ""rssi"": -116, ""gateway_id"": ""packetbroker""}, {""alt"": null, ""lat"": null, ""lon"": null, ""snr"": -2.5, ""rssi"": -116, ""gateway_id"": ""sg50-perte-malpica-01""}, {""alt"": null, ""lat"": null, ""lon"": null, ""snr"": -7, ""rssi"": -117, ""gateway_id"": ""cicytex-unex-1""}, {""alt"": null, ""lat"": null, ""lon"": null, ""snr"": -1, ""rssi"": -117, ""gateway_id"": ""ext-sg50-012""}, {""alt"": null, ""lat"": 40.954279046747715, ""lon"": -4.142631590366364, ""snr"": -4, ""rssi"": -118, ""gateway_id"": ""italr0005""}, {""alt"": null, ""lat"": null, ""lon"": null, ""snr"": -6.5, ""rssi"": -119, ""gateway_id"": ""sg50-perte-malpica-07""}, {""alt"": null, ""lat"": null, ""lon"": null, ""snr"": -2.8, ""rssi"": -119, ""gateway_id"": ""sg50-perte-malpica-03""}, {""alt"": null, ""lat"": null, ""lon"": null, ""snr"": -9, ""rssi"": -120, ""gateway_id"": ""ext-sg50-024""}, {""alt"": null, ""lat"": null, ""lon"": null, ""snr"": -8, ""rssi"": -120, ""gateway_id"": ""sg50-perte-malpica-05""}, {""alt"": null, ""lat"": null, ""lon"": null, ""snr"": -8.8, ""rssi"": -120, ""gateway_id"": ""ext-sg50-011""}, {""alt"": 820, ""lat"": 40.970672, ""lon"": -5.141641, ""snr"": -7.25, ""rssi"": -122, ""gateway_id"": ""meceiot-013-dragout-a84041ffff29dc56""}, {""alt"": null, ""lat"": null, ""lon"": null, ""snr"": -7.5, ""rssi"": -127, ""gateway_id"": ""antena-granjas-rendondo-01""}]",EU
9f8d4f40-3810-42ce-89e6-7c3cf19b8075,stratolink-3-eu,2026-05-28 16:23:36.937299+00:00,40.6257961,-6.428663,10009.0,1.00378867036993,4.39687483392886,2026-05-28 16:23:37.409488+00:00,1.0,8738.0,0.0,-16.7,279.5,4.954,5.374,-115.0,-1.8,4.51,12.86,27.0,-3.37,9.06,-0.92,,,,,,,7.0,125000.0,868300000.0,"[{""alt"": 1550, ""lat"": 40.5481739449056, ""lon"": -5.16353885114368, ""snr"": 8, ""rssi"": -102, ""gateway_id"": ""meceiot-004-5030354163554750""}, {""alt"": null, ""lat"": null, ""lon"": null, ""snr"": -5.8, ""rssi"": -109, ""gateway_id"": ""cicytex-ic003""}, {""alt"": 1131, ""lat"": 40.589325292876616, ""lon"": -4.838257133960725, ""snr"": 0.75, ""rssi"": -111, ""gateway_id"": ""niharramikrotik""}, {""alt"": 405, ""lat"": 39.94336757279527, ""lon"": -4.661850929260255, ""snr"": -5.8, ""rssi"": -112, ""gateway_id"": ""sg50-perte-malpica-02""}, {""alt"": null, ""lat"": null, ""lon"": null, ""snr"": -2.25, ""rssi"": -113, ""gateway_id"": ""packetbroker""}, {""alt"": null, ""lat"": 40.954279046747715, ""lon"": -4.142631590366364, ""snr"": 0.5, ""rssi"": -113, ""gateway_id"": ""italr0005""}, {""alt"": null, ""lat"": null, ""lon"": null, ""snr"": -4.5, ""rssi"": -113, ""gateway_id"": ""sg50-perte-malpica-06""}, {""alt"": null, ""lat"": 40.962541751597406, ""lon"": -5.675446072867432, ""snr"": -2.5, ""rssi"": -114, ""gateway_id"": ""packetbroker""}, {""alt"": null, ""lat"": null, ""lon"": null, ""snr"": -1.8, ""rssi"": -115, ""gateway_id"": ""mvj-cabezuela""}, {""alt"": null, ""lat"": null, ""lon"": null, ""snr"": -3, ""rssi"": -115, ""gateway_id"": ""mjv-casas""}, {""alt"": null, ""lat"": null, ""lon"": null, ""snr"": -1.2, ""rssi"": -116, ""gateway_id"": ""mitigasmart-cc""}, {""alt"": 820, ""lat"": 40.970672, ""lon"": -5.141641, ""snr"": -3.5, ""rssi"": -118, ""gateway_id"": ""meceiot-013-dragout-a84041ffff29dc56""}, {""alt"": null, ""lat"": null, ""lon"": null, ""snr"": -6, ""rssi"": -118, ""gateway_id"": ""sg50-perte-malpica-05""}, {""alt"": null, ""lat"": null, ""lon"": null, ""snr"": -5.8, ""rssi"": -118, ""gateway_id"": ""sg50-perte-malpica-07""}, {""alt"": 1131, ""lat"": 40.64962954290437, ""lon"": -4.690829015625737, ""snr"": -7.25, ""rssi"": -119, ""gateway_id"": ""meceiot-dragino-lps8n-001""}, {""alt"": null, ""lat"": null, ""lon"": null, ""snr"": -6.5, ""rssi"": -119, ""gateway_id"": ""packetbroker""}, {""alt"": null, ""lat"": null, ""lon"": null, ""snr"": -4, ""rssi"": -119, ""gateway_id"": ""sg50-perte-malpica-03""}, {""alt"": null, ""lat"": null, ""lon"": null, ""snr"": -10, ""rssi"": -120, ""gateway_id"": ""ext-sg50-024""}]",EU
e4500444-ac3e-4569-81fa-9f56e3721835,stratolink-3-eu,2026-05-28 16:28:37.153020+00:00,40.6167805,-5.3651522,10041.0,0.621615636007177,3.73867543403695,2026-05-28 16:28:38.494109+00:00,1.0,8738.0,0.0,-0.7,281.4,4.342,5.322,-108.0,4.5,3.79,9.44,30.0,-3.22,9.06,-0.3,,,,,,,7.0,125000.0,868500000.0,"[{""alt"": 1550, ""lat"": 40.5481739449056, ""lon"": -5.16353885114368, ""snr"": 5.25, ""rssi"": -105, ""gateway_id"": ""meceiot-004-5030354163554750""}, {""alt"": null, ""lat"": null, ""lon"": null, ""snr"": 4.5, ""rssi"": -108, ""gateway_id"": ""mvj-cabezuela""}, {""alt"": null, ""lat"": null, ""lon"": null, ""snr"": -1.8, ""rssi"": -108, ""gateway_id"": ""cicytex-ic003""}, {""alt"": 1131, ""lat"": 40.589325292876616, ""lon"": -4.838257133960725, ""snr"": 0.25, ""rssi"": -109, ""gateway_id"": ""niharramikrotik""}, {""alt"": null, ""lat"": null, ""lon"": null, ""snr"": -6.5, ""rssi"": -109, ""gateway_id"": ""ext-sg50-018""}, {""alt"": null, ""lat"": null, ""lon"": null, ""snr"": 2.2, ""rssi"": -110, ""gateway_id"": ""mjv-casas""}, {""alt"": 405, ""lat"": 39.94336757279527, ""lon"": -4.661850929260255, ""snr"": -6.5, ""rssi"": -112, ""gateway_id"": ""sg50-perte-malpica-02""}, {""alt"": null, ""lat"": null, ""lon"": null, ""snr"": -3.25, ""rssi"": -113, ""gateway_id"": ""packetbroker""}, {""alt"": null, ""lat"": null, ""lon"": null, ""snr"": -8.2, ""rssi"": -113, ""gateway_id"": ""mtcdtip02-l4e1-7""}, {""alt"": null, ""lat"": null, ""lon"": null, ""snr"": -7.8, ""rssi"": -113, ""gateway_id"": ""mtcdtip02-l4e1-5""}, {""alt"": null, ""lat"": null, ""lon"": null, ""snr"": -4.8, ""rssi"": -114, ""gateway_id"": ""sg50-perte-malpica-06""}, {""alt"": null, ""lat"": null, ""lon"": null, ""snr"": -6.5, ""rssi"": -115, ""gateway_id"": ""cicytex-lo-04""}, {""alt"": null, ""lat"": 40.962541751597406, ""lon"": -5.675446072867432, ""snr"": -7.75, ""rssi"": -115, ""gateway_id"": ""packetbroker""}, {""alt"": null, ""lat"": 40.962758045083945, ""lon"": -5.675633842073217, ""snr"": -2.25, ""rssi"": -115, ""gateway_id"": ""packetbroker""}, {""alt"": null, ""lat"": null, ""lon"": null, ""snr"": -4.5, ""rssi"": -115, ""gateway_id"": ""cicytex-unex-1""}, {""alt"": null, ""lat"": null, ""lon"": null, ""snr"": -0.8, ""rssi"": -115, ""gateway_id"": ""mitigasmart-cc""}, {""alt"": null, ""lat"": null, ""lon"": null, ""snr"": -4, ""rssi"": -115, ""gateway_id"": ""sg50-perte-malpica-01""}, {""alt"": 391, ""lat"": 39.4920534590841, ""lon"": -6.57908320426941, ""snr"": -4.2, ""rssi"": -116, ""gateway_id"": ""cdtic-multitech-4""}, {""alt"": null, ""lat"": null, ""lon"": null, ""snr"": -2.8, ""rssi"": -117, ""gateway_id"": ""sg50-perte-malpica-05""}, {""alt"": null, ""lat"": null, ""lon"": null, ""snr"": -8.5, ""rssi"": -118, ""gateway_id"": ""sg50-eui-c0ba1ffffe004945""}, {""alt"": null, ""lat"": null, ""lon"": null, ""snr"": -6, ""rssi"": -118, ""gateway_id"": ""sg50-perte-malpica-07""}, {""alt"": null, ""lat"": null, ""lon"": null, ""snr"": -5, ""rssi"": -118, ""gateway_id"": ""sg50-perte-malpica-03""}, {""alt"": null, ""lat"": null, ""lon"": null, ""snr"": -7.2, ""rssi"": -119, ""gateway_id"": ""ext-sg50-024""}, {""alt"": 297, ""lat"": 40.108033, ""lon"": -6.632828, ""snr"": -8, ""rssi"": -119, ""gateway_id"": ""tef-mls-01""}, {""alt"": null, ""lat"": null, ""lon"": null, ""snr"": -7.2, ""rssi"": -119, ""gateway_id"": ""ext-sg50-011""}, {""alt"": 820, ""lat"": 40.970672, ""lon"": -5.141641, ""snr"": -8.25, ""rssi"": -123, ""gateway_id"": ""meceiot-013-dragout-a84041ffff29dc56""}]",EU
0fa610c5-ab33-499c-b9f7-1609857c94a2,stratolink-3-eu,2026-05-28 16:33:45.444434+00:00,40.6167805,-5.3651522,10041.0,0.621615636007177,3.73867543403695,2026-05-28 16:33:45.949991+00:00,1.0,8738.0,0.0,-21.1,279.9,4.806,5.366,-109.0,5.2,3.79,9.44,30.0,-3.22,9.06,0.0,,,,,,,7.0,125000.0,868100000.0,"[{""alt"": null, ""lat"": null, ""lon"": null, ""snr"": 5.2, ""rssi"": -109, ""gateway_id"": ""mvj-cabezuela""}, {""alt"": 1550, ""lat"": 40.5481739449056, ""lon"": -5.16353885114368, ""snr"": 2.25, ""rssi"": -109, ""gateway_id"": ""meceiot-004-5030354163554750""}, {""alt"": null, ""lat"": null, ""lon"": null, ""snr"": -4.2, ""rssi"": -110, ""gateway_id"": ""cicytex-ic003""}, {""alt"": null, ""lat"": null, ""lon"": null, ""snr"": -4.5, ""rssi"": -110, ""gateway_id"": ""mtcdtip02-l4e1-9""}, {""alt"": null, ""lat"": 40.962758045083945, ""lon"": -5.675633842073217, ""snr"": -8, ""rssi"": -111, ""gateway_id"": ""packetbroker""}, {""alt"": null, ""lat"": null, ""lon"": null, ""snr"": -5.8, ""rssi"": -111, ""gateway_id"": ""mtcdtip02-l4e1-1""}, {""alt"": null, ""lat"": null, ""lon"": null, ""snr"": -3.8, ""rssi"": -113, ""gateway_id"": ""ext-sg50-018""}, {""alt"": null, ""lat"": null, ""lon"": null, ""snr"": 2.8, ""rssi"": -114, ""gateway_id"": ""mjv-casas""}, {""alt"": null, ""lat"": null, ""lon"": null, ""snr"": -0.5, ""rssi"": -114, ""gateway_id"": ""packetbroker""}, {""alt"": null, ""lat"": null, ""lon"": null, ""snr"": -8.2, ""rssi"": -114, ""gateway_id"": ""mtcdtip02-l4e1-13""}, {""alt"": null, ""lat"": 40.962541751597406, ""lon"": -5.675446072867432, ""snr"": -5.25, ""rssi"": -115, ""gateway_id"": ""packetbroker""}, {""alt"": null, ""lat"": null, ""lon"": null, ""snr"": -6.2, ""rssi"": -115, ""gateway_id"": ""ext-sg50-027""}, {""alt"": null, ""lat"": null, ""lon"": null, ""snr"": 1, ""rssi"": -115, ""gateway_id"": ""mitigasmart-cc""}, {""alt"": 1131, ""lat"": 40.589325292876616, ""lon"": -4.838257133960725, ""snr"": -2.5, ""rssi"": -116, ""gateway_id"": ""niharramikrotik""}, {""alt"": null, ""lat"": null, ""lon"": null, ""snr"": -7.8, ""rssi"": -118, ""gateway_id"": ""sg50-perte-malpica-01""}, {""alt"": 297, ""lat"": 40.108033, ""lon"": -6.632828, ""snr"": -6.2, ""rssi"": -119, ""gateway_id"": ""tef-mls-01""}, {""alt"": null, ""lat"": null, ""lon"": null, ""snr"": -7.2, ""rssi"": -119, ""gateway_id"": ""sg50-perte-malpica-05""}, {""alt"": null, ""lat"": null, ""lon"": null, ""snr"": -5.2, ""rssi"": -120, ""gateway_id"": ""ext-sg50-024""}, {""alt"": null, ""lat"": null, ""lon"": null, ""snr"": -5.5, ""rssi"": -120, ""gateway_id"": ""ext-sg50-022""}, {""alt"": null, ""lat"": null, ""lon"": null, ""snr"": -7.2, ""rssi"": -120, ""gateway_id"": ""sg50-perte-malpica-07""}, {""alt"": null, ""lat"": null, ""lon"": null, ""snr"": -4, ""rssi"": -120, ""gateway_id"": ""sg50-perte-malpica-03""}, {""alt"": null, ""lat"": 40.954279046747715, ""lon"": -4.142631590366364, ""snr"": -9, ""rssi"": -123, ""gateway_id"": ""italr0005""}, {""alt"": null, ""lat"": null, ""lon"": null, ""snr"": -7, ""rssi"": -126, ""gateway_id"": ""antena-granjas-rendondo-01""}]",EU
fa481f1c-5075-4748-a640-f360751de827,stratolink-3-eu,2026-05-28 16:38:53.749522+00:00,40.6167805,-5.3651522,10041.0,0.621615636007177,3.73867543403695,2026-05-28 16:38:54.135328+00:00,1.0,8738.0,0.0,-16.5,280.3,4.124,5.298,-112.0,-0.2,3.79,9.44,30.0,-3.07,8.9,-0.46,,,,,,,7.0,125000.0,868300000.0,"[{""alt"": null, ""lat"": null, ""lon"": null, ""snr"": 3.5, ""rssi"": -109, ""gateway_id"": ""mvj-cabezuela""}, {""alt"": null, ""lat"": null, ""lon"": null, ""snr"": -5, ""rssi"": -109, ""gateway_id"": ""mtcdtip02-l4e1-9""}, {""alt"": null, ""lat"": null, ""lon"": null, ""snr"": -4.5, ""rssi"": -110, ""gateway_id"": ""cicytex-ic003""}, {""alt"": null, ""lat"": 40.962758045083945, ""lon"": -5.675633842073217, ""snr"": 0.5, ""rssi"": -111, ""gateway_id"": ""packetbroker""}, {""alt"": null, ""lat"": null, ""lon"": null, ""snr"": -0.2, ""rssi"": -112, ""gateway_id"": ""mjv-casas""}, {""alt"": null, ""lat"": 39.9775352459947, ""lon"": -6.04510360141884, ""snr"": -5.25, ""rssi"": -112, ""gateway_id"": ""jfmateos-rak7250-rioseco""}, {""alt"": null, ""lat"": null, ""lon"": null, ""snr"": -4.8, ""rssi"": -112, ""gateway_id"": ""mtcdtip02-l4e1-16""}, {""alt"": 391, ""lat"": 39.4920534590841, ""lon"": -6.57908320426941, ""snr"": -5.5, ""rssi"": -113, ""gateway_id"": ""cdtic-multitech-4""}, {""alt"": null, ""lat"": null, ""lon"": null, ""snr"": -2.5, ""rssi"": -114, ""gateway_id"": ""packetbroker""}, {""alt"": null, ""lat"": null, ""lon"": null, ""snr"": 2.8, ""rssi"": -114, ""gateway_id"": ""mitigasmart-cc""}, {""alt"": 1131, ""lat"": 40.589325292876616, ""lon"": -4.838257133960725, ""snr"": -6.5, ""rssi"": -115, ""gateway_id"": ""niharramikrotik""}, {""alt"": 300, ""lat"": 40.1338, ""lon"": -5.94651, ""snr"": -7, ""rssi"": -116, ""gateway_id"": ""cdtic-multitech-6""}, {""alt"": 300, ""lat"": 40.0702558044694, ""lon"": -6.65818959474564, ""snr"": -7, ""rssi"": -116, ""gateway_id"": ""cdtic-multitech-5""}, {""alt"": null, ""lat"": null, ""lon"": null, ""snr"": -2.8, ""rssi"": -118, ""gateway_id"": ""ext-sg50-024""}, {""alt"": null, ""lat"": null, ""lon"": null, ""snr"": -7, ""rssi"": -118, ""gateway_id"": ""sg50-perte-malpica-05""}, {""alt"": null, ""lat"": null, ""lon"": null, ""snr"": -3, ""rssi"": -119, ""gateway_id"": ""sg50-perte-malpica-03""}, {""alt"": 820, ""lat"": 40.970672, ""lon"": -5.141641, ""snr"": -6.25, ""rssi"": -121, ""gateway_id"": ""meceiot-013-dragout-a84041ffff29dc56""}]",EU
6241c1bf-00dc-414b-80d0-fc237c72e4f8,stratolink-3-eu,2026-05-28 16:44:01.250128+00:00,40.6167805,-5.3651522,10041.0,0.621615636007177,3.73867543403695,2026-05-28 16:44:02.814262+00:00,4.0,8738.0,1.0,3.8,281.3,5.1,5.374,-113.0,-1.25,3.79,9.44,30.0,-2.91,9.36,0.0,,,,,,,7.0,125000.0,868500000.0,"[{""alt"": null, ""lat"": null, ""lon"": null, ""snr"": -8.5, ""rssi"": -109, ""gateway_id"": ""cicytex-ic003""}, {""alt"": null, ""lat"": 40.962758045083945, ""lon"": -5.675633842073217, ""snr"": 1.25, ""rssi"": -110, ""gateway_id"": ""packetbroker""}, {""alt"": 1131, ""lat"": 40.589325292876616, ""lon"": -4.838257133960725, ""snr"": -1.25, ""rssi"": -113, ""gateway_id"": ""niharramikrotik""}, {""alt"": null, ""lat"": null, ""lon"": null, ""snr"": -1.5, ""rssi"": -113, ""gateway_id"": ""packetbroker""}, {""alt"": 765, ""lat"": 41.70253250763931, ""lon"": -4.708266556262971, ""snr"": -7.25, ""rssi"": -113, ""gateway_id"": ""italr0001""}, {""alt"": null, ""lat"": null, ""lon"": null, ""snr"": -1.5, ""rssi"": -115, ""gateway_id"": ""mjv-casas""}, {""alt"": null, ""lat"": null, ""lon"": null, ""snr"": -1.8, ""rssi"": -115, ""gateway_id"": ""mvj-cabezuela""}, {""alt"": 940, ""lat"": 40.968865323719, ""lon"": -5.64232170581818, ""snr"": -2.5, ""rssi"": -117, ""gateway_id"": ""rio-tormes-1b""}, {""alt"": null, ""lat"": null, ""lon"": null, ""snr"": -4, ""rssi"": -117, ""gateway_id"": ""mitigasmart-cc""}, {""alt"": null, ""lat"": null, ""lon"": null, ""snr"": -7.5, ""rssi"": -117, ""gateway_id"": ""sg50-perte-malpica-01""}, {""alt"": null, ""lat"": null, ""lon"": null, ""snr"": -8, ""rssi"": -118, ""gateway_id"": ""sg50-perte-malpica-05""}, {""alt"": null, ""lat"": 40.954279046747715, ""lon"": -4.142631590366364, ""snr"": -6.25, ""rssi"": -120, ""gateway_id"": ""italr0005""}, {""alt"": null, ""lat"": null, ""lon"": null, ""snr"": -7.8, ""rssi"": -120, ""gateway_id"": ""ext-sg50-022""}, {""alt"": 820, ""lat"": 40.970672, ""lon"": -5.141641, ""snr"": -8, ""rssi"": -122, ""gateway_id"": ""meceiot-013-dragout-a84041ffff29dc56""}, {""alt"": null, ""lat"": null, ""lon"": null, ""snr"": -5.25, ""rssi"": -125, ""gateway_id"": ""antena-granjas-rendondo-01""}]",EU
2739574e-46c2-4b39-8774-f14c8e8c0714,stratolink-3-eu,2026-05-28 16:49:09.690791+00:00,40.6167805,-5.3651522,10041.0,0.621615636007177,3.73867543403695,2026-05-28 16:49:11.680280+00:00,1.0,8738.0,0.0,-11.9,280.9,4.0,4.922,-115.0,-1.2,3.79,9.44,30.0,-3.22,8.75,-0.46,,,,,,,7.0,125000.0,868100000.0,"[{""alt"": 1550, ""lat"": 40.5481739449056, ""lon"": -5.16353885114368, ""snr"": 9, ""rssi"": -101, ""gateway_id"": ""meceiot-004-5030354163554750""}, {""alt"": null, ""lat"": null, ""lon"": null, ""snr"": -0.8, ""rssi"": -111, ""gateway_id"": ""mvj-cabezuela""}, {""alt"": 1131, ""lat"": 40.589325292876616, ""lon"": -4.838257133960725, ""snr"": 1.75, ""rssi"": -111, ""gateway_id"": ""niharramikrotik""}, {""alt"": null, ""lat"": null, ""lon"": null, ""snr"": -7, ""rssi"": -111, ""gateway_id"": ""mtcdtip02-l4e1-9""}, {""alt"": null, ""lat"": null, ""lon"": null, ""snr"": -6.8, ""rssi"": -113, ""gateway_id"": ""mtcdtip02-l4e1-13""}, {""alt"": null, ""lat"": null, ""lon"": null, ""snr"": -1.2, ""rssi"": -115, ""gateway_id"": ""mjv-casas""}, {""alt"": null, ""lat"": null, ""lon"": null, ""snr"": -6.5, ""rssi"": -115, ""gateway_id"": ""mtcdtip02-l4e1-5""}, {""alt"": null, ""lat"": null, ""lon"": null, ""snr"": 0.2, ""rssi"": -116, ""gateway_id"": ""sg50-perte-malpica-05""}, {""alt"": null, ""lat"": null, ""lon"": null, ""snr"": -2.8, ""rssi"": -116, ""gateway_id"": ""sg50-perte-malpica-01""}, {""alt"": null, ""lat"": null, ""lon"": null, ""snr"": -1.5, ""rssi"": -116, ""gateway_id"": ""ext-sg50-012""}, {""alt"": null, ""lat"": null, ""lon"": null, ""snr"": -4.2, ""rssi"": -117, ""gateway_id"": ""cicytex-lo-04""}, {""alt"": 300, ""lat"": 40.1338, ""lon"": -5.94651, ""snr"": -4.2, ""rssi"": -117, ""gateway_id"": ""cdtic-multitech-6""}, {""alt"": null, ""lat"": null, ""lon"": null, ""snr"": -1.8, ""rssi"": -117, ""gateway_id"": ""mitigasmart-cc""}, {""alt"": null, ""lat"": null, ""lon"": null, ""snr"": 1, ""rssi"": -117, ""gateway_id"": ""sg50-perte-malpica-03""}, {""alt"": null, ""lat"": null, ""lon"": null, ""snr"": -1.5, ""rssi"": -118, ""gateway_id"": ""sg50-perte-malpica-07""}, {""alt"": null, ""lat"": null, ""lon"": null, ""snr"": -9, ""rssi"": -120, ""gateway_id"": ""ext-sg50-024""}, {""alt"": null, ""lat"": null, ""lon"": null, ""snr"": -7.8, ""rssi"": -120, ""gateway_id"": ""ext-sg50-011""}, {""alt"": null, ""lat"": 40.954279046747715, ""lon"": -4.142631590366364, ""snr"": -5.5, ""rssi"": -120, ""gateway_id"": ""italr0005""}]",EU
1d462533-e3a9-4ba1-a2df-54c14cba04ce,stratolink-3-eu,2026-05-28 16:54:17.602900+00:00,40.6167805,-5.3651522,10041.0,0.621615636007177,3.73867543403695,2026-05-28 16:54:18.085164+00:00,1.0,8738.0,0.0,-9.5,282.0,4.868,5.372,-107.0,2.8,3.79,9.44,30.0,-3.37,8.9,-0.46,,,,,,,7.0,125000.0,868300000.0,"[{""alt"": 1550, ""lat"": 40.5481739449056, ""lon"": -5.16353885114368, ""snr"": 7.75, ""rssi"": -103, ""gateway_id"": ""meceiot-004-5030354163554750""}, {""alt"": null, ""lat"": null, ""lon"": null, ""snr"": 2.8, ""rssi"": -107, ""gateway_id"": ""mvj-cabezuela""}, {""alt"": null, ""lat"": null, ""lon"": null, ""snr"": -3, ""rssi"": -107, ""gateway_id"": ""cicytex-ic003""}, {""alt"": null, ""lat"": null, ""lon"": null, ""snr"": -5.8, ""rssi"": -110, ""gateway_id"": ""mtcdtip02-l4e1-9""}, {""alt"": null, ""lat"": 39.9775352459947, ""lon"": -6.04510360141884, ""snr"": -7.25, ""rssi"": -112, ""gateway_id"": ""jfmateos-rak7250-rioseco""}, {""alt"": null, ""lat"": null, ""lon"": null, ""snr"": -3.2, ""rssi"": -113, ""gateway_id"": ""ext-sg50-018""}, {""alt"": null, ""lat"": null, ""lon"": null, ""snr"": 3.2, ""rssi"": -113, ""gateway_id"": ""mitigasmart-cc""}, {""alt"": null, ""lat"": null, ""lon"": null, ""snr"": 1, ""rssi"": -114, ""gateway_id"": ""mjv-casas""}, {""alt"": 391, ""lat"": 39.4920534590841, ""lon"": -6.57908320426941, ""snr"": -5.8, ""rssi"": -114, ""gateway_id"": ""cdtic-multitech-4""}, {""alt"": null, ""lat"": 40.962541751597406, ""lon"": -5.675446072867432, ""snr"": -4.25, ""rssi"": -115, ""gateway_id"": ""packetbroker""}, {""alt"": null, ""lat"": null, ""lon"": null, ""snr"": -3.5, ""rssi"": -115, ""gateway_id"": ""mtcdtip02-l4e1-5""}, {""alt"": 300, ""lat"": 40.1338, ""lon"": -5.94651, ""snr"": 0.2, ""rssi"": -115, ""gateway_id"": ""cdtic-multitech-6""}, {""alt"": null, ""lat"": null, ""lon"": null, ""snr"": -4, ""rssi"": -118, ""gateway_id"": ""ext-sg50-024""}, {""alt"": null, ""lat"": null, ""lon"": null, ""snr"": -5.5, ""rssi"": -118, ""gateway_id"": ""sg50-perte-malpica-07""}, {""alt"": null, ""lat"": null, ""lon"": null, ""snr"": -6.2, ""rssi"": -118, ""gateway_id"": ""sg50-perte-malpica-05""}, {""alt"": null, ""lat"": null, ""lon"": null, ""snr"": -3.8, ""rssi"": -118, ""gateway_id"": ""sg50-perte-malpica-03""}, {""alt"": null, ""lat"": null, ""lon"": null, ""snr"": -4.5, ""rssi"": -119, ""gateway_id"": ""ext-sg50-022""}, {""alt"": null, ""lat"": null, ""lon"": null, ""snr"": -8, ""rssi"": -119, ""gateway_id"": ""ext-sg50-011""}, {""alt"": null, ""lat"": null, ""lon"": null, ""snr"": -9.25, ""rssi"": -120, ""gateway_id"": ""packetbroker""}, {""alt"": null, ""lat"": null, ""lon"": null, ""snr"": -8.5, ""rssi"": -120, ""gateway_id"": ""packetbroker""}, {""alt"": null, ""lat"": null, ""lon"": null, ""snr"": -6.5, ""rssi"": -126, ""gateway_id"": ""antena-granjas-rendondo-01""}]",EU
9b3c0863-954b-4562-9eb3-5a4f747333e2,stratolink-3-eu,2026-05-28 16:59:25.685602+00:00,40.6167805,-5.3651522,10041.0,0.621615636007177,3.73867543403695,2026-05-28 16:59:26.104981+00:00,4.0,8738.0,1.0,-8.6,278.2,5.012,5.36,-111.0,,3.79,9.44,30.0,-3.22,8.75,-0.3,,,,,,,7.0,125000.0,868500000.0,"[{""alt"": 1550, ""lat"": 40.5481739449056, ""lon"": -5.16353885114368, ""snr"": 6, ""rssi"": -104, ""gateway_id"": ""meceiot-004-5030354163554750""}, {""alt"": null, ""lat"": null, ""lon"": null, ""snr"": -8.2, ""rssi"": -108, ""gateway_id"": ""cicytex-ic003""}, {""alt"": 1131, ""lat"": 40.589325292876616, ""lon"": -4.838257133960725, ""snr"": 1.25, ""rssi"": -109, ""gateway_id"": ""niharramikrotik""}, {""alt"": null, ""lat"": null, ""lon"": null, ""snr"": null, ""rssi"": -111, ""gateway_id"": ""mvj-cabezuela""}, {""alt"": null, ""lat"": 40.962541751597406, ""lon"": -5.675446072867432, ""snr"": -4.5, ""rssi"": -111, ""gateway_id"": ""packetbroker""}, {""alt"": 765, ""lat"": 41.70253250763931, ""lon"": -4.708266556262971, ""snr"": -4.75, ""rssi"": -114, ""gateway_id"": ""italr0001""}, {""alt"": null, ""lat"": null, ""lon"": null, ""snr"": -8.2, ""rssi"": -114, ""gateway_id"": ""sg50-perte-malpica-06""}, {""alt"": null, ""lat"": 41.62916384851624, ""lon"": -4.713819387616739, ""snr"": -7.5, ""rssi"": -115, ""gateway_id"": ""packetbroker""}, {""alt"": 300, ""lat"": 40.1338, ""lon"": -5.94651, ""snr"": -5.8, ""rssi"": -115, ""gateway_id"": ""cdtic-multitech-6""}, {""alt"": null, ""lat"": 40.31007631707678, ""lon"": -3.733453631302837, ""snr"": -6.5, ""rssi"": -115, ""gateway_id"": ""mtcdtip-l4e1-868-dattera-2""}, {""alt"": 1115, ""lat"": 40.6508109351282, ""lon"": -4.73721027374268, ""snr"": -0.2, ""rssi"": -115, ""gateway_id"": ""tidop-solar-milesight-001""}, {""alt"": null, ""lat"": null, ""lon"": null, ""snr"": -6.2, ""rssi"": -116, ""gateway_id"": ""mjv-casas""}, {""alt"": null, ""lat"": null, ""lon"": null, ""snr"": -5.5, ""rssi"": -116, ""gateway_id"": ""sg50-perte-malpica-01""}, {""alt"": null, ""lat"": null, ""lon"": null, ""snr"": -4, ""rssi"": -117, ""gateway_id"": ""sg50-perte-malpica-07""}, {""alt"": null, ""lat"": null, ""lon"": null, ""snr"": -4, ""rssi"": -117, ""gateway_id"": ""mitigasmart-cc""}, {""alt"": null, ""lat"": 40.954279046747715, ""lon"": -4.142631590366364, ""snr"": -4.75, ""rssi"": -118, ""gateway_id"": ""italr0005""}, {""alt"": null, ""lat"": null, ""lon"": null, ""snr"": -7.5, ""rssi"": -119, ""gateway_id"": ""ext-sg50-024""}, {""alt"": null, ""lat"": null, ""lon"": null, ""snr"": -6.2, ""rssi"": -119, ""gateway_id"": ""sg50-perte-malpica-03""}, {""alt"": null, ""lat"": null, ""lon"": null, ""snr"": -5.25, ""rssi"": -125, ""gateway_id"": ""antena-granjas-rendondo-01""}]",EU
97168fd6-2bc9-4682-9d00-ed6a5471c88f,stratolink-3-eu,2026-05-28 17:04:33.698437+00:00,40.6167805,-5.3651522,10041.0,0.621615636007177,3.73867543403695,2026-05-28 17:04:34.571558+00:00,1.0,8738.0,0.0,-13.5,280.9,3.994,4.92,-110.0,4.8,3.79,9.44,30.0,-3.22,8.75,-0.46,,,,,,,7.0,125000.0,868100000.0,"[{""alt"": 1550, ""lat"": 40.5481739449056, ""lon"": -5.16353885114368, ""snr"": 6.75, ""rssi"": -105, ""gateway_id"": ""meceiot-004-5030354163554750""}, {""alt"": null, ""lat"": null, ""lon"": null, ""snr"": -2.2, ""rssi"": -108, ""gateway_id"": ""cicytex-ic003""}, {""alt"": null, ""lat"": null, ""lon"": null, ""snr"": 4.8, ""rssi"": -110, ""gateway_id"": ""mvj-cabezuela""}, {""alt"": null, ""lat"": null, ""lon"": null, ""snr"": -7.2, ""rssi"": -111, ""gateway_id"": ""mtcdtip02-l4e1-9""}, {""alt"": null, ""lat"": 40.962541751597406, ""lon"": -5.675446072867432, ""snr"": 0.75, ""rssi"": -112, ""gateway_id"": ""packetbroker""}, {""alt"": null, ""lat"": null, ""lon"": null, ""snr"": 4.8, ""rssi"": -112, ""gateway_id"": ""ext-sg50-012""}, {""alt"": null, ""lat"": null, ""lon"": null, ""snr"": 2, ""rssi"": -113, ""gateway_id"": ""mjv-casas""}, {""alt"": 300, ""lat"": 40.1338, ""lon"": -5.94651, ""snr"": 1.5, ""rssi"": -113, ""gateway_id"": ""cdtic-multitech-6""}, {""alt"": null, ""lat"": null, ""lon"": null, ""snr"": -8.8, ""rssi"": -113, ""gateway_id"": ""sg50-perte-malpica-04""}, {""alt"": null, ""lat"": null, ""lon"": null, ""snr"": -6, ""rssi"": -114, ""gateway_id"": ""mtcdtip02-l4e1-13""}, {""alt"": null, ""lat"": null, ""lon"": null, ""snr"": -3.5, ""rssi"": -114, ""gateway_id"": ""ext-sg50-018""}, {""alt"": null, ""lat"": null, ""lon"": null, ""snr"": 2.8, ""rssi"": -114, ""gateway_id"": ""mitigasmart-cc""}, {""alt"": 1131, ""lat"": 40.589325292876616, ""lon"": -4.838257133960725, ""snr"": 1, ""rssi"": -115, ""gateway_id"": ""niharramikrotik""}, {""alt"": null, ""lat"": null, ""lon"": null, ""snr"": 1.2, ""rssi"": -115, ""gateway_id"": ""sg50-perte-malpica-07""}, {""alt"": null, ""lat"": null, ""lon"": null, ""snr"": -8.8, ""rssi"": -116, ""gateway_id"": ""ext-sg50-027""}, {""alt"": null, ""lat"": null, ""lon"": null, ""snr"": -3, ""rssi"": -116, ""gateway_id"": ""sg50-perte-malpica-01""}, {""alt"": 940, ""lat"": 40.968865323719, ""lon"": -5.64232170581818, ""snr"": -7.5, ""rssi"": -118, ""gateway_id"": ""rio-tormes-1b""}, {""alt"": null, ""lat"": null, ""lon"": null, ""snr"": -4.5, ""rssi"": -118, ""gateway_id"": ""ext-sg50-024""}, {""alt"": 297, ""lat"": 40.108033, ""lon"": -6.632828, ""snr"": -5.8, ""rssi"": -119, ""gateway_id"": ""tef-mls-01""}, {""alt"": null, ""lat"": null, ""lon"": null, ""snr"": -4.5, ""rssi"": -120, ""gateway_id"": ""ext-sg50-022""}, {""alt"": null, ""lat"": null, ""lon"": null, ""snr"": -8.2, ""rssi"": -120, ""gateway_id"": ""sg50-eui-c0ba1ffffe004945""}, {""alt"": null, ""lat"": null, ""lon"": null, ""snr"": -7.2, ""rssi"": -120, ""gateway_id"": ""ext-sg50-011""}, {""alt"": null, ""lat"": 40.954279046747715, ""lon"": -4.142631590366364, ""snr"": -8.5, ""rssi"": -122, ""gateway_id"": ""italr0005""}, {""alt"": null, ""lat"": null, ""lon"": null, ""snr"": -8.5, ""rssi"": -129, ""gateway_id"": ""antena-granjas-rendondo-01""}]",EU
0aa96efd-b3d9-4150-b54f-9a17d73b09b6,stratolink-3-eu,2026-05-28 17:09:35.131401+00:00,40.6167805,-5.3064298,10020.0,0.282122205846653,3.04696686246638,2026-05-28 17:09:35.650832+00:00,4.0,8738.0,1.0,1.6,281.9,5.096,5.372,-111.0,0.5,3.06,5.29,29.0,-3.22,8.75,-0.3,,,,,,,7.0,125000.0,868300000.0,"[{""alt"": 1550, ""lat"": 40.5481739449056, ""lon"": -5.16353885114368, ""snr"": 6, ""rssi"": -105, ""gateway_id"": ""meceiot-004-5030354163554750""}, {""alt"": null, ""lat"": null, ""lon"": null, ""snr"": -5.2, ""rssi"": -107, ""gateway_id"": ""cicytex-ic003""}, {""alt"": null, ""lat"": 40.962758045083945, ""lon"": -5.675633842073217, ""snr"": -0.5, ""rssi"": -109, ""gateway_id"": ""packetbroker""}, {""alt"": null, ""lat"": null, ""lon"": null, ""snr"": -9.5, ""rssi"": -109, ""gateway_id"": ""ext-sg50-012""}, {""alt"": null, ""lat"": 40.962541751597406, ""lon"": -5.675446072867432, ""snr"": 2, ""rssi"": -110, ""gateway_id"": ""packetbroker""}, {""alt"": null, ""lat"": null, ""lon"": null, ""snr"": 0.5, ""rssi"": -111, ""gateway_id"": ""mvj-cabezuela""}, {""alt"": 1131, ""lat"": 40.589325292876616, ""lon"": -4.838257133960725, ""snr"": null, ""rssi"": -113, ""gateway_id"": ""niharramikrotik""}, {""alt"": 1115, ""lat"": 40.6508109351282, ""lon"": -4.73721027374268, ""snr"": 2.2, ""rssi"": -114, ""gateway_id"": ""tidop-solar-milesight-001""}, {""alt"": 765, ""lat"": 41.70253250763931, ""lon"": -4.708266556262971, ""snr"": -6.25, ""rssi"": -116, ""gateway_id"": ""italr0001""}, {""alt"": null, ""lat"": null, ""lon"": null, ""snr"": -3.2, ""rssi"": -117, ""gateway_id"": ""mitigasmart-cc""}, {""alt"": null, ""lat"": 40.954279046747715, ""lon"": -4.142631590366364, ""snr"": -3, ""rssi"": -117, ""gateway_id"": ""italr0005""}, {""alt"": null, ""lat"": null, ""lon"": null, ""snr"": -3.5, ""rssi"": -118, ""gateway_id"": ""sg50-perte-malpica-07""}, {""alt"": null, ""lat"": null, ""lon"": null, ""snr"": -6.5, ""rssi"": -119, ""gateway_id"": ""packetbroker""}, {""alt"": null, ""lat"": null, ""lon"": null, ""snr"": -8.8, ""rssi"": -120, ""gateway_id"": ""sg50-perte-malpica-03""}, {""alt"": null, ""lat"": null, ""lon"": null, ""snr"": -6.25, ""rssi"": -126, ""gateway_id"": ""antena-granjas-rendondo-01""}]",EU
89204295-b78d-4d14-a0f5-5ed8a6c33bbc,stratolink-3-eu,2026-05-28 17:14:41.657506+00:00,40.5472281,-5.3064298,10020.0,0.282122205846653,3.04696686246638,2026-05-28 17:14:42.208183+00:00,1.0,8738.0,0.0,-13.9,281.2,4.162,5.296,-114.0,0.2,3.06,5.29,29.0,-3.22,8.9,-0.15,,,,,,,7.0,125000.0,868500000.0,"[{""alt"": 1550, ""lat"": 40.5481739449056, ""lon"": -5.16353885114368, ""snr"": 6, ""rssi"": -104, ""gateway_id"": ""meceiot-004-5030354163554750""}, {""alt"": null, ""lat"": null, ""lon"": null, ""snr"": 3, ""rssi"": -107, ""gateway_id"": ""mvj-cabezuela""}, {""alt"": null, ""lat"": null, ""lon"": null, ""snr"": -4, ""rssi"": -107, ""gateway_id"": ""cicytex-ic003""}, {""alt"": null, ""lat"": null, ""lon"": null, ""snr"": -6.5, ""rssi"": -110, ""gateway_id"": ""mtcdtip02-l4e1-9""}, {""alt"": 1131, ""lat"": 40.589325292876616, ""lon"": -4.838257133960725, ""snr"": 0.25, ""rssi"": -111, ""gateway_id"": ""niharramikrotik""}, {""alt"": null, ""lat"": 40.962541751597406, ""lon"": -5.675446072867432, ""snr"": -0.5, ""rssi"": -111, ""gateway_id"": ""packetbroker""}, {""alt"": null, ""lat"": null, ""lon"": null, ""snr"": -5.8, ""rssi"": -113, ""gateway_id"": ""mtcdtip02-l4e1-13""}, {""alt"": null, ""lat"": null, ""lon"": null, ""snr"": -6, ""rssi"": -113, ""gateway_id"": ""ext-sg50-018""}, {""alt"": null, ""lat"": null, ""lon"": null, ""snr"": 0.2, ""rssi"": -114, ""gateway_id"": ""mjv-casas""}, {""alt"": null, ""lat"": null, ""lon"": null, ""snr"": -6.5, ""rssi"": -114, ""gateway_id"": ""cicytex-lo-04""}, {""alt"": 300, ""lat"": 40.1338, ""lon"": -5.94651, ""snr"": -6.2, ""rssi"": -114, ""gateway_id"": ""cdtic-multitech-6""}, {""alt"": null, ""lat"": null, ""lon"": null, ""snr"": -6.2, ""rssi"": -114, ""gateway_id"": ""sg50-perte-malpica-06""}, {""alt"": null, ""lat"": null, ""lon"": null, ""snr"": -0.2, ""rssi"": -114, ""gateway_id"": ""ext-sg50-012""}, {""alt"": null, ""lat"": null, ""lon"": null, ""snr"": null, ""rssi"": -115, ""gateway_id"": ""sg50-perte-malpica-07""}, {""alt"": null, ""lat"": null, ""lon"": null, ""snr"": -2.2, ""rssi"": -116, ""gateway_id"": ""mitigasmart-cc""}, {""alt"": null, ""lat"": null, ""lon"": null, ""snr"": -5, ""rssi"": -116, ""gateway_id"": ""cicytex-unex-1""}, {""alt"": null, ""lat"": null, ""lon"": null, ""snr"": -3.5, ""rssi"": -116, ""gateway_id"": ""sg50-perte-malpica-01""}, {""alt"": null, ""lat"": null, ""lon"": null, ""snr"": -5.8, ""rssi"": -118, ""gateway_id"": ""ext-sg50-023""}, {""alt"": null, ""lat"": null, ""lon"": null, ""snr"": -8, ""rssi"": -119, ""gateway_id"": ""ext-sg50-024""}, {""alt"": null, ""lat"": null, ""lon"": null, ""snr"": -9.2, ""rssi"": -119, ""gateway_id"": ""ext-sg50-022""}, {""alt"": null, ""lat"": null, ""lon"": null, ""snr"": -8, ""rssi"": -119, ""gateway_id"": ""ext-sg50-011""}, {""alt"": null, ""lat"": null, ""lon"": null, ""snr"": -0.5, ""rssi"": -120, ""gateway_id"": ""antena-granjas-rendondo-01""}]",EU
07c481c6-558f-4b76-9d97-9be357c9656c,stratolink-3-eu,2026-05-28 17:19:49.822819+00:00,40.5472281,-5.3064298,10020.0,0.282122205846653,3.04696686246638,2026-05-28 17:19:50.251933+00:00,1.0,8738.0,0.0,-16.8,281.5,4.252,5.312,-108.0,4.0,3.06,5.29,29.0,-3.22,8.6,-0.61,,,,,,,7.0,125000.0,868100000.0,"[{""alt"": 1550, ""lat"": 40.5481739449056, ""lon"": -5.16353885114368, ""snr"": 6, ""rssi"": -107, ""gateway_id"": ""meceiot-004-5030354163554750""}, {""alt"": null, ""lat"": null, ""lon"": null, ""snr"": 4, ""rssi"": -108, ""gateway_id"": ""mvj-cabezuela""}, {""alt"": null, ""lat"": null, ""lon"": null, ""snr"": -2.5, ""rssi"": -108, ""gateway_id"": ""cicytex-ic003""}, {""alt"": null, ""lat"": null, ""lon"": null, ""snr"": -2.5, ""rssi"": -111, ""gateway_id"": ""mtcdtip02-l4e1-9""}, {""alt"": 1115, ""lat"": 40.6508109351282, ""lon"": -4.73721027374268, ""snr"": 6, ""rssi"": -111, ""gateway_id"": ""tidop-solar-milesight-001""}, {""alt"": 300, ""lat"": 40.1338, ""lon"": -5.94651, ""snr"": -0.5, ""rssi"": -112, ""gateway_id"": ""cdtic-multitech-6""}, {""alt"": null, ""lat"": null, ""lon"": null, ""snr"": 3, ""rssi"": -112, ""gateway_id"": ""ext-sg50-012""}, {""alt"": null, ""lat"": 39.9775352459947, ""lon"": -6.04510360141884, ""snr"": -6.5, ""rssi"": -113, ""gateway_id"": ""jfmateos-rak7250-rioseco""}, {""alt"": null, ""lat"": null, ""lon"": null, ""snr"": 2, ""rssi"": -114, ""gateway_id"": ""mjv-casas""}, {""alt"": null, ""lat"": null, ""lon"": null, ""snr"": -7.5, ""rssi"": -114, ""gateway_id"": ""mtcdtip02-l4e1-7""}, {""alt"": null, ""lat"": 40.962541751597406, ""lon"": -5.675446072867432, ""snr"": 0.75, ""rssi"": -114, ""gateway_id"": ""packetbroker""}, {""alt"": null, ""lat"": null, ""lon"": null, ""snr"": -4.2, ""rssi"": -114, ""gateway_id"": ""ext-sg50-018""}, {""alt"": null, ""lat"": null, ""lon"": null, ""snr"": 2.8, ""rssi"": -114, ""gateway_id"": ""mitigasmart-cc""}, {""alt"": null, ""lat"": null, ""lon"": null, ""snr"": -6.8, ""rssi"": -114, ""gateway_id"": ""sg50-perte-malpica-06""}, {""alt"": 1131, ""lat"": 40.589325292876616, ""lon"": -4.838257133960725, ""snr"": -1, ""rssi"": -115, ""gateway_id"": ""niharramikrotik""}, {""alt"": null, ""lat"": null, ""lon"": null, ""snr"": -5.2, ""rssi"": -115, ""gateway_id"": ""cicytex-unex-2""}, {""alt"": null, ""lat"": null, ""lon"": null, ""snr"": -1.8, ""rssi"": -115, ""gateway_id"": ""cicytex-unex-1""}, {""alt"": null, ""lat"": null, ""lon"": null, ""snr"": -7.2, ""rssi"": -115, ""gateway_id"": ""mtcdtip02-l4e1-13""}, {""alt"": null, ""lat"": null, ""lon"": null, ""snr"": -9, ""rssi"": -116, ""gateway_id"": ""ext-sg50-027""}, {""alt"": null, ""lat"": null, ""lon"": null, ""snr"": 0.5, ""rssi"": -116, ""gateway_id"": ""sg50-perte-malpica-07""}, {""alt"": null, ""lat"": 40.962758045083945, ""lon"": -5.675633842073217, ""snr"": -5.5, ""rssi"": -117, ""gateway_id"": ""packetbroker""}, {""alt"": 300, ""lat"": 40.0702558044694, ""lon"": -6.65818959474564, ""snr"": -9, ""rssi"": -117, ""gateway_id"": ""cdtic-multitech-5""}, {""alt"": null, ""lat"": null, ""lon"": null, ""snr"": -5, ""rssi"": -117, ""gateway_id"": ""sg50-perte-malpica-01""}, {""alt"": null, ""lat"": null, ""lon"": null, ""snr"": -10, ""rssi"": -118, ""gateway_id"": ""ext-sg50-026""}, {""alt"": null, ""lat"": null, ""lon"": null, ""snr"": -4, ""rssi"": -118, ""gateway_id"": ""sg50-perte-malpica-05""}, {""alt"": 297, ""lat"": 40.108033, ""lon"": -6.632828, ""snr"": -6.2, ""rssi"": -119, ""gateway_id"": ""tef-mls-01""}, {""alt"": null, ""lat"": null, ""lon"": null, ""snr"": -4.5, ""rssi"": -120, ""gateway_id"": ""ext-sg50-022""}, {""alt"": null, ""lat"": null, ""lon"": null, ""snr"": -6.8, ""rssi"": -120, ""gateway_id"": ""ext-sg50-011""}, {""alt"": null, ""lat"": 40.954279046747715, ""lon"": -4.142631590366364, ""snr"": -9.5, ""rssi"": -123, ""gateway_id"": ""italr0005""}]",EU
0660d7fd-080b-4168-87ca-4c2001a3203c,stratolink-3-eu,2026-05-28 17:24:57.657446+00:00,40.5472281,-5.3064298,10020.0,0.282122205846653,3.04696686246638,2026-05-28 17:24:58.107499+00:00,3.0,8738.0,1.0,-7.9,282.9,5.018,5.372,-111.0,1.5,3.06,5.29,29.0,-3.22,8.9,-0.15,,,,,,,7.0,125000.0,868300000.0,"[{""alt"": 1550, ""lat"": 40.5481739449056, ""lon"": -5.16353885114368, ""snr"": 6, ""rssi"": -105, ""gateway_id"": ""meceiot-004-5030354163554750""}, {""alt"": null, ""lat"": null, ""lon"": null, ""snr"": -5, ""rssi"": -108, ""gateway_id"": ""cicytex-ic003""}, {""alt"": null, ""lat"": null, ""lon"": null, ""snr"": -3.8, ""rssi"": -110, ""gateway_id"": ""mtcdtip02-l4e1-9""}, {""alt"": null, ""lat"": null, ""lon"": null, ""snr"": 1.5, ""rssi"": -111, ""gateway_id"": ""mvj-cabezuela""}, {""alt"": 674, ""lat"": 41.81858911263017, ""lon"": -6.7508557295156235, ""snr"": -7.8, ""rssi"": -113, ""gateway_id"": ""lora-more""}, {""alt"": 1131, ""lat"": 40.589325292876616, ""lon"": -4.838257133960725, ""snr"": -2.5, ""rssi"": -113, ""gateway_id"": ""niharramikrotik""}, {""alt"": null, ""lat"": 40.962541751597406, ""lon"": -5.675446072867432, ""snr"": -0.75, ""rssi"": -113, ""gateway_id"": ""packetbroker""}, {""alt"": 1115, ""lat"": 40.6508109351282, ""lon"": -4.73721027374268, ""snr"": 3, ""rssi"": -113, ""gateway_id"": ""tidop-solar-milesight-001""}, {""alt"": 300, ""lat"": 40.1338, ""lon"": -5.94651, ""snr"": -3, ""rssi"": -114, ""gateway_id"": ""cdtic-multitech-6""}, {""alt"": null, ""lat"": null, ""lon"": null, ""snr"": null, ""rssi"": -115, ""gateway_id"": ""mjv-casas""}, {""alt"": null, ""lat"": null, ""lon"": null, ""snr"": -7.75, ""rssi"": -117, ""gateway_id"": ""packetbroker""}, {""alt"": null, ""lat"": null, ""lon"": null, ""snr"": -3, ""rssi"": -117, ""gateway_id"": ""mitigasmart-cc""}, {""alt"": null, ""lat"": null, ""lon"": null, ""snr"": -3.2, ""rssi"": -117, ""gateway_id"": ""sg50-perte-malpica-07""}, {""alt"": null, ""lat"": null, ""lon"": null, ""snr"": -7.2, ""rssi"": -119, ""gateway_id"": ""ext-sg50-024""}, {""alt"": null, ""lat"": null, ""lon"": null, ""snr"": -9.5, ""rssi"": -119, ""gateway_id"": ""sg50-perte-malpica-05""}, {""alt"": null, ""lat"": null, ""lon"": null, ""snr"": -5.8, ""rssi"": -120, ""gateway_id"": ""ext-sg50-022""}, {""alt"": null, ""lat"": null, ""lon"": null, ""snr"": -7.5, ""rssi"": -120, ""gateway_id"": ""sg50-perte-malpica-03""}, {""alt"": null, ""lat"": 40.954279046747715, ""lon"": -4.142631590366364, ""snr"": -7.75, ""rssi"": -121, ""gateway_id"": ""italr0005""}, {""alt"": null, ""lat"": null, ""lon"": null, ""snr"": -7.25, ""rssi"": -126, ""gateway_id"": ""antena-granjas-rendondo-01""}]",EU
0f790d07-e86a-45cc-abb9-842c60d8688f,stratolink-3-eu,2026-05-28 17:30:05.556686+00:00,40.5472281,-5.3064298,10020.0,0.282122205846653,3.04696686246638,2026-05-28 17:30:06.120115+00:00,0.0,8738.0,0.0,-7.4,282.5,4.692,5.39,-115.0,-1.2,3.06,5.29,29.0,-3.22,8.9,-0.15,,,,,,,7.0,125000.0,868500000.0,"[{""alt"": 1550, ""lat"": 40.5481739449056, ""lon"": -5.16353885114368, ""snr"": 4.75, ""rssi"": -104, ""gateway_id"": ""meceiot-004-5030354163554750""}, {""alt"": null, ""lat"": null, ""lon"": null, ""snr"": -9.8, ""rssi"": -108, ""gateway_id"": ""cicytex-ic003""}, {""alt"": 1131, ""lat"": 40.589325292876616, ""lon"": -4.838257133960725, ""snr"": 0.75, ""rssi"": -110, ""gateway_id"": ""niharramikrotik""}, {""alt"": 405, ""lat"": 39.94336757279527, ""lon"": -4.661850929260255, ""snr"": -4, ""rssi"": -111, ""gateway_id"": ""sg50-perte-malpica-02""}, {""alt"": null, ""lat"": null, ""lon"": null, ""snr"": -1.2, ""rssi"": -114, ""gateway_id"": ""mvj-cabezuela""}, {""alt"": 1115, ""lat"": 40.6508109351282, ""lon"": -4.73721027374268, ""snr"": 2, ""rssi"": -114, ""gateway_id"": ""tidop-solar-milesight-001""}, {""alt"": null, ""lat"": null, ""lon"": null, ""snr"": -6, ""rssi"": -114, ""gateway_id"": ""sg50-perte-malpica-04""}, {""alt"": null, ""lat"": null, ""lon"": null, ""snr"": 1, ""rssi"": -114, ""gateway_id"": ""ext-sg50-012""}, {""alt"": null, ""lat"": null, ""lon"": null, ""snr"": -1.2, ""rssi"": -115, ""gateway_id"": ""mjv-casas""}, {""alt"": 300, ""lat"": 40.1338, ""lon"": -5.94651, ""snr"": -5.8, ""rssi"": -115, ""gateway_id"": ""cdtic-multitech-6""}, {""alt"": null, ""lat"": null, ""lon"": null, ""snr"": -6, ""rssi"": -115, ""gateway_id"": ""cicytex-unex-1""}, {""alt"": null, ""lat"": null, ""lon"": null, ""snr"": 0.8, ""rssi"": -115, ""gateway_id"": ""sg50-perte-malpica-07""}, {""alt"": null, ""lat"": 40.954279046747715, ""lon"": -4.142631590366364, ""snr"": -2.25, ""rssi"": -116, ""gateway_id"": ""italr0005""}, {""alt"": null, ""lat"": null, ""lon"": null, ""snr"": -0.5, ""rssi"": -116, ""gateway_id"": ""sg50-perte-malpica-05""}, {""alt"": null, ""lat"": null, ""lon"": null, ""snr"": -8, ""rssi"": -117, ""gateway_id"": ""packetbroker""}, {""alt"": null, ""lat"": null, ""lon"": null, ""snr"": -6, ""rssi"": -117, ""gateway_id"": ""mitigasmart-cc""}, {""alt"": null, ""lat"": null, ""lon"": null, ""snr"": -0.5, ""rssi"": -117, ""gateway_id"": ""sg50-perte-malpica-03""}, {""alt"": null, ""lat"": null, ""lon"": null, ""snr"": -3, ""rssi"": -122, ""gateway_id"": ""antena-granjas-rendondo-01""}]",EU
4edde4a7-3098-42b9-b3c4-25409cc24fa0,stratolink-3-eu,2026-05-28 17:35:13.603915+00:00,40.5472281,-5.3064298,10020.0,0.282122205846653,3.04696686246638,2026-05-28 17:35:14.122905+00:00,4.0,8738.0,1.0,-12.0,280.4,4.974,5.364,-111.0,3.0,3.06,5.29,29.0,-3.37,8.6,-0.76,,,,,,,7.0,125000.0,868100000.0,"[{""alt"": 1131, ""lat"": 40.589325292876616, ""lon"": -4.838257133960725, ""snr"": 3, ""rssi"": -111, ""gateway_id"": ""niharramikrotik""}, {""alt"": 1550, ""lat"": 40.5481739449056, ""lon"": -5.16353885114368, ""snr"": 4, ""rssi"": -111, ""gateway_id"": ""meceiot-004-5030354163554750""}, {""alt"": null, ""lat"": 40.962758045083945, ""lon"": -5.675633842073217, ""snr"": -2.25, ""rssi"": -113, ""gateway_id"": ""packetbroker""}, {""alt"": null, ""lat"": 40.954279046747715, ""lon"": -4.142631590366364, ""snr"": 0.25, ""rssi"": -114, ""gateway_id"": ""italr0005""}, {""alt"": null, ""lat"": null, ""lon"": null, ""snr"": null, ""rssi"": -114, ""gateway_id"": ""mjv-casas""}, {""alt"": null, ""lat"": 40.962541751597406, ""lon"": -5.675446072867432, ""snr"": -1.75, ""rssi"": -115, ""gateway_id"": ""packetbroker""}, {""alt"": 300, ""lat"": 40.1338, ""lon"": -5.94651, ""snr"": -5, ""rssi"": -115, ""gateway_id"": ""cdtic-multitech-6""}, {""alt"": 765, ""lat"": 41.70253250763931, ""lon"": -4.708266556262971, ""snr"": -1.5, ""rssi"": -116, ""gateway_id"": ""italr0001""}, {""alt"": null, ""lat"": null, ""lon"": null, ""snr"": -0.2, ""rssi"": -116, ""gateway_id"": ""ext-sg50-012""}, {""alt"": 825, ""lat"": 41.11715, ""lon"": -4.78439, ""snr"": -7, ""rssi"": -117, ""gateway_id"": ""meceiot-014-dragout-a84041ffff29d5ba""}, {""alt"": null, ""lat"": null, ""lon"": null, ""snr"": -2, ""rssi"": -118, ""gateway_id"": ""sg50-perte-malpica-05""}, {""alt"": null, ""lat"": null, ""lon"": null, ""snr"": -7.5, ""rssi"": -120, ""gateway_id"": ""packetbroker""}, {""alt"": null, ""lat"": null, ""lon"": null, ""snr"": -7.8, ""rssi"": -120, ""gateway_id"": ""ext-sg50-022""}, {""alt"": null, ""lat"": null, ""lon"": null, ""snr"": -6, ""rssi"": -120, ""gateway_id"": ""ext-sg50-023""}, {""alt"": 820, ""lat"": 40.970672, ""lon"": -5.141641, ""snr"": -7, ""rssi"": -122, ""gateway_id"": ""meceiot-013-dragout-a84041ffff29dc56""}, {""alt"": null, ""lat"": null, ""lon"": null, ""snr"": -4.25, ""rssi"": -124, ""gateway_id"": ""antena-granjas-rendondo-01""}]",EU
7c0fc7ae-dee8-468f-b985-0353351748c8,stratolink-3-eu,2026-05-28 17:40:21.528044+00:00,40.5472281,-5.3064298,10020.0,0.282122205846653,3.04696686246638,2026-05-28 17:40:21.944636+00:00,1.0,8738.0,0.0,-16.9,281.1,3.968,5.358,-111.0,-0.8,3.06,5.29,29.0,-3.22,8.75,-0.15,,,,,,,7.0,125000.0,868300000.0,"[{""alt"": 300, ""lat"": 40.1338, ""lon"": -5.94651, ""snr"": -2, ""rssi"": -105, ""gateway_id"": ""cdtic-multitech-6""}, {""alt"": 1131, ""lat"": 40.589325292876616, ""lon"": -4.838257133960725, ""snr"": 3.75, ""rssi"": -107, ""gateway_id"": ""niharramikrotik""}, {""alt"": null, ""lat"": null, ""lon"": null, ""snr"": -8.5, ""rssi"": -109, ""gateway_id"": ""cicytex-ic003""}, {""alt"": 1550, ""lat"": 40.5481739449056, ""lon"": -5.16353885114368, ""snr"": 5.5, ""rssi"": -109, ""gateway_id"": ""meceiot-004-5030354163554750""}, {""alt"": null, ""lat"": null, ""lon"": null, ""snr"": -0.8, ""rssi"": -111, ""gateway_id"": ""mvj-cabezuela""}, {""alt"": null, ""lat"": null, ""lon"": null, ""snr"": 1, ""rssi"": -111, ""gateway_id"": ""mjv-casas""}, {""alt"": 405, ""lat"": 39.94336757279527, ""lon"": -4.661850929260255, ""snr"": -1, ""rssi"": -111, ""gateway_id"": ""sg50-perte-malpica-02""}, {""alt"": null, ""lat"": null, ""lon"": null, ""snr"": 3.5, ""rssi"": -113, ""gateway_id"": ""sg50-perte-malpica-07""}, {""alt"": null, ""lat"": null, ""lon"": null, ""snr"": -4.5, ""rssi"": -113, ""gateway_id"": ""sg50-perte-malpica-06""}, {""alt"": null, ""lat"": null, ""lon"": null, ""snr"": 4, ""rssi"": -113, ""gateway_id"": ""sg50-perte-malpica-05""}, {""alt"": null, ""lat"": null, ""lon"": null, ""snr"": -1.8, ""rssi"": -114, ""gateway_id"": ""ext-sg50-012""}, {""alt"": null, ""lat"": null, ""lon"": null, ""snr"": -1.2, ""rssi"": -115, ""gateway_id"": ""210030""}, {""alt"": null, ""lat"": null, ""lon"": null, ""snr"": -3.2, ""rssi"": -115, ""gateway_id"": ""sg50-perte-malpica-01""}, {""alt"": null, ""lat"": 40.962541751597406, ""lon"": -5.675446072867432, ""snr"": -3.5, ""rssi"": -116, ""gateway_id"": ""packetbroker""}, {""alt"": null, ""lat"": 40.954279046747715, ""lon"": -4.142631590366364, ""snr"": -2.5, ""rssi"": -116, ""gateway_id"": ""italr0005""}, {""alt"": null, ""lat"": null, ""lon"": null, ""snr"": 1, ""rssi"": -117, ""gateway_id"": ""sg50-perte-malpica-03""}, {""alt"": null, ""lat"": null, ""lon"": null, ""snr"": -7.8, ""rssi"": -118, ""gateway_id"": ""mitigasmart-cc""}, {""alt"": 1115, ""lat"": 40.6508109351282, ""lon"": -4.73721027374268, ""snr"": -6.5, ""rssi"": -118, ""gateway_id"": ""tidop-solar-milesight-001""}, {""alt"": null, ""lat"": null, ""lon"": null, ""snr"": -8.2, ""rssi"": -119, ""gateway_id"": ""ext-sg50-011""}, {""alt"": null, ""lat"": null, ""lon"": null, ""snr"": null, ""rssi"": -120, ""gateway_id"": ""antena-granjas-rendondo-01""}]",EU
c3451417-ae47-4506-845c-79f15f97a9ca,stratolink-3-eu,2026-05-28 17:45:29.806066+00:00,40.5472281,-5.3064298,10020.0,0.282122205846653,3.04696686246638,2026-05-28 17:45:30.287202+00:00,1.0,8738.0,0.0,-15.8,281.8,3.742,4.612,-111.0,,3.06,5.29,29.0,-3.22,8.9,-0.3,,,,,,,7.0,125000.0,868500000.0,"[{""alt"": 1550, ""lat"": 40.5481739449056, ""lon"": -5.16353885114368, ""snr"": 6.25, ""rssi"": -98, ""gateway_id"": ""meceiot-004-5030354163554750""}, {""alt"": null, ""lat"": null, ""lon"": null, ""snr"": -3.2, ""rssi"": -107, ""gateway_id"": ""cicytex-ic003""}, {""alt"": null, ""lat"": null, ""lon"": null, ""snr"": 3.2, ""rssi"": -108, ""gateway_id"": ""mvj-cabezuela""}, {""alt"": null, ""lat"": null, ""lon"": null, ""snr"": -7.2, ""rssi"": -108, ""gateway_id"": ""ext-sg50-012""}, {""alt"": null, ""lat"": null, ""lon"": null, ""snr"": 4.2, ""rssi"": -109, ""gateway_id"": ""mjv-casas""}, {""alt"": null, ""lat"": null, ""lon"": null, ""snr"": -7.5, ""rssi"": -110, ""gateway_id"": ""mtcdtip02-l4e1-9""}, {""alt"": 1131, ""lat"": 40.589325292876616, ""lon"": -4.838257133960725, ""snr"": null, ""rssi"": -111, ""gateway_id"": ""niharramikrotik""}, {""alt"": 300, ""lat"": 40.1338, ""lon"": -5.94651, ""snr"": 1.8, ""rssi"": -111, ""gateway_id"": ""cdtic-multitech-6""}, {""alt"": 405, ""lat"": 39.94336757279527, ""lon"": -4.661850929260255, ""snr"": -1.5, ""rssi"": -111, ""gateway_id"": ""sg50-perte-malpica-02""}, {""alt"": null, ""lat"": null, ""lon"": null, ""snr"": null, ""rssi"": -112, ""gateway_id"": ""210030""}, {""alt"": null, ""lat"": null, ""lon"": null, ""snr"": -3.8, ""rssi"": -113, ""gateway_id"": ""mtcdtip02-l4e1-5""}, {""alt"": null, ""lat"": null, ""lon"": null, ""snr"": -8.2, ""rssi"": -113, ""gateway_id"": ""mtcdtip02-l4e1-13""}, {""alt"": null, ""lat"": 40.962541751597406, ""lon"": -5.675446072867432, ""snr"": null, ""rssi"": -113, ""gateway_id"": ""packetbroker""}, {""alt"": null, ""lat"": 40.31007631707678, ""lon"": -3.733453631302837, ""snr"": -6.5, ""rssi"": -114, ""gateway_id"": ""mtcdtip-l4e1-868-dattera-2""}, {""alt"": null, ""lat"": null, ""lon"": null, ""snr"": 0.5, ""rssi"": -114, ""gateway_id"": ""sg50-perte-malpica-05""}, {""alt"": null, ""lat"": null, ""lon"": null, ""snr"": -7, ""rssi"": -114, ""gateway_id"": ""sg50-perte-malpica-06""}, {""alt"": null, ""lat"": null, ""lon"": null, ""snr"": 1.5, ""rssi"": -114, ""gateway_id"": ""sg50-perte-malpica-07""}, {""alt"": 1115, ""lat"": 40.6508109351282, ""lon"": -4.73721027374268, ""snr"": null, ""rssi"": -115, ""gateway_id"": ""tidop-solar-milesight-001""}, {""alt"": null, ""lat"": null, ""lon"": null, ""snr"": -5.2, ""rssi"": -116, ""gateway_id"": ""cicytex-lo-04""}, {""alt"": null, ""lat"": null, ""lon"": null, ""snr"": -6.2, ""rssi"": -116, ""gateway_id"": ""sg50-perte-malpica-01""}, {""alt"": null, ""lat"": null, ""lon"": null, ""snr"": -2.8, ""rssi"": -117, ""gateway_id"": ""mitigasmart-cc""}, {""alt"": null, ""lat"": null, ""lon"": null, ""snr"": -1.8, ""rssi"": -117, ""gateway_id"": ""sg50-perte-malpica-03""}, {""alt"": null, ""lat"": null, ""lon"": null, ""snr"": -6.5, ""rssi"": -118, ""gateway_id"": ""ext-sg50-024""}, {""alt"": 297, ""lat"": 40.108033, ""lon"": -6.632828, ""snr"": -6.2, ""rssi"": -118, ""gateway_id"": ""tef-mls-01""}, {""alt"": null, ""lat"": null, ""lon"": null, ""snr"": -9, ""rssi"": -118, ""gateway_id"": ""sg50-eui-c0ba1ffffe004945""}, {""alt"": null, ""lat"": null, ""lon"": null, ""snr"": -6.2, ""rssi"": -118, ""gateway_id"": ""ext-sg50-011""}, {""alt"": null, ""lat"": 40.954279046747715, ""lon"": -4.142631590366364, ""snr"": -6.5, ""rssi"": -120, ""gateway_id"": ""italr0005""}, {""alt"": null, ""lat"": null, ""lon"": null, ""snr"": -3.25, ""rssi"": -123, ""gateway_id"": ""antena-granjas-rendondo-01""}]",EU
4fea2887-ea3d-4cc1-bbd2-19e4b82225a6,stratolink-3-eu,2026-05-28 17:50:37.839139+00:00,40.5472281,-5.3064298,10020.0,0.282122205846653,3.04696686246638,2026-05-28 17:50:38.220858+00:00,1.0,8738.0,0.0,-18.4,282.1,3.596,4.132,-113.0,1.0,3.06,5.29,29.0,-3.37,8.9,-0.46,,,,,,,7.0,125000.0,868100000.0,"[{""alt"": 1550, ""lat"": 40.5481739449056, ""lon"": -5.16353885114368, ""snr"": 9, ""rssi"": -101, ""gateway_id"": ""meceiot-004-5030354163554750""}, {""alt"": null, ""lat"": null, ""lon"": null, ""snr"": -3.2, ""rssi"": -108, ""gateway_id"": ""cicytex-ic003""}, {""alt"": null, ""lat"": null, ""lon"": null, ""snr"": -5, ""rssi"": -111, ""gateway_id"": ""mtcdtip02-l4e1-9""}, {""alt"": 405, ""lat"": 39.94336757279527, ""lon"": -4.661850929260255, ""snr"": -0.5, ""rssi"": -111, ""gateway_id"": ""sg50-perte-malpica-02""}, {""alt"": null, ""lat"": null, ""lon"": null, ""snr"": -1.2, ""rssi"": -112, ""gateway_id"": ""210030""}, {""alt"": 1115, ""lat"": 40.6508109351282, ""lon"": -4.73721027374268, ""snr"": 5, ""rssi"": -112, ""gateway_id"": ""tidop-solar-milesight-001""}, {""alt"": null, ""lat"": null, ""lon"": null, ""snr"": 1, ""rssi"": -113, ""gateway_id"": ""mvj-cabezuela""}, {""alt"": null, ""lat"": null, ""lon"": null, ""snr"": 3.5, ""rssi"": -113, ""gateway_id"": ""mjv-casas""}, {""alt"": null, ""lat"": 40.962541751597406, ""lon"": -5.675446072867432, ""snr"": -1.75, ""rssi"": -113, ""gateway_id"": ""packetbroker""}, {""alt"": null, ""lat"": null, ""lon"": null, ""snr"": -5, ""rssi"": -114, ""gateway_id"": ""sg50-perte-malpica-06""}, {""alt"": null, ""lat"": null, ""lon"": null, ""snr"": 2.5, ""rssi"": -114, ""gateway_id"": ""ext-sg50-012""}, {""alt"": 1131, ""lat"": 40.589325292876616, ""lon"": -4.838257133960725, ""snr"": 0.25, ""rssi"": -115, ""gateway_id"": ""niharramikrotik""}, {""alt"": null, ""lat"": 40.962758045083945, ""lon"": -5.675633842073217, ""snr"": -6.25, ""rssi"": -115, ""gateway_id"": ""packetbroker""}, {""alt"": null, ""lat"": null, ""lon"": null, ""snr"": -5.8, ""rssi"": -115, ""gateway_id"": ""cicytex-unex-1""}, {""alt"": null, ""lat"": null, ""lon"": null, ""snr"": 2.2, ""rssi"": -115, ""gateway_id"": ""sg50-perte-malpica-07""}, {""alt"": null, ""lat"": null, ""lon"": null, ""snr"": -3, ""rssi"": -115, ""gateway_id"": ""sg50-perte-malpica-01""}, {""alt"": null, ""lat"": null, ""lon"": null, ""snr"": -2.5, ""rssi"": -116, ""gateway_id"": ""cicytex-lo-04""}, {""alt"": 300, ""lat"": 40.1338, ""lon"": -5.94651, ""snr"": -1, ""rssi"": -116, ""gateway_id"": ""cdtic-multitech-6""}, {""alt"": null, ""lat"": null, ""lon"": null, ""snr"": -7.2, ""rssi"": -117, ""gateway_id"": ""ext-sg50-027""}, {""alt"": null, ""lat"": null, ""lon"": null, ""snr"": -0.2, ""rssi"": -117, ""gateway_id"": ""sg50-perte-malpica-05""}, {""alt"": 825, ""lat"": 41.11715, ""lon"": -4.78439, ""snr"": -9.75, ""rssi"": -118, ""gateway_id"": ""meceiot-014-dragout-a84041ffff29d5ba""}, {""alt"": null, ""lat"": null, ""lon"": null, ""snr"": 0.2, ""rssi"": -118, ""gateway_id"": ""sg50-perte-malpica-03""}, {""alt"": null, ""lat"": null, ""lon"": null, ""snr"": -5.8, ""rssi"": -118, ""gateway_id"": ""mitigasmart-cc""}, {""alt"": 600, ""lat"": 40.13814, ""lon"": -7.50059, ""snr"": -7.5, ""rssi"": -119, ""gateway_id"": ""v3-eui-b827ebfffebf1f02""}, {""alt"": null, ""lat"": null, ""lon"": null, ""snr"": -8.8, ""rssi"": -119, ""gateway_id"": ""ext-sg50-028""}, {""alt"": 297, ""lat"": 40.108033, ""lon"": -6.632828, ""snr"": -6.2, ""rssi"": -119, ""gateway_id"": ""tef-mls-01""}, {""alt"": null, ""lat"": null, ""lon"": null, ""snr"": -8.5, ""rssi"": -120, ""gateway_id"": ""sg50-eui-c0ba1ffffe004945""}, {""alt"": null, ""lat"": null, ""lon"": null, ""snr"": -4.8, ""rssi"": -120, ""gateway_id"": ""ext-sg50-011""}, {""alt"": null, ""lat"": 40.954279046747715, ""lon"": -4.142631590366364, ""snr"": -8.5, ""rssi"": -122, ""gateway_id"": ""italr0005""}, {""alt"": 820, ""lat"": 40.970672, ""lon"": -5.141641, ""snr"": -8.75, ""rssi"": -124, ""gateway_id"": ""meceiot-013-dragout-a84041ffff29dc56""}, {""alt"": null, ""lat"": null, ""lon"": null, ""snr"": -6.5, ""rssi"": -128, ""gateway_id"": ""antena-granjas-rendondo-01""}]",EU
a6f1fa59-dcf8-41cd-987a-80543c075669,stratolink-3-eu,2026-05-28 18:00:43.981379+00:00,40.5472281,-5.3064298,10020.0,0.282122205846653,3.04696686246638,2026-05-28 18:00:45.549786+00:00,4.0,8738.0,1.0,-10.2,274.6,5.006,5.38,-110.0,-4.8,3.06,5.29,29.0,-3.22,8.9,-0.76,,,,,,,7.0,125000.0,868300000.0,"[{""alt"": 1550, ""lat"": 40.5481739449056, ""lon"": -5.16353885114368, ""snr"": 6.5, ""rssi"": -105, ""gateway_id"": ""meceiot-004-5030354163554750""}, {""alt"": null, ""lat"": null, ""lon"": null, ""snr"": -8.8, ""rssi"": -108, ""gateway_id"": ""cicytex-ic003""}, {""alt"": null, ""lat"": null, ""lon"": null, ""snr"": -4.8, ""rssi"": -110, ""gateway_id"": ""mvj-cabezuela""}, {""alt"": 1131, ""lat"": 40.589325292876616, ""lon"": -4.838257133960725, ""snr"": 1.25, ""rssi"": -111, ""gateway_id"": ""niharramikrotik""}, {""alt"": null, ""lat"": 40.962758045083945, ""lon"": -5.675633842073217, ""snr"": -5.25, ""rssi"": -111, ""gateway_id"": ""packetbroker""}, {""alt"": 674, ""lat"": 41.81858911263017, ""lon"": -6.7508557295156235, ""snr"": -6.5, ""rssi"": -113, ""gateway_id"": ""lora-more""}, {""alt"": 765, ""lat"": 41.70253250763931, ""lon"": -4.708266556262971, ""snr"": -2.75, ""rssi"": -113, ""gateway_id"": ""italr0001""}, {""alt"": 405, ""lat"": 39.94336757279527, ""lon"": -4.661850929260255, ""snr"": -5.8, ""rssi"": -113, ""gateway_id"": ""sg50-perte-malpica-02""}, {""alt"": 1115, ""lat"": 40.6508109351282, ""lon"": -4.73721027374268, ""snr"": 3.5, ""rssi"": -113, ""gateway_id"": ""tidop-solar-milesight-001""}, {""alt"": 825, ""lat"": 41.11715, ""lon"": -4.78439, ""snr"": -5.75, ""rssi"": -113, ""gateway_id"": ""meceiot-014-dragout-a84041ffff29d5ba""}, {""alt"": null, ""lat"": null, ""lon"": null, ""snr"": -1, ""rssi"": -115, ""gateway_id"": ""mjv-casas""}, {""alt"": null, ""lat"": null, ""lon"": null, ""snr"": -4.5, ""rssi"": -115, ""gateway_id"": ""packetbroker""}, {""alt"": null, ""lat"": 40.962541751597406, ""lon"": -5.675446072867432, ""snr"": -4.75, ""rssi"": -115, ""gateway_id"": ""packetbroker""}, {""alt"": 300, ""lat"": 40.1338, ""lon"": -5.94651, ""snr"": -2.2, ""rssi"": -115, ""gateway_id"": ""cdtic-multitech-6""}, {""alt"": null, ""lat"": null, ""lon"": null, ""snr"": -5.2, ""rssi"": -116, ""gateway_id"": ""210030""}, {""alt"": null, ""lat"": null, ""lon"": null, ""snr"": -1, ""rssi"": -116, ""gateway_id"": ""sg50-perte-malpica-05""}, {""alt"": null, ""lat"": 40.954279046747715, ""lon"": -4.142631590366364, ""snr"": -3.5, ""rssi"": -117, ""gateway_id"": ""italr0005""}, {""alt"": null, ""lat"": null, ""lon"": null, ""snr"": -5.8, ""rssi"": -117, ""gateway_id"": ""sg50-perte-malpica-01""}, {""alt"": null, ""lat"": null, ""lon"": null, ""snr"": -6.8, ""rssi"": -118, ""gateway_id"": ""mitigasmart-cc""}, {""alt"": null, ""lat"": null, ""lon"": null, ""snr"": -3.5, ""rssi"": -118, ""gateway_id"": ""sg50-perte-malpica-07""}, {""alt"": 820, ""lat"": 40.970672, ""lon"": -5.141641, ""snr"": -4, ""rssi"": -118, ""gateway_id"": ""meceiot-013-dragout-a84041ffff29dc56""}, {""alt"": null, ""lat"": null, ""lon"": null, ""snr"": -6, ""rssi"": -120, ""gateway_id"": ""sg50-perte-malpica-03""}, {""alt"": null, ""lat"": null, ""lon"": null, ""snr"": -2.25, ""rssi"": -123, ""gateway_id"": ""antena-granjas-rendondo-01""}]",EU
42826ff1-b368-477d-b58e-7a7266ac315c,stratolink-3-eu,2026-05-28 18:05:51.842517+00:00,40.5472281,-5.3064298,10020.0,0.282122205846653,3.04696686246638,2026-05-28 18:05:53.327413+00:00,2.0,8738.0,0.0,-3.7,285.5,5.06,5.362,-115.0,-3.8,3.06,5.29,29.0,-3.37,9.06,0.0,,,,,,,7.0,125000.0,868500000.0,"[{""alt"": 1131, ""lat"": 40.589325292876616, ""lon"": -4.838257133960725, ""snr"": 3.75, ""rssi"": -109, ""gateway_id"": ""niharramikrotik""}, {""alt"": 1115, ""lat"": 40.6508109351282, ""lon"": -4.73721027374268, ""snr"": 5.8, ""rssi"": -110, ""gateway_id"": ""tidop-solar-milesight-001""}, {""alt"": 405, ""lat"": 39.94336757279527, ""lon"": -4.661850929260255, ""snr"": -1, ""rssi"": -111, ""gateway_id"": ""sg50-perte-malpica-02""}, {""alt"": null, ""lat"": 40.6244743091053, ""lon"": -3.90243977308273, ""snr"": -4.75, ""rssi"": -111, ""gateway_id"": ""kenai-instalaciones-y-proyectos""}, {""alt"": null, ""lat"": 40.954279046747715, ""lon"": -4.142631590366364, ""snr"": -0.5, ""rssi"": -114, ""gateway_id"": ""italr0005""}, {""alt"": null, ""lat"": 40.31007631707678, ""lon"": -3.733453631302837, ""snr"": -4.8, ""rssi"": -114, ""gateway_id"": ""mtcdtip-l4e1-868-dattera-2""}, {""alt"": null, ""lat"": null, ""lon"": null, ""snr"": 2, ""rssi"": -114, ""gateway_id"": ""sg50-perte-malpica-05""}, {""alt"": null, ""lat"": null, ""lon"": null, ""snr"": -3.8, ""rssi"": -115, ""gateway_id"": ""mvj-cabezuela""}, {""alt"": null, ""lat"": null, ""lon"": null, ""snr"": -3, ""rssi"": -115, ""gateway_id"": ""mjv-casas""}, {""alt"": null, ""lat"": 40.962758045083945, ""lon"": -5.675633842073217, ""snr"": -6.75, ""rssi"": -115, ""gateway_id"": ""packetbroker""}, {""alt"": null, ""lat"": null, ""lon"": null, ""snr"": -9, ""rssi"": -115, ""gateway_id"": ""cicytex-unex-1""}, {""alt"": 825, ""lat"": 41.11715, ""lon"": -4.78439, ""snr"": -7.5, ""rssi"": -116, ""gateway_id"": ""meceiot-014-dragout-a84041ffff29d5ba""}, {""alt"": null, ""lat"": null, ""lon"": null, ""snr"": -1.5, ""rssi"": -117, ""gateway_id"": ""210030""}, {""alt"": null, ""lat"": null, ""lon"": null, ""snr"": -9.8, ""rssi"": -118, ""gateway_id"": ""mitigasmart-cc""}, {""alt"": null, ""lat"": null, ""lon"": null, ""snr"": -6.8, ""rssi"": -118, ""gateway_id"": ""sg50-perte-malpica-07""}, {""alt"": null, ""lat"": null, ""lon"": null, ""snr"": 0.5, ""rssi"": -119, ""gateway_id"": ""antena-granjas-rendondo-01""}]",EU
2f47f1fc-56b0-47e9-a1cd-fcf559e4ac1a,stratolink-3-eu,2026-05-28 18:11:00.075121+00:00,40.5472281,-5.3064298,10020.0,0.282122205846653,3.04696686246638,2026-05-28 18:11:01.392503+00:00,1.0,8738.0,0.0,-13.4,282.8,3.954,4.906,-110.0,2.8,3.06,5.29,29.0,-3.22,8.9,-0.46,,,,,,,7.0,125000.0,868100000.0,"[{""alt"": 1550, ""lat"": 40.5481739449056, ""lon"": -5.16353885114368, ""snr"": 9.5, ""rssi"": -103, ""gateway_id"": ""meceiot-004-5030354163554750""}, {""alt"": null, ""lat"": null, ""lon"": null, ""snr"": -3.2, ""rssi"": -108, ""gateway_id"": ""cicytex-ic003""}, {""alt"": null, ""lat"": null, ""lon"": null, ""snr"": -6.2, ""rssi"": -108, ""gateway_id"": ""mtcdtip02-l4e1-1""}, {""alt"": null, ""lat"": null, ""lon"": null, ""snr"": 2.8, ""rssi"": -110, ""gateway_id"": ""mjv-casas""}, {""alt"": null, ""lat"": null, ""lon"": null, ""snr"": null, ""rssi"": -110, ""gateway_id"": ""mvj-cabezuela""}, {""alt"": null, ""lat"": null, ""lon"": null, ""snr"": -5.8, ""rssi"": -111, ""gateway_id"": ""mtcdtip02-l4e1-9""}, {""alt"": 405, ""lat"": 39.94336757279527, ""lon"": -4.661850929260255, ""snr"": -5.2, ""rssi"": -111, ""gateway_id"": ""sg50-perte-malpica-02""}, {""alt"": 1115, ""lat"": 40.6508109351282, ""lon"": -4.73721027374268, ""snr"": 5.8, ""rssi"": -111, ""gateway_id"": ""tidop-solar-milesight-001""}, {""alt"": null, ""lat"": null, ""lon"": null, ""snr"": 4.5, ""rssi"": -112, ""gateway_id"": ""sg50-perte-malpica-05""}, {""alt"": null, ""lat"": null, ""lon"": null, ""snr"": -5.5, ""rssi"": -113, ""gateway_id"": ""cicytex-lo-04""}, {""alt"": 300, ""lat"": 40.1338, ""lon"": -5.94651, ""snr"": 3.2, ""rssi"": -113, ""gateway_id"": ""cdtic-multitech-6""}, {""alt"": null, ""lat"": null, ""lon"": null, ""snr"": 2.2, ""rssi"": -113, ""gateway_id"": ""210030""}, {""alt"": null, ""lat"": null, ""lon"": null, ""snr"": -9, ""rssi"": -113, ""gateway_id"": ""ext-dlos8-007""}, {""alt"": null, ""lat"": null, ""lon"": null, ""snr"": -6.2, ""rssi"": -113, ""gateway_id"": ""sg50-perte-malpica-06""}, {""alt"": null, ""lat"": 40.962541751597406, ""lon"": -5.675446072867432, ""snr"": -6.25, ""rssi"": -114, ""gateway_id"": ""packetbroker""}, {""alt"": null, ""lat"": 40.962758045083945, ""lon"": -5.675633842073217, ""snr"": -8.75, ""rssi"": -116, ""gateway_id"": ""packetbroker""}, {""alt"": null, ""lat"": null, ""lon"": null, ""snr"": -7.2, ""rssi"": -116, ""gateway_id"": ""ext-sg50-027""}, {""alt"": null, ""lat"": null, ""lon"": null, ""snr"": -2.2, ""rssi"": -116, ""gateway_id"": ""cicytex-unex-1""}, {""alt"": null, ""lat"": null, ""lon"": null, ""snr"": -2, ""rssi"": -117, ""gateway_id"": ""mitigasmart-cc""}, {""alt"": null, ""lat"": null, ""lon"": null, ""snr"": -7.8, ""rssi"": -117, ""gateway_id"": ""sg50-perte-malpica-01""}, {""alt"": null, ""lat"": null, ""lon"": null, ""snr"": 0.8, ""rssi"": -117, ""gateway_id"": ""ext-sg50-023""}, {""alt"": null, ""lat"": null, ""lon"": null, ""snr"": -4.5, ""rssi"": -118, ""gateway_id"": ""sg50-perte-malpica-07""}, {""alt"": 297, ""lat"": 40.108033, ""lon"": -6.632828, ""snr"": -6.2, ""rssi"": -119, ""gateway_id"": ""tef-mls-01""}, {""alt"": null, ""lat"": null, ""lon"": null, ""snr"": -5.8, ""rssi"": -119, ""gateway_id"": ""sg50-eui-c0ba1ffffe004945""}, {""alt"": 825, ""lat"": 41.11715, ""lon"": -4.78439, ""snr"": -9, ""rssi"": -119, ""gateway_id"": ""meceiot-014-dragout-a84041ffff29d5ba""}, {""alt"": null, ""lat"": null, ""lon"": null, ""snr"": -6.5, ""rssi"": -120, ""gateway_id"": ""ext-sg50-022""}, {""alt"": null, ""lat"": null, ""lon"": null, ""snr"": -8.2, ""rssi"": -120, ""gateway_id"": ""ext-sg50-011""}, {""alt"": null, ""lat"": null, ""lon"": null, ""snr"": -1.25, ""rssi"": -121, ""gateway_id"": ""antena-granjas-rendondo-01""}, {""alt"": null, ""lat"": 40.954279046747715, ""lon"": -4.142631590366364, ""snr"": -8.25, ""rssi"": -122, ""gateway_id"": ""italr0005""}]",EU
68555216-d3b4-4724-8512-ed1604cd8a35,stratolink-3-eu,2026-05-28 18:16:08.243936+00:00,40.5472281,-5.3064298,10020.0,0.282122205846653,3.04696686246638,2026-05-28 18:16:09.841978+00:00,1.0,8738.0,0.0,-17.8,282.2,4.054,5.206,-109.0,1.0,3.06,5.29,29.0,-3.22,8.9,-0.3,,,,,,,7.0,125000.0,868300000.0,"[{""alt"": 1550, ""lat"": 40.5481739449056, ""lon"": -5.16353885114368, ""snr"": 9, ""rssi"": -98, ""gateway_id"": ""meceiot-004-5030354163554750""}, {""alt"": null, ""lat"": null, ""lon"": null, ""snr"": -3.8, ""rssi"": -107, ""gateway_id"": ""cicytex-ic003""}, {""alt"": null, ""lat"": null, ""lon"": null, ""snr"": 1, ""rssi"": -109, ""gateway_id"": ""mvj-cabezuela""}, {""alt"": 300, ""lat"": 40.1338, ""lon"": -5.94651, ""snr"": 2.2, ""rssi"": -111, ""gateway_id"": ""cdtic-multitech-6""}, {""alt"": null, ""lat"": null, ""lon"": null, ""snr"": 1.8, ""rssi"": -111, ""gateway_id"": ""210030""}, {""alt"": null, ""lat"": null, ""lon"": null, ""snr"": -5.8, ""rssi"": -111, ""gateway_id"": ""mtcdtip02-l4e1-9""}, {""alt"": null, ""lat"": null, ""lon"": null, ""snr"": 6, ""rssi"": -111, ""gateway_id"": ""sg50-perte-malpica-05""}, {""alt"": 405, ""lat"": 39.94336757279527, ""lon"": -4.661850929260255, ""snr"": -3, ""rssi"": -112, ""gateway_id"": ""sg50-perte-malpica-02""}, {""alt"": null, ""lat"": null, ""lon"": null, ""snr"": -8.5, ""rssi"": -113, ""gateway_id"": ""ext-dlos8-007""}, {""alt"": null, ""lat"": null, ""lon"": null, ""snr"": -9.5, ""rssi"": -113, ""gateway_id"": ""dlps8-105""}, {""alt"": null, ""lat"": null, ""lon"": null, ""snr"": -4, ""rssi"": -114, ""gateway_id"": ""mtcdtip02-l4e1-5""}, {""alt"": null, ""lat"": null, ""lon"": null, ""snr"": null, ""rssi"": -114, ""gateway_id"": ""cicytex-unex-1""}, {""alt"": 1115, ""lat"": 40.6508109351282, ""lon"": -4.73721027374268, ""snr"": 3.2, ""rssi"": -114, ""gateway_id"": ""tidop-solar-milesight-001""}, {""alt"": null, ""lat"": null, ""lon"": null, ""snr"": -3.8, ""rssi"": -115, ""gateway_id"": ""cicytex-lo-04""}, {""alt"": null, ""lat"": 40.962541751597406, ""lon"": -5.675446072867432, ""snr"": -6.75, ""rssi"": -116, ""gateway_id"": ""packetbroker""}, {""alt"": null, ""lat"": null, ""lon"": null, ""snr"": -3.2, ""rssi"": -117, ""gateway_id"": ""mitigasmart-cc""}, {""alt"": null, ""lat"": null, ""lon"": null, ""snr"": -7.5, ""rssi"": -118, ""gateway_id"": ""ext-sg50-028""}, {""alt"": null, ""lat"": null, ""lon"": null, ""snr"": -7.5, ""rssi"": -118, ""gateway_id"": ""sg50-eui-c0ba1ffffe004945""}, {""alt"": null, ""lat"": null, ""lon"": null, ""snr"": -5.8, ""rssi"": -118, ""gateway_id"": ""sg50-perte-malpica-07""}, {""alt"": 297, ""lat"": 40.108033, ""lon"": -6.632828, ""snr"": -8, ""rssi"": -119, ""gateway_id"": ""tef-mls-01""}, {""alt"": null, ""lat"": null, ""lon"": null, ""snr"": -3.5, ""rssi"": -119, ""gateway_id"": ""sg50-perte-malpica-03""}, {""alt"": null, ""lat"": null, ""lon"": null, ""snr"": -7.5, ""rssi"": -119, ""gateway_id"": ""ext-sg50-011""}, {""alt"": null, ""lat"": null, ""lon"": null, ""snr"": -8.2, ""rssi"": -120, ""gateway_id"": ""ext-sg50-024""}, {""alt"": null, ""lat"": 40.954279046747715, ""lon"": -4.142631590366364, ""snr"": -6.5, ""rssi"": -120, ""gateway_id"": ""italr0005""}, {""alt"": null, ""lat"": null, ""lon"": null, ""snr"": -0.75, ""rssi"": -121, ""gateway_id"": ""antena-granjas-rendondo-01""}]",EU
f522b8ae-d46b-4255-bb1f-4b69689be328,stratolink-3-eu,2026-05-28 18:21:16.226105+00:00,40.5472281,-5.3064298,10020.0,0.282122205846653,3.04696686246638,2026-05-28 18:21:16.871922+00:00,1.0,8738.0,0.0,-15.4,283.9,3.814,4.684,-108.0,-1.2,3.06,5.29,29.0,-3.07,8.9,-0.46,,,,,,,7.0,125000.0,868500000.0,"[{""alt"": 1550, ""lat"": 40.5481739449056, ""lon"": -5.16353885114368, ""snr"": 6.75, ""rssi"": -99, ""gateway_id"": ""meceiot-004-5030354163554750""}, {""alt"": null, ""lat"": null, ""lon"": null, ""snr"": -5, ""rssi"": -107, ""gateway_id"": ""cicytex-ic003""}, {""alt"": null, ""lat"": null, ""lon"": null, ""snr"": -1.2, ""rssi"": -108, ""gateway_id"": ""mvj-cabezuela""}, {""alt"": null, ""lat"": null, ""lon"": null, ""snr"": -4.5, ""rssi"": -109, ""gateway_id"": ""mtcdtip02-l4e1-1""}, {""alt"": 405, ""lat"": 39.94336757279527, ""lon"": -4.661850929260255, ""snr"": -2.8, ""rssi"": -110, ""gateway_id"": ""sg50-perte-malpica-02""}, {""alt"": 1131, ""lat"": 40.589325292876616, ""lon"": -4.838257133960725, ""snr"": 0.5, ""rssi"": -111, ""gateway_id"": ""niharramikrotik""}, {""alt"": null, ""lat"": null, ""lon"": null, ""snr"": -7, ""rssi"": -111, ""gateway_id"": ""mtcdtip02-l4e1-13""}, {""alt"": null, ""lat"": null, ""lon"": null, ""snr"": -4.8, ""rssi"": -111, ""gateway_id"": ""mtcdtip02-l4e1-9""}, {""alt"": null, ""lat"": null, ""lon"": null, ""snr"": 4.8, ""rssi"": -111, ""gateway_id"": ""sg50-perte-malpica-05""}, {""alt"": null, ""lat"": 40.6244743091053, ""lon"": -3.90243977308273, ""snr"": -6.75, ""rssi"": -112, ""gateway_id"": ""kenai-instalaciones-y-proyectos""}, {""alt"": null, ""lat"": null, ""lon"": null, ""snr"": -1.5, ""rssi"": -112, ""gateway_id"": ""sg50-perte-malpica-06""}, {""alt"": null, ""lat"": null, ""lon"": null, ""snr"": 1, ""rssi"": -113, ""gateway_id"": ""mjv-casas""}, {""alt"": null, ""lat"": null, ""lon"": null, ""snr"": 2.8, ""rssi"": -113, ""gateway_id"": ""210030""}, {""alt"": null, ""lat"": null, ""lon"": null, ""snr"": -8.5, ""rssi"": -113, ""gateway_id"": ""mtcdtip02-l4e1-16""}, {""alt"": null, ""lat"": null, ""lon"": null, ""snr"": -4.2, ""rssi"": -113, ""gateway_id"": ""ext-sg50-012""}, {""alt"": null, ""lat"": 40.962541751597406, ""lon"": -5.675446072867432, ""snr"": -6.75, ""rssi"": -114, ""gateway_id"": ""packetbroker""}, {""alt"": null, ""lat"": null, ""lon"": null, ""snr"": -5.2, ""rssi"": -115, ""gateway_id"": ""cicytex-lo-04""}, {""alt"": null, ""lat"": null, ""lon"": null, ""snr"": -0.8, ""rssi"": -115, ""gateway_id"": ""cicytex-unex-1""}, {""alt"": 300, ""lat"": 40.1338, ""lon"": -5.94651, ""snr"": -2.2, ""rssi"": -115, ""gateway_id"": ""cdtic-multitech-6""}, {""alt"": null, ""lat"": null, ""lon"": null, ""snr"": -7, ""rssi"": -116, ""gateway_id"": ""cicytex-unex-2""}, {""alt"": 825, ""lat"": 41.11715, ""lon"": -4.78439, ""snr"": -8.5, ""rssi"": -116, ""gateway_id"": ""meceiot-014-dragout-a84041ffff29d5ba""}, {""alt"": null, ""lat"": null, ""lon"": null, ""snr"": -5.2, ""rssi"": -116, ""gateway_id"": ""sg50-perte-malpica-01""}, {""alt"": null, ""lat"": 40.954279046747715, ""lon"": -4.142631590366364, ""snr"": -3.25, ""rssi"": -117, ""gateway_id"": ""italr0005""}, {""alt"": null, ""lat"": null, ""lon"": null, ""snr"": -5.2, ""rssi"": -117, ""gateway_id"": ""mitigasmart-cc""}, {""alt"": null, ""lat"": null, ""lon"": null, ""snr"": -7, ""rssi"": -117, ""gateway_id"": ""sg50-perte-malpica-07""}, {""alt"": null, ""lat"": null, ""lon"": null, ""snr"": -7.5, ""rssi"": -118, ""gateway_id"": ""ext-sg50-028""}, {""alt"": null, ""lat"": null, ""lon"": null, ""snr"": -7.5, ""rssi"": -118, ""gateway_id"": ""sg50-eui-c0ba1ffffe004945""}, {""alt"": null, ""lat"": null, ""lon"": null, ""snr"": -8.5, ""rssi"": -118, ""gateway_id"": ""ifapa""}, {""alt"": null, ""lat"": null, ""lon"": null, ""snr"": -4, ""rssi"": -118, ""gateway_id"": ""sg50-perte-malpica-03""}, {""alt"": null, ""lat"": null, ""lon"": null, ""snr"": -9.2, ""rssi"": -119, ""gateway_id"": ""ext-sg50-022""}, {""alt"": null, ""lat"": null, ""lon"": null, ""snr"": -2.75, ""rssi"": -121, ""gateway_id"": ""antena-granjas-rendondo-01""}]",EU
0d072028-4d0b-4e20-a41e-45c30655562c,stratolink-3-eu,2026-05-28 18:26:24.191926+00:00,40.5472281,-5.3064298,10020.0,0.282122205846653,3.04696686246638,2026-05-28 18:26:24.679001+00:00,0.0,8738.0,0.0,-12.2,282.3,4.046,5.114,-111.0,3.0,3.06,5.29,29.0,-3.22,8.9,-0.3,,,,,,,7.0,125000.0,868100000.0,"[{""alt"": null, ""lat"": null, ""lon"": null, ""snr"": -0.8, ""rssi"": -107, ""gateway_id"": ""cicytex-ic003""}, {""alt"": null, ""lat"": null, ""lon"": null, ""snr"": -5, ""rssi"": -109, ""gateway_id"": ""mtcdtip02-l4e1-1""}, {""alt"": null, ""lat"": null, ""lon"": null, ""snr"": 3, ""rssi"": -111, ""gateway_id"": ""mvj-cabezuela""}, {""alt"": 1131, ""lat"": 40.589325292876616, ""lon"": -4.838257133960725, ""snr"": -1.75, ""rssi"": -111, ""gateway_id"": ""niharramikrotik""}, {""alt"": null, ""lat"": null, ""lon"": null, ""snr"": -3.2, ""rssi"": -111, ""gateway_id"": ""mtcdtip02-l4e1-9""}, {""alt"": 405, ""lat"": 39.94336757279527, ""lon"": -4.661850929260255, ""snr"": -9, ""rssi"": -112, ""gateway_id"": ""sg50-perte-malpica-02""}, {""alt"": null, ""lat"": null, ""lon"": null, ""snr"": 2, ""rssi"": -113, ""gateway_id"": ""mjv-casas""}, {""alt"": null, ""lat"": null, ""lon"": null, ""snr"": 5.8, ""rssi"": -113, ""gateway_id"": ""210030""}, {""alt"": null, ""lat"": null, ""lon"": null, ""snr"": -7.5, ""rssi"": -114, ""gateway_id"": ""cicytex-lo-04""}, {""alt"": null, ""lat"": null, ""lon"": null, ""snr"": -6.8, ""rssi"": -114, ""gateway_id"": ""mtcdtip02-l4e1-16""}, {""alt"": null, ""lat"": null, ""lon"": null, ""snr"": 2.8, ""rssi"": -114, ""gateway_id"": ""ext-sg50-012""}, {""alt"": null, ""lat"": null, ""lon"": null, ""snr"": -7.5, ""rssi"": -115, ""gateway_id"": ""mtcdtip02-l4e1-7""}, {""alt"": null, ""lat"": null, ""lon"": null, ""snr"": -4.5, ""rssi"": -115, ""gateway_id"": ""mtcdtip02-l4e1-5""}, {""alt"": 300, ""lat"": 40.1338, ""lon"": -5.94651, ""snr"": 1.2, ""rssi"": -115, ""gateway_id"": ""cdtic-multitech-6""}, {""alt"": 1115, ""lat"": 40.6508109351282, ""lon"": -4.73721027374268, ""snr"": 0.8, ""rssi"": -115, ""gateway_id"": ""tidop-solar-milesight-001""}, {""alt"": null, ""lat"": null, ""lon"": null, ""snr"": -8.8, ""rssi"": -116, ""gateway_id"": ""ctaex-lora-one""}, {""alt"": null, ""lat"": null, ""lon"": null, ""snr"": -3, ""rssi"": -116, ""gateway_id"": ""cicytex-unex-1""}, {""alt"": null, ""lat"": null, ""lon"": null, ""snr"": -5.5, ""rssi"": -116, ""gateway_id"": ""ext-sg50-027""}, {""alt"": 765, ""lat"": 41.70253250763931, ""lon"": -4.708266556262971, ""snr"": -6.5, ""rssi"": -117, ""gateway_id"": ""italr0001""}, {""alt"": 825, ""lat"": 41.11715, ""lon"": -4.78439, ""snr"": -6.5, ""rssi"": -117, ""gateway_id"": ""meceiot-014-dragout-a84041ffff29d5ba""}, {""alt"": null, ""lat"": null, ""lon"": null, ""snr"": -2.2, ""rssi"": -117, ""gateway_id"": ""mitigasmart-cc""}, {""alt"": null, ""lat"": null, ""lon"": null, ""snr"": -1.8, ""rssi"": -117, ""gateway_id"": ""sg50-perte-malpica-05""}, {""alt"": null, ""lat"": null, ""lon"": null, ""snr"": -7.2, ""rssi"": -119, ""gateway_id"": ""ext-sg50-028""}, {""alt"": null, ""lat"": null, ""lon"": null, ""snr"": -4.5, ""rssi"": -119, ""gateway_id"": ""ext-sg50-022""}, {""alt"": 297, ""lat"": 40.108033, ""lon"": -6.632828, ""snr"": -5.8, ""rssi"": -119, ""gateway_id"": ""tef-mls-01""}, {""alt"": null, ""lat"": null, ""lon"": null, ""snr"": -8, ""rssi"": -119, ""gateway_id"": ""sg50-eui-c0ba1ffffe004945""}, {""alt"": null, ""lat"": 40.954279046747715, ""lon"": -4.142631590366364, ""snr"": -5, ""rssi"": -119, ""gateway_id"": ""italr0005""}, {""alt"": null, ""lat"": null, ""lon"": null, ""snr"": -7.5, ""rssi"": -120, ""gateway_id"": ""ext-sg50-011""}, {""alt"": null, ""lat"": null, ""lon"": null, ""snr"": -6.25, ""rssi"": -126, ""gateway_id"": ""antena-granjas-rendondo-01""}]",EU
c6240bce-fbac-4a1c-81eb-974e97b8f23c,stratolink-3-eu,2026-05-28 18:31:32.249545+00:00,40.5472281,-5.3064298,10020.0,0.282122205846653,3.04696686246638,2026-05-28 18:31:32.668579+00:00,3.0,8738.0,1.0,-7.2,282.8,4.962,5.366,-113.0,-0.25,3.06,5.29,29.0,-3.37,9.06,0.0,,,,,,,7.0,125000.0,868300000.0,"[{""alt"": 1550, ""lat"": 40.5481739449056, ""lon"": -5.16353885114368, ""snr"": 7.25, ""rssi"": -103, ""gateway_id"": ""meceiot-004-5030354163554750""}, {""alt"": 825, ""lat"": 41.11715, ""lon"": -4.78439, ""snr"": -3, ""rssi"": -111, ""gateway_id"": ""meceiot-014-dragout-a84041ffff29d5ba""}, {""alt"": 1115, ""lat"": 40.6508109351282, ""lon"": -4.73721027374268, ""snr"": 4, ""rssi"": -112, ""gateway_id"": ""tidop-solar-milesight-001""}, {""alt"": 1131, ""lat"": 40.589325292876616, ""lon"": -4.838257133960725, ""snr"": -0.25, ""rssi"": -113, ""gateway_id"": ""niharramikrotik""}, {""alt"": null, ""lat"": 40.31007631707678, ""lon"": -3.733453631302837, ""snr"": -6, ""rssi"": -113, ""gateway_id"": ""mtcdtip-l4e1-868-dattera-2""}, {""alt"": null, ""lat"": null, ""lon"": null, ""snr"": -8.8, ""rssi"": -113, ""gateway_id"": ""sg50-perte-malpica-06""}, {""alt"": null, ""lat"": 40.954279046747715, ""lon"": -4.142631590366364, ""snr"": -0.75, ""rssi"": -114, ""gateway_id"": ""italr0005""}, {""alt"": 405, ""lat"": 39.94336757279527, ""lon"": -4.661850929260255, ""snr"": -8.8, ""rssi"": -114, ""gateway_id"": ""sg50-perte-malpica-02""}, {""alt"": 765, ""lat"": 41.70253250763931, ""lon"": -4.708266556262971, ""snr"": -3.5, ""rssi"": -115, ""gateway_id"": ""italr0001""}, {""alt"": null, ""lat"": null, ""lon"": null, ""snr"": -5.75, ""rssi"": -115, ""gateway_id"": ""alarad-multitech""}, {""alt"": null, ""lat"": null, ""lon"": null, ""snr"": -1.2, ""rssi"": -116, ""gateway_id"": ""210030""}, {""alt"": null, ""lat"": null, ""lon"": null, ""snr"": -6.2, ""rssi"": -117, ""gateway_id"": ""ext-sg50-012""}, {""alt"": null, ""lat"": null, ""lon"": null, ""snr"": -9.2, ""rssi"": -119, ""gateway_id"": ""mitigasmart-cc""}, {""alt"": null, ""lat"": null, ""lon"": null, ""snr"": -5.2, ""rssi"": -119, ""gateway_id"": ""ext-sg50-023""}, {""alt"": null, ""lat"": null, ""lon"": null, ""snr"": -8.5, ""rssi"": -120, ""gateway_id"": ""sg50-perte-malpica-03""}, {""alt"": null, ""lat"": null, ""lon"": null, ""snr"": -1.75, ""rssi"": -122, ""gateway_id"": ""antena-granjas-rendondo-01""}, {""alt"": 820, ""lat"": 40.970672, ""lon"": -5.141641, ""snr"": -7.25, ""rssi"": -122, ""gateway_id"": ""meceiot-013-dragout-a84041ffff29dc56""}]",EU
ee578fa8-b7a3-486e-8d6c-e5750919f38f,stratolink-3-eu,2026-05-28 18:36:39.766139+00:00,40.5472281,-5.3064298,10020.0,0.282122205846653,3.04696686246638,2026-05-28 18:36:40.277310+00:00,3.0,8738.0,1.0,-1.0,283.7,5.024,5.366,-114.0,-0.8,3.06,5.29,29.0,-3.22,8.75,-0.46,,,,,,,7.0,125000.0,868500000.0,"[{""alt"": 1550, ""lat"": 40.5481739449056, ""lon"": -5.16353885114368, ""snr"": 6.25, ""rssi"": -103, ""gateway_id"": ""meceiot-004-5030354163554750""}, {""alt"": null, ""lat"": 40.962758045083945, ""lon"": -5.675633842073217, ""snr"": -1.5, ""rssi"": -107, ""gateway_id"": ""packetbroker""}, {""alt"": null, ""lat"": null, ""lon"": null, ""snr"": -7.2, ""rssi"": -108, ""gateway_id"": ""cicytex-ic003""}, {""alt"": 1131, ""lat"": 40.589325292876616, ""lon"": -4.838257133960725, ""snr"": 2.25, ""rssi"": -110, ""gateway_id"": ""niharramikrotik""}, {""alt"": 825, ""lat"": 41.11715, ""lon"": -4.78439, ""snr"": -3.25, ""rssi"": -111, ""gateway_id"": ""meceiot-014-dragout-a84041ffff29d5ba""}, {""alt"": 765, ""lat"": 41.70253250763931, ""lon"": -4.708266556262971, ""snr"": -4, ""rssi"": -113, ""gateway_id"": ""italr0001""}, {""alt"": null, ""lat"": null, ""lon"": null, ""snr"": -3.2, ""rssi"": -113, ""gateway_id"": ""210030""}, {""alt"": 300, ""lat"": 40.1338, ""lon"": -5.94651, ""snr"": -6.2, ""rssi"": -113, ""gateway_id"": ""cdtic-multitech-6""}, {""alt"": null, ""lat"": null, ""lon"": null, ""snr"": -0.8, ""rssi"": -114, ""gateway_id"": ""mjv-casas""}, {""alt"": null, ""lat"": null, ""lon"": null, ""snr"": -1.5, ""rssi"": -114, ""gateway_id"": ""mvj-cabezuela""}, {""alt"": 1115, ""lat"": 40.6508109351282, ""lon"": -4.73721027374268, ""snr"": 2.2, ""rssi"": -114, ""gateway_id"": ""tidop-solar-milesight-001""}, {""alt"": null, ""lat"": 40.954279046747715, ""lon"": -4.142631590366364, ""snr"": -1.5, ""rssi"": -115, ""gateway_id"": ""italr0005""}, {""alt"": null, ""lat"": null, ""lon"": null, ""snr"": -7.25, ""rssi"": -115, ""gateway_id"": ""alarad-multitech""}, {""alt"": 650, ""lat"": 40.64196411603373, ""lon"": -3.1820132085638857, ""snr"": -8.25, ""rssi"": -116, ""gateway_id"": ""luisdelucena""}, {""alt"": null, ""lat"": null, ""lon"": null, ""snr"": -8, ""rssi"": -116, ""gateway_id"": ""sg50-perte-malpica-01""}, {""alt"": null, ""lat"": null, ""lon"": null, ""snr"": -8.2, ""rssi"": -117, ""gateway_id"": ""cicytex-unex-1""}, {""alt"": 940, ""lat"": 40.968865323719, ""lon"": -5.64232170581818, ""snr"": -6.5, ""rssi"": -118, ""gateway_id"": ""rio-tormes-1b""}, {""alt"": null, ""lat"": null, ""lon"": null, ""snr"": -3.5, ""rssi"": -118, ""gateway_id"": ""ext-sg50-023""}, {""alt"": null, ""lat"": null, ""lon"": null, ""snr"": -7.8, ""rssi"": -119, ""gateway_id"": ""ext-sg50-022""}, {""alt"": 820, ""lat"": 40.970672, ""lon"": -5.141641, ""snr"": -5.5, ""rssi"": -120, ""gateway_id"": ""meceiot-013-dragout-a84041ffff29dc56""}, {""alt"": null, ""lat"": null, ""lon"": null, ""snr"": -8.2, ""rssi"": -121, ""gateway_id"": ""eui-7076ff0056081d63""}, {""alt"": null, ""lat"": null, ""lon"": null, ""snr"": -3.5, ""rssi"": -123, ""gateway_id"": ""antena-granjas-rendondo-01""}]",EU
7c8b22b6-cce8-4aa2-a8fd-a73dd8773770,stratolink-3-eu,2026-05-28 18:41:47.316307+00:00,40.5472281,-5.3064298,10020.0,0.282122205846653,3.04696686246638,2026-05-28 18:41:47.740806+00:00,2.0,8738.0,1.0,-1.3,280.8,5.052,5.38,-117.0,-2.5,3.06,5.29,29.0,-3.37,8.9,-0.3,,,,,,,7.0,125000.0,868100000.0,"[{""alt"": 1550, ""lat"": 40.5481739449056, ""lon"": -5.16353885114368, ""snr"": 7, ""rssi"": -102, ""gateway_id"": ""meceiot-004-5030354163554750""}, {""alt"": 825, ""lat"": 41.11715, ""lon"": -4.78439, ""snr"": 1.5, ""rssi"": -108, ""gateway_id"": ""meceiot-014-dragout-a84041ffff29d5ba""}, {""alt"": 1131, ""lat"": 40.589325292876616, ""lon"": -4.838257133960725, ""snr"": 4.75, ""rssi"": -109, ""gateway_id"": ""niharramikrotik""}, {""alt"": null, ""lat"": null, ""lon"": null, ""snr"": -4.5, ""rssi"": -114, ""gateway_id"": ""mvj-cabezuela""}, {""alt"": null, ""lat"": 40.962758045083945, ""lon"": -5.675633842073217, ""snr"": -4.25, ""rssi"": -114, ""gateway_id"": ""packetbroker""}, {""alt"": null, ""lat"": null, ""lon"": null, ""snr"": -6.5, ""rssi"": -114, ""gateway_id"": ""alarad-multitech""}, {""alt"": null, ""lat"": 40.962541751597406, ""lon"": -5.675446072867432, ""snr"": -4.5, ""rssi"": -115, ""gateway_id"": ""packetbroker""}, {""alt"": 300, ""lat"": 40.1338, ""lon"": -5.94651, ""snr"": -3.8, ""rssi"": -115, ""gateway_id"": ""cdtic-multitech-6""}, {""alt"": 650, ""lat"": 40.64196411603373, ""lon"": -3.1820132085638857, ""snr"": -5.25, ""rssi"": -116, ""gateway_id"": ""luisdelucena""}, {""alt"": null, ""lat"": 41.62916384851624, ""lon"": -4.713819387616739, ""snr"": -7.5, ""rssi"": -116, ""gateway_id"": ""packetbroker""}, {""alt"": null, ""lat"": 40.954279046747715, ""lon"": -4.142631590366364, ""snr"": -1.5, ""rssi"": -116, ""gateway_id"": ""italr0005""}, {""alt"": null, ""lat"": null, ""lon"": null, ""snr"": -2.5, ""rssi"": -117, ""gateway_id"": ""mjv-casas""}, {""alt"": null, ""lat"": null, ""lon"": null, ""snr"": -0.2, ""rssi"": -117, ""gateway_id"": ""210030""}, {""alt"": null, ""lat"": null, ""lon"": null, ""snr"": -4.2, ""rssi"": -117, ""gateway_id"": ""sg50-perte-malpica-01""}, {""alt"": null, ""lat"": null, ""lon"": null, ""snr"": -5.5, ""rssi"": -118, ""gateway_id"": ""mitigasmart-cc""}, {""alt"": null, ""lat"": null, ""lon"": null, ""snr"": -5, ""rssi"": -119, ""gateway_id"": ""sg50-perte-malpica-05""}, {""alt"": 1115, ""lat"": 40.6508109351282, ""lon"": -4.73721027374268, ""snr"": -6.5, ""rssi"": -119, ""gateway_id"": ""tidop-solar-milesight-001""}, {""alt"": null, ""lat"": null, ""lon"": null, ""snr"": -8, ""rssi"": -120, ""gateway_id"": ""ext-sg50-022""}, {""alt"": null, ""lat"": null, ""lon"": null, ""snr"": -5.8, ""rssi"": -120, ""gateway_id"": ""sg50-perte-malpica-03""}, {""alt"": null, ""lat"": null, ""lon"": null, ""snr"": -1.25, ""rssi"": -121, ""gateway_id"": ""antena-granjas-rendondo-01""}, {""alt"": 820, ""lat"": 40.970672, ""lon"": -5.141641, ""snr"": -7.25, ""rssi"": -122, ""gateway_id"": ""meceiot-013-dragout-a84041ffff29dc56""}, {""alt"": null, ""lat"": null, ""lon"": null, ""snr"": -7.8, ""rssi"": -123, ""gateway_id"": ""eui-7076ff0056081d63""}]",EU
3485fe65-38ba-4652-a61a-bfbcfb25a63c,stratolink-3-eu,2026-05-28 18:46:55.408579+00:00,40.5472281,-5.3064298,10020.0,0.282122205846653,3.04696686246638,2026-05-28 18:46:55.982450+00:00,2.0,8738.0,1.0,-8.2,266.6,4.998,5.362,-113.0,-2.8,3.06,5.29,29.0,-3.22,8.9,-0.15,,,,,,,7.0,125000.0,868300000.0,"[{""alt"": 1550, ""lat"": 40.5481739449056, ""lon"": -5.16353885114368, ""snr"": 6.5, ""rssi"": -105, ""gateway_id"": ""meceiot-004-5030354163554750""}, {""alt"": 1131, ""lat"": 40.65110091852006, ""lon"": -4.679304063320161, ""snr"": -5.5, ""rssi"": -107, ""gateway_id"": ""mikrotikepsa""}, {""alt"": null, ""lat"": null, ""lon"": null, ""snr"": -9.8, ""rssi"": -107, ""gateway_id"": ""cicytex-ic003""}, {""alt"": 1131, ""lat"": 40.589325292876616, ""lon"": -4.838257133960725, ""snr"": 4, ""rssi"": -109, ""gateway_id"": ""niharramikrotik""}, {""alt"": 825, ""lat"": 41.11715, ""lon"": -4.78439, ""snr"": -3.75, ""rssi"": -111, ""gateway_id"": ""meceiot-014-dragout-a84041ffff29d5ba""}, {""alt"": null, ""lat"": null, ""lon"": null, ""snr"": -2.8, ""rssi"": -113, ""gateway_id"": ""mjv-casas""}, {""alt"": null, ""lat"": 40.954279046747715, ""lon"": -4.142631590366364, ""snr"": -0.25, ""rssi"": -113, ""gateway_id"": ""italr0005""}, {""alt"": 405, ""lat"": 39.94336757279527, ""lon"": -4.661850929260255, ""snr"": -8.8, ""rssi"": -113, ""gateway_id"": ""sg50-perte-malpica-02""}, {""alt"": null, ""lat"": null, ""lon"": null, ""snr"": -7.25, ""rssi"": -114, ""gateway_id"": ""packetbroker""}, {""alt"": null, ""lat"": null, ""lon"": null, ""snr"": -6.25, ""rssi"": -114, ""gateway_id"": ""alarad-multitech""}, {""alt"": 300, ""lat"": 40.1338, ""lon"": -5.94651, ""snr"": -5, ""rssi"": -114, ""gateway_id"": ""cdtic-multitech-6""}, {""alt"": null, ""lat"": null, ""lon"": null, ""snr"": -5.5, ""rssi"": -114, ""gateway_id"": ""sg50-perte-malpica-06""}, {""alt"": 1115, ""lat"": 40.6508109351282, ""lon"": -4.73721027374268, ""snr"": 2.8, ""rssi"": -114, ""gateway_id"": ""tidop-solar-milesight-001""}, {""alt"": null, ""lat"": null, ""lon"": null, ""snr"": 2, ""rssi"": -115, ""gateway_id"": ""sg50-perte-malpica-05""}, {""alt"": null, ""lat"": null, ""lon"": null, ""snr"": -4, ""rssi"": -116, ""gateway_id"": ""sg50-perte-malpica-01""}, {""alt"": null, ""lat"": null, ""lon"": null, ""snr"": -5, ""rssi"": -116, ""gateway_id"": ""ext-sg50-012""}, {""alt"": null, ""lat"": null, ""lon"": null, ""snr"": -6.2, ""rssi"": -118, ""gateway_id"": ""mitigasmart-cc""}, {""alt"": null, ""lat"": null, ""lon"": null, ""snr"": -3.8, ""rssi"": -118, ""gateway_id"": ""sg50-perte-malpica-03""}, {""alt"": null, ""lat"": null, ""lon"": null, ""snr"": -6.5, ""rssi"": -119, ""gateway_id"": ""ext-sg50-023""}, {""alt"": null, ""lat"": null, ""lon"": null, ""snr"": -7.8, ""rssi"": -119, ""gateway_id"": ""sg50-perte-malpica-07""}, {""alt"": null, ""lat"": null, ""lon"": null, ""snr"": 0.25, ""rssi"": -120, ""gateway_id"": ""antena-granjas-rendondo-01""}, {""alt"": null, ""lat"": null, ""lon"": null, ""snr"": -8, ""rssi"": -120, ""gateway_id"": ""ext-sg50-022""}, {""alt"": null, ""lat"": null, ""lon"": null, ""snr"": -6.8, ""rssi"": -121, ""gateway_id"": ""eui-7076ff0056081d63""}, {""alt"": 820, ""lat"": 40.970672, ""lon"": -5.141641, ""snr"": -10.25, ""rssi"": -125, ""gateway_id"": ""meceiot-013-dragout-a84041ffff29dc56""}]",EU
28a7af5c-9833-40f6-a49d-c59058896cd0,stratolink-3-eu,2026-05-28 18:52:03.355429+00:00,40.5472281,-5.3064298,10020.0,0.282122205846653,3.04696686246638,2026-05-28 18:52:04.745786+00:00,2.0,8738.0,1.0,-7.2,283.1,4.954,5.372,-114.0,-2.8,3.06,5.29,29.0,-3.37,8.9,0.0,,,,,,,7.0,125000.0,868500000.0,"[{""alt"": 1550, ""lat"": 40.5481739449056, ""lon"": -5.16353885114368, ""snr"": 6, ""rssi"": -101, ""gateway_id"": ""meceiot-004-5030354163554750""}, {""alt"": 825, ""lat"": 41.11715, ""lon"": -4.78439, ""snr"": 1.5, ""rssi"": -106, ""gateway_id"": ""meceiot-014-dragout-a84041ffff29d5ba""}, {""alt"": null, ""lat"": null, ""lon"": null, ""snr"": -6.5, ""rssi"": -108, ""gateway_id"": ""cicytex-ic003""}, {""alt"": null, ""lat"": null, ""lon"": null, ""snr"": -7, ""rssi"": -109, ""gateway_id"": ""mtcdtip02-l4e1-9""}, {""alt"": 1131, ""lat"": 40.65110091852006, ""lon"": -4.679304063320161, ""snr"": -6.2, ""rssi"": -112, ""gateway_id"": ""mikrotikepsa""}, {""alt"": 674, ""lat"": 41.81858911263017, ""lon"": -6.7508557295156235, ""snr"": -3, ""rssi"": -112, ""gateway_id"": ""lora-more""}, {""alt"": null, ""lat"": 40.962541751597406, ""lon"": -5.675446072867432, ""snr"": -3.25, ""rssi"": -113, ""gateway_id"": ""packetbroker""}, {""alt"": null, ""lat"": null, ""lon"": null, ""snr"": -2.8, ""rssi"": -114, ""gateway_id"": ""mvj-cabezuela""}, {""alt"": 300, ""lat"": 40.1338, ""lon"": -5.94651, ""snr"": -4, ""rssi"": -114, ""gateway_id"": ""cdtic-multitech-6""}, {""alt"": null, ""lat"": null, ""lon"": null, ""snr"": -8.5, ""rssi"": -114, ""gateway_id"": ""sg50-perte-malpica-06""}, {""alt"": 940, ""lat"": 40.968865323719, ""lon"": -5.64232170581818, ""snr"": -8.5, ""rssi"": -115, ""gateway_id"": ""rio-tormes-1b""}, {""alt"": null, ""lat"": null, ""lon"": null, ""snr"": -2.2, ""rssi"": -115, ""gateway_id"": ""mjv-casas""}, {""alt"": null, ""lat"": 40.962758045083945, ""lon"": -5.675633842073217, ""snr"": -2.5, ""rssi"": -115, ""gateway_id"": ""packetbroker""}, {""alt"": null, ""lat"": null, ""lon"": null, ""snr"": -7.2, ""rssi"": -115, ""gateway_id"": ""ext-sg50-012""}, {""alt"": 1131, ""lat"": 40.589325292876616, ""lon"": -4.838257133960725, ""snr"": -2.25, ""rssi"": -115, ""gateway_id"": ""niharramikrotik""}, {""alt"": null, ""lat"": null, ""lon"": null, ""snr"": -1.8, ""rssi"": -117, ""gateway_id"": ""210030""}, {""alt"": null, ""lat"": null, ""lon"": null, ""snr"": -3.8, ""rssi"": -117, ""gateway_id"": ""sg50-perte-malpica-05""}, {""alt"": null, ""lat"": 40.954279046747715, ""lon"": -4.142631590366364, ""snr"": -4.25, ""rssi"": -118, ""gateway_id"": ""italr0005""}, {""alt"": null, ""lat"": null, ""lon"": null, ""snr"": -7.8, ""rssi"": -118, ""gateway_id"": ""mitigasmart-cc""}, {""alt"": 297, ""lat"": 40.108033, ""lon"": -6.632828, ""snr"": -7.2, ""rssi"": -118, ""gateway_id"": ""tef-mls-01""}, {""alt"": null, ""lat"": null, ""lon"": null, ""snr"": -6, ""rssi"": -118, ""gateway_id"": ""sg50-perte-malpica-07""}, {""alt"": null, ""lat"": null, ""lon"": null, ""snr"": -7.8, ""rssi"": -119, ""gateway_id"": ""sg50-perte-malpica-03""}, {""alt"": 820, ""lat"": 40.970672, ""lon"": -5.141641, ""snr"": -6.5, ""rssi"": -120, ""gateway_id"": ""meceiot-013-dragout-a84041ffff29dc56""}]",EU
90448371-f504-4c2c-bf09-70c327cae9f0,stratolink-3-eu,2026-05-28 18:57:11.301998+00:00,40.5472281,-5.3064298,10020.0,0.282122205846653,3.04696686246638,2026-05-28 18:57:12.503377+00:00,2.0,8738.0,1.0,-9.0,275.9,4.98,5.364,-117.0,-6.0,3.06,5.29,29.0,-3.22,8.75,0.15,,,,,,,7.0,125000.0,868100000.0,"[{""alt"": 1550, ""lat"": 40.5481739449056, ""lon"": -5.16353885114368, ""snr"": 5.75, ""rssi"": -107, ""gateway_id"": ""meceiot-004-5030354163554750""}, {""alt"": null, ""lat"": 40.6244743091053, ""lon"": -3.90243977308273, ""snr"": -2.25, ""rssi"": -111, ""gateway_id"": ""kenai-instalaciones-y-proyectos""}, {""alt"": 825, ""lat"": 41.11715, ""lon"": -4.78439, ""snr"": -0.75, ""rssi"": -111, ""gateway_id"": ""meceiot-014-dragout-a84041ffff29d5ba""}, {""alt"": null, ""lat"": 40.954279046747715, ""lon"": -4.142631590366364, ""snr"": 1.75, ""rssi"": -112, ""gateway_id"": ""italr0005""}, {""alt"": null, ""lat"": null, ""lon"": null, ""snr"": -3.8, ""rssi"": -115, ""gateway_id"": ""mvj-cabezuela""}, {""alt"": 1131, ""lat"": 40.589325292876616, ""lon"": -4.838257133960725, ""snr"": 1, ""rssi"": -115, ""gateway_id"": ""niharramikrotik""}, {""alt"": null, ""lat"": null, ""lon"": null, ""snr"": 1.8, ""rssi"": -115, ""gateway_id"": ""sg50-perte-malpica-05""}, {""alt"": 405, ""lat"": 39.94336757279527, ""lon"": -4.661850929260255, ""snr"": -5.8, ""rssi"": -115, ""gateway_id"": ""sg50-perte-malpica-02""}, {""alt"": null, ""lat"": null, ""lon"": null, ""snr"": -2.5, ""rssi"": -115, ""gateway_id"": ""sg50-perte-malpica-06""}, {""alt"": 300, ""lat"": 40.1338, ""lon"": -5.94651, ""snr"": -4.5, ""rssi"": -116, ""gateway_id"": ""cdtic-multitech-6""}, {""alt"": null, ""lat"": null, ""lon"": null, ""snr"": -5.75, ""rssi"": -116, ""gateway_id"": ""alarad-multitech""}, {""alt"": null, ""lat"": null, ""lon"": null, ""snr"": -3.8, ""rssi"": -116, ""gateway_id"": ""sg50-perte-malpica-01""}, {""alt"": null, ""lat"": null, ""lon"": null, ""snr"": -0.8, ""rssi"": -116, ""gateway_id"": ""ext-sg50-012""}, {""alt"": null, ""lat"": null, ""lon"": null, ""snr"": -6, ""rssi"": -117, ""gateway_id"": ""mjv-casas""}, {""alt"": null, ""lat"": null, ""lon"": null, ""snr"": -1.5, ""rssi"": -117, ""gateway_id"": ""sg50-perte-malpica-07""}, {""alt"": 1115, ""lat"": 40.6508109351282, ""lon"": -4.73721027374268, ""snr"": -3.2, ""rssi"": -118, ""gateway_id"": ""tidop-solar-milesight-001""}, {""alt"": null, ""lat"": null, ""lon"": null, ""snr"": -1.8, ""rssi"": -119, ""gateway_id"": ""210030""}, {""alt"": 297, ""lat"": 40.108033, ""lon"": -6.632828, ""snr"": -8.5, ""rssi"": -119, ""gateway_id"": ""tef-mls-01""}, {""alt"": null, ""lat"": null, ""lon"": null, ""snr"": -8, ""rssi"": -120, ""gateway_id"": ""ext-sg50-023""}, {""alt"": null, ""lat"": null, ""lon"": null, ""snr"": -8, ""rssi"": -120, ""gateway_id"": ""sg50-perte-malpica-03""}, {""alt"": null, ""lat"": null, ""lon"": null, ""snr"": -5.8, ""rssi"": -123, ""gateway_id"": ""eui-7076ff0056081d63""}, {""alt"": 820, ""lat"": 40.970672, ""lon"": -5.141641, ""snr"": -8, ""rssi"": -123, ""gateway_id"": ""meceiot-013-dragout-a84041ffff29dc56""}, {""alt"": null, ""lat"": null, ""lon"": null, ""snr"": -3.75, ""rssi"": -125, ""gateway_id"": ""antena-granjas-rendondo-01""}]",EU
36346138-da7a-4ea0-a0ce-45d51cefb109,stratolink-3-eu,2026-05-28 19:02:19.230180+00:00,40.5472281,-5.3064298,10020.0,0.282122205846653,3.04696686246638,2026-05-28 19:02:19.709433+00:00,2.0,8738.0,1.0,-4.4,283.2,4.998,5.36,-110.0,3.75,3.06,5.29,29.0,-3.22,8.6,-1.07,,,,,,,7.0,125000.0,868300000.0,"[{""alt"": 825, ""lat"": 41.11715, ""lon"": -4.78439, ""snr"": -1.25, ""rssi"": -108, ""gateway_id"": ""meceiot-014-dragout-a84041ffff29d5ba""}, {""alt"": 1131, ""lat"": 40.65110091852006, ""lon"": -4.679304063320161, ""snr"": -1.8, ""rssi"": -109, ""gateway_id"": ""mikrotikepsa""}, {""alt"": 1131, ""lat"": 40.589325292876616, ""lon"": -4.838257133960725, ""snr"": 3.75, ""rssi"": -110, ""gateway_id"": ""niharramikrotik""}, {""alt"": null, ""lat"": null, ""lon"": null, ""snr"": -7, ""rssi"": -113, ""gateway_id"": ""alarad-multitech""}, {""alt"": null, ""lat"": 40.954279046747715, ""lon"": -4.142631590366364, ""snr"": 0.75, ""rssi"": -113, ""gateway_id"": ""italr0005""}, {""alt"": 405, ""lat"": 39.94336757279527, ""lon"": -4.661850929260255, ""snr"": -6.2, ""rssi"": -114, ""gateway_id"": ""sg50-perte-malpica-02""}, {""alt"": null, ""lat"": null, ""lon"": null, ""snr"": -5.8, ""rssi"": -115, ""gateway_id"": ""sg50-perte-malpica-06""}, {""alt"": null, ""lat"": null, ""lon"": null, ""snr"": -5.5, ""rssi"": -117, ""gateway_id"": ""sg50-perte-malpica-01""}, {""alt"": null, ""lat"": null, ""lon"": null, ""snr"": -3.2, ""rssi"": -118, ""gateway_id"": ""210030""}, {""alt"": null, ""lat"": null, ""lon"": null, ""snr"": -3.2, ""rssi"": -118, ""gateway_id"": ""sg50-perte-malpica-07""}, {""alt"": 1115, ""lat"": 40.6508109351282, ""lon"": -4.73721027374268, ""snr"": -8.8, ""rssi"": -119, ""gateway_id"": ""tidop-solar-milesight-001""}, {""alt"": null, ""lat"": null, ""lon"": null, ""snr"": -8.8, ""rssi"": -119, ""gateway_id"": ""ext-sg50-023""}, {""alt"": null, ""lat"": null, ""lon"": null, ""snr"": -6, ""rssi"": -120, ""gateway_id"": ""eui-7076ff0056081d63""}, {""alt"": null, ""lat"": null, ""lon"": null, ""snr"": -6, ""rssi"": -120, ""gateway_id"": ""sg50-perte-malpica-03""}, {""alt"": null, ""lat"": null, ""lon"": null, ""snr"": -4.75, ""rssi"": -124, ""gateway_id"": ""antena-granjas-rendondo-01""}]",EU
99aebe73-66f3-436a-8204-2045acacdd0c,stratolink-3-eu,2026-05-28 19:07:27.498056+00:00,40.5472281,-5.3064298,10020.0,0.282122205846653,3.04696686246638,2026-05-28 19:07:27.951779+00:00,2.0,8738.0,1.0,-20.6,270.6,4.96,5.372,-115.0,-3.8,3.06,5.29,29.0,-3.22,8.9,-0.15,,,,,,,7.0,125000.0,868500000.0,"[{""alt"": 1550, ""lat"": 40.5481739449056, ""lon"": -5.16353885114368, ""snr"": 6, ""rssi"": -105, ""gateway_id"": ""meceiot-004-5030354163554750""}, {""alt"": null, ""lat"": 40.6244743091053, ""lon"": -3.90243977308273, ""snr"": -5.5, ""rssi"": -110, ""gateway_id"": ""kenai-instalaciones-y-proyectos""}, {""alt"": 825, ""lat"": 41.11715, ""lon"": -4.78439, ""snr"": -2, ""rssi"": -110, ""gateway_id"": ""meceiot-014-dragout-a84041ffff29d5ba""}, {""alt"": null, ""lat"": null, ""lon"": null, ""snr"": -5.2, ""rssi"": -110, ""gateway_id"": ""sg50-perte-malpica-05""}, {""alt"": 405, ""lat"": 39.94336757279527, ""lon"": -4.661850929260255, ""snr"": -5.2, ""rssi"": -111, ""gateway_id"": ""sg50-perte-malpica-02""}, {""alt"": null, ""lat"": 40.954279046747715, ""lon"": -4.142631590366364, ""snr"": 1.5, ""rssi"": -112, ""gateway_id"": ""italr0005""}, {""alt"": null, ""lat"": 40.962758045083945, ""lon"": -5.675633842073217, ""snr"": -6.75, ""rssi"": -114, ""gateway_id"": ""packetbroker""}, {""alt"": null, ""lat"": null, ""lon"": null, ""snr"": -3.8, ""rssi"": -115, ""gateway_id"": ""mvj-cabezuela""}, {""alt"": null, ""lat"": null, ""lon"": null, ""snr"": -6.5, ""rssi"": -115, ""gateway_id"": ""mjv-casas""}, {""alt"": 725, ""lat"": 40.4433240038774, ""lon"": -3.70036411460872, ""snr"": -5.5, ""rssi"": -115, ""gateway_id"": ""upm-etsime-tellus-001""}, {""alt"": null, ""lat"": null, ""lon"": null, ""snr"": -7, ""rssi"": -115, ""gateway_id"": ""packetbroker""}, {""alt"": null, ""lat"": 40.31007631707678, ""lon"": -3.733453631302837, ""snr"": -8.8, ""rssi"": -115, ""gateway_id"": ""mtcdtip-l4e1-868-dattera-2""}, {""alt"": null, ""lat"": null, ""lon"": null, ""snr"": -4.5, ""rssi"": -115, ""gateway_id"": ""ext-sg50-012""}, {""alt"": null, ""lat"": null, ""lon"": null, ""snr"": -0.2, ""rssi"": -115, ""gateway_id"": ""sg50-perte-malpica-07""}, {""alt"": 650, ""lat"": 40.64196411603373, ""lon"": -3.1820132085638857, ""snr"": -5.75, ""rssi"": -116, ""gateway_id"": ""luisdelucena""}, {""alt"": 300, ""lat"": 40.1338, ""lon"": -5.94651, ""snr"": -4, ""rssi"": -116, ""gateway_id"": ""cdtic-multitech-6""}, {""alt"": 1115, ""lat"": 40.6508109351282, ""lon"": -4.73721027374268, ""snr"": -5, ""rssi"": -117, ""gateway_id"": ""tidop-solar-milesight-001""}, {""alt"": null, ""lat"": null, ""lon"": null, ""snr"": -4.8, ""rssi"": -119, ""gateway_id"": ""sg50-perte-malpica-03""}, {""alt"": null, ""lat"": null, ""lon"": null, ""snr"": -6.5, ""rssi"": -120, ""gateway_id"": ""eui-7076ff0056081d63""}, {""alt"": null, ""lat"": null, ""lon"": null, ""snr"": -1, ""rssi"": -121, ""gateway_id"": ""antena-granjas-rendondo-01""}]",EU
3963d667-8800-4868-aafd-b8e085fdfd8c,stratolink-3-eu,2026-05-28 19:12:36.308305+00:00,40.5472281,-5.3064298,10020.0,0.282122205846653,3.04696686246638,2026-05-28 19:12:36.819608+00:00,2.0,8738.0,1.0,-15.6,280.6,4.974,5.36,-109.0,4.0,3.06,5.29,29.0,-3.37,8.9,-0.3,,,,,,,7.0,125000.0,868100000.0,"[{""alt"": 1131, ""lat"": 40.589325292876616, ""lon"": -4.838257133960725, ""snr"": 4, ""rssi"": -109, ""gateway_id"": ""niharramikrotik""}, {""alt"": 1550, ""lat"": 40.5481739449056, ""lon"": -5.16353885114368, ""snr"": 3.25, ""rssi"": -110, ""gateway_id"": ""meceiot-004-5030354163554750""}, {""alt"": 1115, ""lat"": 40.6508109351282, ""lon"": -4.73721027374268, ""snr"": 5.2, ""rssi"": -111, ""gateway_id"": ""tidop-solar-milesight-001""}, {""alt"": 405, ""lat"": 39.94336757279527, ""lon"": -4.661850929260255, ""snr"": -4.5, ""rssi"": -112, ""gateway_id"": ""sg50-perte-malpica-02""}, {""alt"": 825, ""lat"": 41.11715, ""lon"": -4.78439, ""snr"": -2, ""rssi"": -112, ""gateway_id"": ""meceiot-014-dragout-a84041ffff29d5ba""}, {""alt"": null, ""lat"": null, ""lon"": null, ""snr"": -3.8, ""rssi"": -113, ""gateway_id"": ""sg50-perte-malpica-06""}, {""alt"": null, ""lat"": 40.6244743091053, ""lon"": -3.90243977308273, ""snr"": -5.5, ""rssi"": -114, ""gateway_id"": ""kenai-instalaciones-y-proyectos""}, {""alt"": null, ""lat"": 40.954279046747715, ""lon"": -4.142631590366364, ""snr"": -2, ""rssi"": -116, ""gateway_id"": ""italr0005""}, {""alt"": 300, ""lat"": 40.1338, ""lon"": -5.94651, ""snr"": -5, ""rssi"": -116, ""gateway_id"": ""cdtic-multitech-6""}, {""alt"": null, ""lat"": null, ""lon"": null, ""snr"": -0.2, ""rssi"": -116, ""gateway_id"": ""sg50-perte-malpica-07""}, {""alt"": null, ""lat"": null, ""lon"": null, ""snr"": -8.5, ""rssi"": -117, ""gateway_id"": ""mjv-casas""}, {""alt"": 765, ""lat"": 41.70253250763931, ""lon"": -4.708266556262971, ""snr"": -6.5, ""rssi"": -117, ""gateway_id"": ""italr0001""}, {""alt"": null, ""lat"": null, ""lon"": null, ""snr"": -8, ""rssi"": -117, ""gateway_id"": ""ext-sg50-003""}, {""alt"": null, ""lat"": null, ""lon"": null, ""snr"": -4.8, ""rssi"": -117, ""gateway_id"": ""sg50-perte-malpica-01""}, {""alt"": null, ""lat"": null, ""lon"": null, ""snr"": -1.8, ""rssi"": -118, ""gateway_id"": ""210030""}, {""alt"": null, ""lat"": null, ""lon"": null, ""snr"": -3.5, ""rssi"": -118, ""gateway_id"": ""sg50-perte-malpica-05""}, {""alt"": null, ""lat"": null, ""lon"": null, ""snr"": -5.5, ""rssi"": -120, ""gateway_id"": ""sg50-perte-malpica-03""}]",EU
db18b641-0918-4b4f-a94d-cbaeb841093f,stratolink-3-eu,2026-05-28 19:17:44.375610+00:00,40.5472281,-5.3064298,10020.0,0.282122205846653,3.04696686246638,2026-05-28 19:17:44.916874+00:00,2.0,8738.0,1.0,-14.2,280.0,5.0,5.366,-114.0,-5.8,3.06,5.29,29.0,-3.37,8.9,0.15,,,,,,,7.0,125000.0,868300000.0,"[{""alt"": 1131, ""lat"": 40.589325292876616, ""lon"": -4.838257133960725, ""snr"": 4.5, ""rssi"": -105, ""gateway_id"": ""niharramikrotik""}, {""alt"": 1550, ""lat"": 40.5481739449056, ""lon"": -5.16353885114368, ""snr"": 6.25, ""rssi"": -105, ""gateway_id"": ""meceiot-004-5030354163554750""}, {""alt"": null, ""lat"": null, ""lon"": null, ""snr"": -9.8, ""rssi"": -109, ""gateway_id"": ""cicytex-ic003""}, {""alt"": 825, ""lat"": 41.11715, ""lon"": -4.78439, ""snr"": -2.5, ""rssi"": -110, ""gateway_id"": ""meceiot-014-dragout-a84041ffff29d5ba""}, {""alt"": 405, ""lat"": 39.94336757279527, ""lon"": -4.661850929260255, ""snr"": -6.5, ""rssi"": -110, ""gateway_id"": ""sg50-perte-malpica-02""}, {""alt"": null, ""lat"": null, ""lon"": null, ""snr"": -4.75, ""rssi"": -112, ""gateway_id"": ""packetbroker""}, {""alt"": 1115, ""lat"": 40.6508109351282, ""lon"": -4.73721027374268, ""snr"": 4.2, ""rssi"": -112, ""gateway_id"": ""tidop-solar-milesight-001""}, {""alt"": null, ""lat"": 40.954279046747715, ""lon"": -4.142631590366364, ""snr"": null, ""rssi"": -113, ""gateway_id"": ""italr0005""}, {""alt"": null, ""lat"": null, ""lon"": null, ""snr"": -5.8, ""rssi"": -114, ""gateway_id"": ""mjv-casas""}, {""alt"": null, ""lat"": null, ""lon"": null, ""snr"": -5.5, ""rssi"": -115, ""gateway_id"": ""mvj-cabezuela""}, {""alt"": null, ""lat"": null, ""lon"": null, ""snr"": 1.2, ""rssi"": -115, ""gateway_id"": ""sg50-perte-malpica-07""}, {""alt"": null, ""lat"": null, ""lon"": null, ""snr"": -2, ""rssi"": -115, ""gateway_id"": ""sg50-perte-malpica-01""}, {""alt"": null, ""lat"": null, ""lon"": null, ""snr"": -3, ""rssi"": -118, ""gateway_id"": ""sg50-perte-malpica-03""}, {""alt"": 297, ""lat"": 40.108033, ""lon"": -6.632828, ""snr"": -6.8, ""rssi"": -118, ""gateway_id"": ""tef-mls-01""}, {""alt"": null, ""lat"": null, ""lon"": null, ""snr"": -6.2, ""rssi"": -118, ""gateway_id"": ""sg50-perte-malpica-05""}, {""alt"": null, ""lat"": null, ""lon"": null, ""snr"": -8.5, ""rssi"": -118, ""gateway_id"": ""sg50-eui-c0ba1ffffe004945""}, {""alt"": 1131, ""lat"": 40.64962954290437, ""lon"": -4.690829015625737, ""snr"": -7.25, ""rssi"": -119, ""gateway_id"": ""meceiot-dragino-lps8n-001""}, {""alt"": null, ""lat"": null, ""lon"": null, ""snr"": -7.75, ""rssi"": -126, ""gateway_id"": ""antena-granjas-rendondo-01""}]",EU
15c3f672-e6b2-4d0b-876c-cd3070d7ffe9,stratolink-3-eu,2026-05-28 19:22:52.483996+00:00,40.5472281,-5.3064298,10020.0,0.282122205846653,3.04696686246638,2026-05-28 19:22:53.022620+00:00,2.0,8738.0,1.0,-17.8,268.6,4.954,5.36,-115.0,-1.8,3.06,5.29,29.0,-3.37,8.75,-0.15,,,,,,,7.0,125000.0,868500000.0,"[{""alt"": 1131, ""lat"": 40.589325292876616, ""lon"": -4.838257133960725, ""snr"": 2.75, ""rssi"": -109, ""gateway_id"": ""niharramikrotik""}, {""alt"": null, ""lat"": null, ""lon"": null, ""snr"": -8, ""rssi"": -109, ""gateway_id"": ""cicytex-ic003""}, {""alt"": 405, ""lat"": 39.94336757279527, ""lon"": -4.661850929260255, ""snr"": -3.5, ""rssi"": -110, ""gateway_id"": ""sg50-perte-malpica-02""}, {""alt"": null, ""lat"": null, ""lon"": null, ""snr"": -4.5, ""rssi"": -111, ""gateway_id"": ""sg50-perte-malpica-06""}, {""alt"": null, ""lat"": 40.954279046747715, ""lon"": -4.142631590366364, ""snr"": 1.75, ""rssi"": -112, ""gateway_id"": ""italr0005""}, {""alt"": 825, ""lat"": 41.11715, ""lon"": -4.78439, ""snr"": -5.75, ""rssi"": -114, ""gateway_id"": ""meceiot-014-dragout-a84041ffff29d5ba""}, {""alt"": 1550, ""lat"": 40.5481739449056, ""lon"": -5.16353885114368, ""snr"": -1.5, ""rssi"": -114, ""gateway_id"": ""meceiot-004-5030354163554750""}, {""alt"": 1115, ""lat"": 40.6508109351282, ""lon"": -4.73721027374268, ""snr"": 1.8, ""rssi"": -114, ""gateway_id"": ""tidop-solar-milesight-001""}, {""alt"": null, ""lat"": null, ""lon"": null, ""snr"": -1.8, ""rssi"": -115, ""gateway_id"": ""mvj-cabezuela""}, {""alt"": null, ""lat"": null, ""lon"": null, ""snr"": -2.8, ""rssi"": -115, ""gateway_id"": ""mjv-casas""}, {""alt"": 300, ""lat"": 40.1338, ""lon"": -5.94651, ""snr"": -4.8, ""rssi"": -115, ""gateway_id"": ""cdtic-multitech-6""}, {""alt"": null, ""lat"": null, ""lon"": null, ""snr"": -7.25, ""rssi"": -115, ""gateway_id"": ""alarad-multitech""}, {""alt"": null, ""lat"": null, ""lon"": null, ""snr"": -1, ""rssi"": -115, ""gateway_id"": ""sg50-perte-malpica-05""}, {""alt"": null, ""lat"": null, ""lon"": null, ""snr"": null, ""rssi"": -115, ""gateway_id"": ""sg50-perte-malpica-07""}, {""alt"": 650, ""lat"": 40.64196411603373, ""lon"": -3.1820132085638857, ""snr"": -5.25, ""rssi"": -116, ""gateway_id"": ""luisdelucena""}, {""alt"": 1178, ""lat"": 40.73906, ""lon"": -4.05709, ""snr"": -5, ""rssi"": -118, ""gateway_id"": ""ttn-cercedilla""}, {""alt"": null, ""lat"": null, ""lon"": null, ""snr"": -2.8, ""rssi"": -118, ""gateway_id"": ""210030""}, {""alt"": null, ""lat"": null, ""lon"": null, ""snr"": 0.25, ""rssi"": -119, ""gateway_id"": ""antena-granjas-rendondo-01""}, {""alt"": null, ""lat"": null, ""lon"": null, ""snr"": -7.2, ""rssi"": -120, ""gateway_id"": ""eui-7076ff0056081d63""}]",EU
72d4754f-9fbc-4444-92fe-c2ebfe1ff9a1,stratolink-3-eu,2026-05-28 19:28:00.735272+00:00,40.5472281,-5.3064298,10020.0,0.282122205846653,3.04696686246638,2026-05-28 19:28:01.929124+00:00,2.0,8738.0,0.0,-17.8,284.2,4.716,5.386,-116.0,-3.5,3.06,5.29,29.0,-3.53,9.06,-0.61,,,,,,,7.0,125000.0,868100000.0,"[{""alt"": 1550, ""lat"": 40.5481739449056, ""lon"": -5.16353885114368, ""snr"": 7, ""rssi"": -105, ""gateway_id"": ""meceiot-004-5030354163554750""}, {""alt"": null, ""lat"": null, ""lon"": null, ""snr"": -1, ""rssi"": -109, ""gateway_id"": ""mvj-cabezuela""}, {""alt"": null, ""lat"": null, ""lon"": null, ""snr"": -8.2, ""rssi"": -110, ""gateway_id"": ""cicytex-ic003""}, {""alt"": null, ""lat"": null, ""lon"": null, ""snr"": -7.8, ""rssi"": -111, ""gateway_id"": ""mtcdtip02-l4e1-1""}, {""alt"": 825, ""lat"": 41.11715, ""lon"": -4.78439, ""snr"": -2, ""rssi"": -112, ""gateway_id"": ""meceiot-014-dragout-a84041ffff29d5ba""}, {""alt"": 1131, ""lat"": 40.589325292876616, ""lon"": -4.838257133960725, ""snr"": -3.5, ""rssi"": -114, ""gateway_id"": ""niharramikrotik""}, {""alt"": null, ""lat"": 40.954279046747715, ""lon"": -4.142631590366364, ""snr"": -0.25, ""rssi"": -114, ""gateway_id"": ""italr0005""}, {""alt"": 300, ""lat"": 40.1338, ""lon"": -5.94651, ""snr"": -2.8, ""rssi"": -114, ""gateway_id"": ""cdtic-multitech-6""}, {""alt"": 674, ""lat"": 41.81858911263017, ""lon"": -6.7508557295156235, ""snr"": -6.8, ""rssi"": -115, ""gateway_id"": ""lora-more""}, {""alt"": null, ""lat"": null, ""lon"": null, ""snr"": -3.5, ""rssi"": -116, ""gateway_id"": ""mjv-casas""}, {""alt"": null, ""lat"": 41.62916384851624, ""lon"": -4.713819387616739, ""snr"": -5.75, ""rssi"": -116, ""gateway_id"": ""packetbroker""}, {""alt"": null, ""lat"": null, ""lon"": null, ""snr"": -0.5, ""rssi"": -116, ""gateway_id"": ""210030""}, {""alt"": null, ""lat"": null, ""lon"": null, ""snr"": -5.5, ""rssi"": -116, ""gateway_id"": ""cicytex-unex-1""}, {""alt"": 1115, ""lat"": 40.6508109351282, ""lon"": -4.73721027374268, ""snr"": -0.2, ""rssi"": -116, ""gateway_id"": ""tidop-solar-milesight-001""}, {""alt"": 765, ""lat"": 41.70253250763931, ""lon"": -4.708266556262971, ""snr"": -7.5, ""rssi"": -117, ""gateway_id"": ""italr0001""}, {""alt"": null, ""lat"": null, ""lon"": null, ""snr"": -5.5, ""rssi"": -117, ""gateway_id"": ""ext-sg50-012""}, {""alt"": null, ""lat"": null, ""lon"": null, ""snr"": -8.2, ""rssi"": -117, ""gateway_id"": ""sg50-perte-malpica-01""}, {""alt"": null, ""lat"": null, ""lon"": null, ""snr"": -2.8, ""rssi"": -118, ""gateway_id"": ""sg50-perte-malpica-07""}, {""alt"": null, ""lat"": null, ""lon"": null, ""snr"": -2.8, ""rssi"": -118, ""gateway_id"": ""sg50-perte-malpica-05""}, {""alt"": 297, ""lat"": 40.108033, ""lon"": -6.632828, ""snr"": -8, ""rssi"": -119, ""gateway_id"": ""tef-mls-01""}, {""alt"": null, ""lat"": null, ""lon"": null, ""snr"": -6.8, ""rssi"": -120, ""gateway_id"": ""ext-sg50-022""}, {""alt"": 1178, ""lat"": 40.73906, ""lon"": -4.05709, ""snr"": -7.2, ""rssi"": -121, ""gateway_id"": ""ttn-cercedilla""}, {""alt"": null, ""lat"": null, ""lon"": null, ""snr"": -0.5, ""rssi"": -121, ""gateway_id"": ""antena-granjas-rendondo-01""}]",EU
c23100f6-c7a2-4a0c-90be-7485fb02b7cf,stratolink-3-eu,2026-05-28 19:33:09.971164+00:00,40.5472281,-5.3064298,10020.0,0.282122205846653,3.04696686246638,2026-05-28 19:33:11.046066+00:00,1.0,8738.0,0.0,-30.5,280.2,3.646,4.444,-114.0,-7.0,3.06,5.29,29.0,-3.37,8.9,-0.3,,,,,,,7.0,125000.0,868300000.0,"[{""alt"": 1550, ""lat"": 40.5481739449056, ""lon"": -5.16353885114368, ""snr"": 6, ""rssi"": -105, ""gateway_id"": ""meceiot-004-5030354163554750""}, {""alt"": 1131, ""lat"": 40.589325292876616, ""lon"": -4.838257133960725, ""snr"": null, ""rssi"": -107, ""gateway_id"": ""niharramikrotik""}, {""alt"": 1115, ""lat"": 40.6508109351282, ""lon"": -4.73721027374268, ""snr"": 8, ""rssi"": -107, ""gateway_id"": ""tidop-solar-milesight-001""}, {""alt"": null, ""lat"": 40.6244743091053, ""lon"": -3.90243977308273, ""snr"": -3.75, ""rssi"": -108, ""gateway_id"": ""kenai-instalaciones-y-proyectos""}, {""alt"": null, ""lat"": null, ""lon"": null, ""snr"": -8, ""rssi"": -110, ""gateway_id"": ""cicytex-ic003""}, {""alt"": 405, ""lat"": 39.94336757279527, ""lon"": -4.661850929260255, ""snr"": -7.2, ""rssi"": -111, ""gateway_id"": ""sg50-perte-malpica-02""}, {""alt"": null, ""lat"": null, ""lon"": null, ""snr"": -6.2, ""rssi"": -111, ""gateway_id"": ""sg50-perte-malpica-06""}, {""alt"": 1178, ""lat"": 40.73906, ""lon"": -4.05709, ""snr"": -7, ""rssi"": -114, ""gateway_id"": ""ttn-cercedilla""}, {""alt"": null, ""lat"": null, ""lon"": null, ""snr"": -3.5, ""rssi"": -114, ""gateway_id"": ""mvj-cabezuela""}, {""alt"": null, ""lat"": 40.954279046747715, ""lon"": -4.142631590366364, ""snr"": -0.75, ""rssi"": -114, ""gateway_id"": ""italr0005""}, {""alt"": null, ""lat"": null, ""lon"": null, ""snr"": -0.5, ""rssi"": -116, ""gateway_id"": ""sg50-perte-malpica-05""}, {""alt"": null, ""lat"": null, ""lon"": null, ""snr"": 0.2, ""rssi"": -116, ""gateway_id"": ""sg50-perte-malpica-07""}, {""alt"": null, ""lat"": null, ""lon"": null, ""snr"": -4, ""rssi"": -116, ""gateway_id"": ""sg50-perte-malpica-01""}, {""alt"": null, ""lat"": null, ""lon"": null, ""snr"": -4, ""rssi"": -117, ""gateway_id"": ""210030""}, {""alt"": null, ""lat"": null, ""lon"": null, ""snr"": -1, ""rssi"": -118, ""gateway_id"": ""antena-granjas-rendondo-01""}, {""alt"": null, ""lat"": null, ""lon"": null, ""snr"": -9.2, ""rssi"": -119, ""gateway_id"": ""sg50-eui-c0ba1ffffe004945""}, {""alt"": null, ""lat"": null, ""lon"": null, ""snr"": -8.5, ""rssi"": -120, ""gateway_id"": ""sg50-perte-malpica-03""}]",EU
a08875df-0fc7-4f9f-815f-65b1c0b0952b,stratolink-3-eu,2026-05-28 19:43:13.302496+00:00,,,,0.0,0.0,2026-05-28 19:43:14.505971+00:00,0.0,2662.0,0.0,-40.9,274.5,3.116,3.374,-119.0,-6.0,0.0,0.0,0.0,-3.53,8.75,-0.92,,,,,,,7.0,125000.0,868500000.0,"[{""alt"": 1550, ""lat"": 40.5481739449056, ""lon"": -5.16353885114368, ""snr"": 4.5, ""rssi"": -107, ""gateway_id"": ""meceiot-004-5030354163554750""}, {""alt"": null, ""lat"": null, ""lon"": null, ""snr"": -7, ""rssi"": -109, ""gateway_id"": ""cicytex-ic003""}, {""alt"": 1131, ""lat"": 40.65110091852006, ""lon"": -4.679304063320161, ""snr"": -0.5, ""rssi"": -110, ""gateway_id"": ""mikrotikepsa""}, {""alt"": null, ""lat"": 40.6244743091053, ""lon"": -3.90243977308273, ""snr"": -3, ""rssi"": -110, ""gateway_id"": ""kenai-instalaciones-y-proyectos""}, {""alt"": 1115, ""lat"": 40.6508109351282, ""lon"": -4.73721027374268, ""snr"": 5.5, ""rssi"": -110, ""gateway_id"": ""tidop-solar-milesight-001""}, {""alt"": 405, ""lat"": 39.94336757279527, ""lon"": -4.661850929260255, ""snr"": -1.8, ""rssi"": -111, ""gateway_id"": ""sg50-perte-malpica-02""}, {""alt"": null, ""lat"": 40.954279046747715, ""lon"": -4.142631590366364, ""snr"": 2, ""rssi"": -112, ""gateway_id"": ""italr0005""}, {""alt"": 1131, ""lat"": 40.589325292876616, ""lon"": -4.838257133960725, ""snr"": -4.5, ""rssi"": -112, ""gateway_id"": ""niharramikrotik""}, {""alt"": null, ""lat"": null, ""lon"": null, ""snr"": -5.8, ""rssi"": -113, ""gateway_id"": ""mvj-cabezuela""}, {""alt"": null, ""lat"": 40.513016253496716, ""lon"": -3.3499574594000614, ""snr"": -5.8, ""rssi"": -113, ""gateway_id"": ""uah-outdoor""}, {""alt"": null, ""lat"": null, ""lon"": null, ""snr"": 6, ""rssi"": -113, ""gateway_id"": ""antena-granjas-rendondo-01""}, {""alt"": 825, ""lat"": 41.11715, ""lon"": -4.78439, ""snr"": -6, ""rssi"": -113, ""gateway_id"": ""meceiot-014-dragout-a84041ffff29d5ba""}, {""alt"": null, ""lat"": null, ""lon"": null, ""snr"": -0.5, ""rssi"": -113, ""gateway_id"": ""sg50-perte-malpica-06""}, {""alt"": null, ""lat"": 40.514590326251714, ""lon"": -3.915930162472315, ""snr"": -6.25, ""rssi"": -114, ""gateway_id"": ""packetbroker""}, {""alt"": null, ""lat"": null, ""lon"": null, ""snr"": -8.2, ""rssi"": -114, ""gateway_id"": ""sg50-perte-malpica-04""}, {""alt"": null, ""lat"": null, ""lon"": null, ""snr"": -7.2, ""rssi"": -116, ""gateway_id"": ""ext-sg50-012""}, {""alt"": null, ""lat"": null, ""lon"": null, ""snr"": -5.2, ""rssi"": -117, ""gateway_id"": ""sg50-perte-malpica-07""}, {""alt"": null, ""lat"": null, ""lon"": null, ""snr"": -2.2, ""rssi"": -118, ""gateway_id"": ""210030""}, {""alt"": 297, ""lat"": 40.108033, ""lon"": -6.632828, ""snr"": -9, ""rssi"": -118, ""gateway_id"": ""tef-mls-01""}, {""alt"": null, ""lat"": null, ""lon"": null, ""snr"": -2, ""rssi"": -118, ""gateway_id"": ""sg50-perte-malpica-03""}, {""alt"": 725, ""lat"": 40.4433240038774, ""lon"": -3.70036411460872, ""snr"": -6, ""rssi"": -119, ""gateway_id"": ""upm-etsime-tellus-001""}]",EU
553052d5-75ae-471f-b9f1-39c5c9667f1f,stratolink-3-eu,2026-05-28 19:58:20.366112+00:00,,,,0.0,0.0,2026-05-28 19:58:21.675610+00:00,0.0,81.0,0.0,-42.1,275.9,1.426,3.322,-115.0,-1.2,0.0,0.0,0.0,-3.37,8.9,-0.76,,,,,,,7.0,125000.0,868100000.0,"[{""alt"": null, ""lat"": null, ""lon"": null, ""snr"": -2.5, ""rssi"": -107, ""gateway_id"": ""cicytex-ic003""}, {""alt"": 1550, ""lat"": 40.5481739449056, ""lon"": -5.16353885114368, ""snr"": 5.5, ""rssi"": -109, ""gateway_id"": ""meceiot-004-5030354163554750""}, {""alt"": 825, ""lat"": 41.11715, ""lon"": -4.78439, ""snr"": 0.25, ""rssi"": -110, ""gateway_id"": ""meceiot-014-dragout-a84041ffff29d5ba""}, {""alt"": null, ""lat"": null, ""lon"": null, ""snr"": -6.5, ""rssi"": -113, ""gateway_id"": ""mtcdtip02-l4e1-9""}, {""alt"": null, ""lat"": 40.962758045083945, ""lon"": -5.675633842073217, ""snr"": -4.5, ""rssi"": -114, ""gateway_id"": ""packetbroker""}, {""alt"": 1115, ""lat"": 40.6508109351282, ""lon"": -4.73721027374268, ""snr"": 3.5, ""rssi"": -114, ""gateway_id"": ""tidop-solar-milesight-001""}, {""alt"": null, ""lat"": null, ""lon"": null, ""snr"": -1.2, ""rssi"": -115, ""gateway_id"": ""mvj-cabezuela""}, {""alt"": null, ""lat"": null, ""lon"": null, ""snr"": -6.5, ""rssi"": -115, ""gateway_id"": ""cicytex-lo-04""}, {""alt"": null, ""lat"": null, ""lon"": null, ""snr"": 0.8, ""rssi"": -115, ""gateway_id"": ""210030""}, {""alt"": 300, ""lat"": 40.1338, ""lon"": -5.94651, ""snr"": -1.8, ""rssi"": -115, ""gateway_id"": ""cdtic-multitech-6""}, {""alt"": null, ""lat"": null, ""lon"": null, ""snr"": -8, ""rssi"": -115, ""gateway_id"": ""sg50-perte-malpica-06""}, {""alt"": null, ""lat"": null, ""lon"": null, ""snr"": -0.5, ""rssi"": -116, ""gateway_id"": ""sg50-perte-malpica-05""}, {""alt"": 674, ""lat"": 41.81858911263017, ""lon"": -6.7508557295156235, ""snr"": -5.3, ""rssi"": -117, ""gateway_id"": ""lora-more""}, {""alt"": 300, ""lat"": 40.0702558044694, ""lon"": -6.65818959474564, ""snr"": -5.2, ""rssi"": -117, ""gateway_id"": ""cdtic-multitech-5""}, {""alt"": null, ""lat"": null, ""lon"": null, ""snr"": -9, ""rssi"": -118, ""gateway_id"": ""ext-sg50-028""}, {""alt"": 297, ""lat"": 40.108033, ""lon"": -6.632828, ""snr"": -3.5, ""rssi"": -118, ""gateway_id"": ""tef-mls-01""}, {""alt"": null, ""lat"": null, ""lon"": null, ""snr"": 1.75, ""rssi"": -119, ""gateway_id"": ""antena-granjas-rendondo-01""}, {""alt"": null, ""lat"": null, ""lon"": null, ""snr"": -7.2, ""rssi"": -119, ""gateway_id"": ""mitigasmart-cc""}, {""alt"": null, ""lat"": null, ""lon"": null, ""snr"": -7.5, ""rssi"": -120, ""gateway_id"": ""ext-sg50-022""}, {""alt"": null, ""lat"": 40.954279046747715, ""lon"": -4.142631590366364, ""snr"": -6.75, ""rssi"": -121, ""gateway_id"": ""italr0005""}, {""alt"": 820, ""lat"": 40.970672, ""lon"": -5.141641, ""snr"": -7.75, ""rssi"": -123, ""gateway_id"": ""meceiot-013-dragout-a84041ffff29dc56""}]",EU
843c311c-dff9-4e1c-afd9-6db9abb04070,stratolink-3,2026-05-29 17:46:03.175749+00:00,36.889307,-4.5321937,10034.0,5.87667534944777,-3.80324688091543,2026-05-29 17:46:03.934031+00:00,1.0,8738.0,0.0,-14.0,281.7,3.864,4.728,-127.0,-8.0,7.0,122.91,26.0,-3.37,8.9,-0.46,,,,,,,7.0,125000.0,868100000.0,"[{""alt"": 30, ""lat"": 36.72812749835394, ""lon"": -4.4196555018425, ""snr"": -3, ""rssi"": -103, ""gateway_id"": ""etsarquitectura""}, {""alt"": 30, ""lat"": 36.71460012615546, ""lon"": -4.477698504924775, ""snr"": -10, ""rssi"": -107, ""gateway_id"": ""etsiit-rak""}, {""alt"": null, ""lat"": null, ""lon"": null, ""snr"": -1, ""rssi"": -109, ""gateway_id"": ""eui-hdfenergy""}, {""alt"": 950, ""lat"": 36.965073280321086, ""lon"": -4.130834992613251, ""snr"": -3.25, ""rssi"": -111, ""gateway_id"": ""eui-5030354148104750""}, {""alt"": null, ""lat"": null, ""lon"": null, ""snr"": -3.8, ""rssi"": -111, ""gateway_id"": ""ext-dlos8-025""}, {""alt"": null, ""lat"": 36.7357156, ""lon"": -4.55457939, ""snr"": 2, ""rssi"": -111, ""gateway_id"": ""packetbroker""}, {""alt"": 236, ""lat"": 37.40081, ""lon"": -4.85583, ""snr"": -3, ""rssi"": -114, ""gateway_id"": ""ifapa-d686""}, {""alt"": null, ""lat"": null, ""lon"": null, ""snr"": -6.2, ""rssi"": -115, ""gateway_id"": ""fuenreal-smartalmond""}, {""alt"": null, ""lat"": null, ""lon"": null, ""snr"": -2, ""rssi"": -115, ""gateway_id"": ""ext-sg50-002""}, {""alt"": null, ""lat"": null, ""lon"": null, ""snr"": 2.5, ""rssi"": -116, ""gateway_id"": ""finca""}, {""alt"": null, ""lat"": null, ""lon"": null, ""snr"": -4.2, ""rssi"": -117, ""gateway_id"": ""lareina-smartalmond-sg50""}, {""alt"": null, ""lat"": null, ""lon"": null, ""snr"": -4.8, ""rssi"": -118, ""gateway_id"": ""ifapa-d583""}, {""alt"": 221, ""lat"": 37.45954, ""lon"": -7.27598, ""snr"": -8.5, ""rssi"": -119, ""gateway_id"": ""atd-mls-004""}, {""alt"": 58, ""lat"": 37.2688, ""lon"": -7.19147, ""snr"": -9.2, ""rssi"": -119, ""gateway_id"": ""atd-mls-006""}, {""alt"": null, ""lat"": null, ""lon"": null, ""snr"": -4.25, ""rssi"": -119, ""gateway_id"": ""packetbroker""}, {""alt"": null, ""lat"": null, ""lon"": null, ""snr"": -9.2, ""rssi"": -119, ""gateway_id"": ""anguillas-smartalmond""}, {""alt"": null, ""lat"": null, ""lon"": null, ""snr"": -4.5, ""rssi"": -120, ""gateway_id"": ""crev01""}, {""alt"": 70, ""lat"": 37.69985544958225, ""lon"": -5.274265758019731, ""snr"": -4.3, ""rssi"": -120, ""gateway_id"": ""ies-antonio-gala-palma-del-rio""}, {""alt"": 450, ""lat"": 36.8615275221493, ""lon"": -4.15498316287994, ""snr"": -8, ""rssi"": -127, ""gateway_id"": ""router-000008-lg308""}, {""alt"": null, ""lat"": null, ""lon"": null, ""snr"": -7.5, ""rssi"": -128, ""gateway_id"": ""a840411f51ac4150""}]",US
bd6d8033-5871-42c7-9eac-11b0f61d7068,stratolink-3,2026-05-29 17:51:02.145360+00:00,,,,0.0,0.0,2026-05-29 17:51:02.649646+00:00,0.0,8738.0,0.0,-21.4,280.2,3.276,3.386,-117.0,-8.2,0.0,0.0,0.0,-3.22,9.06,-0.61,,,,,,,7.0,125000.0,868300000.0,"[{""alt"": 30, ""lat"": 36.71460012615546, ""lon"": -4.477698504924775, ""snr"": 2.8, ""rssi"": -99, ""gateway_id"": ""etsiit-rak""}, {""alt"": null, ""lat"": 36.7357156, ""lon"": -4.55457939, ""snr"": null, ""rssi"": -106, ""gateway_id"": ""packetbroker""}, {""alt"": null, ""lat"": null, ""lon"": null, ""snr"": -5, ""rssi"": -113, ""gateway_id"": ""fuenreal-smartalmond""}, {""alt"": null, ""lat"": null, ""lon"": null, ""snr"": -4.8, ""rssi"": -113, ""gateway_id"": ""rabanales-prolive""}, {""alt"": 236, ""lat"": 37.40081, ""lon"": -4.85583, ""snr"": -1.2, ""rssi"": -113, ""gateway_id"": ""ifapa-d686""}, {""alt"": null, ""lat"": null, ""lon"": null, ""snr"": -2.3, ""rssi"": -114, ""gateway_id"": ""crev01""}, {""alt"": null, ""lat"": null, ""lon"": null, ""snr"": -1.8, ""rssi"": -114, ""gateway_id"": ""ext-sg50-002""}, {""alt"": 140, ""lat"": 36.75348, ""lon"": -4.02812, ""snr"": null, ""rssi"": -116, ""gateway_id"": ""atd-mls-003""}, {""alt"": 5, ""lat"": 36.8248571561759, ""lon"": -6.32017478958428, ""snr"": -8.2, ""rssi"": -117, ""gateway_id"": ""eui-a84041ffff228b44""}, {""alt"": 221, ""lat"": 37.45954, ""lon"": -7.27598, ""snr"": -8.8, ""rssi"": -117, ""gateway_id"": ""atd-mls-004""}, {""alt"": null, ""lat"": null, ""lon"": null, ""snr"": -5.5, ""rssi"": -117, ""gateway_id"": ""lareina-smartalmond-sg50""}, {""alt"": null, ""lat"": null, ""lon"": null, ""snr"": 0.8, ""rssi"": -118, ""gateway_id"": ""finca""}, {""alt"": null, ""lat"": null, ""lon"": null, ""snr"": -3.5, ""rssi"": -119, ""gateway_id"": ""packetbroker""}, {""alt"": 426, ""lat"": 37.7574787684571, ""lon"": -5.40559535662634, ""snr"": -6.8, ""rssi"": -119, ""gateway_id"": ""iag-agrotech""}]",US
a9072c5c-7b27-4fe4-9794-cdb648d86f94,stratolink-3,2026-05-29 17:58:47.143355+00:00,36.889307,-4.5321937,10034.0,5.87667534944777,-3.80324688091543,2026-05-29 17:58:48.691211+00:00,3.0,8738.0,1.0,-0.2,282.5,4.832,5.366,-114.0,-6.8,7.0,122.91,26.0,-3.22,9.21,-0.46,,,,,,,7.0,125000.0,868100000.0,"[{""alt"": 30, ""lat"": 36.71460012615546, ""lon"": -4.477698504924775, ""snr"": -6, ""rssi"": -99, ""gateway_id"": ""etsiit-rak""}, {""alt"": null, ""lat"": null, ""lon"": null, ""snr"": 1, ""rssi"": -109, ""gateway_id"": ""eui-hdfenergy""}, {""alt"": 236, ""lat"": 37.40081, ""lon"": -4.85583, ""snr"": 1.5, ""rssi"": -110, ""gateway_id"": ""ifapa-d686""}, {""alt"": null, ""lat"": null, ""lon"": null, ""snr"": -0.5, ""rssi"": -111, ""gateway_id"": ""rabanales-prolive""}, {""alt"": null, ""lat"": null, ""lon"": null, ""snr"": -5.2, ""rssi"": -112, ""gateway_id"": ""ext-dlos8-025""}, {""alt"": null, ""lat"": null, ""lon"": null, ""snr"": -2.8, ""rssi"": -113, ""gateway_id"": ""fuenreal-smartalmond""}, {""alt"": 950, ""lat"": 36.965073280321086, ""lon"": -4.130834992613251, ""snr"": -4.5, ""rssi"": -113, ""gateway_id"": ""eui-5030354148104750""}, {""alt"": null, ""lat"": null, ""lon"": null, ""snr"": -8.2, ""rssi"": -113, ""gateway_id"": ""cet-cm-001""}, {""alt"": null, ""lat"": 36.7357156, ""lon"": -4.55457939, ""snr"": 0.2, ""rssi"": -113, ""gateway_id"": ""packetbroker""}, {""alt"": 750, ""lat"": 38.01586250073645, ""lon"": -3.383658022157903, ""snr"": -6.8, ""rssi"": -114, ""gateway_id"": ""wisgate-los-cerros-e3""}, {""alt"": null, ""lat"": null, ""lon"": null, ""snr"": -3.3, ""rssi"": -115, ""gateway_id"": ""crev01""}, {""alt"": 140, ""lat"": 36.75348, ""lon"": -4.02812, ""snr"": -2, ""rssi"": -116, ""gateway_id"": ""atd-mls-003""}, {""alt"": null, ""lat"": null, ""lon"": null, ""snr"": -4.8, ""rssi"": -116, ""gateway_id"": ""ext-sg50-002""}, {""alt"": 5, ""lat"": 36.8248571561759, ""lon"": -6.32017478958428, ""snr"": -9, ""rssi"": -118, ""gateway_id"": ""eui-a84041ffff228b44""}, {""alt"": null, ""lat"": null, ""lon"": null, ""snr"": -3.8, ""rssi"": -118, ""gateway_id"": ""ifapa""}, {""alt"": null, ""lat"": null, ""lon"": null, ""snr"": -7.5, ""rssi"": -118, ""gateway_id"": ""ifapa-d583""}, {""alt"": 58, ""lat"": 37.2688, ""lon"": -7.19147, ""snr"": -7.2, ""rssi"": -119, ""gateway_id"": ""atd-mls-006""}, {""alt"": null, ""lat"": null, ""lon"": null, ""snr"": -8, ""rssi"": -119, ""gateway_id"": ""delacalceta-smartalmond""}, {""alt"": 221, ""lat"": 37.45954, ""lon"": -7.27598, ""snr"": -6, ""rssi"": -119, ""gateway_id"": ""atd-mls-004""}, {""alt"": 100, ""lat"": 36.763839, ""lon"": -4.128103, ""snr"": -6.2, ""rssi"": -120, ""gateway_id"": ""atd-mls-001""}, {""alt"": 398, ""lat"": 37.9531158415138, ""lon"": -3.30860261429002, ""snr"": -9, ""rssi"": -120, ""gateway_id"": ""atd-mls-012""}, {""alt"": null, ""lat"": null, ""lon"": null, ""snr"": -6.8, ""rssi"": -121, ""gateway_id"": ""finca""}, {""alt"": null, ""lat"": null, ""lon"": null, ""snr"": -8.2, ""rssi"": -122, ""gateway_id"": ""d4cbe3b8d0d04ecab529bb5fe0713a7e""}, {""alt"": null, ""lat"": null, ""lon"": null, ""snr"": -8, ""rssi"": -122, ""gateway_id"": ""atd-mls-000""}]",US
b43a1bdd-f40e-44d0-ab3d-7a05b06b8b04,stratolink-3,2026-05-29 18:03:55.424526+00:00,36.889307,-4.5321937,10034.0,5.87667534944777,-3.80324688091543,2026-05-29 18:03:56.777670+00:00,3.0,8738.0,1.0,-10.3,282.1,4.896,5.36,-120.0,-2.8,7.0,122.91,26.0,-3.37,8.75,-0.76,,,,,,,7.0,125000.0,868300000.0,"[{""alt"": null, ""lat"": null, ""lon"": null, ""snr"": 3.8, ""rssi"": -105, ""gateway_id"": ""ext-dlos8-025""}, {""alt"": null, ""lat"": null, ""lon"": null, ""snr"": 1.25, ""rssi"": -107, ""gateway_id"": ""eui-hdfenergy""}, {""alt"": 140, ""lat"": 36.75348, ""lon"": -4.02812, ""snr"": -7.2, ""rssi"": -107, ""gateway_id"": ""atd-mls-003""}, {""alt"": 236, ""lat"": 37.40081, ""lon"": -4.85583, ""snr"": 1.2, ""rssi"": -110, ""gateway_id"": ""ifapa-d686""}, {""alt"": 45, ""lat"": 36.770203, ""lon"": -4.099151, ""snr"": 0.75, ""rssi"": -111, ""gateway_id"": ""eui-3133303733004000""}, {""alt"": 950, ""lat"": 36.965073280321086, ""lon"": -4.130834992613251, ""snr"": -1.5, ""rssi"": -111, ""gateway_id"": ""eui-5030354148104750""}, {""alt"": null, ""lat"": null, ""lon"": null, ""snr"": 1, ""rssi"": -111, ""gateway_id"": ""rabanales-prolive""}, {""alt"": 70, ""lat"": 37.69985544958225, ""lon"": -5.274265758019731, ""snr"": -5.3, ""rssi"": -112, ""gateway_id"": ""ies-antonio-gala-palma-del-rio""}, {""alt"": 32, ""lat"": 37.1943547230777, ""lon"": -6.875614556957453, ""snr"": -9.5, ""rssi"": -112, ""gateway_id"": ""eui-a84041ffff251210""}, {""alt"": null, ""lat"": null, ""lon"": null, ""snr"": -3.5, ""rssi"": -113, ""gateway_id"": ""fuenreal-smartalmond""}, {""alt"": null, ""lat"": null, ""lon"": null, ""snr"": -1.8, ""rssi"": -114, ""gateway_id"": ""crev01""}, {""alt"": null, ""lat"": null, ""lon"": null, ""snr"": -5, ""rssi"": -114, ""gateway_id"": ""cet-cm-001""}, {""alt"": 120, ""lat"": 37.88107243390527, ""lon"": -4.779678200482805, ""snr"": -7.8, ""rssi"": -115, ""gateway_id"": ""grhs-inhabit-gw-mtcdt-l4e1-868-002""}, {""alt"": null, ""lat"": null, ""lon"": null, ""snr"": -7.8, ""rssi"": -116, ""gateway_id"": ""ext-sg50-002""}, {""alt"": null, ""lat"": null, ""lon"": null, ""snr"": -2.2, ""rssi"": -116, ""gateway_id"": ""ifapa""}, {""alt"": null, ""lat"": null, ""lon"": null, ""snr"": -4.5, ""rssi"": -117, ""gateway_id"": ""lareina-smartalmond-sg50""}, {""alt"": null, ""lat"": null, ""lon"": null, ""snr"": -8.5, ""rssi"": -118, ""gateway_id"": ""delacalceta-smartalmond""}, {""alt"": null, ""lat"": null, ""lon"": null, ""snr"": -8.2, ""rssi"": -118, ""gateway_id"": ""ext-sg50-006""}, {""alt"": null, ""lat"": null, ""lon"": null, ""snr"": -8.2, ""rssi"": -118, ""gateway_id"": ""sg50-eui-c0ba1ffffe004945""}, {""alt"": null, ""lat"": null, ""lon"": null, ""snr"": -4.25, ""rssi"": -119, ""gateway_id"": ""packetbroker""}, {""alt"": 450, ""lat"": 36.8615275221493, ""lon"": -4.15498316287994, ""snr"": -2.8, ""rssi"": -120, ""gateway_id"": ""router-000008-lg308""}]",US
194a900e-1460-4654-afc6-2b6208f34b82,stratolink-3,2026-05-29 18:09:03.375724+00:00,36.889307,-4.5321937,10034.0,5.87667534944777,-3.80324688091543,2026-05-29 18:09:03.875449+00:00,1.0,8738.0,0.0,-8.9,282.6,4.098,5.052,-120.0,-6.8,7.0,122.91,26.0,-3.37,9.06,-0.3,,,,,,,7.0,125000.0,868500000.0,"[{""alt"": 30, ""lat"": 36.71460012615546, ""lon"": -4.477698504924775, ""snr"": 4.3, ""rssi"": -100, ""gateway_id"": ""etsiit-rak""}, {""alt"": null, ""lat"": 36.7357156, ""lon"": -4.55457939, ""snr"": 5, ""rssi"": -106, ""gateway_id"": ""packetbroker""}, {""alt"": null, ""lat"": null, ""lon"": null, ""snr"": -1, ""rssi"": -110, ""gateway_id"": ""eui-hdfenergy""}, {""alt"": 30, ""lat"": 36.72812749835394, ""lon"": -4.4196555018425, ""snr"": 7, ""rssi"": -110, ""gateway_id"": ""etsarquitectura""}, {""alt"": 30, ""lat"": 36.72737938425612, ""lon"": -4.417445361614228, ""snr"": 4, ""rssi"": -111, ""gateway_id"": ""eco-kerlink""}, {""alt"": 32, ""lat"": 37.1943547230777, ""lon"": -6.875614556957453, ""snr"": -8.2, ""rssi"": -112, ""gateway_id"": ""eui-a84041ffff251210""}, {""alt"": 236, ""lat"": 37.40081, ""lon"": -4.85583, ""snr"": -7.2, ""rssi"": -114, ""gateway_id"": ""ifapa-d686""}, {""alt"": null, ""lat"": null, ""lon"": null, ""snr"": -5.5, ""rssi"": -115, ""gateway_id"": ""ext-sg50-002""}, {""alt"": null, ""lat"": null, ""lon"": null, ""snr"": -7.8, ""rssi"": -117, ""gateway_id"": ""ifapa-d583""}, {""alt"": 140, ""lat"": 36.75348, ""lon"": -4.02812, ""snr"": -0.5, ""rssi"": -117, ""gateway_id"": ""atd-mls-003""}, {""alt"": null, ""lat"": null, ""lon"": null, ""snr"": -9.5, ""rssi"": -117, ""gateway_id"": ""lareina-smartalmond-sg50""}, {""alt"": null, ""lat"": null, ""lon"": null, ""snr"": -1.5, ""rssi"": -118, ""gateway_id"": ""finca""}, {""alt"": 30, ""lat"": 36.189429816587435, ""lon"": -5.491463541984559, ""snr"": -6.8, ""rssi"": -120, ""gateway_id"": ""etsia-d54b""}, {""alt"": null, ""lat"": null, ""lon"": null, ""snr"": -6.8, ""rssi"": -120, ""gateway_id"": ""crev01""}]",US
29f32e10-6acc-47d6-bd05-78e80e4e6251,stratolink-3,2026-05-29 18:14:11.577048+00:00,36.889307,-4.5321937,10034.0,5.87667534944777,-3.80324688091543,2026-05-29 18:14:12.072964+00:00,2.0,8738.0,1.0,-10.0,240.1,4.98,5.362,-111.0,-8.5,7.0,122.91,26.0,-3.37,8.9,-0.3,,,,,,,7.0,125000.0,868100000.0,"[{""alt"": 30, ""lat"": 36.71460012615546, ""lon"": -4.477698504924775, ""snr"": -6.5, ""rssi"": -100, ""gateway_id"": ""etsiit-rak""}, {""alt"": null, ""lat"": null, ""lon"": null, ""snr"": 2.5, ""rssi"": -106, ""gateway_id"": ""ext-dlos8-025""}, {""alt"": 35, ""lat"": 36.71525376025787, ""lon"": -4.495701491832734, ""snr"": 3, ""rssi"": -107, ""gateway_id"": ""fest-kerlink""}, {""alt"": null, ""lat"": null, ""lon"": null, ""snr"": 2.25, ""rssi"": -108, ""gateway_id"": ""eui-hdfenergy""}, {""alt"": 750, ""lat"": 38.01586250073645, ""lon"": -3.383658022157903, ""snr"": -8.5, ""rssi"": -111, ""gateway_id"": ""wisgate-los-cerros-e3""}, {""alt"": 140, ""lat"": 36.75348, ""lon"": -4.02812, ""snr"": null, ""rssi"": -111, ""gateway_id"": ""atd-mls-003""}, {""alt"": null, ""lat"": null, ""lon"": null, ""snr"": -6.8, ""rssi"": -112, ""gateway_id"": ""rabanales-prolive""}, {""alt"": null, ""lat"": null, ""lon"": null, ""snr"": -6.2, ""rssi"": -114, ""gateway_id"": ""fuenreal-smartalmond""}, {""alt"": 236, ""lat"": 37.40081, ""lon"": -4.85583, ""snr"": -1.5, ""rssi"": -114, ""gateway_id"": ""ifapa-d686""}, {""alt"": null, ""lat"": null, ""lon"": null, ""snr"": 1.2, ""rssi"": -117, ""gateway_id"": ""finca""}, {""alt"": null, ""lat"": null, ""lon"": null, ""snr"": -6.8, ""rssi"": -118, ""gateway_id"": ""ifapa""}, {""alt"": 450, ""lat"": 36.8615275221493, ""lon"": -4.15498316287994, ""snr"": -5.2, ""rssi"": -119, ""gateway_id"": ""router-000008-lg308""}, {""alt"": null, ""lat"": null, ""lon"": null, ""snr"": -7.8, ""rssi"": -119, ""gateway_id"": ""delacalceta-smartalmond""}, {""alt"": null, ""lat"": null, ""lon"": null, ""snr"": -2.75, ""rssi"": -119, ""gateway_id"": ""packetbroker""}, {""alt"": null, ""lat"": null, ""lon"": null, ""snr"": -9.2, ""rssi"": -119, ""gateway_id"": ""ifapa-d583""}]",US
334fab79-db04-4470-83b3-71e22152feb0,stratolink-3,2026-05-29 18:19:20.031349+00:00,36.889307,-4.5321937,10034.0,5.87667534944777,-3.80324688091543,2026-05-29 18:19:20.514622+00:00,1.0,8738.0,0.0,-16.9,281.7,3.672,4.27,-98.0,4.0,7.0,122.91,26.0,-3.37,9.06,-0.46,,,,,,,7.0,125000.0,868300000.0,"[{""alt"": 30, ""lat"": 36.71460012615546, ""lon"": -4.477698504924775, ""snr"": 4, ""rssi"": -98, ""gateway_id"": ""etsiit-rak""}, {""alt"": 35, ""lat"": 36.71525376025787, ""lon"": -4.495701491832734, ""snr"": -1, ""rssi"": -103, ""gateway_id"": ""fest-kerlink""}, {""alt"": null, ""lat"": 36.7357156, ""lon"": -4.55457939, ""snr"": -7, ""rssi"": -103, ""gateway_id"": ""packetbroker""}, {""alt"": null, ""lat"": null, ""lon"": null, ""snr"": -2, ""rssi"": -110, ""gateway_id"": ""eui-hdfenergy""}, {""alt"": 236, ""lat"": 37.40081, ""lon"": -4.85583, ""snr"": -7.5, ""rssi"": -114, ""gateway_id"": ""ifapa-d686""}, {""alt"": 140, ""lat"": 36.75348, ""lon"": -4.02812, ""snr"": -1.5, ""rssi"": -115, ""gateway_id"": ""atd-mls-003""}, {""alt"": null, ""lat"": null, ""lon"": null, ""snr"": -4, ""rssi"": -115, ""gateway_id"": ""ext-sg50-002""}, {""alt"": 100, ""lat"": 36.763839, ""lon"": -4.128103, ""snr"": -3.2, ""rssi"": -117, ""gateway_id"": ""atd-mls-001""}, {""alt"": null, ""lat"": null, ""lon"": null, ""snr"": -6.2, ""rssi"": -120, ""gateway_id"": ""finca""}]",US
2bf4a8c4-5fcd-4343-b8fa-7357506e28e4,stratolink-3,2026-05-29 18:29:26.097416+00:00,36.889307,-4.5321937,10034.0,5.87667534944777,-3.80324688091543,2026-05-29 18:29:27.336837+00:00,0.0,8738.0,0.0,-13.5,282.5,4.552,5.346,-107.0,1.0,7.0,122.91,26.0,-3.22,9.06,-0.3,,,,,,,7.0,125000.0,868500000.0,"[{""alt"": 30, ""lat"": 36.71460012615546, ""lon"": -4.477698504924775, ""snr"": 1.8, ""rssi"": -105, ""gateway_id"": ""etsiit-rak""}, {""alt"": 45, ""lat"": 36.770203, ""lon"": -4.099151, ""snr"": 1, ""rssi"": -107, ""gateway_id"": ""eui-3133303733004000""}, {""alt"": null, ""lat"": null, ""lon"": null, ""snr"": -1.5, ""rssi"": -107, ""gateway_id"": ""eui-hdfenergy""}, {""alt"": 35, ""lat"": 36.71525376025787, ""lon"": -4.495701491832734, ""snr"": 7, ""rssi"": -107, ""gateway_id"": ""fest-kerlink""}, {""alt"": null, ""lat"": 36.7357156, ""lon"": -4.55457939, ""snr"": 9, ""rssi"": -108, ""gateway_id"": ""packetbroker""}, {""alt"": 30, ""lat"": 36.72812749835394, ""lon"": -4.4196555018425, ""snr"": 3, ""rssi"": -112, ""gateway_id"": ""etsarquitectura""}, {""alt"": null, ""lat"": null, ""lon"": null, ""snr"": -9, ""rssi"": -113, ""gateway_id"": ""rabanales-prolive""}, {""alt"": 30, ""lat"": 36.72737938425612, ""lon"": -4.417445361614228, ""snr"": 1, ""rssi"": -113, ""gateway_id"": ""eco-kerlink""}, {""alt"": 140, ""lat"": 36.75348, ""lon"": -4.02812, ""snr"": 3.5, ""rssi"": -114, ""gateway_id"": ""atd-mls-003""}, {""alt"": 236, ""lat"": 37.40081, ""lon"": -4.85583, ""snr"": -5.5, ""rssi"": -114, ""gateway_id"": ""ifapa-d686""}, {""alt"": null, ""lat"": null, ""lon"": null, ""snr"": -5, ""rssi"": -115, ""gateway_id"": ""ext-sg50-002""}, {""alt"": null, ""lat"": null, ""lon"": null, ""snr"": -1.8, ""rssi"": -118, ""gateway_id"": ""finca""}, {""alt"": null, ""lat"": null, ""lon"": null, ""snr"": -6.5, ""rssi"": -118, ""gateway_id"": ""packetbroker""}, {""alt"": 100, ""lat"": 36.763839, ""lon"": -4.128103, ""snr"": -9.5, ""rssi"": -119, ""gateway_id"": ""atd-mls-001""}, {""alt"": 450, ""lat"": 36.8615275221493, ""lon"": -4.15498316287994, ""snr"": -4.2, ""rssi"": -123, ""gateway_id"": ""router-000008-lg308""}]",US
992f1211-a58e-41f2-a77c-54b490450bd5,stratolink-3,2026-05-29 18:34:34.195030+00:00,36.889307,-4.5321937,10034.0,5.87667534944777,-3.80324688091543,2026-05-29 18:34:34.810193+00:00,0.0,8738.0,0.0,-15.9,282.7,4.252,5.332,-120.0,-4.8,7.0,122.91,26.0,-3.37,8.9,-0.15,,,,,,,7.0,125000.0,868100000.0,"[{""alt"": 30, ""lat"": 36.71460012615546, ""lon"": -4.477698504924775, ""snr"": 0.3, ""rssi"": -99, ""gateway_id"": ""etsiit-rak""}, {""alt"": 45, ""lat"": 36.770203, ""lon"": -4.099151, ""snr"": -0.25, ""rssi"": -103, ""gateway_id"": ""eui-3133303733004000""}, {""alt"": null, ""lat"": 36.7357156, ""lon"": -4.55457939, ""snr"": 2, ""rssi"": -106, ""gateway_id"": ""packetbroker""}, {""alt"": null, ""lat"": null, ""lon"": null, ""snr"": -4.75, ""rssi"": -109, ""gateway_id"": ""eui-hdfenergy""}, {""alt"": 32, ""lat"": 37.1943547230777, ""lon"": -6.875614556957453, ""snr"": -5.2, ""rssi"": -111, ""gateway_id"": ""eui-a84041ffff251210""}, {""alt"": null, ""lat"": null, ""lon"": null, ""snr"": 2.2, ""rssi"": -113, ""gateway_id"": ""ext-sg50-002""}, {""alt"": null, ""lat"": null, ""lon"": null, ""snr"": -5.5, ""rssi"": -113, ""gateway_id"": ""ext-dlos8-003""}, {""alt"": null, ""lat"": null, ""lon"": null, ""snr"": -7.8, ""rssi"": -114, ""gateway_id"": ""rabanales-prolive""}, {""alt"": 236, ""lat"": 37.40081, ""lon"": -4.85583, ""snr"": -8.2, ""rssi"": -115, ""gateway_id"": ""ifapa-d686""}, {""alt"": 58, ""lat"": 37.2688, ""lon"": -7.19147, ""snr"": -3.8, ""rssi"": -117, ""gateway_id"": ""atd-mls-006""}, {""alt"": 5, ""lat"": 36.8248571561759, ""lon"": -6.32017478958428, ""snr"": -8.5, ""rssi"": -118, ""gateway_id"": ""eui-a84041ffff228b44""}, {""alt"": null, ""lat"": null, ""lon"": null, ""snr"": -8.5, ""rssi"": -118, ""gateway_id"": ""ifapa-d583""}, {""alt"": 100, ""lat"": 36.763839, ""lon"": -4.128103, ""snr"": -5.5, ""rssi"": -119, ""gateway_id"": ""atd-mls-001""}, {""alt"": null, ""lat"": null, ""lon"": null, ""snr"": -4.8, ""rssi"": -120, ""gateway_id"": ""finca""}, {""alt"": null, ""lat"": null, ""lon"": null, ""snr"": -8.5, ""rssi"": -124, ""gateway_id"": ""crev01""}]",US
1a704df2-4c50-44cb-bcc6-daa529ddb9ae,stratolink-3,2026-05-29 18:39:42.053919+00:00,36.889307,-4.5321937,10034.0,5.87667534944777,-3.80324688091543,2026-05-29 18:39:42.504578+00:00,2.0,8738.0,1.0,-3.5,279.7,5.024,5.374,-119.0,-0.8,7.0,122.91,26.0,-3.07,9.06,-1.22,,,,,,,7.0,125000.0,868300000.0,"[{""alt"": null, ""lat"": 36.7357156, ""lon"": -4.55457939, ""snr"": -7, ""rssi"": -95, ""gateway_id"": ""packetbroker""}, {""alt"": 30, ""lat"": 36.71460012615546, ""lon"": -4.477698504924775, ""snr"": 3, ""rssi"": -99, ""gateway_id"": ""etsiit-rak""}, {""alt"": null, ""lat"": null, ""lon"": null, ""snr"": -4, ""rssi"": -109, ""gateway_id"": ""eui-hdfenergy""}, {""alt"": 236, ""lat"": 37.40081, ""lon"": -4.85583, ""snr"": -4, ""rssi"": -112, ""gateway_id"": ""ifapa-d686""}, {""alt"": null, ""lat"": null, ""lon"": null, ""snr"": -8.2, ""rssi"": -113, ""gateway_id"": ""ext-dlos8-003""}, {""alt"": null, ""lat"": null, ""lon"": null, ""snr"": -5.2, ""rssi"": -113, ""gateway_id"": ""rabanales-prolive""}, {""alt"": null, ""lat"": null, ""lon"": null, ""snr"": -8, ""rssi"": -116, ""gateway_id"": ""delacalceta-smartalmond""}, {""alt"": 140, ""lat"": 36.75348, ""lon"": -4.02812, ""snr"": -3.2, ""rssi"": -116, ""gateway_id"": ""atd-mls-003""}, {""alt"": null, ""lat"": null, ""lon"": null, ""snr"": -8.5, ""rssi"": -118, ""gateway_id"": ""anguillas-smartalmond""}, {""alt"": 450, ""lat"": 36.8615275221493, ""lon"": -4.15498316287994, ""snr"": -0.8, ""rssi"": -119, ""gateway_id"": ""router-000008-lg308""}, {""alt"": null, ""lat"": null, ""lon"": null, ""snr"": -2.5, ""rssi"": -119, ""gateway_id"": ""finca""}, {""alt"": null, ""lat"": null, ""lon"": null, ""snr"": -6.8, ""rssi"": -119, ""gateway_id"": ""crev01""}, {""alt"": null, ""lat"": null, ""lon"": null, ""snr"": -7.75, ""rssi"": -120, ""gateway_id"": ""packetbroker""}]",US
02069fb3-75c3-4bdb-9e78-272326f0ca87,stratolink-3,2026-05-29 18:44:50.293898+00:00,36.889307,-4.5321937,10034.0,5.87667534944777,-3.80324688091543,2026-05-29 18:44:50.868946+00:00,2.0,8738.0,1.0,-13.8,282.3,4.988,5.364,-113.0,-8.8,7.0,122.91,26.0,-3.37,8.9,-0.3,,,,,,,7.0,125000.0,868500000.0,"[{""alt"": 30, ""lat"": 36.71460012615546, ""lon"": -4.477698504924775, ""snr"": 5, ""rssi"": -105, ""gateway_id"": ""etsiit-rak""}, {""alt"": 35, ""lat"": 36.71525376025787, ""lon"": -4.495701491832734, ""snr"": 5, ""rssi"": -107, ""gateway_id"": ""fest-kerlink""}, {""alt"": 32, ""lat"": 37.1943547230777, ""lon"": -6.875614556957453, ""snr"": -4.5, ""rssi"": -110, ""gateway_id"": ""eui-a84041ffff251210""}, {""alt"": null, ""lat"": 36.7357156, ""lon"": -4.55457939, ""snr"": 1, ""rssi"": -110, ""gateway_id"": ""packetbroker""}, {""alt"": 225, ""lat"": 37.56199, ""lon"": -4.82682, ""snr"": -7, ""rssi"": -111, ""gateway_id"": ""ifapa-d6bf""}, {""alt"": 236, ""lat"": 37.40081, ""lon"": -4.85583, ""snr"": -2.2, ""rssi"": -112, ""gateway_id"": ""ifapa-d686""}, {""alt"": 750, ""lat"": 38.01586250073645, ""lon"": -3.383658022157903, ""snr"": -8.8, ""rssi"": -113, ""gateway_id"": ""wisgate-los-cerros-e3""}, {""alt"": null, ""lat"": null, ""lon"": null, ""snr"": -8.5, ""rssi"": -113, ""gateway_id"": ""ext-dlos8-003""}, {""alt"": 30, ""lat"": 36.72812749835394, ""lon"": -4.4196555018425, ""snr"": 2, ""rssi"": -113, ""gateway_id"": ""etsarquitectura""}, {""alt"": 110, ""lat"": 37.3568290227487, ""lon"": -6.05310315850327, ""snr"": -6.75, ""rssi"": -114, ""gateway_id"": ""503139536f424750""}, {""alt"": null, ""lat"": null, ""lon"": null, ""snr"": -9.8, ""rssi"": -114, ""gateway_id"": ""fuenreal-smartalmond""}, {""alt"": null, ""lat"": null, ""lon"": null, ""snr"": -1, ""rssi"": -114, ""gateway_id"": ""ext-sg50-002""}, {""alt"": null, ""lat"": null, ""lon"": null, ""snr"": -4.8, ""rssi"": -114, ""gateway_id"": ""rabanales-prolive""}, {""alt"": 140, ""lat"": 36.75348, ""lon"": -4.02812, ""snr"": 2.2, ""rssi"": -114, ""gateway_id"": ""atd-mls-003""}, {""alt"": 30, ""lat"": 36.72737938425612, ""lon"": -4.417445361614228, ""snr"": -8, ""rssi"": -114, ""gateway_id"": ""eco-kerlink""}, {""alt"": 221, ""lat"": 37.45954, ""lon"": -7.27598, ""snr"": -8.2, ""rssi"": -117, ""gateway_id"": ""atd-mls-004""}, {""alt"": null, ""lat"": null, ""lon"": null, ""snr"": -7.2, ""rssi"": -117, ""gateway_id"": ""ext-sg50-006""}, {""alt"": null, ""lat"": null, ""lon"": null, ""snr"": -4.5, ""rssi"": -117, ""gateway_id"": ""anguillas-smartalmond""}, {""alt"": null, ""lat"": null, ""lon"": null, ""snr"": -4.5, ""rssi"": -117, ""gateway_id"": ""ifapa""}, {""alt"": null, ""lat"": null, ""lon"": null, ""snr"": -8, ""rssi"": -118, ""gateway_id"": ""ext-sg50-009""}, {""alt"": 58, ""lat"": 37.2688, ""lon"": -7.19147, ""snr"": -8.8, ""rssi"": -119, ""gateway_id"": ""atd-mls-006""}, {""alt"": null, ""lat"": null, ""lon"": null, ""snr"": -6.2, ""rssi"": -120, ""gateway_id"": ""finca""}, {""alt"": 70, ""lat"": 37.69985544958225, ""lon"": -5.274265758019731, ""snr"": -7.5, ""rssi"": -120, ""gateway_id"": ""ies-antonio-gala-palma-del-rio""}]",US
ebc7636c-572e-4b82-b34b-38cc71354a0c,stratolink-3,2026-05-29 18:49:58.540228+00:00,36.889307,-4.5321937,10034.0,5.87667534944777,-3.80324688091543,2026-05-29 18:50:00.099578+00:00,0.0,7614.0,0.0,-17.7,282.6,4.06,5.09,-116.0,-2.5,7.0,122.91,26.0,-3.37,8.9,-0.61,,,,,,,7.0,125000.0,868100000.0,"[{""alt"": 32, ""lat"": 37.1943547230777, ""lon"": -6.875614556957453, ""snr"": -4, ""rssi"": -111, ""gateway_id"": ""eui-a84041ffff251210""}, {""alt"": null, ""lat"": null, ""lon"": null, ""snr"": -0.5, ""rssi"": -112, ""gateway_id"": ""ext-sg50-002""}, {""alt"": 236, ""lat"": 37.40081, ""lon"": -4.85583, ""snr"": -7.5, ""rssi"": -114, ""gateway_id"": ""ifapa-d686""}, {""alt"": null, ""lat"": null, ""lon"": null, ""snr"": -8.2, ""rssi"": -114, ""gateway_id"": ""ext-dlos8-003""}, {""alt"": 140, ""lat"": 36.75348, ""lon"": -4.02812, ""snr"": -2.5, ""rssi"": -116, ""gateway_id"": ""atd-mls-003""}, {""alt"": 221, ""lat"": 37.45954, ""lon"": -7.27598, ""snr"": -7.5, ""rssi"": -117, ""gateway_id"": ""atd-mls-004""}, {""alt"": 58, ""lat"": 37.2688, ""lon"": -7.19147, ""snr"": -7.5, ""rssi"": -118, ""gateway_id"": ""atd-mls-006""}, {""alt"": null, ""lat"": null, ""lon"": null, ""snr"": -8.2, ""rssi"": -118, ""gateway_id"": ""ifapa-d583""}, {""alt"": 100, ""lat"": 36.763839, ""lon"": -4.128103, ""snr"": -9.8, ""rssi"": -119, ""gateway_id"": ""atd-mls-001""}]",US
1c66efed-5ed9-4fd2-893b-380cabdfe62c,stratolink-3,2026-05-29 18:55:06.731565+00:00,36.889307,-4.5321937,10034.0,5.87667534944777,-3.80324688091543,2026-05-29 18:55:08.160514+00:00,0.0,7310.0,0.0,-20.4,282.0,3.814,4.776,-125.0,-6.8,7.0,122.91,26.0,-3.22,9.06,-0.46,,,,,,,7.0,125000.0,868300000.0,"[{""alt"": 35, ""lat"": 36.71525376025787, ""lon"": -4.495701491832734, ""snr"": -5, ""rssi"": -107, ""gateway_id"": ""fest-kerlink""}, {""alt"": null, ""lat"": null, ""lon"": null, ""snr"": -1.5, ""rssi"": -114, ""gateway_id"": ""ext-sg50-002""}, {""alt"": null, ""lat"": null, ""lon"": null, ""snr"": 2.8, ""rssi"": -116, ""gateway_id"": ""finca""}, {""alt"": 140, ""lat"": 36.75348, ""lon"": -4.02812, ""snr"": -2.2, ""rssi"": -117, ""gateway_id"": ""atd-mls-003""}, {""alt"": 450, ""lat"": 36.8615275221493, ""lon"": -4.15498316287994, ""snr"": -6.8, ""rssi"": -125, ""gateway_id"": ""router-000008-lg308""}]",US
3b1c3810-bb01-4b5b-9003-2c5d2e8a9ec8,stratolink-3,2026-05-29 19:00:05.970190+00:00,,,,0.0,0.0,2026-05-29 19:00:06.425136+00:00,0.0,6592.0,0.0,-27.4,280.3,3.232,3.39,-104.0,1.0,0.0,0.0,0.0,-3.22,8.9,-0.76,,,,,,,7.0,125000.0,868500000.0,"[{""alt"": 30, ""lat"": 36.71460012615546, ""lon"": -4.477698504924775, ""snr"": 1, ""rssi"": -104, ""gateway_id"": ""etsiit-rak""}, {""alt"": null, ""lat"": null, ""lon"": null, ""snr"": -2, ""rssi"": -114, ""gateway_id"": ""ext-sg50-002""}, {""alt"": null, ""lat"": null, ""lon"": null, ""snr"": 2.8, ""rssi"": -115, ""gateway_id"": ""finca""}, {""alt"": null, ""lat"": null, ""lon"": null, ""snr"": -8.8, ""rssi"": -117, ""gateway_id"": ""ifapa-d583""}, {""alt"": 100, ""lat"": 36.763839, ""lon"": -4.128103, ""snr"": -3.5, ""rssi"": -118, ""gateway_id"": ""atd-mls-001""}, {""alt"": null, ""lat"": null, ""lon"": null, ""snr"": -9.3, ""rssi"": -121, ""gateway_id"": ""crev01""}]",US
4ebba90c-b04a-4fcc-8b41-f5e111a9d62d,stratolink-3,2026-05-29 19:15:03.066889+00:00,,,,0.0,0.0,2026-05-29 19:15:04.467085+00:00,1.0,4136.0,0.0,-26.5,281.4,3.224,3.384,-118.0,0.5,0.0,0.0,0.0,-3.37,8.9,-0.76,,,,,,,7.0,125000.0,868100000.0,"[{""alt"": 32, ""lat"": 37.1943547230777, ""lon"": -6.875614556957453, ""snr"": -6.2, ""rssi"": -112, ""gateway_id"": ""eui-a84041ffff251210""}, {""alt"": null, ""lat"": null, ""lon"": null, ""snr"": -8.2, ""rssi"": -113, ""gateway_id"": ""ext-dlos8-003""}, {""alt"": null, ""lat"": null, ""lon"": null, ""snr"": -2.2, ""rssi"": -115, ""gateway_id"": ""ext-sg50-002""}, {""alt"": 58, ""lat"": 37.2688, ""lon"": -7.19147, ""snr"": -7.8, ""rssi"": -117, ""gateway_id"": ""atd-mls-006""}, {""alt"": null, ""lat"": null, ""lon"": null, ""snr"": 0.5, ""rssi"": -118, ""gateway_id"": ""finca""}, {""alt"": null, ""lat"": null, ""lon"": null, ""snr"": -5.2, ""rssi"": -118, ""gateway_id"": ""ifapa-d583""}, {""alt"": 221, ""lat"": 37.45954, ""lon"": -7.27598, ""snr"": -7.2, ""rssi"": -119, ""gateway_id"": ""atd-mls-004""}]",US
b473c7d2-c5f1-4757-8235-b1350007acf1,stratolink-3,2026-05-29 19:30:00.338280+00:00,,,,0.0,0.0,2026-05-29 19:30:01.752369+00:00,1.0,1608.0,0.0,-33.5,279.2,3.096,3.328,-118.0,-1.2,0.0,0.0,0.0,-3.37,8.9,-0.61,,,,,,,7.0,125000.0,868300000.0,"[{""alt"": 140, ""lat"": 36.75348, ""lon"": -4.02812, ""snr"": -6.8, ""rssi"": -111, ""gateway_id"": ""atd-mls-003""}, {""alt"": null, ""lat"": null, ""lon"": null, ""snr"": -7.2, ""rssi"": -117, ""gateway_id"": ""ext-sg50-002""}, {""alt"": 100, ""lat"": 36.763839, ""lon"": -4.128103, ""snr"": -8.5, ""rssi"": -117, ""gateway_id"": ""atd-mls-001""}, {""alt"": null, ""lat"": null, ""lon"": null, ""snr"": -1.2, ""rssi"": -118, ""gateway_id"": ""finca""}, {""alt"": null, ""lat"": null, ""lon"": null, ""snr"": -6.8, ""rssi"": -118, ""gateway_id"": ""ifapa-d583""}]",US
c88a05d1-9c08-4fad-9cc6-fe228427d181,stratolink-3,2026-05-29 19:45:04.098429+00:00,,,,0.0,0.0,2026-05-29 19:45:05.275116+00:00,0.0,362.0,0.0,-40.3,276.9,2.872,3.324,-114.0,4.0,0.0,0.0,0.0,-3.37,8.9,-0.92,,,,,,,7.0,125000.0,868500000.0,"[{""alt"": 30, ""lat"": 36.72812749835394, ""lon"": -4.4196555018425, ""snr"": 3, ""rssi"": -112, ""gateway_id"": ""etsarquitectura""}, {""alt"": 140, ""lat"": 36.75348, ""lon"": -4.02812, ""snr"": -0.5, ""rssi"": -113, ""gateway_id"": ""atd-mls-003""}, {""alt"": null, ""lat"": null, ""lon"": null, ""snr"": -9, ""rssi"": -113, ""gateway_id"": ""ext-dlos8-003""}, {""alt"": null, ""lat"": null, ""lon"": null, ""snr"": 4, ""rssi"": -114, ""gateway_id"": ""finca""}, {""alt"": null, ""lat"": null, ""lon"": null, ""snr"": -8, ""rssi"": -115, ""gateway_id"": ""iesromerovargas2""}, {""alt"": 70, ""lat"": 37.69985544958225, ""lon"": -5.274265758019731, ""snr"": -3.5, ""rssi"": -116, ""gateway_id"": ""ies-antonio-gala-palma-del-rio""}, {""alt"": null, ""lat"": null, ""lon"": null, ""snr"": -5.8, ""rssi"": -117, ""gateway_id"": ""ifapa-d583""}, {""alt"": null, ""lat"": null, ""lon"": null, ""snr"": -8.8, ""rssi"": -118, ""gateway_id"": ""sg50-eui-c0ba1ffffe004945""}, {""alt"": 426, ""lat"": 37.7574787684571, ""lon"": -5.40559535662634, ""snr"": -7, ""rssi"": -119, ""gateway_id"": ""iag-agrotech""}, {""alt"": 5, ""lat"": 36.74992, ""lon"": -6.40049, ""snr"": -9.5, ""rssi"": -121, ""gateway_id"": ""milesight-d499""}]",US
3f79db1a-c0e2-48dc-be67-061915fb90f6,stratolink-3,,,,,,,2026-05-16 21:11:41.607119+00:00,,,,21.5,,,3.7,,,,,,,,,,,,,,,,,,,US
